id,screen_name,user_key,name,description,clean_description,created_at,followers_count,friends_count,favourites_count,listed_count,media_count,statuses_count,status_count,fast_followers_count,normal_followers_count,user_age,follower_growth_rate,friends_growth_rate,default_profile,default_profile_image,verified,has_custom_timelines,is_translator,possibly_sensitive,want_retweets,hashtag_in_description,numbers_in_description,translator_type,no_type_tweet,no_type_retweet_with_comment,no_type_reply,mean_no_media_per_tweet,mean_no_words,no_languages,mean_no_hashtags,mean_favourites_per_tweet,time_between_tweets,tweet_frequency,min_tweets_per_hour,min_tweets_per_day,max_tweets_per_hour,max_tweets_per_day,max_occurence_of_same_gap,unique_mention_rate_per_tweet,mean_user_mentions_per_tweet,retweet_as_tweet_rate,no_retweet_tweets,mean_retweets_per_tweet,description_length,followers_friend_ratio,num_digits_in_name,num_digits_in_username,url_in_description,label_raw,label_binary,has_profile,has_raw_tweets,has_description,has_behavior_temporal,has_graph
1.25148e+18,PahlaviahoraeeP,pahlaviahoraeep,👑👑pahlaviahoraee👑👑⛔️دایرکت بلاک#KingRezaPahlav,"Royalist,and supporter of 
H.I.M #RezaPahlavi
تا خون در رگ من است جاوید شاه کلام من است و رضا شاه دوم، پهلوی سوم پادشاه من است
جاوید اعلیحضرت رضا شاه۲پهلوی۳","Royalist,and supporter of 
 H.I.M RezaPahlavi
 تا خون در رگ من است جاوید شاه کلام من است و رضا شاه دوم، پهلوی سوم پادشاه من است
 جاوید اعلیحضرت رضا شاه۲پهلوی۳",2020-04-18T11:40:56+00:00,21488.0,6408.0,275257.0,34.0,43739.0,320180.0,320180.0,0.0,21488.0,1813.0,11.85218,3.534473,1.0,False,0.0,True,False,False,False,1.0,1.0,none,1244.0,149.0,83.0,1.040416,27.87446,9.0,2.184936,263.3564,80114.13,176.6023,0.0,0.0,26.0,52.0,158.0,0.086957,0.184323,256.192926,318704.0,77.67851,156,3.35330836454432,0,0,0,bot(1),1,1,1,1,1,1
1.42929e+18,saeid_555555,saeid_555555,saeed-555 💚🤍❤️,تا ابد جاوید شاه🎋🎋🎋 @pahlaviReza گفتار نیک کردار نیک پندار نیک ،ورود عرزشی مجاهدین خلقی، توده‌ای،مصدقی،اکیدا⛔️ممنوع🎋🎋🎋,تا ابد جاوید شاه @pahlaviReza گفتار نیک کردار نیک پندار نیک ،ورود عرزشی مجاهدین خلقی، توده‌ای،مصدقی،اکیداممنوع,2021-08-22T03:43:17+00:00,10471.0,7962.0,280875.0,1.0,7079.0,224938.0,224938.0,0.0,10471.0,1322.0,7.920575,6.022693,1.0,False,0.0,True,False,False,False,0.0,0.0,none,74.0,4.0,4.0,1.121951,22.34146,4.0,3.231707,182.3415,730183.1,170.1498,0.0,0.0,4.0,9.0,1.0,0.085366,0.134146,3038.594595,224856.0,70.53659,118,1.3151218286862598,3,6,0,bot(1),1,1,1,1,1,1
1.44544e+18,Hoorieh81,hoorieh81,Houri,Love Peace Gentleness,Love Peace Gentleness,2021-10-05T17:45:06+00:00,11547.0,1176.0,490224.0,12.0,1580.0,148648.0,148648.0,0.0,11547.0,1278.0,9.035211,0.920188,1.0,False,0.0,True,False,False,False,0.0,0.0,none,56.0,4.0,269.0,0.278177,8.741007,4.0,1.131894,251.7458,155983.4,116.313,0.0,0.0,12.0,26.0,89.0,0.697842,0.932854,2648.553571,148319.0,45.41727,21,9.818877551020408,0,2,0,bot(1),1,1,1,1,1,1
1.49829e+18,Farbodahmadi880,farbodahmadi880,Farbood,"Listening to classical music is like reading philosophy books, not everybody has to do it. Music is not for everybody.","Listening to classical music is like reading philosophy books, not everybody has to do it. Music is not for everybody.",2022-02-28T13:34:54+00:00,3298.0,1916.0,272311.0,9.0,4317.0,131219.0,131219.0,0.0,3298.0,1132.0,2.913428,1.69258,1.0,False,0.0,True,False,False,False,0.0,0.0,none,1.0,0.0,0.0,1.0,8.0,1.0,0.0,4372.0,0.0,115.9178,2.0,2.0,2.0,2.0,2.0,0.0,0.0,131218.0,131218.0,515.0,118,1.721294363256785,0,3,0,human(2),0,1,1,1,1,1
1.63959e+18,ggehhry2,ggehhry2,شمام درست میگی,خسته از بنجل‌زادگان و بدتر از آخوند 😈,خسته از بنجل‌زادگان و بدتر از آخوند,2023-03-25T11:18:30+00:00,7368.0,876.0,341003.0,22.0,1246.0,81953.0,81953.0,0.0,7368.0,742.0,9.929919,1.180593,1.0,False,0.0,True,False,False,False,0.0,0.0,none,44.0,25.0,8.0,0.519481,44.64935,4.0,1.74026,312.1429,611798.3,110.4488,0.0,0.0,2.0,3.0,1.0,0.155844,0.376623,1860.818182,81876.0,61.83117,37,8.41095890410959,0,1,0,human(2),0,1,1,1,1,1
1.30291e+18,siavash_sepehr0,siavash_sepehr0,سیاوش سپهر,"در طول تاریخ، هیچگاه نور و تاریکی تا این حد واضح و آشکار نبودند، پادشاهی خواه، 

ما که از پرتو خورشید معذب بودیم     چشممان کور سزاوار همین شب بودیم","در طول تاریخ، هیچگاه نور و تاریکی تا این حد واضح و آشکار نبودند، پادشاهی خواه، 
 
 ما که از پرتو خورشید معذب بودیم چشممان کور سزاوار همین شب بودیم",2020-09-07T10:12:16+00:00,15400.0,10453.0,362547.0,17.0,1804.0,178841.0,178841.0,0.0,15400.0,1671.0,9.216038,6.255536,1.0,False,0.0,False,False,False,False,0.0,0.0,none,8.0,17.0,28.0,0.416667,26.48333,3.0,1.9,58.1,1886310.0,107.0263,0.0,0.0,5.0,7.0,8.0,0.466667,0.633333,22348.5,178788.0,23.76667,148,1.473261264708696,0,1,0,human(2),0,1,1,1,1,1
2172599869.0,hashemasa,hashemasa,👑Hashem Ramezan-zadeh👑(ایران متحد),"✍️ خواستار آگاهی ،صلح و دوستی  برای همه.  Restoration of Pahlavi Monarchy is the only chance to return humanity, peace and friendship to the world.","خواستار آگاهی ،صلح و دوستی برای همه. Restoration of Pahlavi Monarchy is the only chance to return humanity, peace and friendship to the world.",2013-11-03T18:29:47+00:00,25245.0,5793.0,455422.0,23.0,6552.0,382638.0,382638.0,0.0,25245.0,4171.0,6.052505,1.388876,0.0,False,0.0,True,False,False,False,0.0,0.0,none,316.0,373.0,170.0,0.634506,33.61294,8.0,2.128263,213.8434,115790.3,91.73771,0.0,0.0,6.0,15.0,23.0,0.180477,0.409762,1208.161392,381779.0,80.16232,147,4.357845675815639,0,0,0,bot(1),1,1,1,1,1,1
1.5784e+18,Reddington_LA,reddington_la,Raymond 🇮🇱,Iranian-Zionist - Monarchy for Iran 👑🇮🇱,Iranian-Zionist - Monarchy for Iran,2022-10-07T14:58:34+00:00,15790.0,13026.0,184051.0,2.0,2654.0,78794.0,78794.0,0.0,15790.0,911.0,17.3326,14.29857,1.0,False,0.0,True,False,False,False,0.0,0.0,none,30.0,1.0,7.0,0.974359,26.69231,3.0,1.102564,915.6667,1243947.0,86.49177,0.0,0.0,2.0,2.0,2.0,0.333333,0.333333,2625.2,78756.0,147.1795,39,1.2121910026101643,0,0,0,human(2),0,1,1,1,1,1
1.4048e+18,TahsinZhaleh,tahsinzhaleh,👑Zhaleh_Tahsin👑卐,"卐👑 به نام ایران 
برای ایران 
 #رضاشاه_روحت_شاد #جاویدشاه 👑 
    #KingRezaPahlavi
@PahlaviReza 
پادشاهی‌خواه _ راستگو  _ الگوشناس","卐 به نام ایران 
 برای ایران 
  رضاشاه_روحت_شاد جاویدشاه 
  KingRezaPahlavi
 @PahlaviReza 
 پادشاهی‌خواه _ راستگو _ الگوشناس",2021-06-15T14:14:26+00:00,15247.0,4947.0,174389.0,15.0,2770.0,120112.0,120112.0,0.0,15247.0,1390.0,10.96906,3.558993,1.0,False,0.0,True,False,False,False,1.0,0.0,none,631.0,39.0,8.0,0.639175,28.0,3.0,1.675994,205.514,143623.7,86.41151,0.0,0.0,3.0,8.0,2.0,0.045655,0.055965,189.2773376,119434.0,58.84389,128,3.0820699413786135,0,0,0,human(2),0,1,1,1,1,1
1.68146e+18,SushyanPahlavi,sushyanpahlavi,Sushyant Pahlavi,"تا شاه نباشد وطنی نیست،
برای ایران #جاویدشاه 
#شاهنشاه_رضا_پهلوى ،
زنده باد دولت پادشاهی پهلوی","تا شاه نباشد وطنی نیست،
 برای ایران جاویدشاه 
 شاهنشاه_رضا_پهلوى ،
 زنده باد دولت پادشاهی پهلوی",2023-07-19T00:07:34+00:00,3829.0,3388.0,58614.0,3.0,3387.0,53710.0,53710.0,0.0,3829.0,626.0,6.116613,5.412141,1.0,False,0.0,False,False,False,False,1.0,0.0,none,521.0,48.0,16.0,0.996581,32.09744,6.0,1.492308,250.6889,47887.92,85.79872,0.0,0.0,2.0,7.0,2.0,0.068376,0.133333,101.9673704,53125.0,53.10769,94,1.1301652892561984,0,0,0,human(2),0,1,1,1,1,1
1.21864e+18,yYh8x5hC6nxh1Wd,yyh8x5hc6nxh1wd,mahboubeh bayat محبوبه بیات,هنر سینما تاتر سیاست .   یک زمانی بازیگر سینما تاتر وتلویزیون بودم امروز فقط داغ ایران پادشاهی دارم,هنر سینما تاتر سیاست . یک زمانی بازیگر سینما تاتر وتلویزیون بودم امروز فقط داغ ایران پادشاهی دارم,2020-01-18T21:07:10+00:00,37928.0,17149.0,147066.0,41.0,4121.0,160474.0,160474.0,0.0,37928.0,1904.0,19.92017,9.006828,1.0,False,0.0,False,False,False,False,0.0,0.0,none,21.0,5.0,0.0,0.633333,15.0,2.0,0.733333,743.9333,2173387.0,84.28256,0.0,0.0,4.0,8.0,5.0,0.0,0.0,7640.380952,160448.0,109.7333,99,2.2116741500962154,0,4,0,bot(1),1,1,1,1,1,1
1.63827e+18,YasiPatriot,yasipatriot,☼ 𓃬 Yasi,Opinions are my own!,Opinions are my own!,2023-03-21T20:11:38+00:00,8081.0,653.0,241292.0,35.0,3420.0,62389.0,62389.0,0.0,8081.0,746.0,10.83244,0.875335,1.0,False,0.0,False,False,False,False,0.0,0.0,none,169.0,53.0,229.0,1.629237,29.39407,6.0,1.733051,365.5191,113588.1,83.63137,0.0,0.0,4.0,15.0,22.0,0.366525,0.733051,366.4970414,61938.0,77.76059,20,12.375191424196018,0,0,0,human(2),0,1,1,1,1,1
1.76354e+18,BarfiiIran,barfiiiran,برفی,خدایا یه کاری کن بال پرندم نشکنه,خدایا یه کاری کن بال پرندم نشکنه,2024-03-01T12:02:11+00:00,3492.0,1777.0,31182.0,2.0,463.0,32295.0,32295.0,0.0,3492.0,400.0,8.73,4.4425,1.0,False,0.0,False,False,False,False,0.0,0.0,none,96.0,0.0,2.0,1.026549,15.16814,1.0,1.185841,736.4425,283983.3,80.7375,0.0,0.0,2.0,4.0,16.0,0.026549,0.026549,335.3854167,32197.0,122.1947,32,1.9651097355092852,0,0,0,bot(1),1,1,1,1,1,1
1.10064e+18,EbneHava,ebnehava,آدم,"‏‏ضعيفِ قاصرِ فانی                                                                  
 
                             (هر سه اکانت قبلی به رحمت ایزدی پیوستند)","‏‏ضعيفِ قاصرِ فانی 
  
  (هر سه اکانت قبلی به رحمت ایزدی پیوستند)",2019-02-27T06:28:52+00:00,97619.0,453.0,954094.0,580.0,14400.0,176045.0,176045.0,0.0,97619.0,2229.0,43.79498,0.20323,1.0,False,0.0,True,False,False,False,0.0,0.0,none,0.0,0.0,1.0,1.0,8.0,1.0,0.0,54.0,0.0,78.97936,1.0,1.0,1.0,1.0,1.0,1.0,1.0,176044.0,176044.0,2.0,156,215.4944812362031,0,0,0,human(2),0,1,1,1,1,1
8.22393e+17,AzadehKhorasan,azadehkhorasan,Azadeh Khorasani👑💙,👑👑👑👑👑👑👑,,2017-01-20T10:39:13+00:00,28323.0,635.0,249832.0,41.0,18891.0,232715.0,232715.0,0.0,28323.0,2997.0,9.45045,0.211879,1.0,False,0.0,True,False,False,False,0.0,0.0,none,121.0,6.0,9.0,0.992857,28.63571,3.0,2.1,375.8286,723058.9,77.64932,0.0,0.0,4.0,6.0,5.0,0.064286,0.142857,1922.140496,232579.0,83.47857,7,44.60314960629921,0,0,0,human(2),0,1,1,1,1,1
1.11973e+18,Nastaran9638495,nastaran9638495,👑Nastaran👑,"مشروطه خواه، ندانم گرا #رضا_شاه_دوم_پهلوی_سوم
#ایران_معبد_ماست

#جاویدشاه","مشروطه خواه، ندانم گرا رضا_شاه_دوم_پهلوی_سوم
 ایران_معبد_ماست
 
 جاویدشاه",2019-04-20T22:12:20+00:00,40894.0,5736.0,256950.0,44.0,7661.0,165127.0,165127.0,0.0,40894.0,2177.0,18.78457,2.634819,1.0,False,0.0,True,False,False,False,1.0,0.0,none,437.0,32.0,28.0,0.991968,32.6988,3.0,1.807229,383.8514,186374.5,75.85071,0.0,0.0,3.0,8.0,2.0,0.074297,0.126506,376.7276888,164630.0,98.78715,73,7.129358437935844,0,7,0,bot(1),1,1,1,1,1,1
1.17651e+18,sattarkhan121,sattarkhan121,داش غلام,Master of Science(MSc) مهندس(کارشناس ارشد)از اقوام ایرانی #ما_ملت_کبیریم_ایران_را_پس_میگیریم #رضاشاه_روحت_شاد برانداز،صدای مبارزین خیابانی، تکیه به قدرت مردم,Master of Science(MSc) مهندس(کارشناس ارشد)از اقوام ایرانی ما_ملت_کبیریم_ایران_را_پس_میگیریم رضاشاه_روحت_شاد برانداز،صدای مبارزین خیابانی، تکیه به قدرت مردم,2019-09-24T14:40:02+00:00,42838.0,28696.0,152908.0,22.0,13423.0,150342.0,150342.0,0.0,42838.0,2020.0,21.20693,14.20594,1.0,False,0.0,True,False,False,False,1.0,0.0,none,111.0,1.0,14.0,2.368421,26.13816,3.0,3.085526,133.6908,273052.5,74.42673,0.0,0.0,10.0,14.0,27.0,0.138158,0.414474,1353.297297,150216.0,35.23684,157,1.492821299135768,0,3,0,bot(1),1,1,1,1,1,1
1.40619e+18,Sadaf__12,sadaf__12,Sadaf🌞,ایران معبد ماست,ایران معبد ماست,2021-06-19T10:17:49+00:00,6205.0,985.0,108935.0,7.0,1927.0,100605.0,100605.0,0.0,6205.0,1386.0,4.476912,0.710678,1.0,False,0.0,True,False,False,False,0.0,0.0,none,0.0,0.0,1.0,1.0,7.0,1.0,1.0,1.0,0.0,72.58658,1.0,1.0,1.0,1.0,1.0,0.0,2.0,100604.0,100604.0,0.0,15,6.299492385786802,0,2,0,human(2),0,1,1,1,1,1
1.63832e+18,SaiedehSaideh59,saiedehsaideh59,Saiedeh,سلام دوستان پادشاهی خواه و برانداز 👑💙💙💙👑👑اگر با ادب هستی فالو نکن چون من فحش میدم به اخوندای پفیوز و تجزیه طلبها🙏اکانت قبلی با۳۶ کا ساس شد,سلام دوستان پادشاهی خواه و برانداز اگر با ادب هستی فالو نکن چون من فحش میدم به اخوندای پفیوز و تجزیه طلبهااکانت قبلی با۳۶ کا ساس شد,2023-03-21T23:25:10+00:00,17735.0,1556.0,92354.0,23.0,5902.0,49516.0,49516.0,0.0,17735.0,746.0,23.77346,2.085791,1.0,False,0.0,False,False,False,False,0.0,1.0,none,147.0,2.0,4.0,0.915584,19.37662,1.0,1.337662,950.6818,396673.0,66.37534,0.0,0.0,4.0,4.0,2.0,0.025974,0.025974,335.8027211,49363.0,168.0325,138,11.397814910025707,0,2,0,human(2),0,1,1,1,1,1
1.03207e+18,PanteaRasouli,pantearasouli,Pantéa Rasouli پانته آ رسولی,"زن زندگی آزادی 
مرد میهن آبادی","زن زندگی آزادی 
 مرد میهن آبادی",2018-08-22T00:56:17+00:00,18587.0,1999.0,379300.0,37.0,5925.0,150693.0,150693.0,0.0,18587.0,2418.0,7.686931,0.826716,1.0,False,0.0,True,False,False,False,0.0,0.0,none,17.0,4.0,5.0,0.923077,29.38462,3.0,2.346154,252.1538,3209560.0,62.32134,0.0,0.0,1.0,2.0,1.0,0.307692,0.423077,8862.764706,150667.0,53.19231,30,9.29814907453727,0,0,0,bot(1),1,1,1,1,1,1
1.24229e+18,Raha_B_E_1,raha_b_e_1,👑رها همواره رها 🦁💥🔞,"نباید میدان را خالی گذاشت.توییتهایی که جای دیگر نمی بینی 
https://t.co/LtAac1vnAY
پاینده ایران
جاویدشاه","نباید میدان را خالی گذاشت.توییتهایی که جای دیگر نمی بینی 
 
 پاینده ایران
 جاویدشاه",2020-03-24T03:11:18+00:00,8839.0,8748.0,108765.0,10.0,11643.0,103331.0,103331.0,0.0,8839.0,1838.0,4.809032,4.759521,1.0,False,0.0,True,False,False,False,0.0,1.0,none,332.0,4.0,12.0,1.008264,20.71625,3.0,1.922865,158.3113,289224.4,56.21926,0.0,0.0,4.0,7.0,16.0,0.033058,0.198347,310.189759,102983.0,45.47658,103,1.0104023776863282,0,1,1,bot(1),1,1,1,1,1,1
1.55951e+18,JBehieh,jbehieh,jailani behieh,,,2022-08-16T11:52:00+00:00,8347.0,4613.0,50926.0,18.0,26656.0,53624.0,53624.0,0.0,8347.0,963.0,8.667705,4.790239,1.0,False,0.0,False,False,False,False,0.0,0.0,none,17.0,0.0,0.0,1.0,23.61111,1.0,0.833333,59.38889,431007.8,55.68432,0.0,0.0,2.0,3.0,2.0,0.0,0.0,3153.352941,53607.0,10.22222,0,1.8094515499674833,0,0,0,human(2),0,1,1,0,1,1
1.04423e+18,rezak121212,rezak121212,رضا کیوان,"#بازگشت_از_کژراهه۵۷  #بازگشت_به_مشروطه  #تشکیلات_بزرگ_ملی    #رستاخیز_مشروطه_ایران #پاینده_ایران 
#جاویدشاه","بازگشت_از_کژراهه۵۷ بازگشت_به_مشروطه تشکیلات_بزرگ_ملی رستاخیز_مشروطه_ایران پاینده_ایران 
 جاویدشاه",2018-09-24T14:35:09+00:00,11387.0,2438.0,155179.0,16.0,5971.0,121444.0,121444.0,0.0,11387.0,2385.0,4.774423,1.022222,1.0,False,0.0,True,False,False,False,1.0,1.0,none,110.0,26.0,9.0,0.5,39.4321,1.0,1.901235,86.11728,676906.3,50.91992,0.0,0.0,8.0,10.0,19.0,0.037037,0.037037,1102.718182,121299.0,28.54321,107,4.6706316652994255,0,6,0,human(2),0,1,1,1,1,1
1.39911e+18,Adlin_SheHulk,adlin_shehulk,Adlin 𓃭 ♛ ✺,ای شعر!رویای مرمت انسان، تو را می نویسم و در آستین تمام دنیا دنبال دستی میگردم که گلوله را به پرچمی سفید تبدیل کند.شعبده ای چنین را دوست دارم,ای شعر!رویای مرمت انسان، تو را می نویسم و در آستین تمام دنیا دنبال دستی میگردم که گلوله را به پرچمی سفید تبدیل کند.شعبده ای چنین را دوست دارم,2021-05-30T21:22:05+00:00,8321.0,1093.0,162424.0,19.0,8328.0,71542.0,71542.0,0.0,8321.0,1406.0,5.918208,0.777383,1.0,False,0.0,True,False,False,False,0.0,0.0,none,23.0,21.0,32.0,0.684783,26.19565,5.0,2.130435,244.5652,742427.6,50.88336,0.0,0.0,6.0,12.0,17.0,0.380435,0.782609,3107.217391,71466.0,33.61957,141,7.612991765782251,0,0,0,human(2),0,1,1,1,1,1
1.24358e+18,IranPlateau1,iranplateau1,IRANIAN_PLATEAU1,"Meritocracy and freedom for #IRAN
#Constitutional_monarchy
@PahlaviReza 
#PATRIOT
خواستار ایرانی آزاد، آباد، و شایسته سالار
#براندازم","Meritocracy and freedom for IRAN
 Constitutional_monarchy
 @PahlaviReza 
 PATRIOT
 خواستار ایرانی آزاد، آباد، و شایسته سالار
 براندازم",2020-03-27T16:54:34+00:00,5721.0,3239.0,139337.0,4.0,6171.0,93286.0,93286.0,0.0,5721.0,1835.0,3.117711,1.765123,1.0,False,0.0,True,False,False,False,1.0,0.0,none,84.0,14.0,30.0,0.81457,32.19205,5.0,2.562914,161.1391,779328.0,50.83706,0.0,0.0,6.0,8.0,24.0,0.251656,0.933775,1109.02381,93158.0,47.17881,133,1.7662858907070083,1,1,0,bot(1),1,1,1,1,1,1
291884941.0,Ted_homan1361,ted_homan1361,تد,....,....,2011-05-02T19:30:55+00:00,23398.0,4589.0,690205.0,53.0,6405.0,250214.0,250214.0,0.0,23398.0,5087.0,4.599568,0.902103,1.0,False,0.0,True,False,False,False,0.0,0.0,regular,1.0,0.0,0.0,1.0,17.0,1.0,0.0,1325.0,0.0,49.18695,2.0,2.0,2.0,2.0,2.0,0.0,0.0,250213.0,250213.0,80.0,4,5.098714316844628,0,4,0,human(2),0,1,1,1,1,1
1.04097e+18,HegeI_javan,hegei_javan,قمارباز,به ایران بیاندیشیم. #مجیدرضا_رهنورد #منصوره_سگوند,به ایران بیاندیشیم. مجیدرضا_رهنورد منصوره_سگوند,2018-09-15T14:21:36+00:00,20739.0,3760.0,154400.0,22.0,7131.0,117587.0,117587.0,0.0,20739.0,2394.0,8.662907,1.570593,1.0,False,0.0,False,False,False,False,1.0,0.0,none,161.0,4.0,6.0,1.122807,26.46199,1.0,1.321637,464.1462,344243.8,49.11738,0.0,0.0,3.0,5.0,1.0,0.052632,0.052632,729.2919255,117416.0,113.2047,49,5.515691489361702,0,0,0,human(2),0,1,1,1,1,1
1.49008e+18,Revolution_R_,revolution_r_,👑 🩵𓄂𓆃 𝒔𝒂𝒓𝒂  🩵𓄂𓆃 👑🫡 🇺🇸,#جاویدشاه👑 🩵#مجید_رضا_رهنورد👑🕊️ #کیانوش_سنجری🕊️👑 باشد که این مشعل همواره فروزان بماند. 🩵,جاویدشاه مجید_رضا_رهنورد کیانوش_سنجری باشد که این مشعل همواره فروزان بماند.,2022-02-05T21:52:55+00:00,10912.0,9358.0,69473.0,11.0,13272.0,54658.0,54658.0,0.0,10912.0,1155.0,9.447619,8.102165,1.0,False,0.0,True,False,False,False,1.0,0.0,none,129.0,1.0,8.0,0.957447,21.01418,5.0,1.666667,297.5248,464291.6,47.32294,0.0,0.0,3.0,3.0,4.0,0.035461,0.148936,422.6356589,54520.0,58.07092,88,1.1660611241718315,0,0,0,human(2),0,1,1,1,1,1
1.37028e+18,GhorbaniiNiyak,ghorbaniiniyak,Niyak Ghorbani (نیاک),"An Iranian guest in UK, N.MUSLIM, IT expert, advocate for and fighter towards the downfall of the IR in Iran, Host of the @NasleAkhar podcast. LIE Detests","An Iranian guest in UK, N.MUSLIM, IT expert, advocate for and fighter towards the downfall of the IR in Iran, Host of the @NasleAkhar podcast. LIE Detests",2021-03-12T07:45:18+00:00,50957.0,2367.0,159653.0,117.0,5213.0,69995.0,69995.0,0.0,50957.0,1485.0,34.31448,1.593939,1.0,False,0.0,True,False,False,False,0.0,0.0,none,10.0,0.0,0.0,1.421053,73.73684,2.0,1.0,2090.0,4466910.0,47.13468,0.0,0.0,2.0,4.0,10.0,0.421053,0.947368,6998.5,69985.0,536.0526,154,21.528094634558514,0,0,0,human(2),0,1,1,1,1,1
9.4872e+17,SamanthaIrani,samanthairani,Simin 🎗️,"@OfficialSimin Narrator of overthrowing the IRIran, Inspired by words No #Enemies by Mackay بازگشت #پادشاهی_انتخابی 🔺برای‌تاریخ‌ایرانزمین #فرزندان_پرچم","@OfficialSimin Narrator of overthrowing the IRIran, Inspired by words No Enemies by Mackay بازگشت پادشاهی_انتخابی برای‌تاریخ‌ایرانزمین فرزندان_پرچم",2018-01-04T00:58:10+00:00,43017.0,47.0,281284.0,165.0,4808.0,124056.0,124056.0,0.0,43017.0,2648.0,16.24509,0.017749,1.0,False,0.0,True,False,False,False,1.0,0.0,none,21.0,26.0,342.0,0.04902,19.69608,4.0,2.110294,201.201,540849.6,46.84894,0.0,0.0,8.0,30.0,20.0,0.541667,1.193627,5888.904762,123667.0,44.15441,151,915.2553191489362,0,0,0,human(2),0,1,1,1,1,1
1.21803e+18,tanhatak5112,tanhatak5112,🛸ربات برانداز🛸,ورود #عرزشی_مجاهد_وتجزیه_طلب به این اکانت⛔👉,ورود عرزشی_مجاهد_وتجزیه_طلب به این اکانت,2020-01-17T04:39:35+00:00,11895.0,12647.0,126458.0,6.0,482.0,88789.0,88789.0,0.0,11895.0,1905.0,6.244094,6.638845,1.0,False,0.0,True,False,False,False,1.0,0.0,none,1.0,0.0,2.0,1.0,47.66667,1.0,3.0,165.0,1.333333,46.6084,3.0,3.0,3.0,3.0,2.0,0.0,0.0,88786.0,88786.0,45.0,43,0.9405392583221317,0,4,0,human(2),0,1,1,1,1,1
1.69811e+18,Kolmar_kolmar,kolmar_kolmar,کلمار بلوچے | Kolmar,"مَن چے وَتی ڈیھ ءَ ھَنچو مَزارے پاسپانی کَن‌آں❤️🤍💚

من مثل شیر از سرزمینم محافظت میکنم!!!!🩵

#ایران_نوین","مَن چے وَتی ڈیھ ءَ ھَنچو مَزارے پاسپانی کَن‌آں
 
 من مثل شیر از سرزمینم محافظت میکنم!!!!
 
 ایران_نوین",2023-09-02T22:56:29+00:00,3378.0,1830.0,48098.0,4.0,927.0,27011.0,27011.0,0.0,3378.0,581.0,5.814114,3.149742,1.0,False,0.0,False,False,False,False,1.0,0.0,none,8.0,6.0,5.0,0.7,29.05,4.0,1.7,184.5,1864645.0,46.49053,0.0,0.0,2.0,2.0,2.0,0.25,0.35,3374.0,26992.0,58.05,104,1.8459016393442622,0,0,0,human(2),0,1,1,1,1,1
1.31228e+18,Tanha_5566,tanha_5566,رویای نیمه‌شب,پادشاه   @PahlaviReza,پادشاه @PahlaviReza,2020-10-03T06:47:05+00:00,6413.0,219.0,82323.0,32.0,14640.0,75653.0,75653.0,0.0,6413.0,1645.0,3.89848,0.133131,1.0,False,0.0,True,False,False,False,0.0,0.0,none,7.0,4.0,3.0,0.466667,16.2,3.0,1.866667,270.6667,3010717.0,45.98967,0.0,0.0,3.0,4.0,2.0,0.2,0.2,10805.57143,75639.0,52.8,21,29.28310502283105,0,4,0,human(2),0,1,1,1,1,1
1.55698e+18,hasanakevazir1,hasanakevazir1,ح وزیر 👑,پادشاهی  تمامیت ارضی  سکولاریسم,پادشاهی تمامیت ارضی سکولاریسم,2022-08-09T12:44:22+00:00,7307.0,7986.0,24377.0,2.0,2565.0,43908.0,43908.0,0.0,7307.0,970.0,7.53299,8.23299,1.0,False,0.0,True,False,False,False,0.0,0.0,none,0.0,0.0,11.0,0.642857,19.64286,2.0,1.857143,3.285714,4908556.0,45.26598,0.0,0.0,4.0,4.0,4.0,0.785714,1.285714,43897.0,43897.0,0.071429,31,0.9149762083646381,0,1,0,human(2),0,1,1,1,1,1
1.64733e+18,atheistcyrus,atheistcyrus,سیروس پارسا,وبلاگنویس سابق، راوی وفادار به حقیقت. ایران هرگز نخواهد مُرد,وبلاگنویس سابق، راوی وفادار به حقیقت. ایران هرگز نخواهد مُرد,2023-04-15T20:15:35+00:00,11092.0,187.0,59158.0,34.0,2903.0,32452.0,32452.0,0.0,11092.0,721.0,15.38419,0.259362,1.0,False,0.0,False,False,False,False,0.0,0.0,none,57.0,13.0,8.0,0.974359,37.5641,2.0,2.25641,317.859,550191.9,45.00971,0.0,0.0,3.0,3.0,1.0,0.089744,0.115385,567.9649123,32374.0,51.85897,60,59.31550802139037,0,0,0,human(2),0,1,1,1,1,1
1.63122e+18,IMbeatreas,imbeatreas,بئاتریس 𓃬☼,"«در این لحظات تاریخی بگذارید همه با هم به ایران فکر کنیم» 
#جاویدشاه","«در این لحظات تاریخی بگذارید همه با هم به ایران فکر کنیم» 
 جاویدشاه",2023-03-02T09:09:11+00:00,9542.0,3523.0,128226.0,16.0,3833.0,34329.0,34329.0,0.0,9542.0,765.0,12.4732,4.605229,1.0,False,0.0,False,False,False,False,1.0,0.0,none,149.0,28.0,3.0,1.035176,20.76884,2.0,1.59799,1017.709,277926.6,44.87451,0.0,0.0,3.0,9.0,20.0,0.055276,0.065327,229.1879195,34149.0,139.7839,68,2.708487084870849,0,0,0,human(2),0,1,1,1,1,1
1.52047e+18,nafasjan903269,nafasjan903269,🇮🇷مائده رضوی 🇮🇷,"گفتم کجا گفتا به خون...🥀
انقلابیِ پیرو ولایت🇮🇷

(اکانت دوم)
عاشق مبارزه با دشمن آل علی (ع)","گفتم کجا گفتا به خون...
 انقلابیِ پیرو ولایت
 
 (اکانت دوم)
 عاشق مبارزه با دشمن آل علی (ع)",2022-04-30T18:39:40+00:00,8922.0,8284.0,81536.0,6.0,6581.0,48053.0,48053.0,0.0,8922.0,1071.0,8.330532,7.734827,1.0,False,0.0,True,False,False,False,0.0,0.0,none,0.0,0.0,1.0,1.0,10.0,1.0,1.0,4.0,0.0,44.86741,1.0,1.0,1.0,1.0,1.0,1.0,1.0,48052.0,48052.0,0.0,90,1.0770159343312409,0,6,0,human(2),0,1,1,1,1,1
1.2562e+18,irandokht_20,irandokht_20,🆘️🏳️‍🌈☀️👑afsoon💙iraniii👑☀️,"ورود عرزشی، بسیجی، مجاهد، ری استارت🚫 

#پادشاهی_خواهم 💙

#براندازم 

( اکانت سوم )","ورود عرزشی، بسیجی، مجاهد، ری استارت 
 
 پادشاهی_خواهم 
 
 براندازم 
 
 ( اکانت سوم )",2020-05-01T12:33:06+00:00,9707.0,3127.0,114250.0,14.0,1846.0,79938.0,79938.0,0.0,9707.0,1800.0,5.392778,1.737222,1.0,False,0.0,True,False,False,False,1.0,0.0,none,29.0,3.0,1.0,0.969697,24.0,2.0,1.969697,238.1212,968891.4,44.41,0.0,0.0,1.0,2.0,1.0,0.060606,0.242424,2755.344828,79905.0,65.06061,82,3.1042532779021426,0,2,0,human(2),0,1,1,1,1,1
7.97159e+17,tanhayektiger,tanhayektiger,TIGER,,,2016-11-11T19:29:37+00:00,20550.0,242.0,196786.0,33.0,7194.0,134938.0,134938.0,0.0,20550.0,3067.0,6.700359,0.078904,1.0,False,0.0,True,False,False,False,0.0,0.0,none,62.0,6.0,10.0,0.9,22.7875,3.0,1.825,384.775,644756.0,43.99674,0.0,0.0,2.0,3.0,3.0,0.0875,0.1375,2175.16129,134860.0,71.825,0,84.91735537190083,0,0,0,human(2),0,1,1,0,1,1
2871004738.0,PanteaPeyvandi,panteapeyvandi,Pantea Peyvandi 🇮🇱 💚🦁☀️ ❤️,"Iranian-Canadian, General Practitioner, Political activist for Democratic Iran with HIM #KingRezaPahlavi, Conservative, Monarchist  👑","Iranian-Canadian, General Practitioner, Political activist for Democratic Iran with HIM KingRezaPahlavi, Conservative, Monarchist",2014-11-10T18:43:49+00:00,34030.0,791.0,374119.0,56.0,2620.0,165170.0,165170.0,0.0,34030.0,3799.0,8.95762,0.208213,1.0,False,0.0,True,False,False,False,1.0,0.0,none,44.0,97.0,32.0,0.236994,22.16185,2.0,1.312139,535.5434,351528.8,43.47723,0.0,0.0,5.0,8.0,2.0,0.16185,0.352601,3749.931818,164997.0,95.0,133,43.02149178255373,0,0,0,human(2),0,1,1,1,1,1
1189752218.0,Cilia1919,cilia1919,🍃👑 بابوشکا,🥁ایران را پس میگیریم 🥁,ایران را پس میگیریم,2013-02-17T14:52:38+00:00,15304.0,5098.0,326257.0,15.0,12056.0,192517.0,192517.0,0.0,15304.0,4430.0,3.454628,1.15079,1.0,False,0.0,True,False,False,False,0.0,0.0,none,77.0,9.0,3.0,0.855556,21.81111,4.0,1.411111,270.8,1073360.0,43.45756,0.0,0.0,2.0,4.0,2.0,0.022222,0.022222,2499.064935,192428.0,60.97778,22,3.001961553550412,0,4,0,human(2),0,1,1,1,1,1
9.98289e+17,ordinaryman1980,ordinaryman1980,ordinary man,دریغا عشق،  که شد و باز نیامد,دریغا عشق، که شد و باز نیامد,2018-05-20T19:47:23+00:00,21219.0,1548.0,209013.0,59.0,7502.0,106630.0,106630.0,0.0,21219.0,2512.0,8.447054,0.616242,1.0,False,0.0,True,False,False,False,0.0,0.0,none,28.0,2.0,1.0,1.064516,37.3871,1.0,1.290323,545.6452,2666100.0,42.44825,0.0,0.0,2.0,2.0,1.0,0.064516,0.064516,3807.107143,106599.0,122.9355,29,13.707364341085272,0,4,0,human(2),0,1,1,1,1,1
1.28407e+18,aryaieeasil,aryaieeasil,Hny,My country = my love.ورود چپول👉تجزیه و مجاهد⛔️ پان ترک📛 همه اقوام💜ایران زیر یک پرچم...دنبال حقیقت …پنیر مفت تو تله موشه…تک تکتون برام با ارزشین 🔆 پی وی ⛔️,My country = my love.ورود چپولتجزیه و مجاهد پان ترک همه اقوامایران زیر یک پرچم...دنبال حقیقت …پنیر مفت تو تله موشه…تک تکتون برام با ارزشین پی وی,2020-07-17T10:12:41+00:00,3648.0,1909.0,90992.0,3.0,3457.0,72780.0,72780.0,0.0,3648.0,1723.0,2.117237,1.107951,1.0,False,0.0,True,False,False,False,0.0,0.0,none,36.0,0.0,8.0,0.75,20.84615,2.0,1.538462,562.3077,1049122.0,42.24028,0.0,0.0,4.0,4.0,9.0,0.192308,0.192308,2020.444444,72736.0,71.67308,154,1.9109481403876376,0,0,0,human(2),0,1,1,1,1,1
1.6139e+18,Ario1401,ario1401,Ario 𓄂✺ ||,نور بر تاریکی پیروز است @PahlaviReza,نور بر تاریکی پیروز است @PahlaviReza,2023-01-13T14:21:24+00:00,22800.0,1533.0,42490.0,35.0,4077.0,33922.0,33922.0,0.0,22800.0,813.0,28.04428,1.885609,1.0,False,0.0,False,False,False,False,0.0,0.0,none,123.0,20.0,8.0,0.815642,25.72626,5.0,1.301676,2569.168,245725.4,41.72448,0.0,0.0,4.0,10.0,29.0,0.145251,0.217877,274.5609756,33771.0,335.1453,36,14.87279843444227,0,4,0,human(2),0,1,1,1,1,1
1196864822.0,Nasrinrose1,nasrinrose1,Nasrin 👑,💖 پهلوی💖,پهلوی,2013-02-19T12:01:45+00:00,5784.0,4023.0,505766.0,16.0,6711.0,181896.0,181896.0,0.0,5784.0,4428.0,1.306233,0.908537,1.0,False,0.0,True,False,False,False,0.0,0.0,none,1.0,0.0,1.0,0.5,9.0,2.0,2.0,76.0,32135088.0,41.07859,0.0,0.0,1.0,1.0,1.0,0.5,0.5,181894.0,181894.0,13.5,8,1.4377330350484714,0,1,0,human(2),0,1,1,1,1,1
1555561052.0,PMOIRAN,pmoiran,سازمان مجاهدین خلق ایران,#مجاهدین در پی جایگزین کردن دیکتاتوری دینی #ایران با دولتی دموکراتیک، مبتنی بر جدایی دین از دولت هستند که به آزادیهای فردی و تساوی زن و مرد احترام میگذارد,مجاهدین در پی جایگزین کردن دیکتاتوری دینی ایران با دولتی دموکراتیک، مبتنی بر جدایی دین از دولت هستند که به آزادیهای فردی و تساوی زن و مرد احترام میگذارد,2013-06-29T12:23:31+00:00,36964.0,1.0,3977.0,323.0,66295.0,176524.0,176524.0,0.0,36964.0,4298.0,8.600279,0.000233,1.0,False,0.0,True,False,False,False,1.0,0.0,none,2.0,0.0,0.0,1.0,28.33333,1.0,2.666667,439.3333,48694613.0,41.0712,0.0,0.0,2.0,2.0,2.0,0.0,0.0,88261.0,176522.0,403.3333,154,36964.0,0,0,0,bot(1),1,1,1,1,1,1
1.0294e+18,kharmagas_UK,kharmagas_uk,خرمگس,نه بر اشتری سوارم، نه چو خر به زیر بارم. نه خداوند رعیت، نه غلام شهریارم. ایرانی، ساکن غربت، دوستدار آماتور تاریخ، فرهنگ و فلسفه,نه بر اشتری سوارم، نه چو خر به زیر بارم. نه خداوند رعیت، نه غلام شهریارم. ایرانی، ساکن غربت، دوستدار آماتور تاریخ، فرهنگ و فلسفه,2018-08-14T15:56:31+00:00,16948.0,955.0,169404.0,97.0,4750.0,98357.0,98357.0,0.0,16948.0,2426.0,6.985985,0.393652,0.0,False,0.0,True,False,False,False,0.0,0.0,none,1.0,1.0,0.0,1.0,9.0,1.0,1.0,121.0,29705044.0,40.54287,0.0,0.0,1.0,1.0,1.0,0.0,0.0,98355.0,98355.0,0.5,128,17.746596858638743,0,0,0,human(2),0,1,1,1,1,1
1.00107e+18,baran_mehr36,baran_mehr36,باران ➰💙👑#پیمان_نوین👑👑👑👑👑👑👑👑👑👑👑👑👑👑,"ما بسیاریم 
همه با هم با پیام #پیمان_نوین با اتحاد و همبستگی برای روزهای بهترزنده باد خاندان پهلوی 🌹فقط پادشاهی خواهان فالو میشوند👑🌹","ما بسیاریم 
 همه با هم با پیام پیمان_نوین با اتحاد و همبستگی برای روزهای بهترزنده باد خاندان پهلوی فقط پادشاهی خواهان فالو میشوند",2018-05-28T11:59:48+00:00,3283.0,2292.0,113753.0,4.0,2142.0,101496.0,101496.0,0.0,3283.0,2504.0,1.311102,0.915335,1.0,False,0.0,True,False,False,False,1.0,0.0,none,1.0,0.0,6.0,0.285714,10.42857,2.0,1.857143,10.85714,11717812.0,40.53355,0.0,0.0,6.0,6.0,1.0,0.0,1.857143,101489.0,101489.0,2.857143,132,1.432373472949389,0,2,0,bot(1),1,1,1,1,1,1
1.53568e+18,AriaVatanpour,ariavatanpour,ARIA🇦🇺🎗,"Army veteran, former bell214 pilot of Hovaniroz Iran, now the air support of Sydney Coast Guard 🇦🇺    Soldier of #KingRezaPahlavi","Army veteran, former bell214 pilot of Hovaniroz Iran, now the air support of Sydney Coast Guard Soldier of KingRezaPahlavi",2022-06-11T17:40:28+00:00,3746.0,2916.0,147242.0,2.0,3080.0,41702.0,41702.0,0.0,3746.0,1029.0,3.640428,2.833819,1.0,False,0.0,True,False,False,False,1.0,1.0,none,36.0,28.0,9.0,0.934211,25.60526,2.0,2.302632,108.1974,752200.4,40.52672,0.0,0.0,2.0,5.0,4.0,0.460526,0.644737,1156.361111,41629.0,41.67105,129,1.284636488340192,0,0,0,human(2),0,1,1,1,1,1
1.73577e+18,Ervin_dearcelo2,ervin_dearcelo2,"شماره ۲‌ Dearcelo,Ervin",مهندس غیر هسته‌گی،شاغل در زمینه انرژی.هیدروژئولوژیست.اکانت دوم،اینجا بدون سانسور خویشتن.ممنون که اینم فالو میکنید.,مهندس غیر هسته‌گی،شاغل در زمینه انرژی.هیدروژئولوژیست.اکانت دوم،اینجا بدون سانسور خویشتن.ممنون که اینم فالو میکنید.,2023-12-15T21:11:17+00:00,12679.0,935.0,207522.0,16.0,1912.0,19264.0,19264.0,0.0,12679.0,477.0,26.58071,1.960168,1.0,False,0.0,False,False,False,False,0.0,0.0,none,0.0,0.0,3.0,0.666667,18.0,3.0,0.333333,595.3333,749123.7,40.38574,0.0,0.0,1.0,1.0,1.0,0.0,0.666667,19261.0,19261.0,41.66667,114,13.560427807486631,1,1,0,human(2),0,1,1,1,1,1
1.46544e+18,dariush2023,dariush2023,Dariush.s,❤️🌹جاوید شاه 🌹❤️ ورود عرزشی تجزیه طلب ممنوع,جاوید شاه ورود عرزشی تجزیه طلب ممنوع,2021-11-29T21:50:56+00:00,4791.0,3050.0,42131.0,6.0,69.0,48452.0,48452.0,0.0,4791.0,1223.0,3.917416,2.493868,1.0,False,0.0,False,False,False,False,0.0,0.0,none,0.0,49.0,0.0,0.0,4.230769,3.0,1.057692,0.692308,83263.94,39.61733,0.0,0.0,7.0,11.0,4.0,0.0,0.0,48403.0,48403.0,0.423077,43,1.5708196721311476,0,4,0,bot(1),1,1,1,1,1,1
1.58581e+18,nastaran8888,nastaran8888,👑Farah8888👑,"#KingRezaPahlavi 👑
#جاویدشاه 👑","KingRezaPahlavi 
 جاویدشاه",2022-10-28T01:48:24+00:00,5161.0,5678.0,51205.0,1.0,1203.0,34279.0,34279.0,0.0,5161.0,890.0,5.798876,6.379775,1.0,False,0.0,True,False,False,False,1.0,0.0,none,3.0,14.0,0.0,0.941176,19.52941,1.0,1.823529,145.7059,1641728.0,38.51573,0.0,0.0,2.0,2.0,1.0,0.0,0.0,11420.66667,34262.0,50.47059,30,0.9089468122578372,4,4,0,bot(1),1,1,1,1,1,1
1.3714e+18,Saeed48920740,saeed48920740,Saeed,ورود عرزشی ممنوع⛔,ورود عرزشی ممنوع,2021-03-15T09:40:23+00:00,3119.0,2699.0,64716.0,4.0,4627.0,56893.0,56893.0,0.0,3119.0,1482.0,2.104588,1.821188,1.0,False,0.0,False,False,False,False,0.0,0.0,none,2.0,0.0,1.0,0.666667,8.0,2.0,0.666667,8.333333,2173024.0,38.38934,0.0,0.0,1.0,1.0,1.0,0.333333,0.333333,28445.0,56890.0,0.333333,17,1.1556131900703965,0,8,0,bot(1),1,1,1,1,1,1
8.15189e+17,gh0lch0magh,gh0lch0magh,OuriapA,دارای اسبی مرده و اصلی پير و پژمرده🥀,دارای اسبی مرده و اصلی پير و پژمرده,2016-12-31T13:32:57+00:00,68631.0,354.0,185070.0,116.0,6230.0,114388.0,114388.0,0.0,68631.0,3017.0,22.74809,0.117335,1.0,False,0.0,False,False,False,False,0.0,0.0,none,1.0,0.0,0.0,1.0,15.0,1.0,1.0,1417.0,0.0,37.91448,2.0,2.0,2.0,2.0,2.0,0.0,0.0,114387.0,114387.0,192.0,36,193.8728813559322,0,2,0,human(2),0,1,1,1,1,1
1.61685e+18,iranzad_98,iranzad_98,بیداری,"👑 چو ایران نباشد تن من مباد 
  بدین بوم و بر زنده یک تن مباد 
با افتخار و تا ابدیت سرباز شاهنشاهی سلسله پهلوی 
و پاسدار تمامیت ارضی ایرانزمین👑","چو ایران نباشد تن من مباد 
  بدین بوم و بر زنده یک تن مباد 
 با افتخار و تا ابدیت سرباز شاهنشاهی سلسله پهلوی 
 و پاسدار تمامیت ارضی ایرانزمین",2023-01-21T17:20:43+00:00,4239.0,3060.0,52837.0,1.0,298.0,30176.0,30176.0,0.0,4239.0,805.0,5.265839,3.801242,1.0,False,0.0,False,False,False,False,0.0,0.0,none,4.0,0.0,9.0,0.428571,23.5,2.0,1.857143,1.5,259171.1,37.48571,0.0,0.0,2.0,4.0,2.0,0.5,2.642857,7540.75,30163.0,0.0,142,1.3852941176470588,0,2,0,bot(1),1,1,1,1,1,1
9.94335e+17,Nationalist101,nationalist101,Azad,راه من راه رضاشاه بزرگ و شاهنشاه آریامهر محمدرضا شاه است.,راه من راه رضاشاه بزرگ و شاهنشاه آریامهر محمدرضا شاه است.,2018-05-09T21:56:33+00:00,23286.0,696.0,150422.0,45.0,2922.0,94255.0,94255.0,0.0,23286.0,2523.0,9.229489,0.275862,1.0,False,0.0,True,False,False,False,0.0,0.0,none,18.0,1.0,1.0,0.619048,26.95238,1.0,1.190476,598.3333,4527841.0,37.3583,0.0,0.0,2.0,2.0,2.0,0.047619,0.047619,5235.277778,94235.0,148.2381,57,33.456896551724135,0,3,0,bot(1),1,1,1,1,1,1
9.01379e+17,Asadi222Mehrdad,asadi222mehrdad,Mehrdad Asadii,#رستاخیز_مشروطه_ایران,رستاخیز_مشروطه_ایران,2017-08-26T09:40:42+00:00,15096.0,2368.0,221671.0,25.0,3088.0,103032.0,103032.0,0.0,15096.0,2779.0,5.43217,0.852105,1.0,False,0.0,True,False,False,False,1.0,0.0,none,17.0,2.0,3.0,0.818182,18.77273,1.0,1.636364,307.0,1349708.0,37.07521,0.0,0.0,2.0,4.0,1.0,0.136364,0.5,6059.411765,103010.0,75.5,21,6.375,0,3,0,human(2),0,1,1,1,1,1
8.7433e+17,VidaSarafraz,vidasarafraz,Vida,نخوانند بر ما کسی آفرین / چو ویران بود بوم ایران زمین,نخوانند بر ما کسی آفرین / چو ویران بود بوم ایران زمین,2017-06-12T18:19:09+00:00,67877.0,990.0,514140.0,100.0,4947.0,105205.0,105205.0,0.0,67877.0,2854.0,23.78311,0.346882,1.0,False,0.0,True,False,False,False,0.0,0.0,none,162.0,13.0,226.0,0.432749,15.423,6.0,1.635478,608.6686,396412.0,36.8623,0.0,0.0,14.0,44.0,113.0,0.57115,0.709552,646.9382716,104804.0,133.1832,53,68.56262626262627,0,0,0,human(2),0,1,1,1,1,1
1.2625e+18,hastyarrr,hastyarrr,ایوان ایلیچ چردیاکوف(Alireza Fallah),ما راویان حقیقتیم و آنان کاسبان شریعت❇️,ما راویان حقیقتیم و آنان کاسبان شریعت,2020-05-18T21:43:32+00:00,10609.0,263.0,89345.0,11.0,877.0,64298.0,64298.0,0.0,10609.0,1783.0,5.950084,0.147504,1.0,False,0.0,True,False,False,False,0.0,0.0,none,109.0,0.0,0.0,0.513761,24.97248,1.0,2.091743,223.8257,398826.5,36.06169,0.0,0.0,2.0,3.0,1.0,0.0,0.0,588.8899083,64189.0,43.04587,39,40.338403041825096,0,0,0,human(2),0,1,1,1,1,1
1.63784e+18,parsi27871,parsi27871,👑Parsi👑 🎗️🖤,"👈🏾اولین ورود ؛ 2018⚡
👑 پادشاهی مشروطه پارلمانی #جاویدشاه  #رضاشاه دوم ، ورود 3 فاسد ، تجزیه طلب ، مزدور رژیم ⛔ #political جانم فدای ایران من سرباز #شاهم","اولین ورود ؛ 2018
  پادشاهی مشروطه پارلمانی جاویدشاه رضاشاه دوم ، ورود 3 فاسد ، تجزیه طلب ، مزدور رژیم political جانم فدای ایران من سرباز شاهم",2023-03-20T15:20:20+00:00,6736.0,4387.0,52410.0,6.0,6702.0,25866.0,25866.0,0.0,6736.0,747.0,9.017403,5.872825,1.0,False,0.0,True,False,False,False,1.0,1.0,none,79.0,7.0,30.0,1.046875,58.67188,3.0,2.875,153.3594,528145.5,34.62651,0.0,0.0,2.0,6.0,13.0,0.257813,1.210938,325.9493671,25750.0,43.42969,152,1.5354456348301802,0,5,0,human(2),0,1,1,1,1,1
8.96666e+17,Me_Hamed_Myself,me_hamed_myself,Hamed,"Atheist, Ex-Muslim, Anti-Islam! 
Software Developer, Metalhead, Motorcyclist, Nationalist, 40%, 
چو ایران نباشد تن من مباد","Atheist, Ex-Muslim, Anti-Islam! 
 Software Developer, Metalhead, Motorcyclist, Nationalist, 40%, 
 چو ایران نباشد تن من مباد",2017-08-13T09:32:23+00:00,28923.0,1146.0,302933.0,58.0,4877.0,96345.0,96345.0,0.0,28923.0,2792.0,10.35924,0.410458,1.0,False,0.0,True,False,False,False,0.0,1.0,none,1.0,0.0,2.0,0.0,24.66667,1.0,1.0,198.3333,19592777.0,34.50752,0.0,0.0,1.0,1.0,1.0,0.666667,0.666667,96342.0,96342.0,8.333333,122,25.23821989528796,0,0,0,human(2),0,1,1,1,1,1
143373762.0,mehdimmj,mehdimmj,MehdiMMJ,,,2010-05-13T08:50:42+00:00,41289.0,556.0,660028.0,160.0,3123.0,183695.0,183695.0,0.0,41289.0,5441.0,7.588495,0.102187,0.0,False,0.0,True,False,False,False,0.0,0.0,regular,0.0,1.0,0.0,3.0,38.0,1.0,1.0,144.0,0.0,33.76126,1.0,1.0,1.0,1.0,1.0,0.0,0.0,183694.0,183694.0,22.0,0,74.26079136690647,0,0,0,human(2),0,1,1,0,1,1
9.3805e+17,sazanist40,sazanist40,Saza,𝐌𝐚𝐤𝐞 𝐏𝐞𝐫𝐬𝐢𝐚 𝐆𝐫𝐞𝐚𝐭 𝐀𝐠𝐚𝐢𝐧,𝐌𝐚𝐤𝐞 𝐏𝐞𝐫𝐬𝐢𝐚 𝐆𝐫𝐞𝐚𝐭 𝐀𝐠𝐚𝐢𝐧,2017-12-05T14:19:38+00:00,5358.0,579.0,192318.0,22.0,4781.0,88450.0,88450.0,0.0,5358.0,2678.0,2.000747,0.216206,1.0,False,0.0,True,False,False,False,0.0,0.0,none,1.0,0.0,0.0,0.0,46.0,1.0,1.0,17.0,0.0,33.02838,1.0,1.0,1.0,1.0,1.0,0.0,0.0,88449.0,88449.0,1.0,23,9.253886010362693,0,2,0,human(2),0,1,1,1,1,1
1.2269e+18,ShayanX0,shayanx0,Shayan X,"An Iranian advocate for the dissolution of the current totalitarian theocracy and the restoration of Iran's constitutional monarchy, led by Shah @PahlaviReza 👑","An Iranian advocate for the dissolution of the current totalitarian theocracy and the restoration of Iran's constitutional monarchy, led by Shah @PahlaviReza",2020-02-10T16:03:31+00:00,33316.0,85.0,108373.0,56.0,15897.0,61948.0,61948.0,0.0,33316.0,1881.0,17.71186,0.045189,1.0,False,0.0,True,False,False,False,0.0,0.0,none,442.0,34.0,66.0,0.883764,28.45941,4.0,1.789668,720.0,178501.6,32.93355,0.0,0.0,6.0,16.0,2.0,0.188192,0.381919,138.9276018,61406.0,175.4004,159,391.9529411764706,0,1,0,bot(1),1,1,1,1,1,1
1.37083e+18,remisgp,remisgp,تئاتر سایه‌ها,,,2021-03-13T20:26:39+00:00,54021.0,32542.0,63396.0,4.0,2423.0,48683.0,48683.0,0.0,54021.0,1484.0,36.40229,21.92857,1.0,False,0.0,True,False,False,False,0.0,0.0,none,1.0,0.0,0.0,0.0,12.0,1.0,2.0,79.0,0.0,32.80526,1.0,1.0,1.0,1.0,1.0,0.0,0.0,48682.0,48682.0,7.0,0,1.660039333784033,0,0,0,human(2),0,1,1,0,1,1
1.17379e+18,eisa_1355,eisa_1355,🤍⭐💙عیسی💙⭐🤍,"آسمون بالای سرم همیشه آبیه 💙 #esteghlal
                   یه مادریدیستای خفن 🤍 #realmadr","آسمون بالای سرم همیشه آبیه esteghlal
  یه مادریدیستای خفن realmadr",2019-09-17T03:02:17+00:00,4875.0,4115.0,517670.0,7.0,2464.0,64172.0,64172.0,0.0,4875.0,2027.0,2.405032,2.030094,1.0,False,0.0,True,False,False,False,1.0,0.0,none,1.0,0.0,0.0,0.0,37.0,1.0,0.0,48.0,0.0,31.65861,2.0,2.0,2.0,2.0,2.0,0.0,0.0,64171.0,64171.0,1.0,89,1.1846901579586877,0,4,0,human(2),0,1,1,1,1,1
2230288177.0,foster_spar,foster_spar,پارسا داداشِ آنیسا 𖣘྿𓄂ꪴꪰ𓆃,"رشتوها @foster_spar1 ،
مخالف اسلام سیاسی،
مخالف شخص‌پرستی،
عاشق شعر و کتاب،
هیچ چیزی مقدس نیست،
زن-زندگی-آزادی،
مرد-میهن-آبادی،
هـ ...卍𖣘྿卐
آرتانیس","رشتوها @foster_spar1 ،
 مخالف اسلام سیاسی،
 مخالف شخص‌پرستی،
 عاشق شعر و کتاب،
 هیچ چیزی مقدس نیست،
 زن-زندگی-آزادی،
 مرد-میهن-آبادی،
 هـ ...卍𖣘྿卐
 آرتانیس",2013-12-04T17:51:05+00:00,5936.0,3279.0,314962.0,6.0,6399.0,130093.0,130093.0,0.0,5936.0,4140.0,1.433816,0.792029,0.0,False,0.0,True,False,False,False,0.0,1.0,none,0.0,1.0,0.0,0.0,52.0,1.0,0.0,1.0,0.0,31.42343,1.0,1.0,1.0,1.0,1.0,0.0,0.0,130092.0,130092.0,0.0,146,1.81030802073803,0,0,0,human(2),0,1,1,1,1,1
9.94277e+17,shayan_shahnazi,shayan_shahnazi,👑Shayan👊♂️,همه دشمن هستن! همه دوست هستن! تمام احتمالات همه باهم درحال رخ دادنند. اینطوری زندگی میکنم تا هیچوقت غافلگیر نشم. هرچیزی اتفاق بیفتد قبلا دیده ام. سیاسی نویس🖕,همه دشمن هستن! همه دوست هستن! تمام احتمالات همه باهم درحال رخ دادنند. اینطوری زندگی میکنم تا هیچوقت غافلگیر نشم. هرچیزی اتفاق بیفتد قبلا دیده ام. سیاسی نویس,2018-05-09T18:03:55+00:00,65604.0,4523.0,182554.0,129.0,11480.0,76811.0,76811.0,0.0,65604.0,2523.0,26.00238,1.792707,1.0,False,0.0,True,False,False,False,0.0,0.0,none,193.0,37.0,132.0,0.80663,33.60221,4.0,2.030387,1068.406,236641.0,30.44431,0.0,0.0,4.0,5.0,2.0,0.085635,0.160221,396.1088083,76449.0,137.4751,157,14.504532390006633,0,0,0,human(2),0,1,1,1,1,1
1.05862e+18,Solo_Commando,solo_commando,جواد سلیمانی,الان ابر و باد و مه و خورشید و فلک دست به دستِ هم دادن تا این آخوندا رو کله پا کنیم ؛ فقط مونده یکدلی و حرکت ما #براندازم,الان ابر و باد و مه و خورشید و فلک دست به دستِ هم دادن تا این آخوندا رو کله پا کنیم ؛ فقط مونده یکدلی و حرکت ما براندازم,2018-11-03T07:38:06+00:00,8285.0,5368.0,287679.0,5.0,913.0,70449.0,70449.0,0.0,8285.0,2345.0,3.533049,2.289126,1.0,False,0.0,True,False,False,False,1.0,0.0,none,25.0,7.0,3.0,0.583333,29.25,3.0,2.027778,387.5556,1725463.0,30.04222,0.0,0.0,2.0,3.0,2.0,0.111111,0.111111,2816.56,70414.0,66.30556,121,1.5434053651266766,0,0,0,human(2),0,1,1,1,1,1
407476218.0,Schahrzad_b,schahrzad_b,Shahrzad,به نام مجیدرضا، شیروخورشید ایران,به نام مجیدرضا، شیروخورشید ایران,2011-11-08T03:58:17+00:00,28808.0,67.0,224386.0,5.0,5090.0,144515.0,144515.0,0.0,28808.0,4897.0,5.882785,0.013682,1.0,False,0.0,True,False,False,False,0.0,0.0,none,16.0,1.0,0.0,0.941176,23.88235,1.0,1.470588,653.3529,2044305.0,29.51093,0.0,0.0,1.0,2.0,1.0,0.0,0.0,9031.125,144498.0,105.1176,32,429.97014925373134,0,0,0,human(2),0,1,1,1,1,1
1.63379e+18,Monarchy34,monarchy34,👑Monarchy3👑🇮🇱🇮🇱,"#رضاشاه_پهلوی_عاشقتیم
👑جاوید شاه، پاینده ایران👑
 #IraniansStandWithIsreal  #جاویدشاه
⛔️⛔️⛔️#مرگ_بر_سه_فاسد_ملا_چپی_مجاهد
#ما_ملت_کبیریم_ایران_را_پس_میگیریم","رضاشاه_پهلوی_عاشقتیم
 جاوید شاه، پاینده ایران
  IraniansStandWithIsreal جاویدشاه
 مرگ_بر_سه_فاسد_ملا_چپی_مجاهد
 ما_ملت_کبیریم_ایران_را_پس_میگیریم",2023-03-09T11:29:15+00:00,3425.0,7176.0,31380.0,1.0,379.0,22308.0,22308.0,0.0,3425.0,758.0,4.51847,9.467018,1.0,False,0.0,False,False,False,False,1.0,0.0,none,1.0,21.0,0.0,0.023256,5.860465,3.0,2.976744,3.395349,331199.5,29.43008,0.0,0.0,38.0,40.0,22.0,0.046512,0.046512,22286.0,22286.0,0.534884,155,0.47728539576365664,1,2,0,bot(1),1,1,1,1,1,1
1.25582e+18,JaneVatan,janevatan,جان John,"شرط گفتگو، باور به پلورالیسم و ضدیت باهرگونه فاشیسم است.
Liberal-Federalist
محافظه‌کاری هم در سیاست هم درجامعه مضر است.

#زن_زندگی_آزادی
Kadın Yaşam Özgürlük","شرط گفتگو، باور به پلورالیسم و ضدیت باهرگونه فاشیسم است.
 Liberal-Federalist
 محافظه‌کاری هم در سیاست هم درجامعه مضر است.
 
 زن_زندگی_آزادی
 Kadın Yaşam Özgürlük",2020-04-30T11:27:17+00:00,5211.0,500.0,117626.0,30.0,3226.0,52034.0,52034.0,0.0,5211.0,1801.0,2.893393,0.277624,1.0,False,0.0,False,False,False,False,1.0,0.0,none,1.0,0.0,0.0,1.0,19.0,1.0,1.0,632.0,0.0,28.89173,1.0,1.0,1.0,1.0,1.0,0.0,0.0,52033.0,52033.0,90.0,157,10.422,0,0,0,human(2),0,1,1,1,1,1
1.24835e+18,parysatis_banoo,parysatis_banoo,👑پروشات👑(یوتاب دخت ایران),"تا ابد پهلوی خواه 
#ایران_را_پس_میگیریم

#پهلوی_رمز_نجات_ایران

#جاویدشاه","تا ابد پهلوی خواه 
 ایران_را_پس_میگیریم
 
 پهلوی_رمز_نجات_ایران
 
 جاویدشاه",2020-04-09T20:41:22+00:00,8905.0,3037.0,129783.0,2.0,9839.0,51615.0,51615.0,0.0,8905.0,1822.0,4.887486,1.66685,1.0,False,0.0,True,False,False,False,1.0,0.0,none,29.0,1.0,1.0,0.967742,19.32258,2.0,2.258065,315.1613,2317334.0,28.32876,0.0,0.0,2.0,3.0,1.0,0.0,0.0,1778.758621,51584.0,91.70968,73,2.9321699045110305,0,0,0,human(2),0,1,1,1,1,1
1.22401e+18,iraj63569385,iraj63569385,iraj.Iranian_patriot,@PahlaviReza @ShahbanouFarah @PhoenixprjIran  https://t.co/LSJclFArkQ   اینستاگرام من 👆,@PahlaviReza @ShahbanouFarah @PhoenixprjIran اینستاگرام من,2020-02-02T16:35:23+00:00,5157.0,3132.0,51331.0,6.0,6381.0,53204.0,53204.0,0.0,5157.0,1889.0,2.730016,1.65802,1.0,False,0.0,True,False,False,False,0.0,0.0,none,137.0,22.0,2.0,1.236025,41.24845,3.0,2.552795,162.7329,745786.1,28.16517,0.0,0.0,2.0,4.0,1.0,0.223602,0.329193,387.1751825,53043.0,56.62733,87,1.646551724137931,0,8,1,human(2),0,1,1,1,1,1
1.54911e+18,DanaMehraban,danamehraban,Dana👑🇮🇱🎗️,Advocate of Iranians resurrection to build a peaceful and sustainable country under HIM @Pahlavireza,Advocate of Iranians resurrection to build a peaceful and sustainable country under HIM @Pahlavireza,2022-07-18T19:32:14+00:00,5494.0,4332.0,36023.0,3.0,1365.0,27565.0,27565.0,0.0,5494.0,992.0,5.538306,4.366935,1.0,False,0.0,True,False,False,False,0.0,0.0,none,4.0,12.0,5.0,0.678571,42.32143,2.0,2.321429,138.9286,1225191.0,27.7873,0.0,0.0,4.0,6.0,8.0,0.178571,1.571429,6886.0,27544.0,50.67857,100,1.268236380424746,0,0,0,human(2),0,1,1,1,1,1
1.44367e+18,Peleja11,peleja11,peleja,فرّ ایران پیروز است👑,فرّ ایران پیروز است,2021-09-30T20:11:23+00:00,11218.0,1046.0,145971.0,7.0,1044.0,35638.0,35638.0,0.0,11218.0,1283.0,8.74357,0.815277,1.0,False,0.0,True,False,False,False,0.0,0.0,none,21.0,1.0,2.0,0.583333,21.25,1.0,1.333333,379.9583,2516816.0,27.77708,0.0,0.0,2.0,2.0,1.0,0.083333,0.083333,1695.904762,35614.0,57.375,20,10.724665391969408,0,2,0,bot(1),1,1,1,1,1,1
1.40995e+18,NaaserXA,naaserxa,ADA Whale,My passion is Cardano,My passion is Cardano,2021-06-29T18:57:23+00:00,11758.0,515.0,129931.0,57.0,931.0,37952.0,37952.0,0.0,11758.0,1376.0,8.545058,0.374273,1.0,False,0.0,False,False,False,False,0.0,0.0,none,1.0,1.0,3.0,0.0,22.66667,1.0,1.0,113.3333,2293356.0,27.5814,0.0,0.0,2.0,2.0,2.0,0.333333,0.666667,37947.0,37947.0,3.0,21,22.831067961165047,0,0,0,human(2),0,1,1,1,1,1
2265794169.0,RBehrouzDO,rbehrouzdo,Reza Behrouz,"Iranian-American • Physician/Musician • Tweets my own opinion • RT ≠ endorsement • @USouthFlorida/@UF alumnus • Tweets in Persian, English, French.","Iranian-American • Physician/Musician • Tweets my own opinion • RT ≠ endorsement • @USouthFlorida/@UF alumnus • Tweets in Persian, English, French.",2014-01-06T20:40:29+00:00,17198.0,1705.0,600651.0,80.0,9319.0,112010.0,112010.0,0.0,17198.0,4107.0,4.187485,0.415145,1.0,False,0.0,True,False,False,False,0.0,0.0,none,72.0,13.0,0.0,0.858696,26.57609,6.0,2.369565,523.0435,1084020.0,27.27295,0.0,0.0,2.0,4.0,8.0,0.152174,0.456522,1554.513889,111925.0,101.6196,147,10.086803519061583,0,0,0,human(2),0,1,1,1,1,1
1.24719e+18,foadshams,foadshams,foadshams | فواد شمس,فواد شمس,فواد شمس,2020-04-06T15:58:50+00:00,4763.0,1773.0,194211.0,31.0,5095.0,49609.0,49609.0,0.0,4763.0,1825.0,2.609863,0.971507,1.0,False,0.0,True,False,False,False,0.0,0.0,none,0.0,0.0,1.0,0.0,16.0,1.0,1.0,7.0,0.0,27.18301,1.0,1.0,1.0,1.0,1.0,0.0,0.0,49608.0,49608.0,0.0,8,2.686407219402143,0,0,0,human(2),0,1,1,1,1,1
9.45913e+17,YaldaRod,yaldarod,یلدا راد,هرکس دلی پاک دارد، وطن خود را عزیز می‌شمارد.,هرکس دلی پاک دارد، وطن خود را عزیز می‌شمارد.,2017-12-27T07:02:53+00:00,10496.0,1383.0,210978.0,23.0,2516.0,71860.0,71860.0,0.0,10496.0,2656.0,3.951807,0.520708,0.0,False,0.0,True,False,False,False,0.0,0.0,none,1.0,0.0,0.0,1.0,46.0,1.0,2.0,186.0,0.0,27.05572,1.0,1.0,1.0,1.0,1.0,0.0,0.0,71859.0,71859.0,47.0,44,7.5892986261749815,0,0,0,human(2),0,1,1,1,1,1
8.80001e+17,ali_bitarafan5,ali_bitarafan5,علی بیطرفان,بابا زشته آقای اصغر، منو می‌ترسونی از دوتا گلوله؟!,بابا زشته آقای اصغر، منو می‌ترسونی از دوتا گلوله؟!,2017-06-28T09:52:30+00:00,109689.0,3872.0,108080.0,328.0,3711.0,76297.0,76297.0,0.0,109689.0,2838.0,38.65011,1.364341,1.0,False,0.0,True,False,False,False,0.0,0.0,none,1.0,0.0,0.0,1.0,37.0,1.0,0.0,1629.0,0.0,26.88407,1.0,1.0,1.0,1.0,1.0,0.0,0.0,76296.0,76296.0,338.0,50,28.328770661157026,0,1,0,human(2),0,1,1,1,1,1
48485832.0,AsbeAtash45,asbeatash45,Mahmoud R Amani,کهنه سرباز میهن #بازگشت_به_مشروطه,کهنه سرباز میهن بازگشت_به_مشروطه,2009-06-18T20:53:15+00:00,7554.0,1603.0,343610.0,17.0,5466.0,151920.0,151920.0,0.0,7554.0,5770.0,1.309185,0.277816,1.0,False,0.0,True,False,False,False,1.0,0.0,none,405.0,55.0,13.0,1.225738,21.55485,4.0,2.335443,174.8376,367754.9,26.32929,0.0,0.0,4.0,7.0,2.0,0.042194,0.07173,373.9432099,151447.0,49.77848,33,4.712414223331254,0,2,0,bot(1),1,1,1,1,1,1
1.52913e+18,zone7689,zone7689,👑👑رنسانس ایران👑👑,"(ازقادسیه تافتنه57تجاوزبه وطنم.ققنوس ایران,ازخاکسترخودبرمی خیزد)(#شاهنشاه_رضا_پهلوی👑/#جاویدشاه 👑)(متاهل ومتعهد)(گروه وپیام دایرکت⛔)(عرزشی،مجاهد،تجزیه طلب⛔)","(ازقادسیه تافتنه57تجاوزبه وطنم.ققنوس ایران,ازخاکسترخودبرمی خیزد)(شاهنشاه_رضا_پهلوی/جاویدشاه )(متاهل ومتعهد)(گروه وپیام دایرکت)(عرزشی،مجاهد،تجزیه طلب)",2022-05-24T15:55:55+00:00,5172.0,382.0,60904.0,2.0,1316.0,27504.0,27504.0,0.0,5172.0,1047.0,4.939828,0.364852,1.0,False,0.0,False,False,False,False,1.0,1.0,none,5.0,2.0,6.0,0.692308,21.92308,3.0,1.384615,227.4615,6134530.0,26.26934,0.0,0.0,2.0,2.0,1.0,0.384615,0.615385,5498.2,27491.0,53.30769,155,13.539267015706807,0,4,0,bot(1),1,1,1,1,1,1
1.38608e+18,NoushaEshghi,noushaeshghi,🤴🏻NoushAfarin Eshghipour 🤴🏻,برای چیزی که باور دارم میجنگم تا نفس آخر #جنبش_فیروزه_ای #فرزندان_افسران #شاه_میهن_آبادی https://t.co/J24Q5XvJKT,برای چیزی که باور دارم میجنگم تا نفس آخر جنبش_فیروزه_ای فرزندان_افسران شاه_میهن_آبادی,2021-04-24T21:55:37+00:00,11197.0,553.0,29463.0,18.0,5557.0,36751.0,36751.0,0.0,11197.0,1442.0,7.76491,0.383495,1.0,False,0.0,True,False,False,False,1.0,1.0,none,115.0,1.0,2.0,0.68595,23.32231,3.0,2.92562,274.3554,830498.2,25.48613,0.0,0.0,2.0,4.0,4.0,0.041322,0.140496,318.5478261,36633.0,64.50413,112,20.247739602169982,0,0,1,human(2),0,1,1,1,1,1
50635701.0,freeman010,freeman010,Morgan شاه,نه خسرو شد آن کس که خس پرورست خسی دیگر و خسروی دیگرست.کند هر پهلوی خسرو نشانی تو خود هم خسروی هم پهلوانی.با جان خسرو خرد باد جفت.ستایش خرد را به از راه داد 卐 ‌,نه خسرو شد آن کس که خس پرورست خسی دیگر و خسروی دیگرست.کند هر پهلوی خسرو نشانی تو خود هم خسروی هم پهلوانی.با جان خسرو خرد باد جفت.ستایش خرد را به از راه داد 卐 ‌,2009-06-25T12:49:23+00:00,37468.0,7456.0,187158.0,67.0,19135.0,145999.0,145999.0,0.0,37468.0,5763.0,6.501475,1.293771,1.0,False,0.0,True,False,False,False,0.0,0.0,none,342.0,299.0,49.0,0.972464,32.07101,5.0,1.230435,357.6565,312938.5,25.33385,0.0,0.0,3.0,7.0,2.0,0.034783,0.052174,424.880117,145309.0,89.64058,159,5.025214592274678,0,3,0,bot(1),1,1,1,1,1,1
1.64009e+18,Azihastam1,azihastam1,آزی هستم,Pharmacist | Interested in Politics | Make Up Artist | Monarchist | Conservative | Tweets are my own opinion,Pharmacist | Interested in Politics | Make Up Artist | Monarchist | Conservative | Tweets are my own opinion,2023-03-26T20:48:26+00:00,4255.0,387.0,71956.0,11.0,1624.0,18751.0,18751.0,0.0,4255.0,741.0,5.74224,0.522267,1.0,False,0.0,False,False,False,False,0.0,0.0,none,14.0,5.0,1.0,1.05,24.05,1.0,1.7,325.05,2431480.0,25.30499,0.0,0.0,1.0,2.0,1.0,0.2,0.2,1337.928571,18731.0,43.35,108,10.994832041343669,0,1,0,human(2),0,1,1,1,1,1
1.33408e+18,DavariAbdolreza,davariabdolreza,عبدالرضا داوری 🇮🇷,پدر آئین و آوین، کارشناس ارشد تبدیل انرژی، دکتری اقتصاد، پژوهشگر اقتصاد سیاسی، تاریخ و OSINT، فلسفه خوان، ایرانگرا، توسعه گرا، طرفدار حکمرانی مقتدر و تکنوکرات,پدر آئین و آوین، کارشناس ارشد تبدیل انرژی، دکتری اقتصاد، پژوهشگر اقتصاد سیاسی، تاریخ و OSINT، فلسفه خوان، ایرانگرا، توسعه گرا، طرفدار حکمرانی مقتدر و تکنوکرات,2020-12-02T10:03:13+00:00,52228.0,879.0,128200.0,231.0,9342.0,39810.0,39810.0,0.0,52228.0,1585.0,32.95142,0.554574,1.0,False,0.0,True,False,False,False,0.0,0.0,none,1.0,0.0,0.0,1.0,22.0,1.0,1.0,423.0,0.0,25.11672,2.0,2.0,2.0,2.0,2.0,0.0,0.0,39809.0,39809.0,27.0,158,59.41751990898749,0,0,0,human(2),0,1,1,1,1,1
1.2259e+18,Fariba60867811,fariba60867811,Fariba,در وطن من، بر سر دار می‌رود سر بیدار ! با افتخار براندازم,در وطن من، بر سر دار می‌رود سر بیدار ! با افتخار براندازم,2020-02-07T22:05:53+00:00,7665.0,6158.0,108011.0,6.0,2723.0,47255.0,47255.0,0.0,7665.0,1884.0,4.068471,3.268577,1.0,False,0.0,True,False,False,False,0.0,0.0,none,1.0,2.0,1.0,0.5,14.0,2.0,1.25,173.5,8745802.0,25.08227,0.0,0.0,1.0,1.0,1.0,0.25,1.0,47251.0,47251.0,37.25,57,1.2447223124391036,0,8,0,human(2),0,1,1,1,1,1
8.7842e+17,StupidJalal,stupidjalal,جلال آل احمقِ بیشعور,"ورود عرزشی،مجاهد،اسهال‌طلب، تجزیه‌طلب و چپول ممنوع⛔

برای ایرانی آزاد و آباد
#ملی_گرا✌","ورود عرزشی،مجاهد،اسهال‌طلب، تجزیه‌طلب و چپول ممنوع
 
 برای ایرانی آزاد و آباد
 ملی_گرا",2017-06-24T01:12:11+00:00,3796.0,3029.0,111168.0,2.0,1620.0,70746.0,70746.0,0.0,3796.0,2842.0,1.335679,1.065799,1.0,False,0.0,True,False,False,False,1.0,0.0,none,1.0,0.0,1.0,1.0,15.5,2.0,2.0,4.5,42076.0,24.89303,0.0,1.0,1.0,1.0,1.0,0.0,1.0,70744.0,70744.0,1.5,86,1.2532188841201717,0,0,0,human(2),0,1,1,1,1,1
1.55564e+18,shararehtalaeii,shararehtalaeii,𝕊𝕙𝕒𝕣𝕒𝕣𝕖𝕙 𝕋𝕒𝕝𝕒𝕖𝕚,جاوید شاه شاهان، جاوید مُلكِ ایران,جاوید شاه شاهان، جاوید مُلكِ ایران,2022-08-05T19:48:03+00:00,11441.0,3169.0,42017.0,14.0,3065.0,23781.0,23781.0,0.0,11441.0,974.0,11.74641,3.253593,1.0,False,0.0,True,False,False,False,0.0,0.0,none,279.0,86.0,33.0,0.962406,38.58897,3.0,2.385965,257.213,192123.4,24.41581,0.0,0.0,2.0,9.0,2.0,0.390977,0.684211,83.81003584,23383.0,85.71429,34,3.610287156831808,0,0,0,human(2),0,1,1,1,1,1
7.4266e+17,protester0101,protester0101,(Disciple of Lech Walesa) لِخ وآلِسا انقلابی,"راه صحیح آگاهی است و درستکاری
فدای آرمان ایران آزاد و آباد ❤️
دموکراسی لاییک
اقتصاد لیبرال
حمایت سوسیال","راه صحیح آگاهی است و درستکاری
 فدای آرمان ایران آزاد و آباد 
 دموکراسی لاییک
 اقتصاد لیبرال
 حمایت سوسیال",2016-06-14T10:08:48+00:00,8655.0,1761.0,419061.0,32.0,6626.0,77948.0,77948.0,0.0,8655.0,3217.0,2.690395,0.547404,0.0,False,0.0,True,False,False,False,0.0,0.0,none,1.0,0.0,1.0,1.5,51.0,1.0,0.5,80.0,32286614.0,24.23003,0.0,0.0,1.0,1.0,1.0,0.5,0.5,77946.0,77946.0,21.0,103,4.914821124361159,0,4,0,human(2),0,1,1,1,1,1
1.52633e+18,abelbalb,abelbalb,Abel,,,2022-05-16T22:33:14+00:00,3100.0,991.0,40424.0,7.0,3218.0,25196.0,25196.0,0.0,3100.0,1055.0,2.938389,0.939336,1.0,False,0.0,True,False,False,False,0.0,0.0,none,0.0,0.0,1.0,1.0,16.0,1.0,1.0,4.0,0.0,23.88246,1.0,1.0,1.0,1.0,1.0,0.0,2.0,25195.0,25195.0,0.0,0,3.1281533804238144,0,0,0,human(2),0,1,1,0,1,1
1.07589e+18,negannegan55,negannegan55,نگان,عاشقی از دیار پهلوی,عاشقی از دیار پهلوی,2018-12-20T23:20:08+00:00,7155.0,2376.0,54654.0,18.0,5451.0,54619.0,54619.0,0.0,7155.0,2298.0,3.113577,1.033943,1.0,False,0.0,True,False,False,False,0.0,0.0,none,131.0,1.0,7.0,0.953333,18.34667,1.0,1.693333,412.14,702583.1,23.76806,0.0,0.0,4.0,10.0,12.0,0.073333,0.093333,415.8778626,54480.0,88.04667,19,3.0113636363636362,0,2,0,human(2),0,1,1,1,1,1
1.53501e+18,LoabatK,loabatk,Loabat,TG-https://t.co/JHA6OVOMhq Y-https://t.co/6pDSMrkmNt IG-https://t.co/t8FYFMu9IX,TG- Y- IG-,2022-06-09T21:34:17+00:00,13870.0,1639.0,128099.0,26.0,2143.0,24409.0,24409.0,0.0,13870.0,1031.0,13.45296,1.589719,1.0,False,0.0,True,False,False,False,0.0,1.0,none,2.0,0.0,0.0,1.0,9.5,1.0,2.0,584.5,2050.5,23.67507,0.0,4.0,2.0,4.0,3.0,0.0,0.0,12203.5,24407.0,102.0,79,8.46247712019524,0,0,1,human(2),0,1,1,1,1,1
7.14591e+17,DarkSheepRise,darksheeprise,ببعی تنهای شب(اوباشگر)🇪🇸,نماینده منتخب مردم در شورای ائتلافی گذار از جمهوری اسلامی .,نماینده منتخب مردم در شورای ائتلافی گذار از جمهوری اسلامی .,2016-03-28T23:13:02+00:00,4651.0,1262.0,91436.0,13.0,4334.0,77881.0,77881.0,0.0,4651.0,3295.0,1.411533,0.383005,1.0,False,0.0,True,False,False,False,0.0,0.0,none,0.0,1.0,0.0,1.0,20.0,1.0,0.0,931.0,0.0,23.63612,1.0,1.0,1.0,1.0,1.0,0.0,0.0,77880.0,77880.0,114.0,59,3.685419968304279,0,0,0,human(2),0,1,1,1,1,1
1.36891e+18,Roobahyab1,roobahyab1,روباه یاب,"روباه یاب نماد خیزش ملی و حرکت خود جوش ملت ایران است.
ما میدانیم که جمهوری اسلامی به سادگی نخواهد رفت وبرای سرنگونی آن با زور و اراده و برای ایران مبارزه میکنیم","روباه یاب نماد خیزش ملی و حرکت خود جوش ملت ایران است.
 ما میدانیم که جمهوری اسلامی به سادگی نخواهد رفت وبرای سرنگونی آن با زور و اراده و برای ایران مبارزه میکنیم",2021-03-08T13:01:29+00:00,22883.0,22352.0,37411.0,19.0,7107.0,35184.0,35184.0,0.0,22883.0,1489.0,15.36803,15.01142,1.0,False,0.0,False,False,False,False,0.0,0.0,none,3.0,0.0,0.0,1.0,46.33333,1.0,2.0,130.0,1874356.0,23.62928,0.0,0.0,1.0,1.0,1.0,0.0,0.0,11727.0,35181.0,50.33333,160,1.0237562634216177,0,1,0,human(2),0,1,1,1,1,1
8.39015e+17,Birdofpeacelove,birdofpeacelove,DRJJ,"A free bird flew over countries across the globe. Got more education, gained more skills and experiences in many subjects and places. Seeking peace&prosperity!","A free bird flew over countries across the globe. Got more education, gained more skills and experiences in many subjects and places. Seeking peace&prosperity!",2017-03-07T07:29:00+00:00,10099.0,7434.0,134794.0,8.0,11069.0,69501.0,69501.0,0.0,10099.0,2951.0,3.42223,2.519146,1.0,False,0.0,True,False,False,False,0.0,0.0,none,6.0,7.0,4.0,1.473684,25.78947,3.0,1.526316,18.94737,5041537.0,23.55168,0.0,0.0,2.0,4.0,3.0,0.578947,0.894737,11580.66667,69484.0,4.105263,159,1.3584880279795535,0,0,0,human(2),0,1,1,1,1,1
1.02064e+18,vanheda97,vanheda97,💙👑VANHEDA👑💙,"بنام #ایران ،
♡ #بلوچستان♡ 
👑
میسازیمت_وطن
👑#براندازم 
👑برای
#اتحاد_پادشاهی_خواهان
#KingRezaPahlavi
👑
@PahlaviReza
پاینده ایران #جاویدشاه","بنام ایران ،
 ♡ بلوچستان♡ 
 
 میسازیمت_وطن
 براندازم 
 برای
 اتحاد_پادشاهی_خواهان
 KingRezaPahlavi
 
 @PahlaviReza
 پاینده ایران جاویدشاه",2018-07-21T12:11:13+00:00,12327.0,4258.0,34596.0,6.0,1262.0,57189.0,57189.0,0.0,12327.0,2450.0,5.031429,1.737959,1.0,False,0.0,True,False,False,False,1.0,0.0,none,18.0,2.0,1.0,0.666667,25.85714,1.0,2.904762,353.4286,1473497.0,23.34245,0.0,0.0,2.0,3.0,1.0,0.047619,0.047619,3176.0,57168.0,109.9524,137,2.895021136683889,0,2,0,human(2),0,1,1,1,1,1
1.76006e+18,azarthepersian,azarthepersian,آتور,آتشی برای سوزاندن اهریمنان سرخ و سیاه در پهنه  ایران,آتشی برای سوزاندن اهریمنان سرخ و سیاه در پهنه ایران,2024-02-20T22:11:33+00:00,4354.0,1490.0,38435.0,4.0,1112.0,9552.0,9552.0,0.0,4354.0,410.0,10.61951,3.634146,1.0,False,0.0,False,False,False,False,0.0,0.0,none,5.0,3.0,2.0,0.636364,27.18182,1.0,1.0,461.7273,2186066.0,23.29756,0.0,0.0,2.0,2.0,2.0,0.0,0.0,1908.4,9542.0,66.90909,52,2.9221476510067115,0,0,0,human(2),0,1,1,1,1,1
1.11686e+18,NahidGhani,nahidghani,Nahid Ghani,"رسانه افیون توده‌هاست. 
آبان۹۸ خط قرمز ماست. 
 پارلر @Ghani_nahid
 گب @Ghnnhd","رسانه افیون توده‌هاست. 
 آبان۹۸ خط قرمز ماست. 
  پارلر @Ghani_nahid
  گب @Ghnnhd",2019-04-13T00:13:04+00:00,22131.0,494.0,121998.0,42.0,2678.0,49837.0,49837.0,0.0,22131.0,2184.0,10.13324,0.22619,1.0,False,0.0,True,False,False,False,0.0,1.0,none,12.0,4.0,0.0,0.375,32.4375,2.0,1.375,534.6875,5290986.0,22.81914,0.0,0.0,1.0,2.0,1.0,0.0,0.0,4151.75,49821.0,90.0,77,44.79959514170041,0,0,0,human(2),0,1,1,1,1,1
3255293815.0,charlychaplin25,charlychaplin25,چارلی,(فالو = فالو)زندگی نامه من  جنگیدن برای آزادی و نابودی اخوند بسیجی ساندیسی برای ارامش روح همه کشته شدگان انقلابمون. درود برخاندان پهلوی #جاوید_شاه_رمز پیروزی,(فالو = فالو)زندگی نامه من جنگیدن برای آزادی و نابودی اخوند بسیجی ساندیسی برای ارامش روح همه کشته شدگان انقلابمون. درود برخاندان پهلوی جاوید_شاه_رمز پیروزی,2015-06-25T04:55:01+00:00,1532.0,1420.0,86298.0,2.0,79.0,81353.0,81353.0,0.0,1532.0,3572.0,0.428891,0.397536,1.0,False,0.0,True,False,False,False,1.0,0.0,none,0.0,0.0,62.0,0.0,7.645161,4.0,1.064516,0.725806,4881.919,22.7752,0.0,0.0,29.0,38.0,3.0,0.822581,1.258065,81291.0,81291.0,0.032258,157,1.0788732394366196,0,2,0,bot(1),1,1,1,1,1,1
4847086839.0,ahampay,ahampay,Arash Hampay آرش همپای,"Freedom for Iran. 
نوربرتاریکی‌پیروزاست.","Freedom for Iran. 
 نوربرتاریکی‌پیروزاست.",2016-01-25T22:36:44+00:00,25338.0,397.0,166223.0,73.0,10243.0,76418.0,76418.0,0.0,25338.0,3358.0,7.545563,0.118225,1.0,False,0.0,True,False,False,False,0.0,0.0,none,18.0,0.0,0.0,0.909091,18.81818,2.0,1.136364,563.4091,819322.9,22.757,0.0,0.0,2.0,6.0,5.0,0.0,0.181818,4244.444444,76400.0,96.04545,40,63.82367758186398,0,0,0,human(2),0,1,1,1,1,1
1080647556.0,adam_hesabi,adam_hesabi,♣️Adamhesabi♣️,"باز اَر چه گاه گاهی بَر سَر نَهد کُلاهی ، مرغانِ قاف دانند آیینِ پادشاهی 👑 / 

 https://t.co/YILiB9kf2t",باز اَر چه گاه گاهی بَر سَر نَهد کُلاهی ، مرغانِ قاف دانند آیینِ پادشاهی /,2013-01-11T19:14:03+00:00,25077.0,1011.0,292344.0,21.0,6493.0,100533.0,100533.0,0.0,25077.0,4467.0,5.613835,0.226326,1.0,False,0.0,False,False,False,False,0.0,1.0,none,365.0,73.0,112.0,0.693122,30.00705,5.0,1.902998,872.4462,403893.3,22.50571,0.0,0.0,4.0,13.0,18.0,0.208113,0.296296,273.9260274,99983.0,162.5785,103,24.80415430267062,0,0,1,human(2),0,1,1,1,1,1
1.34291e+18,Ftmh_zhra_jnde,ftmh_zhra_jnde,👑Ｓｅｐｉｄｅｈ🕊️,"#شاه برای ایرانیان یک کلمه جادویی است (شاهنشاه آریامهر _سقوط بهشت)
...منتقد دین
اکانت اول 👈 

@With_pahlavi3","شاه برای ایرانیان یک کلمه جادویی است (شاهنشاه آریامهر _سقوط بهشت)
 ...منتقد دین
 اکانت اول 
 
 @With_pahlavi3",2020-12-26T19:16:18+00:00,7174.0,4021.0,60159.0,11.0,1235.0,35086.0,35086.0,0.0,7174.0,1561.0,4.595772,2.575913,1.0,False,0.0,True,False,False,False,1.0,1.0,none,7.0,2.0,3.0,0.583333,27.66667,1.0,2.083333,171.75,8138394.0,22.47662,0.0,0.0,1.0,2.0,1.0,0.083333,0.083333,5010.571429,35074.0,53.25,108,1.784133300174086,0,0,0,human(2),0,1,1,1,1,1
1.49027e+18,atheistChild789,atheistchild789,منم بچه آتئیست,کارمند آینده اداره سوم ساواک، بعد از براندازی,کارمند آینده اداره سوم ساواک، بعد از براندازی,2022-02-06T10:16:26+00:00,5450.0,1285.0,67944.0,4.0,2436.0,25845.0,25845.0,0.0,5450.0,1154.0,4.722704,1.113518,1.0,False,0.0,False,False,False,False,0.0,0.0,none,2.0,1.0,2.0,0.666667,8.5,3.0,1.166667,1075.667,6843194.0,22.39601,0.0,0.0,2.0,2.0,2.0,0.166667,0.5,12920.0,25840.0,112.8333,45,4.2412451361867705,0,3,0,human(2),0,1,1,1,1,1
9.28712e+17,saman_sarraf,saman_sarraf,Saman Sarraf,پادشاهی خواه,پادشاهی خواه,2017-11-09T19:54:49+00:00,11210.0,1829.0,74453.0,16.0,505.0,57419.0,57419.0,0.0,11210.0,2704.0,4.14571,0.676405,0.0,False,0.0,True,False,False,False,0.0,0.0,none,96.0,23.0,13.0,0.560606,18.15909,3.0,1.272727,585.6818,342115.2,21.23484,0.0,0.0,2.0,3.0,1.0,0.128788,0.143939,596.7395833,57287.0,108.5606,12,6.129032258064516,0,0,0,human(2),0,1,1,1,1,1
1.07858e+18,MasIoob,masioob,مصلوب,,,2018-12-28T09:13:00+00:00,15788.0,2696.0,82182.0,20.0,1841.0,48474.0,48474.0,0.0,15788.0,2290.0,6.894323,1.177293,1.0,False,0.0,True,False,False,False,0.0,0.0,none,2.0,0.0,1.0,0.333333,26.0,2.0,1.333333,7.0,30143.67,21.16769,0.0,1.0,1.0,2.0,1.0,0.333333,0.333333,24235.5,48471.0,1.0,0,5.856083086053412,0,0,0,human(2),0,1,1,0,1,1
1.21422e+18,MChok7,mchok7,👑M-Dr.👑,"🤴یکی از بزرگترین آرزوهام دموکراسی و پیشرفت ایران وخوشبختی مردم ایرانه🍀🇩🇪 
ورود عرزشی ⛔مجاهد ⛔ 
فالو بمعنای تایید نیست","یکی از بزرگترین آرزوهام دموکراسی و پیشرفت ایران وخوشبختی مردم ایرانه 
 ورود عرزشی مجاهد 
 فالو بمعنای تایید نیست",2020-01-06T16:00:04+00:00,11001.0,5463.0,46346.0,9.0,9330.0,39654.0,39654.0,0.0,11001.0,1916.0,5.741649,2.851253,1.0,False,0.0,True,False,False,False,0.0,0.0,none,76.0,10.0,16.0,0.811966,14.22222,2.0,1.145299,301.0342,877657.8,20.69624,0.0,0.0,12.0,16.0,16.0,0.119658,0.299145,520.4210526,39552.0,70.02564,117,2.013728720483251,0,1,0,human(2),0,1,1,1,1,1
1378970222.0,iranwire,iranwire,ایران وایر,گزارش‌های خبری حرفه‌ای و متفاوت، با کمک شهروند خبرنگاران ایرانی عكس، خبر و فيلم هاى خود را براى ما بفرستيد: https://t.co/icwBripkj9,گزارش‌های خبری حرفه‌ای و متفاوت، با کمک شهروند خبرنگاران ایرانی عكس، خبر و فيلم هاى خود را براى ما بفرستيد:,2013-04-25T08:24:23+00:00,120499.0,148.0,947.0,458.0,49264.0,90016.0,90016.0,0.0,120499.0,4363.0,27.61838,0.033922,1.0,False,0.0,True,False,False,False,0.0,1.0,regular,1.0,0.0,0.0,1.0,188.0,1.0,6.0,465.0,0.0,20.63168,1.0,1.0,1.0,1.0,1.0,0.0,0.0,90015.0,90015.0,72.0,131,814.1824324324324,0,0,1,human(2),0,1,1,1,1,1
1.09613e+18,koteh_bamishi,koteh_bamishi,🖤 بامیشی 🖤,"‏‏‏‏‏‏‏‏‏‏‏‏‏‏‏‏‏‏یه آدم خیلی خیلی معمولی،بی ادب نیستم فقط دایره لغتم با بقیه فرق داره
🖤متعهد🖤
ورود هرگونه عرزشی،عمامه به سر و مجاهد ⛔مجهز به آنفالو یاب :))","‏‏‏‏‏‏‏‏‏‏‏‏‏‏‏‏‏‏یه آدم خیلی خیلی معمولی،بی ادب نیستم فقط دایره لغتم با بقیه فرق داره
 متعهد
 ورود هرگونه عرزشی،عمامه به سر و مجاهد مجهز به آنفالو یاب :))",2019-02-14T19:45:13+00:00,3311.0,2464.0,92864.0,3.0,1170.0,45846.0,45846.0,0.0,3311.0,2242.0,1.476806,1.099019,1.0,False,0.0,True,False,False,False,0.0,0.0,none,0.0,0.0,3.0,0.0,27.6,1.0,1.4,0.6,919533.3,20.44871,0.0,0.0,2.0,2.0,3.0,1.0,1.0,45843.0,45843.0,0.0,156,1.34375,0,0,0,human(2),0,1,1,1,1,1
1.25794e+18,osyangary,osyangary,عصیان سوررآل👑,"مسیر آزادی ایران از سنگلاخ نقد و رسوایی مذهب میگذرد.🎭  غمگینتر از پادشاه بدون سرزمین، سرزمین بدون پادشاه است. #شاه_میهن_آزادی
 #جاویدشاه  🥂","مسیر آزادی ایران از سنگلاخ نقد و رسوایی مذهب میگذرد. غمگینتر از پادشاه بدون سرزمین، سرزمین بدون پادشاه است. شاه_میهن_آزادی
  جاویدشاه",2020-05-06T07:48:48+00:00,10243.0,7513.0,55122.0,7.0,1169.0,35819.0,35819.0,0.0,10243.0,1795.0,5.706407,4.185515,1.0,False,0.0,True,False,False,False,1.0,0.0,none,33.0,3.0,1.0,0.868421,28.65789,1.0,2.184211,140.3421,2622612.0,19.95487,0.0,0.0,2.0,2.0,2.0,0.026316,0.026316,1084.30303,35782.0,28.44737,139,1.3633701583921203,0,0,0,human(2),0,1,1,1,1,1
7.48963e+17,young_sheldon1,young_sheldon1,YoungSheldon,"تو اگر دغدغه‌ات گور حسین و حسن است

من دلم پیش غریبی‌ست که نامش وطن است

 #براندازم","تو اگر دغدغه‌ات گور حسین و حسن است
 
 من دلم پیش غریبی‌ست که نامش وطن است
 
  براندازم",2016-07-01T19:33:24+00:00,5609.0,609.0,284881.0,14.0,4693.0,62556.0,62556.0,0.0,5609.0,3200.0,1.752813,0.190313,1.0,False,0.0,True,False,False,False,1.0,0.0,none,1.0,0.0,1.0,0.0,22.33333,1.0,2.333333,48.33333,49609.5,19.54875,0.0,1.0,2.0,2.0,2.0,0.0,1.333333,62554.0,62554.0,5.333333,83,9.210180623973727,0,1,0,human(2),0,1,1,1,1,1
1912137259.0,Overthrower_,overthrower_,℘ᴍᴏʜᴀᴍᴍᴀᴅ,Monarchist and civil activist. Movie Editor and graphic designer.🎞️ کشته‌های جاوید نام ایران منبع درآمد نیستند.,Monarchist and civil activist. Movie Editor and graphic designer. کشته‌های جاوید نام ایران منبع درآمد نیستند.,2013-09-27T19:43:59+00:00,7348.0,1483.0,111180.0,25.0,6007.0,81761.0,81761.0,0.0,7348.0,4208.0,1.746198,0.352424,0.0,False,0.0,True,False,False,False,0.0,0.0,none,5.0,0.0,3.0,1.222222,41.66667,1.0,1.888889,187.6667,10510194.0,19.4299,0.0,0.0,2.0,2.0,2.0,0.222222,0.222222,16350.6,81753.0,38.77778,111,4.954821308159137,0,0,0,human(2),0,1,1,1,1,1
1.59296e+18,parand____,parand____,Iran banoo⭕دایرکت بلاک⭕,"ما آمده آیم که دیگر نرویم ، تو خود دانی
لایک  توییتی دلیل بر تایید آن کاربر نیست💎🌱👑","ما آمده آیم که دیگر نرویم ، تو خود دانی
 لایک توییتی دلیل بر تایید آن کاربر نیست",2022-11-16T19:11:38+00:00,525.0,348.0,45979.0,2.0,1364.0,16882.0,16882.0,0.0,525.0,871.0,0.602755,0.399541,1.0,False,0.0,True,False,False,False,0.0,0.0,none,1.0,0.0,5.0,0.166667,25.66667,1.0,1.333333,17.5,6981828.0,19.38232,0.0,0.0,1.0,3.0,1.0,0.166667,0.833333,16876.0,16876.0,6.333333,83,1.5086206896551724,0,0,0,human(2),0,1,1,1,1,1
1.24918e+18,Mehr_mihan,mehr_mihan,مهرِ میهن 🕊️,"برای خارج شدن از چرخه استبداد، تلاش برای افزایش آگاهی‌های اجتماعی به اندازه تلاش برای براندازی ضروریست.

نسخه صوتی کتاب‌ها:
   
https://t.co/HmR8u6sYL0","برای خارج شدن از چرخه استبداد، تلاش برای افزایش آگاهی‌های اجتماعی به اندازه تلاش برای براندازی ضروریست.
 
 نسخه صوتی کتاب‌ها:",2020-04-12T03:57:39+00:00,10836.0,6091.0,112142.0,24.0,5931.0,34482.0,34482.0,0.0,10836.0,1819.0,5.957119,3.348543,1.0,False,0.0,True,False,False,False,0.0,1.0,none,1.0,0.0,0.0,1.0,16.0,1.0,2.0,164.0,0.0,18.95657,1.0,1.0,1.0,1.0,1.0,0.0,0.0,34481.0,34481.0,22.0,151,1.779018223608603,0,0,1,human(2),0,1,1,1,1,1
4075582205.0,abdolah_abdi,abdolah_abdi,AbdiMedia - Abdollah Abdi,"Independent Journalist, Analyst and Historian. Founder of AbdiMedia.","Independent Journalist, Analyst and Historian. Founder of AbdiMedia.",2015-10-30T13:58:29+00:00,66437.0,341.0,8972.0,163.0,37280.0,63626.0,63626.0,0.0,66437.0,3445.0,19.28505,0.098984,1.0,False,0.0,True,False,False,False,0.0,0.0,none,3.0,0.0,0.0,1.0,24.66667,1.0,0.0,553.3333,2499.333,18.46909,0.0,3.0,2.0,3.0,1.0,0.0,0.0,21207.66667,63623.0,42.0,68,194.82991202346042,0,0,0,human(2),0,1,1,1,1,1
2950042619.0,Sashtyani,sashtyani,ساشتی,حافظ کل حمد و سوره,حافظ کل حمد و سوره,2014-12-29T21:34:19+00:00,67144.0,619.0,300261.0,253.0,9153.0,69094.0,69094.0,0.0,67144.0,3750.0,17.90507,0.165067,0.0,False,0.0,True,False,False,False,0.0,0.0,none,1.0,1.0,1.0,0.666667,36.33333,1.0,1.0,333.0,1917295.0,18.42507,0.0,0.0,2.0,2.0,1.0,0.0,0.0,69091.0,69091.0,10.0,18,108.47172859450727,0,0,0,human(2),0,1,1,1,1,1
1.81077e+18,2002Kingfox,2002kingfox,حیله گر,سیّاس! معمار ایران آینده,سیّاس! معمار ایران آینده,2024-07-09T20:00:10+00:00,31453.0,3.0,7406.0,37.0,1509.0,4895.0,4895.0,0.0,31453.0,270.0,116.4926,0.011111,1.0,False,0.0,False,False,False,False,0.0,0.0,none,26.0,4.0,8.0,0.868421,29.60526,3.0,1.921053,3002.421,38877.63,18.12963,0.0,0.0,6.0,12.0,39.0,0.131579,0.342105,186.8076923,4857.0,413.7368,24,10484.333333333334,0,4,0,human(2),0,1,1,1,1,1
1.61931e+18,m_ojmal,m_ojmal,شاملو,نگارگر اشتباهی خوب,نگارگر اشتباهی خوب,2023-01-28T12:15:48+00:00,4194.0,3954.0,25831.0,2.0,1424.0,14257.0,14257.0,0.0,4194.0,798.0,5.255639,4.954887,1.0,False,0.0,False,False,False,False,0.0,0.0,none,1.0,0.0,0.0,2.0,6.0,1.0,0.0,1762.0,0.0,17.86591,2.0,2.0,2.0,2.0,2.0,0.0,0.0,14256.0,14256.0,15.0,18,1.0606980273141122,0,0,0,human(2),0,1,1,1,1,1
1.30305e+18,AbiDel23952698,abidel23952698,AbiDel,"@PahlaviReza
تا ابد جاوید شاه
آگاهی و بیداری باید که شود جاری           تا نور شود پیروز بر این شب طولانی","@PahlaviReza
 تا ابد جاوید شاه
 آگاهی و بیداری باید که شود جاری تا نور شود پیروز بر این شب طولانی",2020-09-07T19:08:27+00:00,4472.0,4502.0,27478.0,0.0,17.0,29853.0,29853.0,0.0,4472.0,1671.0,2.676242,2.694195,1.0,False,0.0,False,False,False,False,0.0,0.0,none,7.0,0.0,1.0,0.5,23.1,1.0,1.8,81.3,8814874.0,17.86535,0.0,0.0,2.0,2.0,3.0,0.1,0.1,4263.571429,29845.0,20.3,105,0.9933362949800089,0,8,0,human(2),0,1,1,1,1,1
1.14364e+18,Kamangir_133,kamangir_133,🏹کمانگیر,تا آخرش #براندازم,تا آخرش براندازم,2019-06-25T22:06:36+00:00,13115.0,423.0,68876.0,23.0,4425.0,37697.0,37697.0,0.0,13115.0,2111.0,6.212695,0.200379,1.0,False,0.0,True,False,False,False,1.0,0.0,none,6.0,0.0,0.0,1.0,17.33333,2.0,1.0,113.8333,2515048.0,17.85741,0.0,0.0,1.0,1.0,1.0,0.166667,0.166667,6281.833333,37691.0,26.33333,17,31.004728132387708,0,3,0,human(2),0,1,1,1,1,1
1.32516e+18,ANTYTHEZIS,antythezis,KIANMEHR𓄂✺,"👑پادشاهی خواه👑            
       ❈ EMPIRE OF IRAN ❈

PATRIOT   پهلوی ستیز فالو نکنه   KingdomWithPahlavi
#KingRezaPahlavi","پادشاهی خواه 
  ❈ EMPIRE OF IRAN ❈
 
 PATRIOT پهلوی ستیز فالو نکنه KingdomWithPahlavi
 KingRezaPahlavi",2020-11-07T19:22:05+00:00,4193.0,3693.0,127602.0,5.0,1279.0,28355.0,28355.0,0.0,4193.0,1610.0,2.604348,2.293789,1.0,False,0.0,True,False,False,False,1.0,0.0,none,7.0,3.0,15.0,0.533333,13.33333,3.0,1.3,16.3,3930283.0,17.6118,0.0,0.0,2.0,4.0,6.0,0.566667,0.8,4047.142857,28330.0,3.133333,122,1.1353912808015163,0,0,0,human(2),0,1,1,1,1,1
8.68231e+17,powerpeople_,powerpeople_,قدرت مردم,‏,‏,2017-05-26T22:24:46+00:00,29163.0,241.0,95693.0,135.0,7529.0,49760.0,49760.0,0.0,29163.0,2871.0,10.15778,0.083943,1.0,False,0.0,True,False,False,False,0.0,0.0,none,5.0,0.0,1.0,0.375,28.375,1.0,0.5,282.625,7269787.0,17.33194,0.0,0.0,2.0,2.0,3.0,0.125,1.375,9950.8,49754.0,33.125,1,121.00829875518673,0,0,0,human(2),0,1,1,1,1,1
1.1501e+18,Masad75405681,masad75405681,Masad,"جاویدشاه_
می خواهند تو ندانی_
فقط خاندان پهلوی_رضا شاه دوم_ملکه مادر","جاویدشاه_
 می خواهند تو ندانی_
 فقط خاندان پهلوی_رضا شاه دوم_ملکه مادر",2019-07-13T18:06:13+00:00,4468.0,4363.0,50885.0,0.0,252.0,36047.0,36047.0,0.0,4468.0,2093.0,2.134735,2.084568,1.0,False,0.0,True,False,False,False,0.0,0.0,none,6.0,1.0,1.0,0.0,34.875,1.0,1.875,194.875,4453039.0,17.22265,0.0,0.0,2.0,2.0,1.0,0.0,0.0,6006.5,36039.0,52.25,68,1.0240660096264038,0,8,0,bot(1),1,1,1,1,1,1
9.08581e+17,cryptosamz,cryptosamz,Uncle Sam - عموسام,Passionate about fighting against IRGC oppression in Iran & promoting the liberating potential of #Bitcoin. standing up for freedom on 2 fronts #IRGCterrorists,Passionate about fighting against IRGC oppression in Iran & promoting the liberating potential of Bitcoin. standing up for freedom on 2 fronts IRGCterrorists,2017-09-15T06:39:06+00:00,62593.0,1571.0,204386.0,248.0,3109.0,46830.0,46830.0,0.0,62593.0,2759.0,22.68684,0.569409,1.0,False,0.0,True,False,False,False,1.0,1.0,none,2.0,0.0,0.0,1.0,40.0,1.0,3.5,240.5,183576.0,16.97354,0.0,0.0,1.0,1.0,1.0,0.0,0.0,23414.0,46828.0,10.0,159,39.842775302355186,0,0,0,human(2),0,1,1,1,1,1
9.20591e+17,M0rtezaaaa,m0rtezaaaa,𓄂✺ مرتضی,«من از همهٔ شما هموطنان عزیز میخواهم تا به ایران فکر کنید» محمدرضا شاه پهلوی,«من از همهٔ شما هموطنان عزیز میخواهم تا به ایران فکر کنید» محمدرضا شاه پهلوی,2017-10-18T10:01:56+00:00,8386.0,364.0,538953.0,14.0,2820.0,44025.0,44025.0,0.0,8386.0,2726.0,3.076302,0.133529,1.0,False,0.0,True,False,False,False,0.0,0.0,none,31.0,18.0,0.0,0.9,11.96,3.0,0.96,510.36,1207546.0,16.15004,0.0,0.0,5.0,6.0,2.0,0.0,0.0,1418.580645,43976.0,57.92,76,23.03846153846154,0,1,0,bot(1),1,1,1,1,1,1
1.43175e+18,ssaallaar,ssaallaar,سالارد🥗,iran persian/turk🦁متعهد به لازانیا𓃬☼($),iran persian/turkمتعهد به لازانیا𓃬☼($),2021-08-28T22:30:52+00:00,6824.0,4819.0,42515.0,4.0,1990.0,20683.0,20683.0,0.0,6824.0,1316.0,5.18541,3.661854,1.0,False,0.0,True,False,False,False,0.0,0.0,none,0.0,0.0,10.0,0.0,8.538462,3.0,1.307692,1.615385,301235.9,15.71657,0.0,0.0,4.0,4.0,4.0,0.615385,1.538462,20673.0,20673.0,0.076923,39,1.4160614235318532,0,0,0,bot(1),1,1,1,1,1,1
1.34566e+18,koroshCR7,koroshcr7,👑کوروش👑,"👑اَرزِش هَرکس بِه قَدر خِرد اوست
(بُزرگمِهر)👑","اَرزِش هَرکس بِه قَدر خِرد اوست
 (بُزرگمِهر)",2021-01-03T09:31:05+00:00,8440.0,8099.0,103227.0,1.0,186.0,24175.0,24175.0,0.0,8440.0,1553.0,5.434643,5.215068,1.0,False,0.0,True,False,False,False,0.0,0.0,none,7.0,0.0,4.0,0.727273,15.72727,2.0,1.636364,287.6364,7728888.0,15.56665,0.0,0.0,1.0,2.0,1.0,0.272727,0.272727,3452.0,24164.0,56.0,45,1.042103963452278,0,1,0,bot(1),1,1,1,1,1,1
3145728307.0,goodbadatusa,goodbadatusa,atusa sabagh,"Independent political activist,
Patriot(Monarchist)","Independent political activist,
 Patriot(Monarchist)",2015-04-09T05:41:38+00:00,46578.0,6104.0,160474.0,80.0,2398.0,54008.0,54008.0,0.0,46578.0,3649.0,12.76459,1.672787,1.0,False,0.0,True,False,False,False,0.0,0.0,none,210.0,43.0,41.0,1.088435,38.96259,6.0,2.323129,715.7687,337306.6,14.80077,0.0,0.0,7.0,8.0,1.0,0.078231,0.142857,255.7809524,53714.0,234.6939,51,7.6307339449541285,0,0,0,human(2),0,1,1,1,1,1
1.60257e+18,ImamToosi,imamtoosi,امام𝕏سعید طوسی (ع) 🇺🇸,"فرو کننده به ماتحت سربازان گمنام امام زمان و عرازشه |
ضد رژیم تروریستی اسلامى | خداناباور | Atheist | Metal

🇺🇸 English-Account: @NapoleonDaSup","فرو کننده به ماتحت سربازان گمنام امام زمان و عرازشه |
 ضد رژیم تروریستی اسلامى | خداناباور | Atheist | Metal
 
  English-Account: @NapoleonDaSup",2022-12-13T07:47:41+00:00,6995.0,1704.0,14761.0,6.0,4735.0,12377.0,12377.0,0.0,6995.0,844.0,8.287915,2.018957,1.0,False,0.0,True,False,False,False,0.0,0.0,none,2.0,0.0,0.0,1.0,13.33333,1.0,0.333333,18.33333,1379951.0,14.66469,0.0,0.0,2.0,2.0,2.0,0.0,0.0,6187.5,12375.0,1.666667,143,4.105046948356808,0,0,0,human(2),0,1,1,1,1,1
9.6771e+17,Rayan9717,rayan9717,RYAN,فارغ از هر زنده باد و مرده باد،سر به راه مملکت باید فتاد🖤 #پیمان_نوین,فارغ از هر زنده باد و مرده باد،سر به راه مملکت باید فتاد پیمان_نوین,2018-02-25T10:36:38+00:00,33756.0,2103.0,134465.0,79.0,3098.0,36885.0,36885.0,0.0,33756.0,2596.0,13.00308,0.810092,1.0,False,0.0,True,False,False,False,1.0,0.0,none,7.0,0.0,0.0,2.0,30.375,1.0,1.5,779.25,9774342.0,14.2084,0.0,0.0,2.0,2.0,2.0,0.0,0.0,5268.285714,36878.0,170.125,69,16.05135520684736,0,4,0,human(2),0,1,1,1,1,1
1.64363e+18,shirinkhanomam,shirinkhanomam,دختر آزاده,جمهوریخواه,جمهوریخواه,2023-04-05T15:04:55+00:00,1447.0,1033.0,38743.0,0.0,660.0,10347.0,10347.0,0.0,1447.0,731.0,1.97948,1.413133,1.0,False,0.0,False,False,False,False,0.0,0.0,none,0.0,1.0,0.0,1.0,20.0,1.0,2.0,301.0,0.0,14.15458,1.0,1.0,1.0,1.0,1.0,0.0,0.0,10346.0,10346.0,28.0,10,1.4007744433688287,0,0,0,human(2),0,1,1,1,1,1
9.94707e+17,MahnazShirali,mahnazshirali,Mahnaz Shirali | مهناز شیرالی,Sociologist PH.D/ Political scientist HDR,Sociologist PH.D/ Political scientist HDR,2018-05-10T22:34:52+00:00,39673.0,72.0,92954.0,98.0,1709.0,35691.0,35691.0,0.0,39673.0,2522.0,15.73077,0.028549,1.0,False,0.0,True,False,False,False,0.0,0.0,none,2.0,0.0,0.0,0.5,14.5,1.0,0.0,1798.5,7895.0,14.15186,0.0,2.0,1.0,2.0,1.0,0.0,0.0,17844.5,35689.0,121.5,41,551.0138888888889,0,0,0,human(2),0,1,1,1,1,1
1.40238e+18,lnahalllnahall,lnahalllnahall,نهال رحمانی,اهل کتاب/ غریبِ آشنا,اهل کتاب/ غریبِ آشنا,2021-06-08T21:32:07+00:00,32400.0,379.0,58518.0,13.0,858.0,19643.0,19643.0,0.0,32400.0,1397.0,23.19256,0.271296,1.0,False,0.0,True,False,False,False,0.0,0.0,none,1.0,0.0,0.0,1.0,6.0,1.0,1.0,56.0,0.0,14.06084,1.0,1.0,1.0,1.0,1.0,0.0,0.0,19642.0,19642.0,8.0,20,85.48812664907652,0,0,0,bot(1),1,1,1,1,1,1
1.22013e+18,Reza__Soleimani,reza__soleimani,Reza Soleimani,,,2020-01-22T23:33:56+00:00,4459.0,154.0,42058.0,21.0,1238.0,26507.0,26507.0,0.0,4459.0,1900.0,2.346842,0.081053,1.0,False,0.0,True,False,False,False,0.0,0.0,none,1.0,0.0,0.0,0.0,46.0,1.0,0.0,81.0,0.0,13.95105,1.0,1.0,1.0,1.0,1.0,0.0,0.0,26506.0,26506.0,8.0,0,28.954545454545453,0,0,0,human(2),0,1,1,0,1,1
9.47107e+17,Ansari_Bahman,ansari_bahman,Bahman Ansari,"نویسنده و تاریخ‌پژوه |
دانلود کتاب‌های من 👈 https://t.co/YZmtOGBiIp |
مسئول کامنت‌های دیگران نیستم. 
https://t.co/gjaNTJGh0D | https://t.co/RdY96SpHbD","نویسنده و تاریخ‌پژوه |
 دانلود کتاب‌های من |
 مسئول کامنت‌های دیگران نیستم. 
  |",2017-12-30T14:09:52+00:00,54828.0,818.0,54594.0,120.0,5131.0,36306.0,36306.0,0.0,54828.0,2653.0,20.66642,0.30833,1.0,False,0.0,True,False,False,False,0.0,1.0,none,1.0,0.0,1.0,0.666667,56.66667,1.0,1.333333,649.6667,25346909.0,13.68489,0.0,0.0,2.0,2.0,2.0,0.0,0.0,36304.0,36304.0,67.66667,150,67.02689486552568,0,0,1,human(2),0,1,1,1,1,1
9.47924e+17,AlinejadMasih,alinejadmasih,Masih Alinejad 🏳️,"Iranian Journalist & Activist | President of @WLCongress | Founder of #WhiteWednesdays, #MyCameraIsMyWeapon, #MyStealthyFreedom Campaigns. | زن زندگی آزادی","Iranian Journalist & Activist | President of @WLCongress | Founder of WhiteWednesdays, MyCameraIsMyWeapon, MyStealthyFreedom Campaigns. | زن زندگی آزادی",2018-01-01T20:15:56+00:00,746894.0,2019.0,24325.0,2775.0,10165.0,36084.0,36084.0,0.0,746894.0,2651.0,281.7405,0.761599,1.0,False,0.0,True,False,False,False,1.0,0.0,none,2.0,0.0,0.0,2.0,53.5,1.0,0.0,2460.5,49556027.0,13.61147,0.0,0.0,1.0,1.0,1.0,0.0,0.0,18041.0,36082.0,297.0,155,369.9326399207528,0,0,0,human(2),0,1,1,1,1,1
88447782.0,Mahizadyaar,mahizadyaar,🇺🇸 ماه ایزدیار 𝕏,سرباز اگر شکسته شود هیچ باک نیست، بر ما مباد هرگز اگر شاه بشکند. (مشاوره امنیتی و سیاسی به احزاب وطن پرست),سرباز اگر شکسته شود هیچ باک نیست، بر ما مباد هرگز اگر شاه بشکند. (مشاوره امنیتی و سیاسی به احزاب وطن پرست),2009-11-08T16:06:48+00:00,7571.0,1259.0,78717.0,58.0,29505.0,76247.0,76247.0,0.0,7571.0,5627.0,1.345477,0.223743,1.0,False,0.0,True,False,False,False,0.0,0.0,none,22.0,9.0,1.0,1.03125,30.4375,1.0,2.5,272.0625,2521736.0,13.5502,0.0,0.0,2.0,3.0,1.0,0.15625,0.15625,3464.318182,76215.0,67.71875,106,6.0135027799841145,0,0,0,human(2),0,1,1,1,1,1
298797979.0,rrghadi01,rrghadi01,Reza Ramezannejad,"«فَكَأَنَّ الدُّنْيَا لَمْ تَكُنْ وَ كَأنَّ الْآخِرَةَ لَمْ تَزَلْ؛
وَ السَّلَامُ»","«فَكَأَنَّ الدُّنْيَا لَمْ تَكُنْ وَ كَأنَّ الْآخِرَةَ لَمْ تَزَلْ؛
 وَ السَّلَامُ»",2011-05-14T23:38:02+00:00,9141.0,1023.0,98636.0,72.0,2996.0,67978.0,67978.0,0.0,9141.0,5075.0,1.801182,0.201576,0.0,False,0.0,True,False,False,False,0.0,0.0,none,1.0,0.0,0.0,0.0,14.0,1.0,2.0,3055.0,0.0,13.39468,1.0,1.0,1.0,1.0,1.0,0.0,0.0,67977.0,67977.0,175.0,82,8.935483870967742,0,2,0,human(2),0,1,1,1,1,1
1.06572e+18,sangtarash_azad,sangtarash_azad,مِهراز ☼𓃬,در پی آزادی، حتی پس از رهایی #سنگتراش_آزاد,در پی آزادی، حتی پس از رهایی سنگتراش_آزاد,2018-11-22T21:23:19+00:00,20485.0,264.0,163130.0,92.0,2552.0,30904.0,30904.0,0.0,20485.0,2326.0,8.806965,0.1135,1.0,False,0.0,False,False,False,False,1.0,0.0,none,1.0,0.0,0.0,0.0,51.0,1.0,0.0,1665.0,0.0,13.28633,1.0,1.0,1.0,1.0,1.0,0.0,0.0,30903.0,30903.0,254.0,42,77.59469696969697,0,0,0,human(2),0,1,1,1,1,1
1.2522e+18,omid_AV2,omid_av2,Omid,"پادشاهی خواه
#ما_ملت_کبیریم_ایرانو_پس_میگیریم","پادشاهی خواه
 ما_ملت_کبیریم_ایرانو_پس_میگیریم",2020-04-20T11:51:43+00:00,8128.0,7463.0,196066.0,3.0,205.0,23903.0,23903.0,0.0,8128.0,1811.0,4.488128,4.120928,1.0,False,0.0,False,False,False,False,1.0,0.0,none,0.0,0.0,2.0,0.0,5.5,2.0,1.5,0.5,266812.5,13.19879,0.0,0.0,2.0,2.0,3.0,1.0,1.0,23901.0,23901.0,0.0,45,1.0891062575371835,0,1,0,bot(1),1,1,1,1,1,1
1.79789e+18,Alex47778556934,alex47778556934,قاسم خوشگله (کتلت سابق ),👑👑👑پادشاهی خواه 👑👑👑 اکانت قبلیم ترکید اکانت سوم 👑👑👑چپول ، مجاهد ، تجزیه طلب و عرزشی گم شین بیرون👑👑👑,پادشاهی خواه اکانت قبلیم ترکید اکانت سوم چپول ، مجاهد ، تجزیه طلب و عرزشی گم شین بیرون,2024-06-04T06:58:50+00:00,3228.0,1856.0,3375.0,5.0,2174.0,3956.0,3956.0,0.0,3228.0,305.0,10.58361,6.085246,1.0,False,0.0,False,False,False,False,0.0,0.0,none,1.0,0.0,0.0,0.0,20.0,1.0,0.0,205.0,0.0,12.97049,1.0,1.0,1.0,1.0,1.0,0.0,0.0,3955.0,3955.0,9.0,99,1.7392241379310345,0,11,0,human(2),0,1,1,1,1,1
3164609911.0,AliEbrahimzade_,aliebrahimzade_,Ali Ebrahimzadeh,General Contractor #زندگی_نرمال #ایجاد_شرمساری 0018182017068📞,General Contractor زندگی_نرمال ایجاد_شرمساری 0018182017068,2015-04-20T00:09:11+00:00,19550.0,728.0,207269.0,86.0,3752.0,47011.0,47011.0,0.0,19550.0,3638.0,5.373832,0.20011,1.0,False,0.0,True,False,False,False,1.0,1.0,none,6.0,0.0,0.0,1.166667,29.0,1.0,1.166667,942.3333,361066.2,12.92221,0.0,0.0,1.0,2.0,1.0,0.0,0.0,7834.166667,47005.0,142.3333,61,26.854395604395606,0,0,0,human(2),0,1,1,1,1,1
9.34679e+17,Arman1828ex,arman1828ex,Arman,"Just Blue Sky and Taj Tehran
Club Atlético Boca Juniors
The next director of cinema
Like and retweet does not mean approval","Just Blue Sky and Taj Tehran
 Club Atlético Boca Juniors
 The next director of cinema
 Like and retweet does not mean approval",2017-11-26T07:02:01+00:00,3913.0,3886.0,193468.0,2.0,1730.0,34290.0,34290.0,0.0,3913.0,2687.0,1.456271,1.446223,0.0,False,0.0,False,False,False,False,0.0,0.0,none,1.0,0.0,1.0,0.5,27.5,1.0,1.0,10.0,161845.0,12.76144,0.0,0.0,1.0,1.0,1.0,0.0,1.0,34288.0,34288.0,0.5,123,1.0069480185280495,0,4,0,human(2),0,1,1,1,1,1
197483174.0,FarbodArian,farbodarian,𝓯𝓪𝓻𝓫𝓸𝓭 𝓐𝓻𝓲𝓪𝓷,"Islam is the most ☪︎vil cult in the world.
#Islamophobic #AfD #MAGA
#IraniansStandWithIsrael
#ConstitutionalMonarchist #JavidShah #جاویدشاه #KingRezaPahlavi","Islam is the most vil cult in the world.
 Islamophobic AfD MAGA
 IraniansStandWithIsrael
 ConstitutionalMonarchist JavidShah جاویدشاه KingRezaPahlavi",2010-10-01T16:33:30+00:00,5994.0,2839.0,138955.0,21.0,3502.0,67282.0,67282.0,0.0,5994.0,5300.0,1.130943,0.53566,1.0,False,0.0,True,False,False,False,1.0,0.0,none,18.0,3.0,4.0,1.121951,14.5122,4.0,2.04878,2.414634,135063.6,12.69472,0.0,0.0,6.0,16.0,17.0,0.121951,0.268293,3736.5,67257.0,0.292683,156,2.111306798168369,0,0,0,human(2),0,1,1,1,1,1
1.64764e+18,kaykhosrow5,kaykhosrow5,KayKhosrow,اصحاب ۵۷ چکیده رذایل تاریخ این سرزمین‌اند,اصحاب ۵۷ چکیده رذایل تاریخ این سرزمین‌اند,2023-04-16T16:32:48+00:00,3354.0,64.0,54874.0,11.0,1097.0,9047.0,9047.0,0.0,3354.0,720.0,4.658333,0.088889,1.0,False,0.0,False,False,False,False,0.0,1.0,none,201.0,8.0,0.0,0.961722,23.77512,1.0,2.287081,433.1053,105372.3,12.56528,0.0,0.0,2.0,5.0,2.0,0.019139,0.038278,43.97014925,8838.0,105.3732,41,52.40625,0,1,0,human(2),0,1,1,1,1,1
1.02779e+18,amir41355273,amir41355273,Amir 👑,I believe in a constitutional kingdom,I believe in a constitutional kingdom,2018-08-10T05:43:31+00:00,4072.0,2251.0,49627.0,2.0,2617.0,30105.0,30105.0,0.0,4072.0,2430.0,1.67572,0.926337,1.0,False,0.0,True,False,False,False,0.0,0.0,none,60.0,0.0,0.0,1.133333,28.85,1.0,1.25,386.8,775949.2,12.38889,0.0,0.0,2.0,3.0,1.0,0.0,0.0,500.75,30045.0,105.3333,37,1.8089737894269213,0,8,0,bot(1),1,1,1,1,1,1
9.72367e+17,Ali49781135,ali49781135,Ali دیروز Arash امروز 𓃬 ☼,تصمیم گرفتم نام تازی خود را حذف نموده و از نام پادشاهان ایران برای خود نامی انتخاب کنم امیدوارم این حرکت میهن پرستانه در ایران و دنیا رایج شود.#جاویدشاه ✌️✌️,تصمیم گرفتم نام تازی خود را حذف نموده و از نام پادشاهان ایران برای خود نامی انتخاب کنم امیدوارم این حرکت میهن پرستانه در ایران و دنیا رایج شود.جاویدشاه,2018-03-10T07:03:53+00:00,3676.0,1914.0,45221.0,8.0,10571.0,31679.0,31679.0,0.0,3676.0,2583.0,1.423151,0.740999,1.0,False,0.0,True,False,False,False,1.0,0.0,none,51.0,6.0,8.0,1.103896,36.33766,3.0,1.571429,76.87013,1541211.0,12.26442,0.0,0.0,4.0,8.0,13.0,0.116883,0.116883,619.8823529,31614.0,18.37662,157,1.9205851619644723,0,8,0,bot(1),1,1,1,1,1,1
2836424228.0,off734,off734,OFF,از ایران بگوکه همه جانم فدای ایران /وفادار به رضا شاه دوم,از ایران بگوکه همه جانم فدای ایران /وفادار به رضا شاه دوم,2014-10-01T08:33:21+00:00,7614.0,1357.0,334884.0,10.0,2024.0,46575.0,46575.0,0.0,7614.0,3839.0,1.983329,0.353477,0.0,False,0.0,True,False,False,False,0.0,0.0,none,63.0,0.0,0.0,0.681818,21.66667,1.0,1.30303,422.1212,1592897.0,12.13207,0.0,0.0,3.0,3.0,4.0,0.075758,0.075758,738.2857143,46512.0,81.56061,57,5.610906411201179,0,3,0,bot(1),1,1,1,1,1,1
1.2323e+18,UomoMees,uomomees,Libertad 🜲,Galaxy rust & Star dust.,Galaxy rust & Star dust.,2020-02-25T13:45:19+00:00,10483.0,221.0,61798.0,35.0,6095.0,22437.0,22437.0,0.0,10483.0,1866.0,5.617899,0.118435,1.0,False,0.0,True,False,False,False,0.0,0.0,none,46.0,4.0,3.0,0.91358,31.82716,2.0,1.037037,632.4198,2028019.0,12.02412,0.0,0.0,4.0,12.0,29.0,0.0,0.0,486.6086957,22384.0,96.92593,24,47.43438914027149,0,0,0,human(2),0,1,1,1,1,1
8.00459e+17,partneremma,partneremma,همسر آینده اِما واتسون,‏‏‏در این کادر چیزی ننویسید,‏‏‏در این کادر چیزی ننویسید,2016-11-20T22:00:25+00:00,3277.0,1210.0,155545.0,6.0,261.0,35939.0,35939.0,0.0,3277.0,3058.0,1.071615,0.395683,1.0,False,0.0,True,False,False,False,0.0,0.0,none,0.0,0.0,1.0,0.0,8.0,1.0,1.0,0.0,0.0,11.75245,1.0,1.0,1.0,1.0,1.0,0.0,2.0,35938.0,35938.0,0.0,27,2.7082644628099173,0,0,0,human(2),0,1,1,1,1,1
1.41831e+18,Mhrdadbarandaz3,mhrdadbarandaz3,👑Mehrdad👑,"ایران سرای پهلوی نه جای شیخ و اجنبی

عضو هیچ باند و گروهی نیستم

سرباز رضا شاه دوم

وطن پرست 

دو اکانت قبلی ام رو از دست دادم","ایران سرای پهلوی نه جای شیخ و اجنبی
 
 عضو هیچ باند و گروهی نیستم
 
 سرباز رضا شاه دوم
 
 وطن پرست 
 
 دو اکانت قبلی ام رو از دست دادم",2021-07-22T21:00:17+00:00,6208.0,4790.0,37181.0,2.0,692.0,15199.0,15199.0,0.0,6208.0,1353.0,4.588322,3.540281,1.0,False,0.0,False,False,False,False,0.0,0.0,none,95.0,0.0,1.0,0.96875,8.552083,2.0,1.260417,336.6563,1036905.0,11.23356,0.0,0.0,1.0,3.0,1.0,0.0,0.125,158.9789474,15103.0,55.48958,126,1.2960334029227558,0,1,0,bot(1),1,1,1,1,1,1
1.24309e+18,RealPersianGod,realpersiangod,Persian God,"• هیچ اگر خایه پذیرد، منم آن خایه هیچ
• مهاجم حقوق حشر","• هیچ اگر خایه پذیرد، منم آن خایه هیچ
 • مهاجم حقوق حشر",2020-03-26T08:12:53+00:00,216224.0,368.0,118470.0,244.0,2185.0,20611.0,20611.0,0.0,216224.0,1836.0,117.7691,0.200436,1.0,False,0.0,True,False,False,False,0.0,0.0,none,17.0,1.0,16.0,0.609756,23.65854,2.0,1.292683,3121.488,1341859.0,11.22603,0.0,0.0,4.0,8.0,8.0,0.195122,0.487805,1210.411765,20577.0,411.9756,54,587.5652173913044,0,0,0,human(2),0,1,1,1,1,1
1.02036e+18,hadint83,hadint83,هادی #اللهم_عجل_لولیک_الفرج,‏‏‏‏‏‏‏‏‏‏‏‏‏‏‏‏‏‏‏‏‏‏‏‏‏‏‏غریب.... منتظر ....وامیدوار,‏‏‏‏‏‏‏‏‏‏‏‏‏‏‏‏‏‏‏‏‏‏‏‏‏‏‏غریب.... منتظر ....وامیدوار,2018-07-20T17:42:20+00:00,2614.0,3243.0,50125.0,6.0,2439.0,27043.0,27043.0,0.0,2614.0,2451.0,1.066503,1.323133,1.0,False,0.0,True,False,False,False,0.0,0.0,none,1.0,0.0,0.0,1.0,53.0,1.0,2.0,5.0,0.0,11.03346,2.0,2.0,2.0,2.0,2.0,0.0,0.0,27042.0,27042.0,5.0,54,0.8060437866173297,0,2,0,human(2),0,1,1,1,1,1
3417419656.0,nav11dd,nav11dd,David 🇮🇱,David 🕎🇮🇱⚡,David,2015-08-12T08:54:28+00:00,6454.0,158.0,150383.0,8.0,1887.0,38448.0,38448.0,0.0,6454.0,3524.0,1.831442,0.044835,1.0,False,0.0,True,False,False,False,0.0,0.0,none,3.0,0.0,1.0,0.0,15.5,2.0,1.333333,4.166667,930648.3,10.91033,0.0,0.0,2.0,2.0,3.0,0.166667,0.166667,12814.66667,38444.0,0.0,10,40.848101265822784,0,2,0,bot(1),1,1,1,1,1,1
1.39074e+18,Malin54449388,malin54449388,Mina,ایران بدون پهلوی یعنی سرای اجنبی 🦁 #جاویدشاه 👑وطن یعنی سرای ترک تا پارس#وطن یعنی خلیج تا ابد فارس 👑,ایران بدون پهلوی یعنی سرای اجنبی جاویدشاه وطن یعنی سرای ترک تا پارسوطن یعنی خلیج تا ابد فارس,2021-05-07T18:59:23+00:00,4264.0,2792.0,77449.0,5.0,6552.0,15528.0,15528.0,0.0,4264.0,1429.0,2.983905,1.953814,1.0,False,0.0,True,False,False,False,1.0,0.0,none,157.0,3.0,10.0,0.988304,23.85965,3.0,2.912281,208.6725,312188.2,10.86634,0.0,0.0,2.0,13.0,2.0,0.052632,0.064327,97.82165605,15358.0,57.0117,99,1.527220630372493,0,8,0,human(2),0,1,1,1,1,1
428064493.0,saba_khoi,saba_khoi,SabaKhoi سباخويى,Senior Researcher and Journalist تنها صفحه شخصی و هر آنچه مینویسم یا به اشتراک میگذارم ممکن است همخوانی بادیدگاه رسانه ای که در آن هستم نداشته باشد @pahlavireza,Senior Researcher and Journalist تنها صفحه شخصی و هر آنچه مینویسم یا به اشتراک میگذارم ممکن است همخوانی بادیدگاه رسانه ای که در آن هستم نداشته باشد @pahlavireza,2011-12-04T09:10:33+00:00,12797.0,3418.0,74543.0,44.0,3561.0,48760.0,48760.0,0.0,12797.0,4871.0,2.627181,0.701704,0.0,False,0.0,True,False,False,False,0.0,0.0,none,40.0,52.0,33.0,0.972414,90.82069,5.0,2.910345,277.5655,454476.6,10.01026,0.0,0.0,18.0,20.0,21.0,0.282759,2.4,1215.875,48635.0,66.58621,160,3.744002340550029,0,0,0,human(2),0,1,1,1,1,1
2572636867.0,drkopii,drkopii,DR.KOPI,شاهنشاه آریامهر:این کشور که ایران نام دارد و مقدّر بوده‌ که در تاریخ جهان مشعل‌دار یکی از پُرافتخارترین و درخشان‌ترین تمدّن‌های روی زمین باشد، باید جاوید بماند.,شاهنشاه آریامهر:این کشور که ایران نام دارد و مقدّر بوده‌ که در تاریخ جهان مشعل‌دار یکی از پُرافتخارترین و درخشان‌ترین تمدّن‌های روی زمین باشد، باید جاوید بماند.,2014-06-17T09:54:17+00:00,4811.0,1713.0,59196.0,5.0,604.0,39486.0,39486.0,0.0,4811.0,3945.0,1.219518,0.434221,0.0,False,0.0,True,False,False,False,0.0,0.0,none,30.0,8.0,13.0,0.370968,33.03226,3.0,1.290323,114.0806,240945.2,10.00913,0.0,0.0,3.0,6.0,12.0,0.177419,0.354839,1314.5,39435.0,36.25806,160,2.8085230589608874,0,0,0,human(2),0,1,1,1,1,1
1.08226e+18,ARHAMEL2,arhamel2,Benyamin بنیامین,"پژوهش گر تاریخ،فعال سیاسی شدیم #KingRezaPahlavi 
پرچم شیروخورشید تاجدار
پادشاهی خواه سکولار دموکراسی رضاشاه پهلوی🇺🇸 🇮🇱🇩🇰دو ملت ایران و اسرائیل #Ukraine","پژوهش گر تاریخ،فعال سیاسی شدیم KingRezaPahlavi 
 پرچم شیروخورشید تاجدار
 پادشاهی خواه سکولار دموکراسی رضاشاه پهلوی دو ملت ایران و اسرائیل Ukraine",2019-01-07T12:48:53+00:00,16306.0,5174.0,62350.0,20.0,11899.0,22300.0,22300.0,0.0,16306.0,2280.0,7.151754,2.269298,1.0,False,0.0,True,False,False,False,1.0,0.0,none,872.0,35.0,67.0,1.098882,25.96131,4.0,2.44368,442.2003,96704.56,9.780702,0.0,0.0,10.0,30.0,190.0,0.048151,0.226999,24.45642202,21326.0,92.18745,151,3.1515268650947044,0,1,0,human(2),0,1,1,1,1,1
7.87009e+17,Bachejirjirak,bachejirjirak,بچه جیرجیرک👑,مهندسی کنترل و ابزار دقیق ⛔️ عرزشی جماعت⛔️,مهندسی کنترل و ابزار دقیق عرزشی جماعت,2016-10-14T19:16:57+00:00,3530.0,2637.0,85245.0,1.0,544.0,29218.0,29218.0,0.0,3530.0,3095.0,1.140549,0.852019,1.0,False,0.0,True,False,False,False,0.0,0.0,none,9.0,1.0,88.0,0.125,4.946429,3.0,1.223214,0.660714,39570.28,9.440388,0.0,0.0,67.0,69.0,15.0,0.794643,0.946429,3235.555556,29120.0,0.017857,42,1.3386423966628744,0,0,0,human(2),0,1,1,1,1,1
1.0479e+18,Cowboy_datoboy,cowboy_datoboy,گاوچرون آمریکای شمالی,,,2018-10-04T17:39:33+00:00,54743.0,360.0,63586.0,6.0,270.0,21999.0,21999.0,0.0,54743.0,2375.0,23.04968,0.151579,1.0,False,0.0,True,False,False,False,0.0,0.0,none,1.0,0.0,0.0,0.0,56.0,1.0,1.0,1561.0,0.0,9.262737,1.0,1.0,1.0,1.0,1.0,0.0,0.0,21998.0,21998.0,60.0,0,152.0638888888889,0,0,0,human(2),0,1,1,0,1,1
1.00122e+18,Safa_8863,safa_8863,safa,🦂,,2018-05-28T22:02:03+00:00,6510.0,6158.0,37846.0,0.0,1922.0,22700.0,22700.0,0.0,6510.0,2504.0,2.59984,2.459265,1.0,False,0.0,False,False,False,False,0.0,0.0,none,22.0,2.0,93.0,0.398693,13.54248,3.0,1.326797,81.04575,357646.0,9.065495,0.0,0.0,7.0,29.0,37.0,0.48366,1.163399,1026.5,22583.0,14.80392,1,1.0571614160441702,0,4,0,human(2),0,1,1,1,1,1
25033880.0,AkhoondeMorde,akhoondemorde,آخوندِ مرده,"بی تعارف و تند مینویسم اگر دلنازکی فالو نکن...

سرگشته و مستیم و نظرباز
آنکس که چو ما نیست در این شهر کدام است؟

#برانداز
#شاهنشاه_روحت_شاد","بی تعارف و تند مینویسم اگر دلنازکی فالو نکن...
 
 سرگشته و مستیم و نظرباز
 آنکس که چو ما نیست در این شهر کدام است؟
 
 برانداز
 شاهنشاه_روحت_شاد",2009-03-18T05:31:47+00:00,35450.0,71.0,150050.0,43.0,9952.0,52815.0,52815.0,0.0,35450.0,5862.0,6.047424,0.012112,0.0,False,0.0,True,False,False,False,1.0,0.0,none,39.0,3.0,0.0,0.619048,28.45238,3.0,1.404762,746.4524,1277919.0,9.009724,0.0,0.0,2.0,3.0,1.0,0.02381,0.02381,1353.153846,52773.0,160.7857,139,499.2957746478873,0,0,0,human(2),0,1,1,1,1,1
1.25849e+18,MuradyDiako,muradydiako,Diako Muradyaliabady,*Journalist *Human Rights Activist - Member of: *NJ (Norwegian association of Journalists) & *IFJ (International Federation of Journalists),*Journalist *Human Rights Activist - Member of: *NJ (Norwegian association of Journalists) & *IFJ (International Federation of Journalists),2020-05-07T20:29:52+00:00,9412.0,1877.0,55263.0,38.0,5315.0,16159.0,16159.0,0.0,9412.0,1794.0,5.246377,1.046265,1.0,False,0.0,True,False,False,False,0.0,0.0,none,2.0,1.0,0.0,1.0,82.66667,1.0,1.666667,423.3333,12964792.0,9.007246,0.0,0.0,1.0,2.0,1.0,0.0,0.0,8078.0,16156.0,55.33333,139,5.014384656366542,0,0,0,human(2),0,1,1,1,1,1
1.09669e+18,JananKhorram,janankhorram,janan Khorramجانان خرم ☼𓃬,☮️👑https://t.co/QdXLMsU3e5 با افتخار پادشاهی خواهم و با جمهوری اسلامی و مسببین شورش ۵٧ پدرکشتگی دارم. اینها یک مملکت و یک زندگی آروم به ما بدهکارن.,با افتخار پادشاهی خواهم و با جمهوری اسلامی و مسببین شورش ۵٧ پدرکشتگی دارم. اینها یک مملکت و یک زندگی آروم به ما بدهکارن.,2019-02-16T08:24:56+00:00,19812.0,619.0,66341.0,35.0,1117.0,20119.0,20119.0,0.0,19812.0,2240.0,8.844643,0.276339,1.0,False,0.0,True,False,False,False,0.0,1.0,none,54.0,8.0,5.0,0.373134,28.9403,3.0,2.955224,450.9851,1731474.0,8.981696,0.0,0.0,2.0,2.0,1.0,0.0,0.0,371.3333333,20052.0,79.19403,147,32.0064620355412,0,0,1,human(2),0,1,1,1,1,1
8.31526e+17,KFravahar,kfravahar,Khosro Fravahar,"مبتکر اصطلاح پهلویسم
 Iranian TV & Radio Host, Political Analyst & Freedom Activist -in Exile 
#پهلویسم
https://t.co/tGVFdieqRC
  https://t.co/B4tmGvzQRP","مبتکر اصطلاح پهلویسم
  Iranian TV & Radio Host, Political Analyst & Freedom Activist -in Exile 
 پهلویسم",2017-02-14T15:30:19+00:00,35985.0,472.0,54094.0,66.0,4815.0,26670.0,26670.0,0.0,35985.0,2972.0,12.10801,0.158816,0.0,False,0.0,True,False,False,False,1.0,1.0,none,46.0,15.0,3.0,0.296875,32.42188,2.0,1.40625,748.2031,1530274.0,8.973755,0.0,0.0,3.0,5.0,1.0,0.078125,0.078125,578.3913043,26606.0,167.0625,153,76.23940677966101,0,0,1,human(2),0,1,1,1,1,1
1.29143e+18,Iranaryan2579,iranaryan2579,بزرگمهر |👑|,❁|طراح گرافیک و پژوهشگر هنر|❁|ناسیونالیست|❁|پادشاهی مشروطه|❁|Graphic Designer And Art Researcher Nationalist|Constitutional kingdom|,❁|طراح گرافیک و پژوهشگر هنر|❁|ناسیونالیست|❁|پادشاهی مشروطه|❁|Graphic Designer And Art Researcher Nationalist|Constitutional kingdom|,2020-08-06T17:33:44+00:00,11708.0,3935.0,38380.0,13.0,3226.0,15207.0,15207.0,0.0,11708.0,1703.0,6.874927,2.310628,1.0,False,0.0,False,False,False,False,0.0,0.0,none,76.0,1.0,8.0,0.965116,24.66279,2.0,1.186047,184.593,966152.4,8.929536,0.0,0.0,2.0,2.0,2.0,0.0,0.0,198.9736842,15122.0,37.48837,132,2.975349428208386,0,4,0,human(2),0,1,1,1,1,1
2380755230.0,NilaBehzadi,nilabehzadi,Nila Behzadi,''There is no etiquette for women in power''*classical liberal* “We are what we believe we are.” #Trump2024 #سردار_تیمور Unwissenheit ist Glückseligkeit.,'There is no etiquette for women in power''*classical liberal* “We are what we believe we are.” Trump2024 سردار_تیمور Unwissenheit ist Glückseligkeit.,2014-03-09T17:11:52+00:00,4317.0,737.0,61063.0,11.0,2822.0,35699.0,35699.0,0.0,4317.0,4045.0,1.067244,0.1822,0.0,False,0.0,True,False,False,False,1.0,1.0,none,2.0,2.0,0.0,0.714286,29.85714,1.0,1.285714,113.2857,8511475.0,8.825464,0.0,0.0,2.0,2.0,4.0,0.0,0.0,17847.5,35695.0,14.85714,153,5.85753052917232,0,0,0,human(2),0,1,1,1,1,1
1.15455e+18,Arrested_voice,arrested_voice,мιlad,"The voice of the detainees of the Iranian 
revolution 
 ی شهروند عادی مشروطه خواه","The voice of the detainees of the Iranian 
 revolution 
  ی شهروند عادی مشروطه خواه",2019-07-26T00:17:42+00:00,17937.0,3511.0,16891.0,16.0,1461.0,18294.0,18294.0,0.0,17937.0,2080.0,8.623558,1.687981,1.0,False,0.0,True,False,False,False,0.0,0.0,none,87.0,5.0,4.0,1.0,27.3125,2.0,1.822917,348.4792,436808.9,8.795192,0.0,0.0,2.0,6.0,1.0,0.145833,0.145833,209.1724138,18198.0,62.27083,81,5.108800911421247,0,0,0,human(2),0,1,1,1,1,1
1.48569e+18,Tanha59977799,tanha59977799,👑𓄂𓆃 آق بهمن𓃬👑,"به نام انسان های بخشنده و مهربان🌹

#جاوید_شاه

#برانداز

#آتئیست

عرزشی🚫مجاهد🚫تجزیه طلب🚫

@iranazad123342i

اکانت قبلی","به نام انسان های بخشنده و مهربان
 
 جاوید_شاه
 
 برانداز
 
 آتئیست
 
 عرزشیمجاهدتجزیه طلب
 
 @iranazad123342i
 
 اکانت قبلی",2022-01-24T19:21:34+00:00,16266.0,8173.0,63263.0,8.0,508.0,10236.0,10236.0,0.0,16266.0,1167.0,13.9383,7.003428,1.0,False,0.0,True,False,False,False,1.0,1.0,none,3.0,0.0,0.0,0.666667,15.66667,1.0,1.666667,326.3333,5602741.0,8.771208,0.0,0.0,1.0,1.0,1.0,0.0,0.0,3411.0,10233.0,42.66667,118,1.9902116725804477,0,8,0,bot(1),1,1,1,1,1,1
8.12271e+17,ab_ganji,ab_ganji,عبدالله گنجی,دانش آموخته علم سیاست(دانشگاه علامه طباطبایی) فَمِنۡهُم مَّن قَضَىٰ نَحۡبَهُۥ وَمِنۡهُم مَّن يَنتَظِرُۖ وَمَا بَدَّلُواْ تَبۡدِيلٗا.نظرات شخصی است,دانش آموخته علم سیاست(دانشگاه علامه طباطبایی) فَمِنۡهُم مَّن قَضَىٰ نَحۡبَهُۥ وَمِنۡهُم مَّن يَنتَظِرُۖ وَمَا بَدَّلُواْ تَبۡدِيلٗا.نظرات شخصی است,2016-12-23T12:16:36+00:00,137742.0,188.0,83655.0,436.0,2073.0,25985.0,25985.0,0.0,137742.0,3025.0,45.53455,0.062149,1.0,False,0.0,True,False,False,False,0.0,0.0,none,0.0,1.0,0.0,0.0,54.0,1.0,0.0,749.0,0.0,8.590083,1.0,1.0,1.0,1.0,1.0,0.0,0.0,25984.0,25984.0,78.0,146,732.6702127659574,0,0,0,human(2),0,1,1,1,1,1
1.40524e+18,Tondbad3,tondbad3,شیخ مفید,مشروطه خواه شاهنشاهی #پیمان_نوین #وکالت_میدهیم بیزار از ۵۷تی @PahlaviReza را فالو داشته باشید #kingRezaPahlavi,مشروطه خواه شاهنشاهی پیمان_نوین وکالت_میدهیم بیزار از ۵۷تی @PahlaviReza را فالو داشته باشید kingRezaPahlavi,2021-06-16T18:52:21+00:00,5642.0,5195.0,46331.0,0.0,11.0,11397.0,11397.0,0.0,5642.0,1389.0,4.061915,3.740101,1.0,False,0.0,True,False,False,False,1.0,1.0,none,0.0,0.0,3.0,0.0,16.33333,1.0,3.0,1.0,204178.7,8.205184,0.0,0.0,2.0,2.0,1.0,0.333333,1.666667,11394.0,11394.0,0.0,110,1.0860442733397497,0,1,0,bot(1),1,1,1,1,1,1
8.09557e+17,shortfairy809,shortfairy809,👑لیلیث LiLiTh🇺🇸,هر طایفه‌ای به من گمانی دارد، من زانِ خودم، چُنان‌که هستم هستم. ورود جدایی طلب، عرزشی، موزاهدین ممنوع.,هر طایفه‌ای به من گمانی دارد، من زانِ خودم، چُنان‌که هستم هستم. ورود جدایی طلب، عرزشی، موزاهدین ممنوع.,2016-12-16T00:34:26+00:00,11661.0,1079.0,189302.0,15.0,1680.0,24209.0,24209.0,0.0,11661.0,3032.0,3.845976,0.355871,1.0,False,0.0,True,False,False,False,0.0,0.0,none,4.0,0.0,4.0,0.625,12.375,2.0,1.0,140.0,7812830.0,7.984499,0.0,0.0,2.0,2.0,1.0,0.625,0.625,6050.25,24201.0,17.625,102,10.80722891566265,0,3,0,human(2),0,1,1,1,1,1
1.50816e+18,Mmlekate,mmlekate,مملکته_داریم؟,"در کشوری زندگی میکنیم که مردمش ۲۰سال ریاضی فیزیک میخونن ولی موقع استخدام باید امتحان توضیح المسائل بدهند 
#مملکته_داریم","در کشوری زندگی میکنیم که مردمش ۲۰سال ریاضی فیزیک میخونن ولی موقع استخدام باید امتحان توضیح المسائل بدهند 
 مملکته_داریم",2022-03-27T19:20:19+00:00,4500.0,326.0,12984.0,5.0,747.0,8591.0,8591.0,0.0,4500.0,1105.0,4.072398,0.295023,1.0,False,0.0,True,False,False,False,1.0,1.0,none,4.0,0.0,1.0,0.6,24.6,1.0,2.4,348.0,7776904.0,7.774661,0.0,0.0,1.0,1.0,1.0,0.2,0.2,2146.5,8586.0,95.0,119,13.803680981595091,0,0,0,human(2),0,1,1,1,1,1
1.49435e+18,Dokhi_sag,dokhi_sag,رقیب زید قبلیت,به یاد زیبا ترین دختر دنیا #نیکا_شاکرمی🖤                                                      (تبلیغات و همکاری پذیرفته میشود),به یاد زیبا ترین دختر دنیا نیکا_شاکرمی (تبلیغات و همکاری پذیرفته میشود),2022-02-17T16:37:01+00:00,108307.0,75710.0,18746.0,41.0,1203.0,8870.0,8870.0,0.0,108307.0,1143.0,94.75678,66.23797,1.0,False,0.0,True,False,False,False,1.0,0.0,none,2.0,0.0,1.0,1.0,28.33333,1.0,1.333333,1645.0,3370569.0,7.76028,0.0,0.0,1.0,1.0,1.0,0.0,0.0,4433.5,8867.0,105.3333,126,1.4305507858935411,0,0,0,human(2),0,1,1,1,1,1
9.50268e+17,AsgharSepehri,asgharsepehri,Asghar Sepehri,,,2018-01-08T07:26:50+00:00,40331.0,941.0,85283.0,106.0,2834.0,20076.0,20076.0,0.0,40331.0,2644.0,15.25378,0.3559,1.0,False,0.0,True,False,False,False,0.0,0.0,none,3.0,3.0,0.0,0.857143,142.2857,1.0,1.857143,3864.571,7616212.0,7.593041,0.0,0.0,2.0,2.0,2.0,0.142857,0.142857,6690.0,20070.0,1047.0,0,42.85972369819341,0,0,0,human(2),0,1,1,0,1,1
1073323008.0,LadiKhanom,ladikhanom,Ladan Boroumand,"Co-founder of Abdorrahman Boroumand Center for Human Rights in Iran. Honorary Professor of History, University of Parma, Italy.
 فحش و افترا بلاک میشود","Co-founder of Abdorrahman Boroumand Center for Human Rights in Iran. Honorary Professor of History, University of Parma, Italy.
  فحش و افترا بلاک میشود",2013-01-09T09:47:41+00:00,19347.0,1158.0,46606.0,96.0,384.0,33482.0,33482.0,0.0,19347.0,4469.0,4.329156,0.259118,1.0,False,0.0,False,False,False,False,0.0,0.0,none,0.0,1.0,0.0,0.0,32.0,1.0,0.0,879.0,0.0,7.492056,1.0,1.0,1.0,1.0,1.0,0.0,0.0,33481.0,33481.0,102.0,151,16.707253886010363,0,0,0,human(2),0,1,1,1,1,1
1.57772e+18,sepiedhia,sepiedhia,Sepideh | سپیده بانو,بانوی ایران زمین؛ کنجکاو و جستجوگر | پوزش بابت اشتباهات تایپی,بانوی ایران زمین؛ کنجکاو و جستجوگر | پوزش بابت اشتباهات تایپی,2022-10-05T17:39:52+00:00,24540.0,595.0,67519.0,63.0,1381.0,6630.0,6630.0,0.0,24540.0,913.0,26.87842,0.651698,1.0,False,0.0,True,False,False,False,0.0,0.0,none,27.0,1.0,2.0,1.064516,28.67742,1.0,1.612903,1811.484,2021054.0,7.261774,0.0,0.0,2.0,2.0,2.0,0.032258,0.032258,244.4444444,6600.0,385.6452,61,41.2436974789916,0,0,0,human(2),0,1,1,1,1,1
1.26451e+18,Parvin965631051,parvin965631051,صدف,@Parvin9656310,@Parvin9656310,2020-05-24T11:06:10+00:00,4890.0,3602.0,52949.0,4.0,3043.0,12620.0,12620.0,0.0,4890.0,1777.0,2.751829,2.027012,1.0,False,0.0,False,False,False,False,0.0,1.0,none,4.0,0.0,0.0,1.0,20.25,1.0,4.25,107.0,2830381.0,7.101857,0.0,0.0,1.0,1.0,1.0,0.0,0.0,3154.0,12616.0,32.5,14,1.3575791227096057,0,9,0,bot(1),1,1,1,1,1,1
2992558792.0,esmailpour_m,esmailpour_m,Morteza Esmailpour مرتضی اسماعیل‌پور,FREEDOM IS NOT FREE. Expert in strategic political Affairs (Middle East) / Analyst and Researcher https://t.co/aHdolg4RWj,FREEDOM IS NOT FREE. Expert in strategic political Affairs (Middle East) / Analyst and Researcher,2015-01-22T17:00:29+00:00,111557.0,260.0,22652.0,200.0,3895.0,25055.0,25055.0,0.0,111557.0,3726.0,29.94015,0.06978,0.0,False,0.0,True,False,False,False,0.0,1.0,none,2.0,0.0,0.0,1.0,35.0,1.0,0.333333,2138.333,20885640.0,6.724369,0.0,0.0,2.0,2.0,2.0,0.0,0.0,12526.5,25053.0,255.0,121,429.06538461538463,0,0,1,human(2),0,1,1,1,1,1
1.09468e+18,GIV2021,giv2021,👑GIV2019👑,پادشاهی خواه,پادشاهی خواه,2019-02-10T19:12:12+00:00,3778.0,2964.0,66406.0,3.0,936.0,14504.0,14504.0,0.0,3778.0,2246.0,1.682102,1.319679,1.0,False,0.0,True,False,False,False,0.0,0.0,none,1.0,0.0,12.0,0.555556,10.05556,2.0,1.166667,19.77778,7432615.0,6.457703,0.0,0.0,6.0,8.0,6.0,0.722222,1.222222,14491.0,14491.0,3.222222,12,1.2746288798920378,4,4,0,bot(1),1,1,1,1,1,1
1.40929e+18,potypto,potypto,Potypto ᛋ,جانم فدای ایران.,جانم فدای ایران.,2021-06-27T23:25:59+00:00,11953.0,865.0,62032.0,78.0,1121.0,8804.0,8804.0,0.0,11953.0,1378.0,8.674165,0.627721,1.0,False,0.0,True,False,False,False,0.0,0.0,none,1.0,0.0,0.0,1.0,18.0,1.0,1.0,293.0,0.0,6.38897,1.0,1.0,1.0,1.0,1.0,0.0,0.0,8803.0,8803.0,23.0,16,13.81849710982659,0,0,0,human(2),0,1,1,1,1,1
8.08471e+17,kouresh_kabir,kouresh_kabir,Kouresh Kabir,👑تنها تابع قوانین کشور پادشاهی ایرانم ‌و ایمان دارم ایران تنها با ادامه سلسله پهلوی دوباره باز سازی خواهد شد و به شکوه و اقتدار گزشته خود باز خواهد گشت.👑,تنها تابع قوانین کشور پادشاهی ایرانم ‌و ایمان دارم ایران تنها با ادامه سلسله پهلوی دوباره باز سازی خواهد شد و به شکوه و اقتدار گزشته خود باز خواهد گشت.,2016-12-13T00:39:07+00:00,6603.0,5201.0,47799.0,6.0,4692.0,19132.0,19132.0,0.0,6603.0,3035.0,2.175618,1.713674,1.0,False,0.0,True,False,False,False,0.0,0.0,none,85.0,0.0,13.0,0.885965,26.27193,3.0,3.061404,342.9825,627524.6,6.303789,0.0,0.0,4.0,14.0,17.0,0.192982,0.377193,223.9294118,19034.0,82.28947,153,1.2695635454720247,0,0,0,human(2),0,1,1,1,1,1
224480032.0,EELKHAN1,eelkhan1,ایلجـــــان | EELJAAN,آنسوی میدان دشمن هموطنمان را گروگان گرفته است هشتگ #به_رسم_آمریکا را دنبال کنید,آنسوی میدان دشمن هموطنمان را گروگان گرفته است هشتگ به_رسم_آمریکا را دنبال کنید,2010-12-09T03:30:44+00:00,18150.0,359.0,94328.0,68.0,2933.0,32463.0,32463.0,0.0,18150.0,5231.0,3.4697,0.068629,1.0,False,0.0,True,False,False,False,1.0,0.0,none,1.0,0.0,0.0,2.0,11.0,1.0,1.0,424.0,0.0,6.205888,1.0,1.0,1.0,1.0,1.0,0.0,0.0,32462.0,32462.0,42.0,79,50.55710306406685,0,1,0,human(2),0,1,1,1,1,1
7.75067e+17,IranImmortals,iranimmortals,گارد جاویدان,Opinions shared here originated from my cat. Advocate for human rights in Iran. کمپین مبارزه مشروع -- خدا شاه میهن,Opinions shared here originated from my cat. Advocate for human rights in Iran. کمپین مبارزه مشروع -- خدا شاه میهن,2016-09-11T20:23:49+00:00,9373.0,2192.0,46350.0,10.0,1008.0,19029.0,19029.0,0.0,9373.0,3128.0,2.996483,0.700767,1.0,False,0.0,True,False,False,False,0.0,0.0,none,7.0,0.0,0.0,1.0,32.28571,2.0,1.571429,1224.429,4192310.0,6.08344,0.0,0.0,1.0,2.0,1.0,0.0,0.0,2717.428571,19022.0,190.4286,114,4.276003649635037,0,0,0,human(2),0,1,1,1,1,1
103771233.0,nooralitoon,nooralitoon,نورعلی,ایران دوست / پارودی نویس / دگوری ستیز / کارآفرین و تولید کننده برتر حوزه میم/ کارشناسی ارشد دارک کمدی/ راننده کامیون یخچالدار شرکت میهن/ پاکیستان زینده باد🇵🇰,ایران دوست / پارودی نویس / دگوری ستیز / کارآفرین و تولید کننده برتر حوزه میم/ کارشناسی ارشد دارک کمدی/ راننده کامیون یخچالدار شرکت میهن/ پاکیستان زینده باد,2010-01-11T05:46:55+00:00,4187.0,307.0,84758.0,19.0,2990.0,32640.0,32640.0,0.0,4187.0,5563.0,0.752651,0.055186,1.0,False,0.0,False,False,False,False,0.0,0.0,none,1.0,0.0,1.0,1.0,32.5,1.0,1.0,139.5,17495071.0,5.867338,0.0,0.0,1.0,1.0,1.0,0.5,0.5,32638.0,32638.0,7.5,157,13.63843648208469,0,0,0,human(2),0,1,1,1,1,1
1.64038e+18,Mitra_Jashni,mitra_jashni,Mitra Jashni ☼𓃬 - میترا جشنی,"Iranian-Kurdish artist Studied in Art philosophy and history, painting & modern Middle East study. Retweet doesn’t imply endorsement.","Iranian-Kurdish artist Studied in Art philosophy and history, painting & modern Middle East study. Retweet doesn’t imply endorsement.",2023-03-27T15:35:07+00:00,10860.0,340.0,9799.0,17.0,840.0,4222.0,4222.0,0.0,10860.0,740.0,14.67568,0.459459,1.0,False,0.0,True,False,False,False,0.0,0.0,none,13.0,0.0,0.0,1.0,31.76923,1.0,1.153846,746.0769,1416912.0,5.705405,0.0,0.0,1.0,1.0,1.0,0.0,0.0,323.7692308,4209.0,158.0,133,31.941176470588236,0,0,0,human(2),0,1,1,1,1,1
2572902906.0,vahid__bahman,vahid__bahman,Vahid Bahman وحید بهمن,"دانش‌آموخته‌ی تاریخ،
پژوهشگر تاریخ

Research Historian","دانش‌آموخته‌ی تاریخ،
 پژوهشگر تاریخ
 
 Research Historian",2014-06-17T13:30:27+00:00,70739.0,1.0,51580.0,177.0,5105.0,22145.0,22145.0,0.0,70739.0,3945.0,17.93131,0.000253,1.0,False,0.0,True,False,False,False,0.0,0.0,none,6.0,0.0,0.0,1.142857,112.7143,1.0,0.0,3754.571,9175267.0,5.613435,0.0,0.0,2.0,2.0,2.0,0.0,0.0,3689.833333,22139.0,807.7143,54,70739.0,0,0,0,human(2),0,1,1,1,1,1
9.48016e+17,MayraYazdari,mayrayazdari,Mayra K. Yazdari,Content Creator. Journalist. Views expressed here are my own! likes/RT not endorsements. “Truth will ultimately prevail”,Content Creator. Journalist. Views expressed here are my own! likes/RT not endorsements. “Truth will ultimately prevail”,2018-01-02T02:19:28+00:00,14853.0,377.0,46655.0,32.0,1556.0,14806.0,14806.0,0.0,14853.0,2650.0,5.604906,0.142264,1.0,False,0.0,True,False,False,False,0.0,0.0,none,3.0,0.0,0.0,0.666667,38.66667,1.0,1.333333,431.6667,7045087.0,5.58717,0.0,0.0,1.0,1.0,1.0,0.333333,0.333333,4934.333333,14803.0,89.0,120,39.39787798408488,0,0,0,human(2),0,1,1,1,1,1
1.53069e+18,ANUBIS_GOD2,anubis_god2,"آنوبیس ""خدای مرگ""","خالق هشتگ:
#توئیت_مرگ 
اعلان منو روشن کنید چون فقط توئیت مرگ میزنم. نه کامنت نه جر و بحث!","خالق هشتگ:
 توئیت_مرگ 
 اعلان منو روشن کنید چون فقط توئیت مرگ میزنم. نه کامنت نه جر و بحث!",2022-05-28T23:35:38+00:00,10185.0,8678.0,57816.0,8.0,2111.0,5576.0,5576.0,0.0,10185.0,1043.0,9.765101,8.32023,1.0,False,0.0,True,False,False,False,1.0,0.0,none,76.0,1.0,0.0,1.363636,30.45455,1.0,2.415584,282.5455,973827.1,5.346117,0.0,0.0,2.0,4.0,1.0,0.0,0.0,72.35526316,5499.0,50.44156,89,1.1736575247752938,0,1,0,human(2),0,1,1,1,1,1
1.44244e+18,ariafarpoori,ariafarpoori,Aria.Farpoori,"آریا فرپوری(عشقی پور)،
دانش آموخته رشته مهندسی صنایع،
کنشگر سیاسی حامی پادشاهی مشروطه،
بی دین آگنوستیک،
حامی خاندان ایرانساز پهلوی،
 دشمن صفر تا صد ۵۷","آریا فرپوری(عشقی پور)،
 دانش آموخته رشته مهندسی صنایع،
 کنشگر سیاسی حامی پادشاهی مشروطه،
 بی دین آگنوستیک،
 حامی خاندان ایرانساز پهلوی،
  دشمن صفر تا صد ۵۷",2021-09-27T11:04:09+00:00,17847.0,357.0,4162.0,23.0,2594.0,6858.0,6858.0,0.0,17847.0,1286.0,13.87792,0.277605,1.0,False,0.0,False,False,False,False,0.0,1.0,none,185.0,0.0,5.0,1.020619,24.96907,5.0,1.71134,568.9588,378439.2,5.332815,0.0,0.0,3.0,7.0,5.0,0.103093,0.164948,36.04324324,6668.0,123.6392,150,49.99159663865546,0,0,0,human(2),0,1,1,1,1,1
444681948.0,Haghgooie,haghgooie,یاشار حقگوئی,ایرانشهر آرمانشهر من نیست هویت من است,ایرانشهر آرمانشهر من نیست هویت من است,2011-12-23T14:31:08+00:00,5016.0,3352.0,16429.0,10.0,2468.0,25748.0,25748.0,0.0,5016.0,4852.0,1.0338,0.690849,0.0,False,0.0,True,False,False,False,0.0,0.0,none,0.0,1.0,0.0,1.0,23.0,1.0,2.0,3304.0,0.0,5.306678,2.0,2.0,2.0,2.0,2.0,0.0,0.0,25747.0,25747.0,256.0,37,1.496420047732697,0,0,0,human(2),0,1,1,1,1,1
1295021016.0,D0wn_Under,d0wn_under,☼𓃬داون آندر,"I identify as King 👑 and my pronouns are His Majesty, First of his name.","I identify as King and my pronouns are His Majesty, First of his name.",2013-03-24T12:11:26+00:00,16738.0,416.0,69177.0,70.0,2281.0,22715.0,22715.0,0.0,16738.0,4395.0,3.808419,0.094653,0.0,False,0.0,True,False,False,False,0.0,0.0,none,0.0,0.0,1.0,0.0,52.0,1.0,2.0,874.0,0.0,5.168373,1.0,1.0,1.0,1.0,1.0,0.0,0.0,22714.0,22714.0,145.0,72,40.23557692307692,0,1,0,human(2),0,1,1,1,1,1
338949202.0,HosseiniRouzbeh,hosseinirouzbeh,Rouzbeh Hosseini,Tweets are my own opinion | Patriot | Nationalist | Monarchist | Property Consultant | Football Fan |,Tweets are my own opinion | Patriot | Nationalist | Monarchist | Property Consultant | Football Fan |,2011-07-20T10:35:47+00:00,5840.0,528.0,348763.0,11.0,3833.0,25440.0,25440.0,0.0,5840.0,5008.0,1.166134,0.105431,1.0,False,0.0,False,False,False,False,0.0,0.0,none,15.0,3.0,12.0,1.142857,24.22449,2.0,1.571429,434.449,1553846.0,5.079872,0.0,0.0,2.0,10.0,20.0,0.326531,0.612245,1694.0,25410.0,65.30612,101,11.06060606060606,0,0,0,human(2),0,1,1,1,1,1
9.97171e+17,cpiparty,cpiparty,حزب مشروطه ايران(لیبرال دمکرات),صفحه رسمی حزب مشروطه ایران (لیبرال دمکرات) | The official Twitter page for the Constitutionalist Party of Iran (Liberal Democrat),صفحه رسمی حزب مشروطه ایران (لیبرال دمکرات) | The official Twitter page for the Constitutionalist Party of Iran (Liberal Democrat),2018-05-17T17:44:27+00:00,10984.0,18.0,2829.0,40.0,8868.0,12331.0,12331.0,0.0,10984.0,2515.0,4.367396,0.007157,1.0,False,0.0,True,False,False,False,0.0,0.0,none,1.0,1.0,0.0,1.0,49.0,1.0,2.5,38.5,25211852.0,4.902982,0.0,0.0,1.0,1.0,1.0,0.0,0.0,12329.0,12329.0,11.0,129,610.2222222222222,0,0,0,human(2),0,1,1,1,1,1
2860791416.0,majidazarpey,majidazarpey,مجید آذرپی 🏴,آن میر غوغا را بگو...,آن میر غوغا را بگو...,2014-10-17T17:01:25+00:00,16812.0,680.0,49239.0,41.0,1662.0,18615.0,18615.0,0.0,16812.0,3823.0,4.397594,0.177871,1.0,False,0.0,True,False,False,False,0.0,0.0,none,1.0,0.0,0.0,0.0,45.0,1.0,2.0,224.0,0.0,4.869213,1.0,1.0,1.0,1.0,1.0,0.0,0.0,18614.0,18614.0,22.0,21,24.723529411764705,0,0,0,human(2),0,1,1,1,1,1
7.1162e+17,mnz1033,mnz1033,مسعود نقدی زاده1975,"‏‏‏‏‏‏برخرمن صدزاهدعاقل زندآتش
این داغ که مابردل دیوانه نهادیم
فالو=حتما بک","‏‏‏‏‏‏برخرمن صدزاهدعاقل زندآتش
 این داغ که مابردل دیوانه نهادیم
 فالو=حتما بک",2016-03-20T18:25:04+00:00,6609.0,7491.0,51324.0,0.0,158.0,16017.0,16017.0,0.0,6609.0,3303.0,2.000908,2.267938,1.0,False,0.0,False,False,False,False,0.0,0.0,none,0.0,1.0,0.0,0.0,13.0,1.0,0.0,4949.0,0.0,4.849228,1.0,1.0,1.0,1.0,1.0,0.0,0.0,16016.0,16016.0,892.0,75,0.882258710452543,4,4,0,human(2),0,1,1,1,1,1
3504378795.0,ryaniran,ryaniran,ایران، سرزمین شاهان 👑,🟩🦁⬜️🌞🟥 جاوید نهاد پادشاهی از اساطیر پیشدادی تا ابرمردان پهلوی 👑 پادشاهی ایرانمان، دوباره از آتش مهر ایران به پهلوی وخاکستر عقده‌داران پهلوی، برخواهد خاست,جاوید نهاد پادشاهی از اساطیر پیشدادی تا ابرمردان پهلوی پادشاهی ایرانمان، دوباره از آتش مهر ایران به پهلوی وخاکستر عقده‌داران پهلوی، برخواهد خاست,2015-08-31T18:32:26+00:00,3926.0,2153.0,61180.0,5.0,1216.0,16362.0,16362.0,0.0,3926.0,3505.0,1.120114,0.614265,1.0,False,0.0,True,False,False,False,0.0,0.0,none,1.0,0.0,0.0,1.0,31.0,1.0,2.0,870.0,0.0,4.668188,1.0,1.0,1.0,1.0,1.0,0.0,0.0,16361.0,16361.0,149.0,153,1.8235020901068277,0,0,0,human(2),0,1,1,1,1,1
1.24762e+18,MohajranIran,mohajraniran,Mohajran Iran,"تختگاه و سکوی مستقل که جدیدترین و تازه ترین ها را برای همه افرادی که در خارج و داخل کشور زندگی می کنند، ارائه می دهد.

#براندازم #پیمان_نوین","تختگاه و سکوی مستقل که جدیدترین و تازه ترین ها را برای همه افرادی که در خارج و داخل کشور زندگی می کنند، ارائه می دهد.
 
 براندازم پیمان_نوین",2020-04-07T20:28:22+00:00,3286.0,4035.0,20138.0,3.0,1509.0,8442.0,8442.0,0.0,3286.0,1824.0,1.801535,2.212171,1.0,False,0.0,True,False,False,False,1.0,0.0,none,16.0,0.0,0.0,1.0,22.625,2.0,1.6875,144.375,6123662.0,4.628289,0.0,0.0,1.0,1.0,1.0,0.1875,0.1875,526.625,8426.0,34.125,140,0.8143742255266418,0,0,0,human(2),0,1,1,1,1,1
3434070501.0,RustaMasoud,rustamasoud,masoud rasta👑,"وقتی به محمدرضاشاه فکر میکنم ،بغض م میگیره 
از انسانیت و بزرگیش","وقتی به محمدرضاشاه فکر میکنم ،بغض م میگیره 
 از انسانیت و بزرگیش",2015-08-21T12:17:10+00:00,3298.0,3403.0,97629.0,1.0,41.0,15757.0,15757.0,0.0,3298.0,3515.0,0.938265,0.968137,1.0,False,0.0,True,False,False,False,0.0,0.0,none,0.0,0.0,31.0,0.0,7.235294,3.0,1.088235,1.294118,114219.1,4.482788,0.0,0.0,2.0,5.0,4.0,0.705882,1.558824,15726.0,15726.0,0.264706,63,0.9691448721716133,0,0,0,human(2),0,1,1,1,1,1
1.53426e+18,BParnian1,bparnian1,B-Parnian,"Math teacher, Philosophy,History and Literature researcher.
دانش آموخته ریاضیات محض در مقطع دکترا ، عاشق ادبیات ، تاریخ ایران باستان و پادشاهیخواه مشروطه گرا","Math teacher, Philosophy,History and Literature researcher.
 دانش آموخته ریاضیات محض در مقطع دکترا ، عاشق ادبیات ، تاریخ ایران باستان و پادشاهیخواه مشروطه گرا",2022-06-07T19:50:45+00:00,3735.0,136.0,13039.0,1.0,1239.0,4512.0,4512.0,0.0,3735.0,1033.0,3.615682,0.131655,1.0,False,0.0,False,False,False,False,0.0,0.0,none,7.0,5.0,22.0,0.1875,46.8125,3.0,1.729167,13.66667,1208679.0,4.367861,0.0,0.0,4.0,10.0,15.0,0.458333,1.166667,639.7142857,4478.0,3.5,157,27.46323529411765,0,1,0,human(2),0,1,1,1,1,1
1.3396e+18,AmiriySara,amiriysara,sara amiriy,جاويد شاه عشق مني 👑 پهلوي صبح آزادی ماست...دوستانم فالو =بک🔄,جاويد شاه عشق مني پهلوي صبح آزادی ماست...دوستانم فالو =بک,2020-12-17T15:42:38+00:00,8478.0,6804.0,15549.0,6.0,1553.0,6779.0,6779.0,0.0,8478.0,1570.0,5.4,4.333758,1.0,False,0.0,True,False,False,False,0.0,0.0,none,0.0,0.0,2.0,0.0,2.5,1.0,1.0,0.0,7.5,4.317834,2.0,2.0,2.0,2.0,1.0,0.5,1.5,6777.0,6777.0,0.0,60,1.246031746031746,0,0,0,human(2),0,1,1,1,1,1
1.28697e+18,iranaxis,iranaxis,👑گرافیست🦁☀️👑,"همه عالم تن است ایران دل 
نیست گوینده زین گفته خجل
#جاویدشاه","همه عالم تن است ایران دل 
 نیست گوینده زین گفته خجل
 جاویدشاه",2020-07-25T10:13:52+00:00,239.0,99.0,30742.0,0.0,119.0,7366.0,7366.0,0.0,239.0,1715.0,0.139359,0.057726,1.0,False,0.0,True,False,False,False,1.0,0.0,none,1.0,0.0,0.0,1.0,9.0,1.0,2.0,322.0,0.0,4.295044,1.0,1.0,1.0,1.0,1.0,0.0,0.0,7365.0,7365.0,56.0,60,2.414141414141414,0,0,0,human(2),0,1,1,1,1,1
51434437.0,naderifar,naderifar,𝐇𝐨𝐦𝐚𝐲𝐨𝐮𝐧 𝐍𝐚𝐝𝐞𝐫𝐢𝐟𝐚𝐫,𝐏𝐨𝐥𝐢𝐭𝐢𝐜𝐚𝐥 𝐚𝐜𝐭𝐢𝐯𝐢𝐬𝐭,𝐏𝐨𝐥𝐢𝐭𝐢𝐜𝐚𝐥 𝐚𝐜𝐭𝐢𝐯𝐢𝐬𝐭,2009-06-27T13:16:02+00:00,26905.0,217.0,53336.0,48.0,3723.0,24569.0,24569.0,0.0,26905.0,5761.0,4.670196,0.037667,0.0,False,0.0,True,False,False,False,0.0,0.0,none,2.0,1.0,2.0,1.4,30.2,2.0,2.2,1087.4,5687228.0,4.264711,0.0,0.0,1.0,1.0,1.0,0.4,0.8,12282.0,24564.0,280.0,18,123.98617511520737,0,0,0,human(2),0,1,1,1,1,1
1.53983e+18,DrShehabP,drshehabp,"Shehab Parnianchi, MD","Iranian-American citizen who values democracy, the Constitution, and freedom of speech. Opinions expressed are my own.","Iranian-American citizen who values democracy, the Constitution, and freedom of speech. Opinions expressed are my own.",2022-06-23T04:54:30+00:00,4076.0,717.0,15104.0,6.0,270.0,4326.0,4326.0,0.0,4076.0,1017.0,4.007866,0.705015,1.0,False,0.0,False,False,False,False,0.0,0.0,none,24.0,8.0,2.0,0.617647,29.11765,3.0,2.323529,284.3529,2081099.0,4.253687,0.0,0.0,2.0,3.0,1.0,0.058824,0.147059,178.8333333,4292.0,68.38235,118,5.684797768479777,0,0,0,human(2),0,1,1,1,1,1
8.64041e+17,sasanrahimpour1,sasanrahimpour1,Sasan Rahimpour,"Iranian Christianity,

 با افتخار یک براندازم . 
طرفدار پادشاهی پارلمانی (مشروطه)
#جاوید_شاه_راه_نجات_ایران
#خاندان_ایرانساز_پهلوی
♥️👑♥️","Iranian Christianity,
 
  با افتخار یک براندازم . 
 طرفدار پادشاهی پارلمانی (مشروطه)
 جاوید_شاه_راه_نجات_ایران
 خاندان_ایرانساز_پهلوی",2017-05-15T08:53:30+00:00,4097.0,1099.0,117585.0,0.0,977.0,12058.0,12058.0,0.0,4097.0,2882.0,1.421582,0.381332,1.0,False,0.0,False,False,False,False,1.0,0.0,none,89.0,38.0,112.0,1.020339,46.50847,4.0,3.650847,160.6305,95147.2,4.1839,0.0,0.0,8.0,16.0,58.0,0.328814,1.071186,132.7977528,11819.0,39.8678,136,3.7279344858962693,0,1,0,bot(1),1,1,1,1,1,1
62855930.0,amiretemadi,amiretemadi,Amir Etemadi | امیرحسین اعتمادی,"#ایران_را_پس_میگیریم

https://t.co/DMBPHNvuCr",ایران_را_پس_میگیریم,2009-08-04T16:11:39+00:00,91859.0,309.0,65220.0,254.0,1959.0,23924.0,23924.0,0.0,91859.0,5723.0,16.05085,0.053993,1.0,False,0.0,False,False,False,False,1.0,0.0,none,0.0,0.0,2.0,0.0,24.0,1.0,0.5,410.5,56691145.0,4.180325,0.0,0.0,1.0,1.0,1.0,0.5,0.5,23922.0,23922.0,38.5,45,297.27831715210357,0,0,1,human(2),0,1,1,1,1,1
1.28498e+18,LibertyIranian,libertyiranian,Iranian Americans for Liberty,"Bipartisan Iranian Americans working to strengthen & support US foreign policy & natsec solutions that bring democracy, human rights & freedom of speech to Iran","Bipartisan Iranian Americans working to strengthen & support US foreign policy & natsec solutions that bring democracy, human rights & freedom of speech to Iran",2020-07-19T22:52:33+00:00,7136.0,339.0,6147.0,60.0,1513.0,6818.0,6818.0,0.0,7136.0,1721.0,4.146426,0.196979,1.0,False,0.0,False,False,False,False,0.0,0.0,none,2.0,2.0,1.0,1.857143,152.2857,2.0,0.285714,270.8571,19940729.0,3.96165,0.0,0.0,4.0,4.0,3.0,0.285714,2.0,3406.5,6813.0,62.57143,160,21.050147492625367,0,0,0,human(2),0,1,1,1,1,1
2313967902.0,KambizGhafouri,kambizghafouri,Kambiz Ghafouri,"Journalist. Former @RFERL. Member of @journ_liitto. Human Rights @IHRights. Founder of KGM Media Oy.
کثیر البلاک و دست به ماشه","Journalist. Former @RFERL. Member of @journ_liitto. Human Rights @IHRights. Founder of KGM Media Oy.
 کثیر البلاک و دست به ماشه",2014-01-27T16:56:11+00:00,56331.0,1662.0,70141.0,209.0,1130.0,15705.0,15705.0,0.0,56331.0,4086.0,13.78634,0.406755,1.0,False,0.0,True,False,False,False,0.0,0.0,none,1.0,0.0,0.0,1.0,224.0,1.0,2.0,2780.0,0.0,3.843612,1.0,1.0,1.0,1.0,1.0,0.0,0.0,15704.0,15704.0,501.0,126,33.89350180505415,0,0,0,human(2),0,1,1,1,1,1
1.33799e+18,Mard62881776,mard62881776,حضرت عشق,"‏‏‏‏‏‏‏‏‏‏‏‏‏‏‏‏‏‏‏کز دیو و دد ملولم و انسانم آرزوست. برانداز. دوستدار خاندان پهلوی

Environmentalist, Researcher, and Instructor (PHD)","‏‏‏‏‏‏‏‏‏‏‏‏‏‏‏‏‏‏‏کز دیو و دد ملولم و انسانم آرزوست. برانداز. دوستدار خاندان پهلوی
 
 Environmentalist, Researcher, and Instructor (PHD)",2020-12-13T05:15:05+00:00,4201.0,506.0,12258.0,4.0,819.0,5976.0,5976.0,0.0,4201.0,1574.0,2.668996,0.321474,1.0,False,0.0,False,False,False,False,0.0,0.0,none,25.0,1.0,4.0,0.9375,21.46875,2.0,1.28125,105.875,2312919.0,3.796696,0.0,0.0,2.0,3.0,3.0,0.15625,0.15625,237.84,5946.0,37.6875,135,8.302371541501977,0,8,0,human(2),0,1,1,1,1,1
1.45476e+18,Lilium52709755,lilium52709755,Lilium,جاوید شاه,جاوید شاه,2021-10-31T10:21:08+00:00,599.0,640.0,57165.0,1.0,510.0,4741.0,4741.0,0.0,599.0,1252.0,0.478435,0.511182,1.0,False,0.0,False,False,False,False,0.0,0.0,none,0.0,0.0,1.0,0.0,22.0,1.0,1.0,1.0,0.0,3.786741,1.0,1.0,1.0,1.0,1.0,1.0,1.0,4740.0,4740.0,0.0,9,0.9359375,0,8,0,human(2),0,1,1,1,1,1
1.39019e+18,History_Wall,history_wall,The WALL,"تحلیل گر سیاسی و امنیتی 
شاگرد اول کلاس مانوک

پادشاهی خواه/ناسیونالیست انقلابی/#ایرانشهری/جانم فدای میهن

**فالو کنید  قطعا بک میدم**","تحلیل گر سیاسی و امنیتی 
 شاگرد اول کلاس مانوک
 
 پادشاهی خواه/ناسیونالیست انقلابی/ایرانشهری/جانم فدای میهن
 
 **فالو کنید قطعا بک میدم**",2021-05-06T06:33:01+00:00,2595.0,686.0,43047.0,2.0,282.0,5331.0,5331.0,0.0,2595.0,1430.0,1.814685,0.47972,1.0,False,0.0,False,False,False,False,1.0,0.0,none,10.0,2.0,3.0,0.789474,40.10526,1.0,1.631579,426.8421,5011650.0,3.727972,0.0,0.0,4.0,4.0,5.0,0.210526,0.421053,531.6,5316.0,42.26316,134,3.782798833819242,0,0,0,human(2),0,1,1,1,1,1
475317365.0,SasanAmjadi,sasanamjadi,Sasan Amjadi,"Jin, Jiyan, Azadî","Jin, Jiyan, Azadî",2012-01-26T22:46:24+00:00,28277.0,2120.0,19582.0,59.0,1468.0,17320.0,17320.0,0.0,28277.0,4818.0,5.869033,0.440017,1.0,False,0.0,True,False,False,False,0.0,0.0,none,1.0,0.0,0.0,0.0,31.0,1.0,1.0,1099.0,0.0,3.594853,1.0,1.0,1.0,1.0,1.0,0.0,0.0,17319.0,17319.0,161.0,17,13.33820754716981,0,0,0,human(2),0,1,1,1,1,1
1.2624e+18,khalaji_mehdi,khalaji_mehdi,Mehdi Khalaji,"طلبه‌ی دین، ادبیات، فلسفه و سیاست interested in religion, literature, philosophy,and politics","طلبه‌ی دین، ادبیات، فلسفه و سیاست interested in religion, literature, philosophy,and politics",2020-05-18T14:56:44+00:00,12876.0,228.0,2275.0,72.0,198.0,6391.0,6391.0,0.0,12876.0,1783.0,7.221537,0.127874,1.0,False,0.0,False,False,False,False,0.0,0.0,none,1.0,0.0,0.0,0.0,47.0,1.0,0.0,37.0,0.0,3.584408,1.0,1.0,1.0,1.0,1.0,0.0,0.0,6390.0,6390.0,4.0,93,56.473684210526315,0,0,0,human(2),0,1,1,1,1,1
295601268.0,honarparvar2020,honarparvar2020,هنرپرور ( یک برانداز )♕︎♕︎ 𓄂✺,"کسی کو هوای فریدون کند💚🤍❤دل از بند ضحاک بیرون کند
#جاویدشاه رمز ماست
#نه_به_جمهوری_اسلامی  هدف ماست
#آزادی مقصد ماست","کسی کو هوای فریدون کنددل از بند ضحاک بیرون کند
 جاویدشاه رمز ماست
 نه_به_جمهوری_اسلامی هدف ماست
 آزادی مقصد ماست",2011-05-09T10:24:40+00:00,3536.0,3598.0,25929.0,4.0,745.0,18041.0,18041.0,0.0,3536.0,5080.0,0.696063,0.708268,0.0,False,0.0,False,False,False,False,1.0,0.0,none,0.0,1.0,2.0,0.666667,29.0,2.0,2.333333,108.6667,6934265.0,3.551378,0.0,0.0,1.0,1.0,1.0,0.0,0.666667,18038.0,18038.0,14.0,116,0.9827682045580878,0,4,0,human(2),0,1,1,1,1,1
470213087.0,hs_maryam,hs_maryam,maryam moghaddam👑,"براندازم و مشروطه خواه، حامی عملکرد سیاستهای پرزیدنت ترامپ در قبال فرقه تبهکارم 
به افراد ناشناس در دایرکت جواب نمیدهم هر سوالی هست در ریپلای بپرسید در خدمتم","براندازم و مشروطه خواه، حامی عملکرد سیاستهای پرزیدنت ترامپ در قبال فرقه تبهکارم 
 به افراد ناشناس در دایرکت جواب نمیدهم هر سوالی هست در ریپلای بپرسید در خدمتم",2012-01-21T12:59:58+00:00,3778.0,1543.0,40221.0,10.0,752.0,17124.0,17124.0,0.0,3778.0,4823.0,0.78333,0.319925,0.0,False,0.0,True,False,False,False,0.0,0.0,none,6.0,2.0,0.0,0.625,32.5,1.0,1.5,199.0,4509166.0,3.550487,0.0,0.0,1.0,1.0,1.0,0.25,0.875,2852.666667,17116.0,25.625,157,2.4484769928710306,0,0,0,human(2),0,1,1,1,1,1
23231946.0,mobarez_nastooh,mobarez_nastooh,Mehdi Mirghaderi 👑,"Blogger, Freedom fighter and Mellig Party Chairman
We are all one voice
We are all nationalists
telegram: https://t.co/v8mjbslaGp","Blogger, Freedom fighter and Mellig Party Chairman
 We are all one voice
 We are all nationalists
 telegram:",2009-03-07T20:39:27+00:00,16679.0,991.0,40468.0,55.0,5679.0,19815.0,19815.0,0.0,16679.0,5873.0,2.839946,0.168738,0.0,False,0.0,True,False,False,False,0.0,1.0,none,1.0,0.0,0.0,1.0,14.0,1.0,1.0,200.0,0.0,3.373915,1.0,1.0,1.0,1.0,1.0,0.0,0.0,19814.0,19814.0,31.0,129,16.830474268415742,0,0,1,human(2),0,1,1,1,1,1
252131613.0,Fahimehkhezr,fahimehkhezr,Fahimeh KhezrHeidari,روزنامه‌نگار با تمرکز بر برابری جنسیتی، Iranian broadcast journalist. Literature is my country,روزنامه‌نگار با تمرکز بر برابری جنسیتی، Iranian broadcast journalist. Literature is my country,2011-02-14T15:18:09+00:00,29649.0,895.0,54434.0,129.0,814.0,17009.0,17009.0,0.0,29649.0,5164.0,5.741479,0.173315,0.0,False,0.0,True,False,False,False,0.0,0.0,none,1.0,0.0,0.0,1.0,315.0,1.0,8.0,1140.0,0.0,3.293765,1.0,1.0,1.0,1.0,1.0,0.0,0.0,17008.0,17008.0,129.0,94,33.12737430167598,0,0,0,human(2),0,1,1,1,1,1
494247906.0,MRYAZDAN,mryazdan,MR YAZDANPANAH,journalist,journalist,2012-02-16T17:52:54+00:00,37171.0,1383.0,57128.0,76.0,3327.0,15636.0,15636.0,0.0,37171.0,4797.0,7.748801,0.288305,1.0,False,0.0,True,False,False,False,0.0,0.0,none,7.0,1.0,1.0,1.083333,35.41667,2.0,1.083333,1042.833,8265251.0,3.259537,0.0,0.0,2.0,2.0,4.0,0.083333,0.083333,2232.428571,15627.0,173.1667,10,26.87707881417209,0,0,0,human(2),0,1,1,1,1,1
1.20595e+18,Sheyda_RI,sheyda_ri,شیدا تهرانی,مشروطه‌خواه,مشروطه‌خواه,2019-12-14T20:26:33+00:00,3164.0,590.0,45250.0,6.0,562.0,6264.0,6264.0,0.0,3164.0,1939.0,1.631769,0.304281,1.0,False,0.0,True,False,False,False,0.0,0.0,none,4.0,1.0,0.0,1.2,94.8,1.0,2.6,129.8,13724885.0,3.230531,0.0,0.0,1.0,1.0,1.0,0.0,0.0,1564.75,6259.0,37.2,11,5.36271186440678,0,0,0,human(2),0,1,1,1,1,1
587281555.0,NaeimehDoustdar,naeimehdoustdar,Naeimeh Doustdar,"Journalist, Women Right's activist, writer and poet","Journalist, Women Right's activist, writer and poet",2012-05-22T09:12:41+00:00,10995.0,1510.0,43278.0,0.0,405.0,14503.0,14503.0,0.0,10995.0,4701.0,2.338864,0.321208,0.0,False,0.0,True,False,False,False,0.0,0.0,none,1.0,0.0,0.0,0.0,75.0,1.0,1.0,336.0,0.0,3.085088,1.0,1.0,1.0,1.0,1.0,0.0,0.0,14502.0,14502.0,63.0,51,7.281456953642384,0,0,0,human(2),0,1,1,1,1,1
1668894091.0,RezaVaisi,rezavaisi,Morad Vaisi,تحلیل‌گر ارشد در تلویزیون۲۴ساعته ایران اینترنشنال. پژوهشگر تاریخ جنگ ایران و عراق و ساختار قدرت در ج.ا با تمرکز بر رهبر و نیروهای مسلح,تحلیل‌گر ارشد در تلویزیون۲۴ساعته ایران اینترنشنال. پژوهشگر تاریخ جنگ ایران و عراق و ساختار قدرت در ج.ا با تمرکز بر رهبر و نیروهای مسلح,2013-08-13T22:15:37+00:00,165253.0,2008.0,13940.0,340.0,592.0,12891.0,12891.0,0.0,165253.0,4253.0,38.85563,0.472137,1.0,False,0.0,True,False,False,False,0.0,1.0,none,1.0,0.0,0.0,0.0,14.0,1.0,0.0,577.0,0.0,3.031037,1.0,1.0,1.0,1.0,1.0,0.0,0.0,12890.0,12890.0,236.0,134,82.29731075697211,0,0,0,human(2),0,1,1,1,1,1
1.05628e+18,benyamin_aras,benyamin_aras,بنیامین 60,پارسی و آریایی  #رضاشاه_دوم #جاویدشاه.  #KingRezaPahlavi,پارسی و آریایی رضاشاه_دوم جاویدشاه. KingRezaPahlavi,2018-10-27T20:34:43+00:00,3378.0,2621.0,17113.0,0.0,14.0,6950.0,6950.0,0.0,3378.0,2352.0,1.436224,1.114371,1.0,False,0.0,False,False,False,False,1.0,0.0,none,0.0,0.0,1.0,0.0,4.0,1.0,2.0,2.0,0.0,2.954932,1.0,1.0,1.0,1.0,1.0,1.0,1.0,6949.0,6949.0,0.0,56,1.2888210606638688,2,0,0,human(2),0,1,1,1,1,1
9.59891e+17,hojjat_kalashi,hojjat_kalashi,حجت کلاشی,فعال سیاسی,فعال سیاسی,2018-02-03T20:48:15+00:00,51215.0,650.0,73386.0,113.0,210.0,7689.0,7689.0,0.0,51215.0,2618.0,19.56264,0.248281,0.0,False,0.0,True,False,False,False,0.0,0.0,none,13.0,3.0,6.0,0.181818,89.09091,1.0,0.818182,1143.909,6778921.0,2.936975,0.0,0.0,2.0,2.0,1.0,0.090909,0.090909,589.7692308,7667.0,311.2727,10,78.79230769230769,0,0,0,human(2),0,1,1,1,1,1
3171597977.0,afshari_aku,afshari_aku,Ali Afshari,"Ph.D., bioinformatics and medical device researcher,Iran political and social affair analyst ,Adjunct faculty in GWU,Trine university, and prodemocracy activist","Ph.D., bioinformatics and medical device researcher,Iran political and social affair analyst ,Adjunct faculty in GWU,Trine university, and prodemocracy activist",2015-04-15T23:47:42+00:00,24101.0,1218.0,9822.0,111.0,1167.0,10598.0,10598.0,0.0,24101.0,3643.0,6.615701,0.33434,1.0,False,0.0,True,False,False,False,0.0,0.0,none,4.0,0.0,0.0,0.0,44.0,1.0,0.0,419.75,4801693.0,2.909141,0.0,0.0,1.0,1.0,1.0,0.0,0.0,2648.5,10594.0,41.0,160,19.78735632183908,0,0,0,human(2),0,1,1,1,1,1
8.24916e+17,MehdiHajati,mehdihajati,Mehdi Hajati,"در تلاش برای وفاداری به دو چیز: به حقیقت و به ایران It brings loneliness, But the only thing a person has is the truth.","در تلاش برای وفاداری به دو چیز: به حقیقت و به ایران It brings loneliness, But the only thing a person has is the truth.",2017-01-27T09:46:31+00:00,100322.0,1831.0,47067.0,253.0,444.0,8520.0,8520.0,0.0,100322.0,2990.0,33.55251,0.612375,1.0,False,0.0,True,False,False,False,0.0,0.0,none,4.0,1.0,0.0,0.166667,40.33333,2.0,0.666667,1395.333,8565354.0,2.849498,0.0,0.0,2.0,3.0,2.0,0.166667,0.166667,2128.75,8515.0,348.8333,119,54.790824685963955,0,0,0,human(2),0,1,1,1,1,1
1.10657e+18,ketn7912,ketn7912,behna31152,طرفدار شاهزاده رضا پهلوی تا ابد جاوید شاه,طرفدار شاهزاده رضا پهلوی تا ابد جاوید شاه,2019-03-15T14:48:29+00:00,5189.0,6153.0,115322.0,4.0,4918.0,6272.0,6272.0,0.0,5189.0,2213.0,2.344781,2.780389,1.0,False,0.0,False,False,False,False,0.0,0.0,none,13.0,0.0,0.0,1.0,25.35714,1.0,0.928571,159.1429,7464831.0,2.834162,0.0,0.0,2.0,2.0,2.0,0.0,0.0,481.4615385,6259.0,35.5,41,0.8433284576629286,5,4,0,human(2),0,1,1,1,1,1
8.76785e+17,m_rahmanifar,m_rahmanifar,Mohammad Rahmanifar,Journalist Translator Researcher . Columnist on Apa news agency: https://t.co/qn6JnLc2P7,Journalist Translator Researcher . Columnist on Apa news agency:,2017-06-19T12:53:20+00:00,13940.0,538.0,62934.0,29.0,1028.0,7883.0,7883.0,0.0,13940.0,2847.0,4.896382,0.188971,1.0,False,0.0,True,False,False,False,0.0,1.0,none,1.0,0.0,0.0,0.0,38.0,1.0,1.0,348.0,0.0,2.76888,1.0,1.0,1.0,1.0,1.0,0.0,0.0,7882.0,7882.0,25.0,88,25.91078066914498,0,0,1,human(2),0,1,1,1,1,1
9.47243e+17,AliHamid27,alihamid27,Ali Hamid,Documentary Filmmaker/@manototv,Documentary Filmmaker/@manototv,2017-12-30T23:07:07+00:00,29654.0,454.0,19463.0,35.0,2381.0,7029.0,7029.0,0.0,29654.0,2653.0,11.17753,0.171127,1.0,False,0.0,True,False,False,False,0.0,0.0,none,7.0,1.0,2.0,0.7,31.0,2.0,0.0,2118.4,8798275.0,2.649453,0.0,0.0,1.0,2.0,1.0,0.0,0.0,1002.714286,7019.0,279.3,31,65.31718061674009,0,2,0,human(2),0,1,1,1,1,1
2383455180.0,shooresh57,shooresh57,Faryad Khashm,I am in favor of establishing monarchy in Iran and want to overthrow the criminal regime in Iran,I am in favor of establishing monarchy in Iran and want to overthrow the criminal regime in Iran,2014-03-11T09:35:13+00:00,5514.0,1927.0,25813.0,4.0,1083.0,10525.0,10525.0,0.0,5514.0,4043.0,1.363839,0.476626,1.0,False,0.0,False,False,False,False,0.0,0.0,none,138.0,0.0,2.0,1.028571,29.24286,1.0,1.278571,533.9143,351661.3,2.603265,0.0,0.0,3.0,4.0,2.0,0.014286,0.035714,75.25362319,10385.0,89.60714,96,2.861442656979761,0,2,0,human(2),0,1,1,1,1,1
1113100093.0,SGhasseminejad,sghasseminejad,Saeed Ghasseminejad,"Senior Advisor & Financial Economist at @FDD, Finance PhD. Former engineer. Classical liberal & nonpartisan. Opinions mine/RT=FYI; Like=Archived.","Senior Advisor & Financial Economist at @FDD, Finance PhD. Former engineer. Classical liberal & nonpartisan. Opinions mine/RT=FYI; Like=Archived.",2013-01-23T01:17:31+00:00,116820.0,1626.0,20243.0,441.0,1624.0,11386.0,11386.0,0.0,116820.0,4455.0,26.22222,0.364983,0.0,False,0.0,True,False,False,False,0.0,0.0,none,11.0,2.0,0.0,0.923077,32.84615,2.0,1.692308,3571.231,7231957.0,2.55578,0.0,0.0,1.0,1.0,1.0,0.076923,0.076923,1033.909091,11373.0,713.0769,145,71.8450184501845,0,0,0,human(2),0,1,1,1,1,1
1.11425e+18,RezaAhmadi_Lion,rezaahmadi_lion,👑Reza Ahmadi👑,پادشاهی خواه و طرفدار دودمان ایران ساز و پرافتخار پهلوی,پادشاهی خواه و طرفدار دودمان ایران ساز و پرافتخار پهلوی,2019-04-05T19:43:41+00:00,1448.0,1262.0,50880.0,1.0,80.0,5564.0,5564.0,0.0,1448.0,2192.0,0.660584,0.57573,1.0,False,0.0,True,False,False,False,0.0,0.0,none,1.0,0.0,0.0,0.0,24.0,1.0,1.0,105.0,0.0,2.538321,1.0,1.0,1.0,1.0,1.0,0.0,0.0,5563.0,5563.0,26.0,55,1.1473851030110935,0,0,0,human(2),0,1,1,1,1,1
437780037.0,abdorezaahmadi,abdorezaahmadi,Abdolreza Ahmadi,Financial and Data Analyst,Financial and Data Analyst,2011-12-15T20:40:56+00:00,8720.0,775.0,58204.0,27.0,478.0,12323.0,12323.0,0.0,8720.0,4860.0,1.794239,0.159465,0.0,False,0.0,True,False,False,False,0.0,0.0,none,1.0,0.0,0.0,1.0,7.0,1.0,2.0,241.0,0.0,2.535597,1.0,1.0,1.0,1.0,1.0,0.0,0.0,12322.0,12322.0,52.0,26,11.251612903225807,0,0,0,human(2),0,1,1,1,1,1
2602233331.0,vahid_esmaeilii,vahid_esmaeilii,VAHID ESMAEILI,همی نالم که مادر در برم نیست😢 #زن_زندگی_آزادی #مرد_میهن_آبادی     #علی_کریمی #حمید_رضا_روحی #سید_محمد_حسینی,همی نالم که مادر در برم نیست زن_زندگی_آزادی مرد_میهن_آبادی علی_کریمی حمید_رضا_روحی سید_محمد_حسینی,2014-07-03T20:33:38+00:00,14283.0,238.0,40387.0,12.0,765.0,9789.0,9789.0,0.0,14283.0,3929.0,3.635276,0.060575,1.0,False,0.0,True,False,False,False,1.0,0.0,none,5.0,0.0,0.0,1.0,28.2,1.0,2.0,327.6,1659815.0,2.491474,0.0,0.0,1.0,1.0,1.0,0.2,0.2,1956.8,9784.0,52.2,107,60.01260504201681,0,0,0,human(2),0,1,1,1,1,1
386352604.0,SinaToossi,sinatoossi,Sina Toossi,"senior fellow @CIPolicy | tweets mostly on Iran, US foreign policy, Middle East | bylines in @ForeignAffairs, @ForeignPolicy, @Guardian, and elsewhere.","senior fellow @CIPolicy | tweets mostly on Iran, US foreign policy, Middle East | bylines in @ForeignAffairs, @ForeignPolicy, @Guardian, and elsewhere.",2011-10-07T03:17:55+00:00,22266.0,2565.0,47251.0,447.0,1652.0,12278.0,12278.0,0.0,22266.0,4929.0,4.517346,0.52039,0.0,False,0.0,True,False,False,False,0.0,0.0,regular,0.0,0.0,1.0,1.0,34.0,1.0,1.0,10.0,0.0,2.490972,1.0,1.0,1.0,1.0,1.0,0.0,0.0,12277.0,12277.0,2.0,151,8.680701754385964,0,0,0,human(2),0,1,1,1,1,1
38220732.0,TaraMedric,taramedric,Tara Niazi,A proud mom,A proud mom,2009-05-06T16:48:49+00:00,13846.0,1548.0,60738.0,33.0,2348.0,13435.0,13435.0,0.0,13846.0,5813.0,2.381903,0.2663,0.0,False,0.0,True,False,False,False,0.0,0.0,none,23.0,6.0,0.0,0.655172,21.7931,2.0,1.62069,529.8621,730593.9,2.311199,0.0,0.0,1.0,2.0,1.0,0.034483,0.034483,582.8695652,13406.0,74.10345,11,8.944444444444445,0,0,0,human(2),0,1,1,1,1,1
9.9191e+17,k_Mostafavi,k_mostafavi,Khashayar Mostafavi,"Filmmaker:
The truth and nothing but the truth-122 Min-2021/

Dasein-92 Min-2017/

Fight me 90 Min- 2015/","Filmmaker:
 The truth and nothing but the truth-122 Min-2021/
 
 Dasein-92 Min-2017/
 
 Fight me 90 Min- 2015/",2018-05-03T05:19:14+00:00,17734.0,395.0,28152.0,61.0,2072.0,5808.0,5808.0,0.0,17734.0,2529.0,7.012258,0.156188,0.0,False,0.0,True,False,False,False,0.0,1.0,none,0.0,1.0,0.0,0.0,85.0,1.0,2.0,668.0,0.0,2.29656,1.0,1.0,1.0,1.0,1.0,0.0,0.0,5807.0,5807.0,218.0,105,44.89620253164557,0,0,0,human(2),0,1,1,1,1,1
2906216146.0,mabi182,mabi182,Mahboobeh Hosseinpour,,,2014-12-05T10:01:29+00:00,4188.0,529.0,31988.0,7.0,828.0,8653.0,8653.0,0.0,4188.0,3774.0,1.109698,0.14017,1.0,False,0.0,True,False,False,False,0.0,0.0,none,10.0,1.0,9.0,0.344828,53.24138,1.0,4.724138,46.89655,4364979.0,2.292793,0.0,0.0,2.0,6.0,10.0,0.310345,0.724138,863.3,8633.0,13.0,0,7.916824196597354,0,3,0,human(2),0,1,1,0,1,1
1.03055e+18,Bob00033791,bob00033791,Bob. (مبارزان مشروطه),مرگ حقیرتر از انست که بخواهد مقابل ازادی قد علم کند .,مرگ حقیرتر از انست که بخواهد مقابل ازادی قد علم کند .,2018-08-17T20:16:43+00:00,4151.0,3904.0,23195.0,1.0,71.0,5485.0,5485.0,0.0,4151.0,2423.0,1.713165,1.611226,1.0,False,0.0,True,False,False,False,0.0,0.0,none,3.0,0.0,0.0,1.0,25.66667,1.0,2.0,231.6667,2943471.0,2.263723,0.0,0.0,1.0,1.0,1.0,0.0,0.0,1827.333333,5482.0,78.33333,53,1.0632684426229508,0,8,0,human(2),0,1,1,1,1,1
187615843.0,mahistan,mahistan,Behnam Amini بهنام امینی,فَر ایران را می ستائیم Political Activist,فَر ایران را می ستائیم Political Activist,2010-09-06T18:25:20+00:00,15435.0,170.0,35294.0,28.0,2849.0,10879.0,10879.0,0.0,15435.0,5325.0,2.898592,0.031925,0.0,False,0.0,True,False,False,False,0.0,0.0,none,24.0,5.0,2.0,0.666667,65.66667,1.0,1.666667,1007.595,1796116.0,2.043005,0.0,0.0,4.0,6.0,12.0,0.071429,0.119048,452.0,10848.0,177.0952,41,90.79411764705883,0,0,0,human(2),0,1,1,1,1,1
1.66527e+18,pahlavi_yasmine,pahlavi_yasmine,Yasmine Pahlavi Fanpage,صفحه انتشار محتوای نشر شده در حساب کاربری اینستاگرام شهبانو یاسمین پهلوی,صفحه انتشار محتوای نشر شده در حساب کاربری اینستاگرام شهبانو یاسمین پهلوی,2023-06-04T08:13:09+00:00,3827.0,1519.0,338.0,4.0,1330.0,1338.0,1338.0,0.0,3827.0,671.0,5.703428,2.263785,1.0,False,0.0,False,False,False,False,0.0,0.0,none,4.0,0.0,0.0,1.0,15.42857,1.0,1.285714,487.8571,259480.0,1.994039,0.0,0.0,2.0,4.0,4.0,0.0,0.0,333.5,1334.0,111.1429,72,2.5194206714944043,0,0,0,bot(1),1,1,1,1,1,1
8.15592e+17,BehrouzBoochani,behrouzboochani,Behrouz Boochani,Writer/ Kurd,Writer/ Kurd,2017-01-01T16:12:48+00:00,80798.0,2746.0,3537.0,407.0,373.0,5559.0,5559.0,0.0,80798.0,3016.0,26.78979,0.910477,1.0,False,0.0,True,False,False,False,0.0,0.0,none,1.0,0.0,0.0,0.0,53.0,1.0,0.0,3127.0,0.0,1.84317,1.0,1.0,1.0,1.0,1.0,0.0,0.0,5558.0,5558.0,609.0,12,29.423889293517846,0,0,0,human(2),0,1,1,1,1,1
37413528.0,Parpanchi,parpanchi,Mehdi Parpanchi,"Executive Editor, US @IranIntl TV, Former Iran Service Director @RFERL’s @RadioFarda_ , Former Lead Presenter @bbcpersian","Executive Editor, US @IranIntl TV, Former Iran Service Director @RFERL’s @RadioFarda_ , Former Lead Presenter @bbcpersian",2009-05-03T13:06:46+00:00,315550.0,2031.0,360.0,624.0,776.0,10248.0,10248.0,0.0,315550.0,5816.0,54.2555,0.349209,0.0,False,0.0,False,False,False,False,0.0,0.0,regular,1.0,0.0,0.0,0.0,48.0,1.0,0.0,7099.0,0.0,1.762036,1.0,1.0,1.0,1.0,1.0,0.0,0.0,10247.0,10247.0,1532.0,121,155.3668143771541,0,0,0,human(2),0,1,1,1,1,1
1.15729e+18,rasulbajelan,rasulbajelan,Rasulbajelan,تنها راه نجات ایران رضا شاه دوم پهلوی سوم است، همانند رضا شاه کبیر که ایران ویران قاجار را آباد کرد,تنها راه نجات ایران رضا شاه دوم پهلوی سوم است، همانند رضا شاه کبیر که ایران ویران قاجار را آباد کرد,2019-08-02T13:55:29+00:00,3009.0,2485.0,52819.0,0.0,424.0,3566.0,3566.0,0.0,3009.0,2073.0,1.45152,1.198746,1.0,False,0.0,True,False,False,False,0.0,0.0,none,1.0,0.0,8.0,0.090909,37.09091,2.0,1.363636,5.909091,9336622.0,1.720212,0.0,0.0,2.0,2.0,3.0,0.818182,1.0,3557.0,3557.0,1.454545,99,1.2108651911468813,0,0,0,human(2),0,1,1,1,1,1
244957471.0,shaheen_ir,shaheen_ir,شاهین مهاجری از اینستا,"من اگر برخيزم. تو اگر برخيزي. همه بر مي خيزند.
kord","من اگر برخيزم. تو اگر برخيزي. همه بر مي خيزند.
 kord",2011-01-30T14:49:15+00:00,5209.0,5846.0,45626.0,3.0,562.0,8544.0,8544.0,0.0,5209.0,5179.0,1.005793,1.128789,0.0,False,0.0,True,False,False,False,0.0,0.0,none,0.0,0.0,1.0,0.0,21.0,1.0,1.0,0.0,0.0,1.649739,1.0,1.0,1.0,1.0,1.0,1.0,1.0,8543.0,8543.0,0.0,51,0.8910366062264796,0,0,0,human(2),0,1,1,1,1,1
8.1769e+17,vajname,vajname,واج نامه,"نخستین ماهنامه آزاد ، بدون سانسور، مستقل زرتشتیان(مَزدیَسنا)

ایمیل واج نامه:⬅️
vajname@gmail.com

اینستاگرام واج نامه:⬅️
@vajnamee","نخستین ماهنامه آزاد ، بدون سانسور، مستقل زرتشتیان(مَزدیَسنا)
 
 ایمیل واج نامه:
 vajname@gmail.com
 
 اینستاگرام واج نامه:
 @vajnamee",2017-01-07T11:10:30+00:00,4834.0,8.0,7145.0,5.0,930.0,4439.0,4439.0,0.0,4834.0,3010.0,1.60598,0.002658,0.0,False,0.0,False,False,False,False,0.0,0.0,none,1.0,0.0,0.0,1.0,37.0,1.0,5.0,13.0,0.0,1.474751,1.0,1.0,1.0,1.0,1.0,0.0,0.0,4438.0,4438.0,0.0,131,604.25,0,0,0,human(2),0,1,1,1,1,1
9.6777e+17,rosaparto,rosaparto,Rosaparto עם ישראל חי,Iranian&Israeli Journalist & Correspondent ex @kann_news (instagram @rosaparto). @IFJGlobal,Iranian&Israeli Journalist & Correspondent ex @kann_news (instagram @rosaparto). @IFJGlobal,2018-02-25T14:37:00+00:00,3694.0,1494.0,21048.0,25.0,1032.0,3828.0,3828.0,0.0,3694.0,2596.0,1.422958,0.575501,1.0,False,0.0,True,False,False,False,0.0,0.0,none,1.0,0.0,0.0,1.0,54.0,1.0,3.0,116.0,0.0,1.474576,2.0,2.0,2.0,2.0,2.0,0.0,0.0,3827.0,3827.0,3.0,91,2.4725568942436413,0,0,0,human(2),0,1,1,1,1,1
1460339257.0,ToukaNeyestani,toukaneyestani,Touka Neyestani,تا اطلاع ثانوی کاریکاتوریست رسمی دربار همایونی,تا اطلاع ثانوی کاریکاتوریست رسمی دربار همایونی,2013-05-26T18:24:31+00:00,24944.0,277.0,44386.0,82.0,934.0,6253.0,6253.0,0.0,24944.0,4332.0,5.758079,0.063943,1.0,False,0.0,True,False,False,False,0.0,0.0,none,0.0,0.0,2.0,0.0,18.0,1.0,0.0,29.5,2504176.0,1.443444,0.0,0.0,1.0,1.0,1.0,1.0,1.0,6251.0,6251.0,1.5,46,90.05054151624549,0,0,0,human(2),0,1,1,1,1,1
1.05826e+18,MajidTavakolii,majidtavakolii,Majid Tavakoli,"دموکراسی‌خواه و پژوهشگر سیاسی
--- در این‌سال‌ها هیچ شرایطِ خاصی برای پایبندنبودن به حقیقت وجود ندارد. majidtavakoliiran@gmail.com","دموکراسی‌خواه و پژوهشگر سیاسی
 --- در این‌سال‌ها هیچ شرایطِ خاصی برای پایبندنبودن به حقیقت وجود ندارد. majidtavakoliiran@gmail.com",2018-11-02T07:47:09+00:00,171586.0,355.0,48101.0,406.0,41.0,3383.0,3383.0,0.0,171586.0,2346.0,73.13981,0.151321,1.0,False,0.0,True,False,False,False,0.0,0.0,none,0.0,1.0,0.0,0.0,51.0,1.0,0.0,2245.0,0.0,1.442029,1.0,1.0,1.0,1.0,1.0,0.0,0.0,3382.0,3382.0,336.0,129,483.3408450704225,0,0,0,human(2),0,1,1,1,1,1
246019371.0,SiamakGhassemi,siamakghassemi,سیامک قاسمی,MBA & DBA سازمان مدیریت صنعتی | بنیان‌گذار موسسه مطالعات اقتصادی بامداد | مديرعامل شرکت سرمایه‌گذاری بامدادبیزنس | مشاوره اقتصادی و سرمایه‌گذاری: 22029600,MBA & DBA سازمان مدیریت صنعتی | بنیان‌گذار موسسه مطالعات اقتصادی بامداد | مديرعامل شرکت سرمایه‌گذاری بامدادبیزنس | مشاوره اقتصادی و سرمایه‌گذاری: 22029600,2011-02-01T23:31:00+00:00,164518.0,193.0,23247.0,195.0,844.0,7367.0,7367.0,0.0,164518.0,5177.0,31.77864,0.03728,1.0,False,0.0,True,False,False,False,0.0,1.0,none,1.0,0.0,0.0,0.0,34.0,1.0,1.0,58.0,0.0,1.423025,1.0,1.0,1.0,1.0,1.0,0.0,0.0,7366.0,7366.0,2.0,154,852.4248704663213,0,0,0,human(2),0,1,1,1,1,1
1.71719e+18,Parsaghobadi123,parsaghobadi123,Parsa Ghobadi,"آسیب دیده دو چشم جنبش ملی 1401 
خەڵک کوردستانم گیانم بو ئێرانه🦁☀
پادشاهی خواه♚ مشروطه مینارشیک
⚙︎constitutional Kingdom ⚙︎
پاتروتیک ⨷anti gingoism ⨷","آسیب دیده دو چشم جنبش ملی 1401 
 خەڵک کوردستانم گیانم بو ئێرانه
 پادشاهی خواه♚ مشروطه مینارشیک
 constitutional Kingdom 
 پاتروتیک ⨷anti gingoism ⨷",2023-10-25T14:36:33+00:00,3818.0,121.0,3410.0,5.0,80.0,738.0,738.0,0.0,3818.0,528.0,7.231061,0.229167,1.0,False,0.0,False,False,False,False,0.0,1.0,none,4.0,0.0,0.0,1.25,29.5,1.0,2.25,1035.5,6478328.0,1.397727,0.0,0.0,1.0,1.0,1.0,0.0,0.0,183.5,734.0,268.5,148,31.553719008264462,0,3,0,human(2),0,1,1,1,1,1
2364164407.0,KasraAarabi,kasraaarabi,Kasra Aarabi (کسری اعرابی),"Director of IRGC Research @UANI — Iran, IRGC & Shia Islamist Extremism Specialist | PhD-ing IRGC @univofstandrews | فارسی | Own Views","Director of IRGC Research @UANI — Iran, IRGC & Shia Islamist Extremism Specialist | PhD-ing IRGC @univofstandrews | فارسی | Own Views",2014-02-27T13:13:32+00:00,36180.0,1170.0,7938.0,262.0,1031.0,5347.0,5347.0,0.0,36180.0,4055.0,8.922318,0.288533,1.0,False,0.0,True,False,False,False,0.0,0.0,none,2.0,0.0,0.0,1.0,46.0,2.0,0.5,699.0,87028.0,1.318619,0.0,0.0,1.0,1.0,1.0,0.5,3.0,2672.5,5345.0,131.0,133,30.923076923076923,0,0,0,human(2),0,1,1,1,1,1
1577295546.0,samadiHosein,samadihosein,Hosein Samadi,"🌍 International Law Researcher | LLB, LLM. 
 Advocate for a Secular, Democratic Iran and the Rule of Law. 
@PahlaviReza","International Law Researcher | LLB, LLM. 
  Advocate for a Secular, Democratic Iran and the Rule of Law. 
 @PahlaviReza",2013-07-08T10:26:11+00:00,5204.0,3011.0,29443.0,1.0,33.0,5375.0,5375.0,0.0,5204.0,4289.0,1.213336,0.702028,1.0,False,0.0,False,False,False,False,0.0,0.0,none,2.0,1.0,1.0,0.5,24.75,1.0,1.75,569.75,2898306.0,1.253206,0.0,0.0,1.0,2.0,1.0,0.5,2.0,2685.5,5371.0,133.25,119,1.7283294586516107,0,0,0,bot(1),1,1,1,1,1,1
842330377.0,bashirtash,bashirtash,Saeed Bashirtash,The head of The 7 Aban Front (Solidarity For The Liberation Of Iran) مسئول شورای مرکزی جبهه هفت آبان,The head of The 7 Aban Front (Solidarity For The Liberation Of Iran) مسئول شورای مرکزی جبهه هفت آبان,2012-09-23T20:08:01+00:00,72030.0,491.0,13022.0,151.0,1275.0,4908.0,4908.0,0.0,72030.0,4577.0,15.73738,0.107276,0.0,False,0.0,True,False,False,False,0.0,1.0,none,1.0,0.0,0.0,1.0,27.0,1.0,0.0,639.0,0.0,1.072318,1.0,1.0,1.0,1.0,1.0,0.0,0.0,4907.0,4907.0,113.0,100,146.70061099796334,0,0,0,human(2),0,1,1,1,1,1
39905464.0,Fakhravar,fakhravar,Amir Fakhravar,"The Republican Prince
Author of Comrade Ayatollah، Constitutional Law prof. & Senate Chairman of NIC
نویسنده كتاب رفيق آیت الله، استادحقوق اساسي دانشگاه تگزاس","The Republican Prince
 Author of Comrade Ayatollah، Constitutional Law prof. & Senate Chairman of NIC
 نویسنده كتاب رفيق آیت الله، استادحقوق اساسي دانشگاه تگزاس",2009-05-14T02:26:19+00:00,28911.0,513.0,17959.0,88.0,1594.0,6209.0,6209.0,0.0,28911.0,5805.0,4.980362,0.088372,0.0,False,0.0,True,False,False,False,0.0,0.0,none,1.0,1.0,0.0,0.0,35.5,1.0,1.5,285.5,12273911.0,1.069595,0.0,0.0,1.0,1.0,1.0,0.0,0.0,6207.0,6207.0,67.5,158,56.35672514619883,0,0,0,human(2),0,1,1,1,1,1
8.25066e+17,milaniabbas,milaniabbas,Abbas Milani,"Director, Hamid & Christina Moghadam Program in Iranian Studies, Stanford University. Research Fellow at Hoover. Opinions are my own. Telegram: https://t.co/vWsiNIFuN1","Director, Hamid & Christina Moghadam Program in Iranian Studies, Stanford University. Research Fellow at Hoover. Opinions are my own. Telegram:",2017-01-27T19:40:21+00:00,178921.0,48.0,528.0,392.0,41.0,2899.0,2899.0,0.0,178921.0,2990.0,59.8398,0.016054,1.0,False,0.0,False,False,False,False,0.0,1.0,none,1.0,0.0,0.0,0.0,12.0,1.0,0.0,463.0,0.0,0.969565,1.0,1.0,1.0,1.0,1.0,0.0,0.0,2898.0,2898.0,58.0,167,3727.5208333333335,0,0,1,bot(1),1,1,1,1,1,1
396645388.0,sadeghZibakalam,sadeghzibakalam,sadeghZibakalam,"Professor of Political Science University of Tehran, Author and political analyst. https://t.co/9Va79HoO0p","Professor of Political Science University of Tehran, Author and political analyst.",2011-10-23T15:34:36+00:00,441973.0,1.0,0.0,862.0,49.0,4064.0,4064.0,0.0,441973.0,4913.0,89.9599,0.000204,1.0,False,0.0,False,False,False,False,0.0,1.0,none,1.0,0.0,0.0,0.0,45.0,1.0,0.0,1247.0,0.0,0.827193,1.0,1.0,1.0,1.0,1.0,0.0,0.0,4063.0,4063.0,67.0,106,441973.0,0,0,1,human(2),0,1,1,1,1,1
97523590.0,nejatbahrami,nejatbahrami,nejat.bahrami نجات بهرامی,writer and freelance journalist/ کانال یوتیوب را دنبال کنید,writer and freelance journalist/ کانال یوتیوب را دنبال کنید,2009-12-17T20:55:24+00:00,17452.0,972.0,26073.0,56.0,938.0,4087.0,4087.0,0.0,17452.0,5588.0,3.123121,0.173944,0.0,False,0.0,True,False,False,False,0.0,0.0,none,1.0,1.0,0.0,0.0,48.0,1.0,1.0,941.0,34382093.0,0.731389,0.0,0.0,1.0,1.0,1.0,0.0,0.0,4085.0,4085.0,200.5,59,17.954732510288064,0,0,0,human(2),0,1,1,1,1,1
38154763.0,PahlaviReza,pahlavireza,Reza Pahlavi,"Advocate for a Secular Democratic Iran

زن زندگی آزادی
مرد میهن آبادی","Advocate for a Secular Democratic Iran
 
 زن زندگی آزادی
 مرد میهن آبادی",2009-05-06T10:52:38+00:00,1527652.0,75.0,270.0,2132.0,1143.0,4151.0,4151.0,0.0,1527652.0,5813.0,262.7992,0.012902,0.0,False,0.0,False,False,False,False,0.0,0.0,regular,27.0,0.0,3.0,0.233333,22.86667,5.0,2.6,2982.733,14244974.0,0.714089,0.0,0.0,1.0,1.0,1.0,0.0,0.0,152.6296296,4121.0,897.5667,69,20368.693333333333,0,0,0,human(2),0,1,1,1,1,1
7.4055e+17,OmidKT62,omidkt62,Omid Khalili Tajrishi 𓃬☼,human,human,2016-06-08T14:26:10+00:00,48849.0,228.0,6679.0,49.0,239.0,2248.0,2248.0,0.0,48849.0,3223.0,15.15638,0.070742,1.0,False,0.0,True,False,False,False,0.0,0.0,none,7.0,4.0,1.0,0.333333,20.25,3.0,1.583333,926.1667,3227752.0,0.697487,0.0,0.0,1.0,2.0,1.0,0.0,0.166667,319.4285714,2236.0,100.0833,5,214.25,0,2,0,human(2),0,1,1,1,1,1
9.47323e+17,Hila1363,hila1363,Hila,#ما_ملت_کبیریم_ایران_رو_پس_میگیریم,ما_ملت_کبیریم_ایران_رو_پس_میگیریم,2017-12-31T04:25:34+00:00,9221.0,643.0,11527.0,3.0,404.0,1848.0,1848.0,0.0,9221.0,2652.0,3.476998,0.242459,1.0,False,0.0,True,False,False,False,1.0,0.0,none,5.0,1.0,16.0,0.441176,14.79412,3.0,1.176471,300.6176,2973132.0,0.696833,0.0,0.0,4.0,6.0,13.0,0.647059,0.764706,365.2,1826.0,52.41176,34,14.34059097978227,0,4,0,human(2),0,1,1,1,1,1
1.8295e+18,F_Mohajerani,f_mohajerani,فاطمه مهاجرانی,سخنگوی دولت جمهوری اسلامی ایران؛ دختر، همسر، مادر، مهندس مکانیک، دکترای سیاست‌گذاری بازرگانی,سخنگوی دولت جمهوری اسلامی ایران؛ دختر، همسر، مادر، مهندس مکانیک، دکترای سیاست‌گذاری بازرگانی,2024-08-30T12:51:31+00:00,12864.0,77.0,94.0,62.0,34.0,150.0,150.0,0.0,12864.0,218.0,59.00917,0.353211,1.0,False,0.0,False,False,False,False,0.0,0.0,none,2.0,0.0,0.0,0.5,71.5,1.0,1.0,486.5,64393.5,0.688073,0.0,0.0,2.0,2.0,3.0,0.0,0.0,74.0,148.0,24.5,92,167.06493506493507,0,0,0,human(2),0,1,1,1,1,1
1.01596e+18,hassanshariatm5,hassanshariatm5,Hassan Shariatmadari. حسن شریعتمداری,"معتقد به دموكراسى، سکولاریسم، عدالت، آزادى، صلح و مدارا «این صفحه با نظارت  مهندس شریعتمداری و بدست ادمین اداره می شود»
  For Democracy,  Justice and Liberty","معتقد به دموكراسى، سکولاریسم، عدالت، آزادى، صلح و مدارا «این صفحه با نظارت مهندس شریعتمداری و بدست ادمین اداره می شود»
  For Democracy, Justice and Liberty",2018-07-08T14:20:36+00:00,41088.0,68.0,31.0,85.0,326.0,1665.0,1665.0,0.0,41088.0,2463.0,16.6821,0.027609,1.0,False,0.0,True,False,False,False,0.0,0.0,none,1.0,0.0,0.0,0.0,22.0,1.0,2.0,239.0,0.0,0.676005,1.0,1.0,1.0,1.0,1.0,0.0,0.0,1664.0,1664.0,29.0,157,604.2352941176471,0,1,0,human(2),0,1,1,1,1,1
1.37814e+18,IranianArts,iranianarts,هُنر ایرانی,پاینده ایران.,پاینده ایران.,2021-04-03T00:22:55+00:00,39929.0,3.0,0.0,100.0,638.0,882.0,882.0,0.0,39929.0,1463.0,27.29255,0.002051,1.0,False,0.0,True,False,False,False,0.0,0.0,none,1.0,0.0,0.0,1.0,7.0,1.0,0.0,2284.0,0.0,0.602871,1.0,1.0,1.0,1.0,1.0,0.0,0.0,881.0,881.0,73.0,13,13309.666666666666,0,0,0,human(2),0,1,1,1,1,1
9.6028e+17,itshamedfard,itshamedfard,Hamed Fard,The Official Profile For Hamed Fard,The Official Profile For Hamed Fard,2018-02-04T22:31:14+00:00,31543.0,128.0,1807.0,32.0,366.0,1496.0,1496.0,0.0,31543.0,2617.0,12.05311,0.048911,1.0,False,0.0,True,False,False,False,0.0,0.0,none,43.0,3.0,2.0,0.916667,33.33333,1.0,1.4375,2336.292,1498101.0,0.571647,0.0,0.0,2.0,3.0,1.0,0.041667,0.041667,33.6744186,1448.0,472.9792,35,246.4296875,0,0,0,human(2),0,1,1,1,1,1
1316150730.0,NaderSoltanpour,nadersoltanpour,Nader Soltanpour نادر سلطانپور,"Freelance Journalist
🌐پادکست‌ «جهان با نادر»🌐
🔗https://t.co/NfiWa9CdpH
🔗https://t.co/ESYHcoKGIZ","Freelance Journalist
 پادکست‌ «جهان با نادر»",2013-03-30T10:18:12+00:00,35357.0,379.0,5038.0,89.0,459.0,2235.0,2235.0,0.0,35357.0,4389.0,8.055821,0.086352,0.0,False,0.0,True,False,False,False,0.0,1.0,none,0.0,1.0,0.0,0.0,127.0,1.0,0.0,1208.0,0.0,0.509228,2.0,2.0,2.0,2.0,2.0,0.0,0.0,2234.0,2234.0,131.0,95,93.29023746701847,0,0,1,human(2),0,1,1,1,1,1
559891962.0,TinaGhazimorad,tinaghazimorad,Tina Ghazimorad,Editor-In-Chief @manototv Newsroom سردبیر اتاق خبر منوتو,Editor-In-Chief @manototv Newsroom سردبیر اتاق خبر منوتو,2012-04-21T19:20:01+00:00,42874.0,1349.0,50692.0,89.0,371.0,2255.0,2255.0,0.0,42874.0,4732.0,9.06044,0.28508,1.0,False,0.0,True,False,False,False,0.0,0.0,none,3.0,0.0,0.0,1.0,51.5,1.0,1.25,1418.75,16387732.0,0.476543,0.0,0.0,2.0,2.0,2.0,0.0,0.0,750.6666667,2252.0,245.0,56,31.782060785767236,0,0,0,human(2),0,1,1,1,1,1
119521696.0,ShaunToub,shauntoub,Shaun Toub,"Actor. IronMan, Homeland, Crash, https://t.co/ODPX6b9rl5 my work, Sports, beach, music. Follow me on Instagram, twitter, FB page https://t.co/mE3wiFWNlO","Actor. IronMan, Homeland, Crash, my work, Sports, beach, music. Follow me on Instagram, twitter, FB page",2010-03-03T22:24:06+00:00,7687.0,28.0,1231.0,69.0,903.0,2537.0,2537.0,0.0,7687.0,5512.0,1.394594,0.00508,0.0,False,0.0,False,False,False,False,0.0,1.0,none,1.0,0.0,0.0,1.0,49.0,1.0,2.0,10.0,0.0,0.460269,1.0,1.0,1.0,1.0,1.0,1.0,1.0,2536.0,2536.0,0.0,152,274.5357142857143,0,0,1,human(2),0,1,1,1,1,1
1.47262e+18,Khosrowalikord2,khosrowalikord2,Khosrowalikordi,فرزند و برادرزاده شهیدان مدافع وطن؛شهباز و ذبیح الله علیکُردی،وکیل پایه یک دادگستری،تعلیق شده از شغل وکالت به جرم پذیرش وکالت فاطمه سپهری و  خانواده های دادخواه,فرزند و برادرزاده شهیدان مدافع وطن؛شهباز و ذبیح الله علیکُردی،وکیل پایه یک دادگستری،تعلیق شده از شغل وکالت به جرم پذیرش وکالت فاطمه سپهری و خانواده های دادخواه,2021-12-19T17:35:10+00:00,1447.0,477.0,2211.0,3.0,79.0,418.0,418.0,0.0,1447.0,1203.0,1.202826,0.396509,1.0,False,0.0,True,False,False,False,0.0,0.0,none,1.0,0.0,0.0,0.0,48.0,1.0,4.0,4063.0,0.0,0.347465,1.0,1.0,1.0,1.0,1.0,0.0,0.0,417.0,417.0,1218.0,160,3.0335429769392035,0,1,0,human(2),0,1,1,1,1,1
47705769.0,Najibnaik,najibnaik,Bijan R. Kian,I am a former U.S. Official. Opinions expressed here are my personal views.,I am a former U.S. Official. Opinions expressed here are my personal views.,2009-06-16T18:45:30+00:00,61539.0,604.0,866.0,106.0,225.0,1872.0,1872.0,0.0,61539.0,5772.0,10.66164,0.104643,0.0,False,0.0,False,False,False,False,0.0,0.0,none,0.0,1.0,0.0,0.0,38.0,1.0,0.0,529.0,0.0,0.324324,1.0,1.0,1.0,1.0,1.0,0.0,0.0,1871.0,1871.0,71.0,75,101.88576158940397,0,0,0,human(2),0,1,1,1,1,1
1.7204e+18,HosseinAshtarii,hosseinashtarii,Hossein Ashtari,صدای چشم ها بلندتر از هر فریادیست✌🏻,صدای چشم ها بلندتر از هر فریادیست,2023-11-03T11:15:03+00:00,4196.0,140.0,1550.0,7.0,38.0,133.0,133.0,0.0,4196.0,519.0,8.084778,0.26975,1.0,False,0.0,False,False,False,False,0.0,0.0,none,1.0,1.0,0.0,0.0,34.0,1.0,2.0,1089.0,1130380.0,0.256262,0.0,0.0,1.0,1.0,1.0,0.5,0.5,131.0,131.0,261.0,35,29.97142857142857,0,0,0,human(2),0,1,1,1,1,1
1.62924e+18,MahdaviLeily,mahdavileily,منم لیلا مادر سیاوش نامدار ایران,"زه دلها همه ترس بیرون  کنید .زمین را زه خون رود جیحون کنید 
به یزدان که تا در جهان زنده ام .به کین سیاوش دل آکنده ام","زه دلها همه ترس بیرون کنید .زمین را زه خون رود جیحون کنید 
 به یزدان که تا در جهان زنده ام .به کین سیاوش دل آکنده ام",2023-02-24T22:15:31+00:00,19038.0,35.0,247.0,37.0,83.0,119.0,119.0,0.0,19038.0,771.0,24.69261,0.045396,1.0,False,0.0,False,False,False,False,0.0,0.0,none,1.0,0.0,0.0,1.0,72.0,1.0,6.0,3842.0,0.0,0.154345,2.0,2.0,2.0,2.0,2.0,0.0,0.0,118.0,118.0,796.0,116,543.9428571428572,0,0,0,human(2),0,1,1,1,1,1
1.1991e+18,shahnazteherani,shahnazteherani,shahnaz tehrani | شهناز تهرانی,#شهنازتهرانی بازیگر دوران طلایی 💛,شهنازتهرانی بازیگر دوران طلایی,2019-11-25T23:04:53+00:00,8533.0,23.0,994.0,13.0,224.0,268.0,268.0,0.0,8533.0,1958.0,4.358018,0.011747,1.0,False,0.0,False,False,False,False,1.0,0.0,none,5.0,0.0,0.0,1.4,22.0,1.0,1.4,458.2,6037705.0,0.136874,0.0,0.0,1.0,1.0,1.0,0.4,0.4,52.6,263.0,48.0,33,371.0,0,0,0,human(2),0,1,1,1,1,1
981134408.0,mohammadsoltann,mohammadsoltann,محمد آقاسلطان,,,2012-11-30T20:04:38+00:00,31594.0,129.0,3253.0,74.0,66.0,361.0,361.0,0.0,31594.0,4509.0,7.006875,0.028609,1.0,False,0.0,True,False,False,False,0.0,0.0,none,1.0,0.0,0.0,1.0,50.0,1.0,0.0,4904.0,0.0,0.080062,1.0,1.0,1.0,1.0,1.0,0.0,0.0,360.0,360.0,721.0,0,244.91472868217053,0,0,0,human(2),0,1,1,0,1,1
1.62696e+18,pahlavi_davoud,pahlavi_davoud,Pahlavi Davoud,,,2023-02-18T15:06:55+00:00,5577.0,260.0,8.0,9.0,43.0,47.0,47.0,0.0,5577.0,777.0,7.177606,0.33462,1.0,False,0.0,False,False,False,False,0.0,0.0,none,1.0,0.0,0.0,1.0,1.0,1.0,0.0,5607.0,0.0,0.060489,1.0,1.0,1.0,1.0,1.0,0.0,0.0,46.0,46.0,736.0,0,21.45,0,0,0,human(2),0,1,1,0,1,1
1567661118.0,mostafamehraeen,mostafamehraeen,مصطفی مهرآیین,sociology of culture,sociology of culture,2013-07-04T08:31:38+00:00,19096.0,189.0,9.0,22.0,64.0,97.0,97.0,0.0,19096.0,4293.0,4.448171,0.044025,1.0,False,0.0,False,False,False,False,0.0,0.0,none,2.0,0.0,0.0,1.0,1.0,1.0,0.0,1124.0,435.5,0.022595,2.0,2.0,2.0,2.0,3.0,0.0,0.0,47.5,95.0,41.0,20,101.03703703703704,0,0,0,human(2),0,1,1,1,1,1
