id,screen_name,user_key,name,description,clean_description,created_at,followers_count,friends_count,favourites_count,listed_count,media_count,statuses_count,status_count,fast_followers_count,normal_followers_count,user_age,follower_growth_rate,friends_growth_rate,default_profile,default_profile_image,verified,has_custom_timelines,is_translator,possibly_sensitive,want_retweets,hashtag_in_description,numbers_in_description,translator_type,no_type_tweet,no_type_retweet_with_comment,no_type_reply,mean_no_media_per_tweet,mean_no_words,no_languages,mean_no_hashtags,mean_favourites_per_tweet,time_between_tweets,tweet_frequency,min_tweets_per_hour,min_tweets_per_day,max_tweets_per_hour,max_tweets_per_day,max_occurence_of_same_gap,unique_mention_rate_per_tweet,mean_user_mentions_per_tweet,retweet_as_tweet_rate,no_retweet_tweets,mean_retweets_per_tweet,description_length,followers_friend_ratio,num_digits_in_name,num_digits_in_username,url_in_description,label_raw,label_binary,has_profile,has_raw_tweets,has_description,has_behavior_temporal,has_graph
1.70764e+18,KathyMobarez,kathymobarez,Kathy Mobarez,,,2023-09-29T06:22:15+00:00,3586.0,1672.0,310972.0,4.0,6172.0,198876.0,198876.0,0.0,3586.0,554.0,6.472924,3.018051,1.0,False,0.0,False,False,False,False,0.0,0.0,none,1.0,55.0,969.0,0.382107,10.19565,9.0,1.95903,15.61538,4023.541,358.9819,0.0,0.0,64.0,126.0,172.0,0.689799,1.472408,197851.0,197851.0,3.061873,0,2.1447368421052633,0,0,0,bot(1),1.0,1,1,0,1,0
1.53006e+18,rahe_AZADI_5,rahe_azadi_5,KRATOS Spartan Rage👑,,,2022-05-27T05:48:47+00:00,,,288142.0,3.0,2373.0,238403.0,238403.0,0.0,3378.0,1044.0,3.235632,1.359195,1.0,False,0.0,True,False,False,False,0.0,0.0,none,8.0,14.0,76.0,0.510204,13.83673,5.0,1.285714,9.132653,373670.3,228.3554,0.0,0.0,24.0,48.0,4.0,0.663265,0.918367,29788.125,238305.0,2.020408,0,,0,1,0,bot(1),1.0,1,1,0,1,0
1.3916e+18,dadkhahim,dadkhahim,دادخواهی‌م,"#کشتار۶۷
#تیر۷۸
#خرداد۸۸
#دی۹۶
#آبان۹۸
#هواپیمای_اوکراینی
#مهسا_امینی

#زن_زندگی_آزادی
#نه_به_جمهوری_اسلامی

#نه_میبخشیم_نه_فراموش_میکنیم

Freedom for IRAN",,2021-05-10T03:52:12+00:00,,,8895.0,2.0,47.0,313152.0,313152.0,0.0,3312.0,1426.0,2.322581,2.087658,1.0,False,0.0,False,False,False,False,1.0,1.0,none,0.0,0.0,2.0,0.0,30.0,1.0,5.0,0.0,52.5,219.6017,2.0,2.0,2.0,2.0,1.0,0.0,6.0,313150.0,313150.0,0.0,155,,0,0,0,bot(1),1.0,1,1,1,1,0
1.5683e+18,HiwaTubeAI,hiwatubeai,Hiwa,شاه، میهن، پرچم,The official handle of the Republic Media Network | DIGITAL | TV | MEDIA | Subscribe to WhatsApp Channel Here -,2022-09-09T18:23:28+00:00,2841497.0,8.0,288898.0,12.0,20085.0,187557.0,187557.0,0.0,12415.0,939.0,13.22151,4.576145,1.0,False,0.0,True,False,False,False,0.0,0.0,none,1149.0,196.0,2094.0,0.371045,13.1554,6.0,2.789927,169.2736,19046.67,199.7412,0.0,0.0,76.0,295.0,513.0,0.590737,0.767148,160.2419495,184118.0,34.32194,15,355187.125,0,0,0,bot(1),1.0,1,1,1,1,0
1.46465e+18,kazeroonkings,kazeroonkings,@kazeroonkings,"ملت ایران ۹۹ دشمن و یک دوست بنام ملکه شهبانوفرح پهلوی *ماندگار* دارند.
ورزشکار- پژوهشگر 🌺 میهن  🌻 شاه  🌻 مردم  🌺زگهواره تا گور دانش بجوی🌺","ملت ایران ۹۹ دشمن و یک دوست بنام ملکه شهبانوفرح پهلوی *ماندگار* دارند.
 ورزشکار- پژوهشگر میهن شاه مردم زگهواره تا گور دانش بجوی",2021-11-27T17:24:09+00:00,6830.0,5175.0,217554.0,5.0,326.0,236471.0,236471.0,0.0,6830.0,1225.0,5.57551,4.22449,1.0,False,0.0,True,False,False,False,0.0,1.0,none,18.0,232.0,260.0,0.004688,27.45938,4.0,2.839063,3.890625,144437.8,193.0376,0.0,0.0,17.0,62.0,131.0,0.3875,0.70625,13108.94444,235961.0,0.920313,137,1.319806763285024,0,0,0,bot(1),1.0,1,1,1,1,0
1.57387e+18,SHAYA9000,shaya9000,Shaya.M 𓃬☼,همه عالَم تَن است و «ایران» دل/ پادشاهی‌خواه,همه عالَم تَن است و «ایران» دل/ پادشاهی‌خواه,2022-09-25T02:58:44+00:00,12909.0,1340.0,175542.0,12.0,1399.0,176957.0,176957.0,0.0,12909.0,923.0,13.98592,1.451788,1.0,False,0.0,True,False,False,False,0.0,0.0,none,10.0,0.0,8.0,0.789474,10.94737,4.0,1.526316,664.7368,2606857.0,191.7194,0.0,0.0,2.0,2.0,2.0,0.368421,0.684211,17693.9,176939.0,109.3684,44,9.633582089552238,0,4,0,bot(1),1.0,1,1,1,1,0
1.36282e+18,IRANIAZAD140,iraniazad140,عشق پرسپولیس,👉🤍,,2021-02-19T17:44:49+00:00,7266.0,2824.0,302557.0,12.0,7853.0,283687.0,283687.0,0.0,7266.0,1506.0,4.824701,1.875166,1.0,False,0.0,True,False,False,False,0.0,0.0,none,17.0,2.0,1.0,0.65625,22.375,1.0,1.53125,111.9375,328070.4,188.3712,0.0,0.0,2.0,8.0,13.0,0.03125,0.03125,16686.29412,283667.0,14.375,2,2.572946175637394,0,3,0,bot(1),1.0,1,1,1,1,0
1.26644e+18,ShiraziShaheen,shirazishaheen,Shaheen Shirazi,ورود عرزشی مجاهد ری استارت ⛔️ پادشاهی خواه #جاوید_رضاشاه_دوم #پیمان_نوین #پاینده_ایران,ورود عرزشی مجاهد ری استارت پادشاهی خواه جاوید_رضاشاه_دوم پیمان_نوین پاینده_ایران,2020-05-29T19:00:40+00:00,17930.0,5806.0,320853.0,27.0,12414.0,317473.0,317473.0,0.0,17930.0,1772.0,10.11851,3.276524,1.0,False,0.0,True,False,False,False,1.0,0.0,none,364.0,20.0,226.0,1.030435,30.04203,4.0,3.091304,180.0522,164210.0,179.1608,0.0,0.0,10.0,36.0,81.0,0.273913,0.704348,870.5027473,316863.0,65.9058,86,3.088184636582845,0,0,0,can’t find,,1,1,1,1,1
344938512.0,upuouo,upuouo,Lulu,"""Once you label me you negate me"". --Soren Kierkegaard","""Once you label me you negate me"". --Soren Kierkegaard",2011-07-29T20:34:33+00:00,8618.0,6119.0,436178.0,24.0,10988.0,888076.0,888076.0,0.0,8618.0,4999.0,1.723945,1.224045,0.0,False,0.0,True,False,False,False,0.0,0.0,none,10.0,4.0,1.0,1.0,285.125,2.0,1.708333,279.4583,401933.5,177.6507,0.0,0.0,2.0,8.0,10.0,0.166667,4.791667,88806.1,888061.0,106.9583,54,1.4084000653701585,0,0,0,bot(1),1.0,1,1,1,1,0
1.25148e+18,PahlaviahoraeeP,pahlaviahoraeep,👑👑pahlaviahoraee👑👑⛔️دایرکت بلاک#KingRezaPahlav,"Royalist,and supporter of 
H.I.M #RezaPahlavi
تا خون در رگ من است جاوید شاه کلام من است و رضا شاه دوم، پهلوی سوم پادشاه من است
جاوید اعلیحضرت رضا شاه۲پهلوی۳","Royalist,and supporter of 
 H.I.M RezaPahlavi
 تا خون در رگ من است جاوید شاه کلام من است و رضا شاه دوم، پهلوی سوم پادشاه من است
 جاوید اعلیحضرت رضا شاه۲پهلوی۳",2020-04-18T11:40:56+00:00,21488.0,6408.0,275257.0,34.0,43739.0,320180.0,320180.0,0.0,21488.0,1813.0,11.85218,3.534473,1.0,False,0.0,True,False,False,False,1.0,1.0,none,1244.0,149.0,83.0,1.040416,27.87446,9.0,2.184936,263.3564,80114.13,176.6023,0.0,0.0,26.0,52.0,158.0,0.086957,0.184323,256.192926,318704.0,77.67851,156,3.35330836454432,0,0,0,bot(1),1.0,1,1,1,1,1
1.57233e+18,flexcr7,flexcr7,بدنسازی,سعی میکنم آدم بهتر و خوبی بشم براش چون لیاقتشو داره,سعی میکنم آدم بهتر و خوبی بشم براش چون لیاقتشو داره,2022-09-20T20:42:54+00:00,3387.0,3099.0,188954.0,4.0,6849.0,162620.0,162620.0,0.0,3387.0,928.0,3.649784,3.33944,1.0,False,0.0,False,False,True,False,0.0,0.0,none,1.0,0.0,1.0,0.0,18.66667,1.0,1.0,2.666667,1167609.0,175.2371,0.0,0.0,2.0,2.0,2.0,0.333333,0.333333,162618.0,162618.0,0.0,51,1.0929332042594386,0,1,0,human(2),0.0,1,1,1,1,0
1.57401e+18,unknownproteste,unknownproteste,ATROPAT(آتروپات)𓃬☼,"به امید ایرانی آزاد،یک پارچه و سکولار  ❤𓃬☼ 💚  سال ۲۵۸۳
 《یکی از پرچمداران پادشاهی خواهی در دیار ستارخان》","به امید ایرانی آزاد،یک پارچه و سکولار 𓃬☼ سال ۲۵۸۳
  《یکی از پرچمداران پادشاهی خواهی در دیار ستارخان》",2022-09-25T12:10:44+00:00,5343.0,764.0,190967.0,9.0,1448.0,159754.0,159754.0,0.0,5343.0,923.0,5.788732,0.827736,1.0,False,0.0,True,False,False,False,0.0,1.0,none,415.0,8.0,3.0,1.075107,19.89485,4.0,1.862661,402.2725,121380.7,173.0813,0.0,0.0,6.0,10.0,41.0,0.045064,0.083691,383.9228916,159328.0,89.96996,104,6.9934554973821985,0,0,0,human(2),0.0,1,1,1,1,0
1.42929e+18,saeid_555555,saeid_555555,saeed-555 💚🤍❤️,تا ابد جاوید شاه🎋🎋🎋 @pahlaviReza گفتار نیک کردار نیک پندار نیک ،ورود عرزشی مجاهدین خلقی، توده‌ای،مصدقی،اکیدا⛔️ممنوع🎋🎋🎋,تا ابد جاوید شاه @pahlaviReza گفتار نیک کردار نیک پندار نیک ،ورود عرزشی مجاهدین خلقی، توده‌ای،مصدقی،اکیداممنوع,2021-08-22T03:43:17+00:00,10471.0,7962.0,280875.0,1.0,7079.0,224938.0,224938.0,0.0,10471.0,1322.0,7.920575,6.022693,1.0,False,0.0,True,False,False,False,0.0,0.0,none,74.0,4.0,4.0,1.121951,22.34146,4.0,3.231707,182.3415,730183.1,170.1498,0.0,0.0,4.0,9.0,1.0,0.085366,0.134146,3038.594595,224856.0,70.53659,118,1.3151218286862598,3,6,0,bot(1),1.0,1,1,1,1,1
1.24661e+18,GreyWol08482159,greywol08482159,BigWolf,"#Iran_Patriot
#Trump2020
#Trump2024
🇺🇸The RealDonald47🇺🇸
#MAGA
#براندازم
آزادی در قلمرو آگاهی ست","Iran_Patriot
 Trump2020
 Trump2024
 The RealDonald47
 MAGA
 براندازم
 آزادی در قلمرو آگاهی ست",2020-04-05T01:22:02+00:00,3478.0,2111.0,308641.0,9.0,25856.0,289454.0,289454.0,0.0,3478.0,1826.0,1.90471,1.156079,1.0,False,0.0,True,False,False,False,1.0,1.0,none,0.0,3.0,1.0,0.333333,18.83333,2.0,1.333333,1.0,693767.0,158.5181,0.0,0.0,2.0,2.0,3.0,0.166667,0.5,289450.0,289450.0,0.666667,96,1.6475603979156799,0,8,0,bot(1),1.0,1,1,1,1,0
1.74577e+18,haniiiissss1387,haniiiissss1387,هانیس در سرزمین عجایب,"اینجا حرفهای دلم رو می نویسم /فالوت کنم بک ندی ، آنفالویی 
بوخودا 😂
عرزشی، تجزیه طلب و مجاهدین خلق و کسی که خامنه‌ای رو فالو داره ،فالو نکنید","اینجا حرفهای دلم رو می نویسم /فالوت کنم بک ندی ، آنفالویی 
 بوخودا 
 عرزشی، تجزیه طلب و مجاهدین خلق و کسی که خامنه‌ای رو فالو داره ،فالو نکنید",2024-01-12T11:14:12+00:00,7552.0,4894.0,79285.0,9.0,3840.0,62284.0,62284.0,0.0,7552.0,449.0,16.8196,10.89978,1.0,False,0.0,False,False,False,False,0.0,0.0,none,38.0,10.0,1304.0,0.041966,8.196643,3.0,1.422662,26.66607,14644.64,138.7171,0.0,0.0,79.0,150.0,318.0,0.77458,1.088729,1603.473684,60932.0,3.803357,141,1.5431140171638742,0,4,0,human(2),0.0,1,1,1,1,0
1.5645e+18,Nezha_9515,nezha_9515,ناژا☼𓃬👑,Hope. It is what makes us strong. It is why we are here. It is what we fight with when all else is lost.,Hope. It is what makes us strong. It is why we are here. It is what we fight with when all else is lost.,2022-08-30T06:31:05+00:00,4553.0,5086.0,272438.0,1.0,221.0,130212.0,130212.0,0.0,4553.0,949.0,4.797682,5.359326,1.0,False,0.0,True,False,False,False,0.0,0.0,none,3.0,1.0,1.0,0.0,20.0,2.0,1.666667,61.66667,6827711.0,137.2097,0.0,0.0,2.0,2.0,2.0,0.0,0.833333,43402.33333,130207.0,23.16667,104,0.8952025167125442,0,4,0,bot(1),1.0,1,1,1,1,0
1.25219e+18,KiMo10626877,kimo10626877,👑KlM👑,"عاشق ایران و دوستدار خاندان پهلوی🌹❤ 

بدون تعارف، نسل شورشی ۵۷ = خائن به ایران و ایرانی

#من_یک_کاوه_هستم
#برای_ایرانم

کلاش مال نیستم!😊","عاشق ایران و دوستدار خاندان پهلوی 
 
 بدون تعارف، نسل شورشی ۵۷ = خائن به ایران و ایرانی
 
 من_یک_کاوه_هستم
 برای_ایرانم
 
 کلاش مال نیستم!",2020-04-20T11:08:14+00:00,34677.0,4063.0,365024.0,40.0,8003.0,246919.0,246919.0,0.0,34677.0,1811.0,19.14798,2.243512,1.0,False,0.0,True,False,False,False,1.0,1.0,none,612.0,46.0,317.0,0.813462,37.46154,6.0,1.771154,347.9433,150822.7,136.344,0.0,0.0,8.0,18.0,66.0,0.168269,0.286538,401.869281,245944.0,102.3798,136,8.534826482894413,0,8,0,can’t find,,1,1,1,1,0
1.50076e+18,RezaRez11109331,rezarez11109331,سرباز Reza🤴شاه دوم در ارتش ایران,راه من راه رضا شاه بزرگ و آریامهر است  شاهنشاه محمدرضاشاه  مظلومترین چهره سیاسی ی تاریخ ایران شاهنشاه محمدرضاشاه 😭 #شاه_من_خدای_من 😭,راه من راه رضا شاه بزرگ و آریامهر است شاهنشاه محمدرضاشاه مظلومترین چهره سیاسی ی تاریخ ایران شاهنشاه محمدرضاشاه شاه_من_خدای_من,2022-03-07T09:28:13+00:00,5519.0,1599.0,217060.0,7.0,2289.0,149973.0,149973.0,0.0,5519.0,1125.0,4.905778,1.421333,1.0,False,0.0,False,False,False,False,1.0,0.0,none,11.0,26.0,3.0,0.88,26.36,3.0,2.38,116.62,2348185.0,133.3093,0.0,0.0,4.0,10.0,11.0,0.1,0.22,13630.27273,149933.0,41.88,132,3.4515322076297688,0,8,0,bot(1),1.0,1,1,1,1,0
1.0164e+18,Banuyetehrani,banuyetehrani,بانوی تهرانی👑👑👑💎💎💎,,,2018-07-09T19:26:03+00:00,11681.0,11569.0,492234.0,4.0,220.0,323568.0,323568.0,0.0,11681.0,2462.0,4.744517,4.699025,1.0,False,0.0,True,False,False,False,0.0,0.0,none,0.0,0.0,3.0,0.0,20.66667,1.0,1.333333,0.666667,180546.3,131.4249,0.0,0.0,1.0,1.0,1.0,0.666667,1.333333,323565.0,323565.0,0.333333,0,1.0096810441697641,0,0,0,bot(1),1.0,1,1,0,1,0
1.79265e+18,pahlavikhah43,pahlavikhah43,تیمسار رحیمی 𓃬☼,وفادار به خاندان ایرانساز پهلوی,وفادار به خاندان ایرانساز پهلوی,2024-05-20T20:17:45+00:00,4199.0,1775.0,48617.0,3.0,618.0,40104.0,40104.0,0.0,4199.0,320.0,13.12188,5.546875,1.0,False,0.0,False,False,False,False,0.0,0.0,none,137.0,15.0,21.0,0.821053,13.01053,3.0,1.363158,665.0053,133339.4,125.325,0.0,0.0,6.0,10.0,18.0,0.068421,0.068421,291.4671533,39931.0,114.5,31,2.3656338028169013,0,2,0,bot(1),1.0,1,1,1,1,0
1.5723e+18,mohammadd4456,mohammadd4456,mohammadd,"urmia

پرسپولیس & منچستر یونایتد

متعهد:《《❤》》","urmia
 
 پرسپولیس & منچستر یونایتد
 
 متعهد:《《》》",2022-09-20T19:18:45+00:00,10775.0,10780.0,187382.0,9.0,1653.0,116019.0,116019.0,0.0,10775.0,928.0,11.61099,11.61638,1.0,False,0.0,True,False,False,False,0.0,0.0,none,1.0,0.0,0.0,1.0,3.0,1.0,0.0,1740.0,0.0,125.0205,2.0,2.0,2.0,2.0,2.0,0.0,0.0,116018.0,116018.0,97.0,45,0.9995361781076066,0,4,0,human(2),0.0,1,1,1,1,0
1.75707e+18,Katierebel2nd,katierebel2nd,Katierebel ☼𓃬🎗️,Artist| MA-International Relations| Security & Gender Studies| Passionate about Art & Politics| Liberal Democrat| Without freedom there is no art. Camus,Artist| MA-International Relations| Security & Gender Studies| Passionate about Art & Politics| Liberal Democrat| Without freedom there is no art. Camus,2024-02-12T16:01:21+00:00,4565.0,1155.0,63704.0,7.0,2027.0,51292.0,51292.0,0.0,4565.0,418.0,10.92105,2.763158,1.0,False,0.0,False,False,False,False,0.0,0.0,none,21.0,10.0,49.0,0.608974,34.20513,2.0,2.467949,172.5769,13937.99,122.7081,0.0,0.0,22.0,58.0,77.0,0.25641,0.384615,2438.666667,51212.0,49.92949,152,3.9523809523809526,0,1,0,bot(1),1.0,1,1,1,1,0
1.57411e+18,saramobarez1,saramobarez1,sara,پایبند به سوگند پادشاهی رضاشاه دوم،حامی وصیت نامه‌ی شاهنشاه آریامهر،خواهان بازگشت به پادشاهی مشروطه پهلوی @pahlavireza,پایبند به سوگند پادشاهی رضاشاه دوم،حامی وصیت نامه‌ی شاهنشاه آریامهر،خواهان بازگشت به پادشاهی مشروطه پهلوی @pahlavireza,2022-09-25T19:12:12+00:00,9156.0,1917.0,169822.0,6.0,3689.0,112315.0,112315.0,0.0,9156.0,923.0,9.919827,2.076923,1.0,False,0.0,True,False,False,False,0.0,0.0,none,1299.0,35.0,483.0,0.649053,22.16351,6.0,1.78016,369.5972,26937.24,121.6847,0.0,0.0,38.0,62.0,190.0,0.386341,0.521436,85.0638953,110498.0,79.58126,118,4.77621283255086,0,1,0,bot(1),1.0,1,1,1,1,0
1.57777e+18,mostafaa2024,mostafaa2024,Mostafaa13,مرگ بر انقلاب زن زندگی آزادی.نور بر تاریکی پیروز است,مرگ بر انقلاب زن زندگی آزادی.نور بر تاریکی پیروز است,2022-10-05T21:37:20+00:00,3062.0,3057.0,543089.0,0.0,2883.0,109159.0,109159.0,0.0,3062.0,913.0,3.353779,3.348302,1.0,False,0.0,True,False,False,False,0.0,0.0,none,0.0,0.0,1.0,1.0,6.0,1.0,1.0,416.0,0.0,119.5608,1.0,1.0,1.0,1.0,1.0,1.0,1.0,109158.0,109158.0,38.0,52,1.0016355904481518,2,4,0,can’t find,,1,1,1,1,0
1.6664e+18,fuxy_twite,fuxy_twite,👑آرین⁴,"اکانت چهارم
--
#ناسیونالیست_افراطی 
#برانداز
@PahlaviReza
@ShahbanouFarah
#MahsaAmini👑
http://t.co/eTLjlYhmFz
پست‌هام👈https://t.co/b8xt7vOnHj","اکانت چهارم
 --
 ناسیونالیست_افراطی 
 برانداز
 @PahlaviReza
 @ShahbanouFarah
 MahsaAmini
 
 پست‌هام",2023-06-07T10:59:27+00:00,5217.0,1208.0,190652.0,6.0,4526.0,79469.0,79469.0,0.0,5217.0,668.0,7.80988,1.808383,1.0,False,0.0,False,False,False,False,1.0,1.0,none,138.0,33.0,85.0,0.796491,22.94386,6.0,2.807018,101.6632,201046.6,118.9656,0.0,0.0,20.0,40.0,30.0,0.326316,1.154386,574.0072464,79213.0,34.23509,141,4.318708609271523,1,0,1,human(2),0.0,1,1,1,1,0
1.63011e+18,MohammadSaam_M,mohammadsaam_m,محمدسام,"یک حقوقدانِ بی‌حقوق ، اکانت قبلی به خواست خودم! بسته شد .

 لینک توییت‌هام : 

https://t.co/qs1tRqhKhx","یک حقوقدانِ بی‌حقوق ، اکانت قبلی به خواست خودم! بسته شد .
 
  لینک توییت‌هام :",2023-02-27T07:40:01+00:00,5797.0,420.0,333320.0,21.0,2098.0,90969.0,90969.0,0.0,5797.0,768.0,7.548177,0.546875,1.0,False,0.0,False,False,False,False,0.0,1.0,none,0.0,0.0,1.0,1.0,9.0,1.0,0.0,0.0,0.0,118.4492,1.0,1.0,1.0,1.0,1.0,1.0,1.0,90968.0,90968.0,0.0,102,13.802380952380952,0,0,1,human(2),0.0,1,1,1,1,0
8.72507e+17,Bahar_e_Azadi,bahar_e_azadi,░ب░ه░ا░ر░,"شادی یک سرزمین بدون داشتن #آزادی آفریده نمیشود!
*مستقل*","شادی یک سرزمین بدون داشتن آزادی آفریده نمیشود!
 *مستقل*",2017-06-07T17:32:27+00:00,15420.0,2288.0,415288.0,25.0,19126.0,334966.0,334966.0,0.0,15420.0,2859.0,5.393494,0.80028,1.0,False,0.0,True,False,False,False,1.0,0.0,none,1.0,0.0,0.0,1.0,11.0,1.0,1.0,547.0,0.0,117.1619,2.0,2.0,2.0,2.0,2.0,0.0,0.0,334965.0,334965.0,125.0,55,6.739510489510489,0,0,0,human(2),0.0,1,1,1,1,0
1.44544e+18,Hoorieh81,hoorieh81,Houri,Love Peace Gentleness,Love Peace Gentleness,2021-10-05T17:45:06+00:00,11547.0,1176.0,490224.0,12.0,1580.0,148648.0,148648.0,0.0,11547.0,1278.0,9.035211,0.920188,1.0,False,0.0,True,False,False,False,0.0,0.0,none,56.0,4.0,269.0,0.278177,8.741007,4.0,1.131894,251.7458,155983.4,116.313,0.0,0.0,12.0,26.0,89.0,0.697842,0.932854,2648.553571,148319.0,45.41727,21,9.818877551020408,0,2,0,bot(1),1.0,1,1,1,1,1
1.49829e+18,Farbodahmadi880,farbodahmadi880,Farbood,"Listening to classical music is like reading philosophy books, not everybody has to do it. Music is not for everybody.","Listening to classical music is like reading philosophy books, not everybody has to do it. Music is not for everybody.",2022-02-28T13:34:54+00:00,3298.0,1916.0,272311.0,9.0,4317.0,131219.0,131219.0,0.0,3298.0,1132.0,2.913428,1.69258,1.0,False,0.0,True,False,False,False,0.0,0.0,none,1.0,0.0,0.0,1.0,8.0,1.0,0.0,4372.0,0.0,115.9178,2.0,2.0,2.0,2.0,2.0,0.0,0.0,131218.0,131218.0,515.0,118,1.721294363256785,0,3,0,human(2),0.0,1,1,1,1,1
1.57322e+18,ArteshAriamehr,arteshariamehr,کمیته مجازات,مرا مادرم نام مرگ تو کرد زمانه مرا پتک ترک تو کرد,مرا مادرم نام مرگ تو کرد زمانه مرا پتک ترک تو کرد,2022-09-23T08:05:38+00:00,6175.0,2280.0,143770.0,10.0,10687.0,107110.0,107110.0,0.0,6175.0,925.0,6.675676,2.464865,1.0,False,0.0,True,False,False,False,0.0,0.0,none,457.0,64.0,36.0,0.821918,20.40274,9.0,1.741096,240.6205,91617.17,115.7946,0.0,0.0,10.0,42.0,174.0,0.10411,0.29589,233.1575492,106553.0,54.43836,49,2.7083333333333335,0,0,0,human(2),0.0,1,1,1,1,0
1.51796e+18,the_leoleeny,the_leoleeny,Leo LeeNy,"عمو لئو👽🪧
تراوشاتِ ذهنِ یک مسخره بازِ ایرانیِ علاقمند به ایتالیا که در دنیای خود سیر می کند،چنین گفت لئو! ✍️🏼
عضو حزب هواداران افراطی من‌یونایتد ، عالی شد.","عمو لئو
 تراوشاتِ ذهنِ یک مسخره بازِ ایرانیِ علاقمند به ایتالیا که در دنیای خود سیر می کند،چنین گفت لئو! 
 عضو حزب هواداران افراطی من‌یونایتد ، عالی شد.",2022-04-23T20:24:39+00:00,6169.0,5946.0,208807.0,1.0,4941.0,119654.0,119654.0,0.0,6169.0,1078.0,5.722635,5.51577,1.0,False,0.0,False,False,False,False,0.0,0.0,none,0.0,0.0,3.0,0.0,7.0,1.0,1.0,1.0,89102.33,110.9963,0.0,0.0,1.0,1.0,1.0,0.0,2.0,119651.0,119651.0,0.0,155,1.0375042045072318,0,0,0,human(2),0.0,1,1,1,1,0
1.63959e+18,ggehhry2,ggehhry2,شمام درست میگی,خسته از بنجل‌زادگان و بدتر از آخوند 😈,خسته از بنجل‌زادگان و بدتر از آخوند,2023-03-25T11:18:30+00:00,7368.0,876.0,341003.0,22.0,1246.0,81953.0,81953.0,0.0,7368.0,742.0,9.929919,1.180593,1.0,False,0.0,True,False,False,False,0.0,0.0,none,44.0,25.0,8.0,0.519481,44.64935,4.0,1.74026,312.1429,611798.3,110.4488,0.0,0.0,2.0,3.0,1.0,0.155844,0.376623,1860.818182,81876.0,61.83117,37,8.41095890410959,0,1,0,human(2),0.0,1,1,1,1,1
1.58594e+18,Pahlavist2582,pahlavist2582,Persian Gulf,🩵👑🩵🎗️🩵,,2022-10-28T10:14:56+00:00,3620.0,1226.0,278638.0,5.0,3027.0,97528.0,97528.0,0.0,3620.0,890.0,4.067416,1.377528,1.0,False,0.0,True,False,False,False,0.0,0.0,none,4.0,3.0,33.0,0.58,19.98,3.0,2.04,63.78,1207785.0,109.582,0.0,0.0,4.0,8.0,11.0,0.54,1.38,24372.0,97488.0,14.08,6,2.9526916802610113,0,4,0,can’t find,,1,1,1,1,0
20634939.0,siaayrom,siaayrom,SiaAyrom,Light Shall Defeat Darkness,Light Shall Defeat Darkness,2009-02-11T22:24:11+00:00,5471.0,2677.0,621735.0,158.0,32539.0,643268.0,643268.0,0.0,5471.0,5897.0,0.92776,0.45396,0.0,False,0.0,True,False,False,False,0.0,0.0,none,1.0,0.0,0.0,1.0,79.0,1.0,2.0,435.0,0.0,109.0839,2.0,2.0,2.0,2.0,2.0,0.0,0.0,643267.0,643267.0,104.0,27,2.0437056406425103,0,0,0,bot(1),1.0,1,1,1,1,0
1.30291e+18,siavash_sepehr0,siavash_sepehr0,سیاوش سپهر,"در طول تاریخ، هیچگاه نور و تاریکی تا این حد واضح و آشکار نبودند، پادشاهی خواه، 

ما که از پرتو خورشید معذب بودیم     چشممان کور سزاوار همین شب بودیم","در طول تاریخ، هیچگاه نور و تاریکی تا این حد واضح و آشکار نبودند، پادشاهی خواه، 
 
 ما که از پرتو خورشید معذب بودیم چشممان کور سزاوار همین شب بودیم",2020-09-07T10:12:16+00:00,15400.0,10453.0,362547.0,17.0,1804.0,178841.0,178841.0,0.0,15400.0,1671.0,9.216038,6.255536,1.0,False,0.0,False,False,False,False,0.0,0.0,none,8.0,17.0,28.0,0.416667,26.48333,3.0,1.9,58.1,1886310.0,107.0263,0.0,0.0,5.0,7.0,8.0,0.466667,0.633333,22348.5,178788.0,23.76667,148,1.473261264708696,0,1,0,human(2),0.0,1,1,1,1,1
1.57235e+18,rahar9075,rahar9075,💎PahlaviReturn 👑🦁🌞Raha الحریه لیس امنیه,"#جاویدشاه
We Iranians love @pahlavireza @ShahbanouFarah time Now:  #pahlavi4Iran 📺@unikador @etelaf10 @ProjectLeonOnX @CinemaRex
NO2 Media FABRICATION! فستقه","جاویدشاه
 We Iranians love @pahlavireza @ShahbanouFarah time Now: pahlavi4Iran @unikador @etelaf10 @ProjectLeonOnX @CinemaRex
 NO2 Media FABRICATION! فستقه",2022-09-20T22:12:55+00:00,5868.0,7503.0,64050.0,5.0,19964.0,97446.0,97446.0,0.0,5868.0,928.0,6.323276,8.085129,1.0,False,0.0,True,False,False,False,1.0,1.0,none,30.0,52.0,82.0,0.709677,42.87097,13.0,1.645161,32.11694,241288.4,105.0065,0.0,0.0,6.0,25.0,85.0,0.25,3.044355,3242.733333,97282.0,12.43145,157,0.7820871651339464,0,4,0,bot(1),1.0,1,1,1,1,0
1.64174e+18,pirozzzzzzzzz,pirozzzzzzzzz,Piruz Nahavandi,❤️,,2023-03-31T09:56:42+00:00,4670.0,286.0,174198.0,12.0,7217.0,76817.0,76817.0,0.0,4670.0,736.0,6.345109,0.388587,1.0,False,0.0,False,False,False,False,0.0,0.0,none,27.0,6.0,24.0,0.466667,25.57333,6.0,1.066667,460.24,264662.8,104.3709,0.0,0.0,2.0,5.0,19.0,0.253333,0.786667,2842.962963,76760.0,66.90667,2,16.32867132867133,0,0,0,human(2),0.0,1,1,1,1,0
7.73231e+17,FaranakAzad1,faranakazad1,Faranak Azad 👑💙,"Royalist, Pahlavi loyalist, supporter of 
H.I.M @PahlaviReza","Royalist, Pahlavi loyalist, supporter of 
 H.I.M @PahlaviReza",2016-09-06T18:45:16+00:00,26724.0,1270.0,336664.0,76.0,14407.0,319188.0,319188.0,0.0,26724.0,3133.0,8.529844,0.405362,1.0,False,0.0,True,False,False,False,0.0,0.0,none,167.0,397.0,244.0,0.37237,19.35407,10.0,1.165599,76.00183,302052.6,101.8793,0.0,0.0,16.0,76.0,286.0,0.239707,1.064044,1906.467066,318380.0,24.81336,60,21.04251968503937,0,1,0,human(2),0.0,1,1,1,1,0
1.78405e+18,mrhosein00,mrhosein00,شوالیه اتر⚡️,"اکانت قبل ساس شده, عاشقNFT٫/ cool cats 17 ETH","اکانت قبل ساس شده, عاشقNFT٫/ cool cats 17 ETH",2024-04-27T02:43:58+00:00,3908.0,1892.0,60417.0,22.0,2824.0,34663.0,34663.0,0.0,3908.0,343.0,11.39359,5.516035,1.0,False,0.0,False,False,False,False,0.0,1.0,none,3.0,1.0,1.0,0.8,22.2,1.0,0.8,69.4,299304.4,101.0583,0.0,0.0,1.0,2.0,1.0,0.0,0.0,11552.66667,34658.0,2.8,45,2.06553911205074,0,2,0,human(2),0.0,1,1,1,1,0
1.33718e+18,HirAn_irani,hiran_irani,☼𓃬👑هیران👑𓄂 𓆃,"طرفدار خاندان ایران ساز پهلوی هستم 😍
همین😌
 کوتاه و مختصر 😉
مجاهد و تجزیه طلب و عرزشی ها و تحول خواهان  و تخریب چی های خاندان ایران ساز پهلوی ❌❌","طرفدار خاندان ایران ساز پهلوی هستم 
 همین
  کوتاه و مختصر 
 مجاهد و تجزیه طلب و عرزشی ها و تحول خواهان و تخریب چی های خاندان ایران ساز پهلوی",2020-12-10T23:47:11+00:00,5633.0,635.0,192311.0,7.0,2546.0,154985.0,154985.0,0.0,5633.0,1577.0,3.571972,0.402663,1.0,False,0.0,True,False,False,False,0.0,0.0,none,121.0,2.0,8.0,0.820144,18.41727,2.0,1.964029,204.8921,760209.3,98.27838,0.0,0.0,3.0,4.0,9.0,0.086331,0.115108,1279.785124,154854.0,55.32374,144,8.870866141732284,0,0,0,human(2),0.0,1,1,1,1,0
1.77398e+18,JavidShah0000,javidshah0000,M,میهن پرست ایران‌خواه، پادشاهی‌خواه,میهن پرست ایران‌خواه، پادشاهی‌خواه,2024-03-30T07:55:55+00:00,3507.0,2576.0,36229.0,5.0,6494.0,34264.0,34264.0,0.0,3507.0,371.0,9.45283,6.943396,1.0,False,0.0,False,False,False,False,0.0,0.0,none,27.0,7.0,748.0,0.583767,16.71176,9.0,1.484912,53.52549,7906.506,92.3558,0.0,0.0,38.0,99.0,180.0,0.69615,1.498439,1240.074074,33482.0,9.414152,34,1.361413043478261,0,4,0,bot(1),1.0,1,1,1,1,0
2172599869.0,hashemasa,hashemasa,👑Hashem Ramezan-zadeh👑(ایران متحد),"✍️ خواستار آگاهی ،صلح و دوستی  برای همه.  Restoration of Pahlavi Monarchy is the only chance to return humanity, peace and friendship to the world.","خواستار آگاهی ،صلح و دوستی برای همه. Restoration of Pahlavi Monarchy is the only chance to return humanity, peace and friendship to the world.",2013-11-03T18:29:47+00:00,25245.0,5793.0,455422.0,23.0,6552.0,382638.0,382638.0,0.0,25245.0,4171.0,6.052505,1.388876,0.0,False,0.0,True,False,False,False,0.0,0.0,none,316.0,373.0,170.0,0.634506,33.61294,8.0,2.128263,213.8434,115790.3,91.73771,0.0,0.0,6.0,15.0,23.0,0.180477,0.409762,1208.161392,381779.0,80.16232,147,4.357845675815639,0,0,0,bot(1),1.0,1,1,1,1,1
7.72458e+17,ForadiMohammad,foradimohammad,محمد,🌸😊🤝,,2016-09-04T15:35:03+00:00,10964.0,8379.0,296185.0,12.0,13474.0,282282.0,282282.0,0.0,10964.0,3135.0,3.497289,2.672727,1.0,False,0.0,True,False,False,False,0.0,0.0,none,1011.0,87.0,25.0,1.263605,18.7602,5.0,1.327381,428.7415,76349.15,90.04211,0.0,0.0,4.0,12.0,54.0,0.037415,0.090136,278.0999011,281159.0,100.9541,3,1.3085093686597447,0,0,0,can’t find,,1,1,1,1,0
1.57484e+18,rahimy166,rahimy166,👑محمود,"عاشق و سرباز میهن و فدایی شاهنشاه
 بزرگ ایران زمین
PahlaviReza@
ورود شغالان و بی‌غیرتان ممنوع⛔","عاشق و سرباز میهن و فدایی شاهنشاه
  بزرگ ایران زمین
 PahlaviReza@
 ورود شغالان و بی‌غیرتان ممنوع",2022-09-27T19:04:30+00:00,3832.0,951.0,77376.0,4.0,4934.0,82600.0,82600.0,0.0,3832.0,921.0,4.160695,1.032573,1.0,False,0.0,True,False,False,False,0.0,0.0,none,312.0,120.0,39.0,1.493694,19.8018,5.0,3.183784,149.6631,131873.1,89.68512,0.0,0.0,12.0,14.0,85.0,0.09009,0.151351,263.2339744,82129.0,53.16757,94,4.0294426919032595,0,3,0,human(2),0.0,1,1,1,1,0
1.2871e+18,simin223316966,simin223316966,Simin /👑پیمان_نوین.#👑,#KingdomWithPahlavi #جاوید‌شاه پاینده ایران و ایرانی #رستاخیز_ملی_با_نام_پهلوی #KingRezaPahlavi,KingdomWithPahlavi جاوید‌شاه پاینده ایران و ایرانی رستاخیز_ملی_با_نام_پهلوی KingRezaPahlavi,2020-07-25T19:05:47+00:00,7540.0,6933.0,194765.0,4.0,5952.0,153167.0,153167.0,0.0,7540.0,1715.0,4.396501,4.042566,1.0,False,0.0,True,False,False,False,1.0,0.0,none,62.0,99.0,36.0,1.830508,44.19068,5.0,2.65678,109.3602,215045.7,89.3102,0.0,0.0,4.0,12.0,40.0,0.20339,1.021186,2467.258065,152970.0,41.30508,95,1.0875522861676041,0,9,0,human(2),0.0,1,1,1,1,0
1.07583e+18,MOperaPhantom,moperaphantom,👑شبح اپرا🎭POTO,من مرگ سرخم،به من دست نزنید/ صدای بی صدایان/مرجعیت کلیسای ساتانیست شعبه ایران و حومه⛪️,من مرگ سرخم،به من دست نزنید/ صدای بی صدایان/مرجعیت کلیسای ساتانیست شعبه ایران و حومه,2018-12-20T19:16:56+00:00,3628.0,3183.0,413296.0,10.0,6212.0,203124.0,203124.0,0.0,3628.0,2298.0,1.578764,1.385117,1.0,False,0.0,True,False,False,False,0.0,0.0,none,1.0,0.0,0.0,1.0,14.0,1.0,1.0,167.0,0.0,88.39164,1.0,1.0,1.0,1.0,1.0,0.0,0.0,203123.0,203123.0,30.0,86,1.1398052152057807,0,0,0,unverified(4),,1,1,1,1,0
1.05204e+18,Asayesh176,asayesh176,Asayesh(ملکه اجنه ۱),ریدم تو دهن #قاسم_کتلت و کاپشن صورتی گوشواره قلبی و بقیه کتلتهای جمهوری اسلامی 😁/ #مهسا_امینی/ #رأی_نمیدهم,ریدم تو دهن قاسم_کتلت و کاپشن صورتی گوشواره قلبی و بقیه کتلتهای جمهوری اسلامی / مهسا_امینی/ رأی_نمیدهم,2018-10-16T03:47:18+00:00,46485.0,23482.0,298517.0,26.0,3153.0,206484.0,206484.0,0.0,46485.0,2363.0,19.67203,9.937368,1.0,False,0.0,True,False,False,False,1.0,0.0,none,0.0,0.0,64.0,0.017544,10.44737,2.0,1.377193,6.614035,58286.23,87.38214,0.0,0.0,6.0,16.0,51.0,0.780702,2.184211,206420.0,206420.0,3.45614,106,1.9796013968145814,1,3,0,can’t find,,1,0,1,1,1
1.03565e+18,6njeli,6njeli,اونجلیناجیلی,"ماه پشت ابر نمیمونه
تو خوب بمون، بلاخره آدم بدا یه جا رسوا میشن","ماه پشت ابر نمیمونه
 تو خوب بمون، بلاخره آدم بدا یه جا رسوا میشن",2018-08-31T22:02:22+00:00,161953.0,57862.0,305612.0,52.0,3153.0,209621.0,209621.0,0.0,161953.0,2409.0,67.22831,24.0191,0.0,False,0.0,True,False,False,False,0.0,0.0,none,15.0,0.0,0.0,1.0,11.94118,1.0,1.0,293.8824,2875024.0,87.01577,0.0,0.0,2.0,2.0,3.0,0.0,0.0,13973.73333,209606.0,29.70588,63,2.79895268051571,0,1,0,human(2),0.0,1,1,1,1,0
1.53285e+18,Sho_Ber_5,sho_ber_5,👑SHOBER👑,"#پادشاهی_مطلقه_پهلوی  
به خیابان برمی‌گردیم 
#kingRezaPahlavi 
«پاینده_ایران_شاهنشاهی»","پادشاهی_مطلقه_پهلوی 
 به خیابان برمی‌گردیم 
 kingRezaPahlavi 
 «پاینده_ایران_شاهنشاهی»",2022-06-03T22:22:15+00:00,4228.0,3262.0,146881.0,7.0,7404.0,90075.0,90075.0,0.0,4228.0,1037.0,4.077146,3.145612,1.0,False,0.0,True,False,False,False,1.0,0.0,none,15.0,2.0,19.0,0.765957,11.2766,2.0,2.382979,74.59574,2399231.0,86.86114,0.0,0.0,4.0,10.0,12.0,0.489362,1.042553,6002.6,90039.0,21.3617,86,1.296137339055794,0,1,0,human(2),0.0,1,1,1,1,0
1.5784e+18,Reddington_LA,reddington_la,Raymond 🇮🇱,Iranian-Zionist - Monarchy for Iran 👑🇮🇱,Iranian-Zionist - Monarchy for Iran,2022-10-07T14:58:34+00:00,15790.0,13026.0,184051.0,2.0,2654.0,78794.0,78794.0,0.0,15790.0,911.0,17.3326,14.29857,1.0,False,0.0,True,False,False,False,0.0,0.0,none,30.0,1.0,7.0,0.974359,26.69231,3.0,1.102564,915.6667,1243947.0,86.49177,0.0,0.0,2.0,2.0,2.0,0.333333,0.333333,2625.2,78756.0,147.1795,39,1.2121910026101643,0,0,0,human(2),0.0,1,1,1,1,1
1.4048e+18,TahsinZhaleh,tahsinzhaleh,👑Zhaleh_Tahsin👑卐,"卐👑 به نام ایران 
برای ایران 
 #رضاشاه_روحت_شاد #جاویدشاه 👑 
    #KingRezaPahlavi
@PahlaviReza 
پادشاهی‌خواه _ راستگو  _ الگوشناس","卐 به نام ایران 
 برای ایران 
  رضاشاه_روحت_شاد جاویدشاه 
  KingRezaPahlavi
 @PahlaviReza 
 پادشاهی‌خواه _ راستگو _ الگوشناس",2021-06-15T14:14:26+00:00,15247.0,4947.0,174389.0,15.0,2770.0,120112.0,120112.0,0.0,15247.0,1390.0,10.96906,3.558993,1.0,False,0.0,True,False,False,False,1.0,0.0,none,631.0,39.0,8.0,0.639175,28.0,3.0,1.675994,205.514,143623.7,86.41151,0.0,0.0,3.0,8.0,2.0,0.045655,0.055965,189.2773376,119434.0,58.84389,128,3.0820699413786135,0,0,0,human(2),0.0,1,1,1,1,1
1.68146e+18,SushyanPahlavi,sushyanpahlavi,Sushyant Pahlavi,"تا شاه نباشد وطنی نیست،
برای ایران #جاویدشاه 
#شاهنشاه_رضا_پهلوى ،
زنده باد دولت پادشاهی پهلوی","تا شاه نباشد وطنی نیست،
 برای ایران جاویدشاه 
 شاهنشاه_رضا_پهلوى ،
 زنده باد دولت پادشاهی پهلوی",2023-07-19T00:07:34+00:00,3829.0,3388.0,58614.0,3.0,3387.0,53710.0,53710.0,0.0,3829.0,626.0,6.116613,5.412141,1.0,False,0.0,False,False,False,False,1.0,0.0,none,521.0,48.0,16.0,0.996581,32.09744,6.0,1.492308,250.6889,47887.92,85.79872,0.0,0.0,2.0,7.0,2.0,0.068376,0.133333,101.9673704,53125.0,53.10769,94,1.1301652892561984,0,0,0,human(2),0.0,1,1,1,1,1
7.28253e+17,IranIntl,iranintl,ايران اينترنشنال,"‏‏‏‏‎‎‎‎#ایران_اینترنشنال تنها شبکه خبری ۲۴ ساعته فارسی‌زبان که تازه‌ترین خبرها را در سریع‌ترین زمان پوشش می‌دهد.
📲 00447830007000
📧 bama@iranintl.com","‏‏‏‏‎‎‎‎ایران_اینترنشنال تنها شبکه خبری ۲۴ ساعته فارسی‌زبان که تازه‌ترین خبرها را در سریع‌ترین زمان پوشش می‌دهد.
  00447830007000
  bama@iranintl.com",2016-05-05T15:59:59+00:00,2029889.0,68.0,44.0,1953.0,217892.0,279114.0,279114.0,0.0,2029889.0,3257.0,623.2389,0.020878,0.0,False,0.0,True,False,False,False,1.0,1.0,none,12.0,0.0,0.0,1.0,34.5,1.0,0.083333,1135.75,5951525.0,85.69665,0.0,0.0,2.0,4.0,1.0,0.0,0.0,23258.5,279102.0,175.0833,150,29851.308823529413,0,0,0,News Agent(3),,1,1,1,1,1
1.23688e+18,neptunegalaxy21,neptunegalaxy21,Rick,"بر انداز - هیچ صلحی با عرزشی مجاهد رجوی چی ها ندارم
#نه_به_جمهوی_اسلامی
((اکانت قبلیم فول ساسپند شده))","بر انداز - هیچ صلحی با عرزشی مجاهد رجوی چی ها ندارم
 نه_به_جمهوی_اسلامی
 ((اکانت قبلیم فول ساسپند شده))",2020-03-09T05:00:11+00:00,3624.0,4183.0,150145.0,3.0,6121.0,158532.0,158532.0,0.0,3624.0,1853.0,1.955747,2.25742,1.0,False,0.0,False,False,False,False,1.0,0.0,none,2.0,0.0,0.0,1.0,17.5,2.0,2.0,1.0,853.5,85.55424,2.0,2.0,2.0,2.0,1.0,0.0,1.0,79265.0,158530.0,0.0,102,0.8663638536935214,0,2,0,unverified(4),,1,1,1,1,0
1.31612e+18,corrrdeliiiaaa,corrrdeliiiaaa,Cordelia,ریگیم در کفش این دنیا,ریگیم در کفش این دنیا,2020-10-13T21:03:06+00:00,1739.0,77.0,457302.0,9.0,7890.0,138438.0,138438.0,0.0,1739.0,1635.0,1.063609,0.047095,1.0,False,0.0,True,False,False,False,0.0,0.0,none,2.0,0.0,0.0,1.0,9.666667,1.0,2.0,1.0,1259993.0,84.67156,0.0,0.0,2.0,2.0,2.0,0.333333,0.333333,69218.0,138436.0,0.0,21,22.584415584415584,0,0,0,human(2),0.0,1,1,1,1,0
1.57321e+18,bardi1980,bardi1980,👑👑سردار سپه رضاشاه کبیر👑👑,"❤این شیخ که آیت انیران باشد❤
❤وز فتنه ی او ایران ویران باشد❤
❤دیرا که نبودست و ایران بودست❤
زودا که نباشد وی و ایران باشد❤","این شیخ که آیت انیران باشد
 وز فتنه ی او ایران ویران باشد
 دیرا که نبودست و ایران بودست
 زودا که نباشد وی و ایران باشد",2022-09-23T07:28:59+00:00,9402.0,8749.0,20608.0,5.0,1349.0,78120.0,78120.0,0.0,9402.0,925.0,10.16432,9.458378,1.0,False,0.0,False,False,False,False,0.0,0.0,none,11.0,0.0,8.0,0.53125,14.15625,1.0,1.59375,114.9375,2187612.0,84.45405,0.0,0.0,16.0,16.0,14.0,0.3125,0.75,7100.090909,78101.0,19.90625,122,1.0746371013830152,0,4,0,human(2),0.0,1,1,1,1,0
1.21864e+18,yYh8x5hC6nxh1Wd,yyh8x5hc6nxh1wd,mahboubeh bayat محبوبه بیات,هنر سینما تاتر سیاست .   یک زمانی بازیگر سینما تاتر وتلویزیون بودم امروز فقط داغ ایران پادشاهی دارم,هنر سینما تاتر سیاست . یک زمانی بازیگر سینما تاتر وتلویزیون بودم امروز فقط داغ ایران پادشاهی دارم,2020-01-18T21:07:10+00:00,37928.0,17149.0,147066.0,41.0,4121.0,160474.0,160474.0,0.0,37928.0,1904.0,19.92017,9.006828,1.0,False,0.0,False,False,False,False,0.0,0.0,none,21.0,5.0,0.0,0.633333,15.0,2.0,0.733333,743.9333,2173387.0,84.28256,0.0,0.0,4.0,8.0,5.0,0.0,0.0,7640.380952,160448.0,109.7333,99,2.2116741500962154,0,4,0,bot(1),1.0,1,1,1,1,1
1.67271e+18,mahsa_300,mahsa_300,Mahsa 𓃬☼,"زمانی که #شیروخورشید دوباره طلوع کند، جهان طلوعی نو از صلح را خواهد دید.
𓃬☼ #𝙄𝙍𝘼𝙉
#امیرحسین_موسوی","زمانی که شیروخورشید دوباره طلوع کند، جهان طلوعی نو از صلح را خواهد دید.
 𓃬☼ 𝙄𝙍𝘼𝙉
 امیرحسین_موسوی",2023-06-24T21:16:25+00:00,3130.0,1350.0,63726.0,3.0,848.0,54805.0,54805.0,0.0,3130.0,651.0,4.807988,2.073733,1.0,False,0.0,False,False,False,False,1.0,0.0,none,15.0,6.0,47.0,0.988095,14.46429,5.0,1.297619,275.7738,473324.6,84.18587,0.0,0.0,4.0,9.0,17.0,0.392857,1.464286,3649.133333,54737.0,46.0,97,2.3185185185185184,0,3,0,bot(1),1.0,1,1,1,1,0
1.66294e+18,NasehMohi,nasehmohi,Echinops Kurdicus,"Neurologist. From behind the mountains of a village.
ویزیت آنلاین:
https://t.co/mGLWIvBVVe
...
https://t.co/pJTckmiCIj","Neurologist. From behind the mountains of a village.
 ویزیت آنلاین:
 
 ...",2023-05-28T21:40:01+00:00,9369.0,224.0,109582.0,15.0,487.0,57025.0,57025.0,0.0,9369.0,678.0,13.81858,0.330383,1.0,False,0.0,False,False,False,False,0.0,0.0,none,0.0,0.0,1.0,0.0,19.0,1.0,0.0,13.0,0.0,84.10767,1.0,1.0,1.0,1.0,1.0,1.0,1.0,57024.0,57024.0,0.0,118,41.825892857142854,0,0,1,bot(1),1.0,1,1,1,1,0
9.46962e+17,HastiGh4,hastigh4,👑Hasti GH👑,فر و شکوه ایران بازگشت به پادشاهی #رضا_شاه_دوم #KingRezaPahlavi ایران بدون پهلوی یعنی سرای اجنبی. به گواه تاریخ پهلوی ها حکومت نکردند، معجزه کردند,فر و شکوه ایران بازگشت به پادشاهی رضا_شاه_دوم KingRezaPahlavi ایران بدون پهلوی یعنی سرای اجنبی. به گواه تاریخ پهلوی ها حکومت نکردند، معجزه کردند,2017-12-30T04:31:10+00:00,5955.0,1816.0,317947.0,3.0,5513.0,222732.0,222732.0,0.0,5955.0,2653.0,2.244629,0.684508,1.0,False,0.0,True,False,False,False,1.0,0.0,none,133.0,8.0,15.0,0.954545,27.30682,4.0,2.721591,236.5568,344185.9,83.95477,0.0,0.0,4.0,6.0,21.0,0.102273,0.113636,1673.503759,222576.0,61.99432,146,3.279185022026432,0,1,0,unverified(4),,1,1,1,1,1
1.63827e+18,YasiPatriot,yasipatriot,☼ 𓃬 Yasi,Opinions are my own!,Opinions are my own!,2023-03-21T20:11:38+00:00,8081.0,653.0,241292.0,35.0,3420.0,62389.0,62389.0,0.0,8081.0,746.0,10.83244,0.875335,1.0,False,0.0,False,False,False,False,0.0,0.0,none,169.0,53.0,229.0,1.629237,29.39407,6.0,1.733051,365.5191,113588.1,83.63137,0.0,0.0,4.0,15.0,22.0,0.366525,0.733051,366.4970414,61938.0,77.76059,20,12.375191424196018,0,0,0,human(2),0.0,1,1,1,1,1
1.6389e+18,hardseltzerr,hardseltzerr,⚔️,گه خوری=بلاک ain't for the weak,گه خوری=بلاک ain't for the weak,2023-03-23T13:28:14+00:00,6893.0,2035.0,178050.0,15.0,3075.0,61580.0,61580.0,0.0,6893.0,744.0,9.264785,2.735215,1.0,False,0.0,False,False,False,False,0.0,0.0,none,1.0,0.0,1.0,0.5,34.5,1.0,0.5,567.0,587342.5,82.76882,0.0,0.0,1.0,1.0,1.0,0.0,1.0,61578.0,61578.0,56.0,31,3.387223587223587,0,0,0,human(2),0.0,1,1,1,1,0
1.06566e+18,indypersian,indypersian,independentpersian,"Official account of the Independent Persian
حساب رسمی روزنامه فارسی ایندیپندنت، نخستین روزنامه بین‌المللی به زبان فارسی","Official account of the Independent Persian
 حساب رسمی روزنامه فارسی ایندیپندنت، نخستین روزنامه بین‌المللی به زبان فارسی",2018-11-22T17:28:33+00:00,308560.0,18.0,683.0,706.0,87495.0,190119.0,190119.0,0.0,308560.0,2326.0,132.6569,0.007739,1.0,False,0.0,False,False,False,False,0.0,0.0,none,13.0,0.0,0.0,1.153846,50.53846,1.0,2.076923,2443.154,4542252.0,81.73646,0.0,0.0,1.0,1.0,1.0,0.153846,0.153846,14623.53846,190106.0,537.8462,119,17142.222222222223,0,0,0,News Agent(3),,1,1,1,1,1
1.76354e+18,BarfiiIran,barfiiiran,برفی,خدایا یه کاری کن بال پرندم نشکنه,خدایا یه کاری کن بال پرندم نشکنه,2024-03-01T12:02:11+00:00,3492.0,1777.0,31182.0,2.0,463.0,32295.0,32295.0,0.0,3492.0,400.0,8.73,4.4425,1.0,False,0.0,False,False,False,False,0.0,0.0,none,96.0,0.0,2.0,1.026549,15.16814,1.0,1.185841,736.4425,283983.3,80.7375,0.0,0.0,2.0,4.0,16.0,0.026549,0.026549,335.3854167,32197.0,122.1947,32,1.9651097355092852,0,0,0,bot(1),1.0,1,1,1,1,1
1.5737e+18,Marie36822764,marie36822764,Imperial State of Iran,"👑
#KingRezaPahlavi
#IraniansStandWithIsrael
فالو=فالو بک","KingRezaPahlavi
 IraniansStandWithIsrael
 فالو=فالو بک",2022-09-24T15:47:32+00:00,3489.0,7501.0,90476.0,2.0,407.0,73909.0,73909.0,0.0,3489.0,924.0,3.775974,8.117965,1.0,False,0.0,True,False,False,False,1.0,0.0,none,11.0,2.0,215.0,0.834459,12.90541,7.0,1.087838,52.36149,33703.19,79.9881,0.0,0.0,8.0,28.0,69.0,0.638514,1.513514,6698.272727,73681.0,3.672297,56,0.465137981602453,0,8,0,bot(1),1.0,1,1,1,1,0
1.29149e+18,BamdadPirouzi,bamdadpirouzi,Bamdad Pirouzi ایران,"به نام خداوند جان و خرد/کزین برتر اندیشه برنگذرد #ایران #براندازم #جاویدشاه When there is a good  will, there is a good way   #KingRezaPahlavi","به نام خداوند جان و خرد/کزین برتر اندیشه برنگذرد ایران براندازم جاویدشاه When there is a good will, there is a good way KingRezaPahlavi",2020-08-06T22:01:13+00:00,4969.0,933.0,157537.0,7.0,6398.0,135292.0,135292.0,0.0,4969.0,1703.0,2.917792,0.547857,1.0,False,0.0,True,False,False,False,1.0,0.0,none,238.0,91.0,149.0,0.843206,18.93902,6.0,2.379791,113.9564,106176.1,79.44334,0.0,0.0,10.0,32.0,97.0,0.275261,0.660279,566.4453782,134814.0,39.06098,142,5.32583065380493,0,0,0,bot(1),1.0,1,1,1,1,0
1.45973e+18,ShahinMajelan,shahinmajelan,Azadi,🦁🌞👑👑طرفدار خاندان پهلوی اکانت سوم,طرفدار خاندان پهلوی اکانت سوم,2021-11-14T03:54:24+00:00,4800.0,7499.0,125529.0,3.0,5731.0,98342.0,98342.0,0.0,4800.0,1238.0,3.877221,6.057351,1.0,False,0.0,True,False,False,False,0.0,0.0,none,10.0,29.0,7.0,1.833333,13.28571,4.0,2.059524,31.97619,867376.8,79.43619,0.0,0.0,30.0,52.0,39.0,0.142857,0.190476,9829.6,98296.0,8.011905,33,0.6400853447126283,0,0,0,human(2),0.0,1,1,1,1,0
1.55672e+18,frank_1929,frank_1929,Annelies Marie 1929.( Persian version),"No one has ever become poor by giving.
  فقط پهلوی ❤️👑","No one has ever become poor by giving.
  فقط پهلوی",2022-08-08T19:15:20+00:00,4300.0,0.0,0.0,9.0,4655.0,77114.0,77114.0,0.0,4300.0,971.0,4.428424,0.0,1.0,False,0.0,True,False,False,False,0.0,0.0,none,5.0,2.0,5.0,1.375,15.375,4.0,1.375,1132.5,4980489.0,79.4171,0.0,0.0,2.0,2.0,5.0,0.25,0.4375,15420.4,77102.0,175.3125,54,4300.0,4,4,0,human(2),0.0,1,1,1,1,0
1.60767e+18,hightesla,hightesla,مستر تسلا,"آگاهی آزادی ست.آزادی آگاهی ست.
نهایتا همانها دنیا را تغییر میدهند که انقدر دیوانه اند که فکر میکنند میتوانند دنیارا تغییر دهند! #روشنگر #جاویدشاه دایرکت=بلاک","آگاهی آزادی ست.آزادی آگاهی ست.
 نهایتا همانها دنیا را تغییر میدهند که انقدر دیوانه اند که فکر میکنند میتوانند دنیارا تغییر دهند! روشنگر جاویدشاه دایرکت=بلاک",2022-12-27T09:47:39+00:00,3032.0,2709.0,52027.0,2.0,780.0,65761.0,65761.0,0.0,3032.0,830.0,3.653012,3.263855,1.0,False,0.0,False,False,False,False,1.0,0.0,none,3.0,0.0,0.0,0.75,21.75,1.0,0.5,35.5,1052596.0,79.23012,0.0,0.0,2.0,2.0,2.0,0.25,0.25,21919.33333,65758.0,6.75,157,1.1192321889996308,0,0,0,bot(1),1.0,1,1,1,1,0
1.18681e+18,Sepideh52191550,sepideh52191550,Sepidar,"Live the life even in hard times✌️His Majesty #RezaShahIIPahlaviIsMyKing Viva Iran, Long Live HIM #KingRezaPahlavi. My one & only choice HIM Shah @PahlaviReza","Live the life even in hard timesHis Majesty RezaShahIIPahlaviIsMyKing Viva Iran, Long Live HIM KingRezaPahlavi. My one & only choice HIM Shah @PahlaviReza",2019-10-23T00:44:53+00:00,5646.0,4269.0,163119.0,5.0,10476.0,157666.0,157666.0,0.0,5646.0,1991.0,2.835761,2.144149,1.0,False,0.0,True,False,False,False,1.0,0.0,none,583.0,21.0,153.0,0.971363,28.60596,5.0,2.117984,157.5521,84540.52,79.18935,0.0,0.0,18.0,41.0,117.0,0.487973,1.725086,269.1406518,156909.0,54.02405,158,1.3225579761068167,0,8,0,bot(1),1.0,1,1,1,1,0
1.10064e+18,EbneHava,ebnehava,آدم,"‏‏ضعيفِ قاصرِ فانی                                                                  
 
                             (هر سه اکانت قبلی به رحمت ایزدی پیوستند)","‏‏ضعيفِ قاصرِ فانی 
  
  (هر سه اکانت قبلی به رحمت ایزدی پیوستند)",2019-02-27T06:28:52+00:00,97619.0,453.0,954094.0,580.0,14400.0,176045.0,176045.0,0.0,97619.0,2229.0,43.79498,0.20323,1.0,False,0.0,True,False,False,False,0.0,0.0,none,0.0,0.0,1.0,1.0,8.0,1.0,0.0,54.0,0.0,78.97936,1.0,1.0,1.0,1.0,1.0,1.0,1.0,176044.0,176044.0,2.0,156,215.4944812362031,0,0,0,human(2),0.0,1,1,1,1,1
8.22393e+17,AzadehKhorasan,azadehkhorasan,Azadeh Khorasani👑💙,👑👑👑👑👑👑👑,,2017-01-20T10:39:13+00:00,28323.0,635.0,249832.0,41.0,18891.0,232715.0,232715.0,0.0,28323.0,2997.0,9.45045,0.211879,1.0,False,0.0,True,False,False,False,0.0,0.0,none,121.0,6.0,9.0,0.992857,28.63571,3.0,2.1,375.8286,723058.9,77.64932,0.0,0.0,4.0,6.0,5.0,0.064286,0.142857,1922.140496,232579.0,83.47857,7,44.60314960629921,0,0,0,human(2),0.0,1,1,1,1,1
1.77074e+18,california123AA,california123aa,👑👑Maj.AA,"یه مرد تنها و خسته l love you so much my dear ❤❤❤

زندگی با تو خیلی قشنگه ❤❤❤
دلم میخواد تا ابد بغلت کنم M.A 🫂❤

جاوید شاه
#KingRezaPahlavi","یه مرد تنها و خسته l love you so much my dear 
 
 زندگی با تو خیلی قشنگه 
 دلم میخواد تا ابد بغلت کنم M.A 
 
 جاوید شاه
 KingRezaPahlavi",2024-03-21T08:55:23+00:00,3095.0,496.0,34333.0,2.0,2377.0,29080.0,29080.0,0.0,3095.0,380.0,8.144737,1.305263,1.0,False,0.0,False,False,False,False,1.0,0.0,none,112.0,1.0,6.0,0.658228,28.96203,2.0,2.132911,181.8354,238116.7,76.52632,0.0,0.0,4.0,9.0,40.0,0.050633,0.063291,258.5803571,28961.0,35.31013,139,6.23991935483871,0,3,0,human(2),0.0,1,1,1,1,0
1.28796e+18,CyrusGreatSon,cyrusgreatson,👑Cyrus the Great👑,گسستن زنجیرهاآرزوی من و براندازی ج.ا. هدف من است. #جاویدشاه آریامهر تا ابد 💜🌹 قلب من ازنور روح مقدس روشنست ✝️ بایدمبارزه کردباظلم و جهل تاآخرین نفس.,گسستن زنجیرهاآرزوی من و براندازی ج.ا. هدف من است. جاویدشاه آریامهر تا ابد قلب من ازنور روح مقدس روشنست بایدمبارزه کردباظلم و جهل تاآخرین نفس.,2020-07-28T03:49:14+00:00,23578.0,6806.0,360327.0,19.0,3343.0,130473.0,130473.0,0.0,23578.0,1712.0,13.7722,3.975467,1.0,False,0.0,True,False,False,False,1.0,0.0,none,4.0,0.0,0.0,1.0,21.5,1.0,1.25,496.0,979205.5,76.21086,0.0,0.0,1.0,1.0,1.0,0.0,0.0,32617.25,130469.0,85.75,148,3.4642962092271525,0,0,0,unverified(4),,1,1,1,1,0
1.61259e+18,KarimSnowman,karimsnowman,کریم بنز‌سوار(کریم گیلانی),"راستگو/بی ریا/عاشق دیوی در برنامه کلاه قرمزی/ما این نظام رو چنج می کنیم. مکرون تسلیم شو دیگه لعنتی. keeriimam,be khoda  mosalmunam","راستگو/بی ریا/عاشق دیوی در برنامه کلاه قرمزی/ما این نظام رو چنج می کنیم. مکرون تسلیم شو دیگه لعنتی. keeriimam,be khoda mosalmunam",2023-01-09T23:08:09+00:00,3787.0,3380.0,158527.0,1.0,1652.0,62005.0,62005.0,0.0,3787.0,817.0,4.635251,4.137087,1.0,False,0.0,False,False,False,False,0.0,0.0,none,1.0,0.0,0.0,1.0,40.0,1.0,1.0,129.0,0.0,75.89351,1.0,1.0,1.0,1.0,1.0,0.0,0.0,62004.0,62004.0,25.0,130,1.120414201183432,0,0,0,bot(1),1.0,1,1,1,1,0
1.11973e+18,Nastaran9638495,nastaran9638495,👑Nastaran👑,"مشروطه خواه، ندانم گرا #رضا_شاه_دوم_پهلوی_سوم
#ایران_معبد_ماست

#جاویدشاه","مشروطه خواه، ندانم گرا رضا_شاه_دوم_پهلوی_سوم
 ایران_معبد_ماست
 
 جاویدشاه",2019-04-20T22:12:20+00:00,40894.0,5736.0,256950.0,44.0,7661.0,165127.0,165127.0,0.0,40894.0,2177.0,18.78457,2.634819,1.0,False,0.0,True,False,False,False,1.0,0.0,none,437.0,32.0,28.0,0.991968,32.6988,3.0,1.807229,383.8514,186374.5,75.85071,0.0,0.0,3.0,8.0,2.0,0.074297,0.126506,376.7276888,164630.0,98.78715,73,7.129358437935844,0,7,0,bot(1),1.0,1,1,1,1,1
1.26181e+18,Banuirani84,banuirani84,👑 ساغر بختیاری,"#براندازم✌️
هرآنچه از دل برآید مینویسم✍
اول ایران
دوم ایران
آخر ایران❤
#جاوید_شاه
#تجربه_تظاهرات
#قدمهای_براندازی 
چون زیاد ریتوییت میکنم لینک توییتهام","براندازم
 هرآنچه از دل برآید مینویسم
 اول ایران
 دوم ایران
 آخر ایران
 جاوید_شاه
 تجربه_تظاهرات
 قدمهای_براندازی 
 چون زیاد ریتوییت میکنم لینک توییتهام",2020-05-16T23:57:32+00:00,21631.0,8945.0,135924.0,15.0,3071.0,133190.0,133190.0,0.0,21631.0,1785.0,12.11821,5.011204,1.0,False,0.0,True,False,False,False,1.0,0.0,none,71.0,0.0,1.0,0.45122,22.32927,2.0,2.195122,194.9878,932611.7,74.61625,0.0,0.0,6.0,6.0,11.0,0.0,0.02439,1874.901408,133118.0,41.96341,151,2.4182224706539968,0,2,0,can’t find,,1,1,1,1,0
1.17651e+18,sattarkhan121,sattarkhan121,داش غلام,Master of Science(MSc) مهندس(کارشناس ارشد)از اقوام ایرانی #ما_ملت_کبیریم_ایران_را_پس_میگیریم #رضاشاه_روحت_شاد برانداز،صدای مبارزین خیابانی، تکیه به قدرت مردم,Master of Science(MSc) مهندس(کارشناس ارشد)از اقوام ایرانی ما_ملت_کبیریم_ایران_را_پس_میگیریم رضاشاه_روحت_شاد برانداز،صدای مبارزین خیابانی، تکیه به قدرت مردم,2019-09-24T14:40:02+00:00,42838.0,28696.0,152908.0,22.0,13423.0,150342.0,150342.0,0.0,42838.0,2020.0,21.20693,14.20594,1.0,False,0.0,True,False,False,False,1.0,0.0,none,111.0,1.0,14.0,2.368421,26.13816,3.0,3.085526,133.6908,273052.5,74.42673,0.0,0.0,10.0,14.0,27.0,0.138158,0.414474,1353.297297,150216.0,35.23684,157,1.492821299135768,0,3,0,bot(1),1.0,1,1,1,1,1
1.42668e+18,Ffarhad7412,ffarhad7412,🔶فرهاد,در کوی نیکنامی ما را گذر ندادن گفتن توکز محنت ایران بی غمی نشاید ک نامت نهند آدمی،اکانت پنجم_بیاد #نسیم_شهبازی👑,در کوی نیکنامی ما را گذر ندادن گفتن توکز محنت ایران بی غمی نشاید ک نامت نهند آدمی،اکانت پنجم_بیاد نسیم_شهبازی,2021-08-14T22:59:19+00:00,4108.0,697.0,150852.0,5.0,2877.0,98237.0,98237.0,0.0,4108.0,1330.0,3.088722,0.52406,1.0,False,0.0,True,False,False,False,1.0,0.0,none,111.0,6.0,27.0,0.893491,31.10651,3.0,2.183432,152.3254,443422.3,73.86241,0.0,0.0,5.0,9.0,26.0,0.224852,0.497041,883.7207207,98093.0,45.57396,111,5.893830703012912,0,4,0,bot(1),1.0,1,1,1,1,0
1.41746e+18,aghachurchill,aghachurchill,AghaChurchill | اقاچرچیل 🇮🇱🇺🇸🇨🇦,"Fighting Marxist-Islamist threats to liberty and safety worldwide. Advocate for the Pahlavi-led Fall of the IR Regime in Iran, reviving #TheSHAH’s glorious era.","Fighting Marxist-Islamist threats to liberty and safety worldwide. Advocate for the Pahlavi-led Fall of the IR Regime in Iran, reviving TheSHAH’s glorious era.",2021-07-20T12:34:27+00:00,5326.0,889.0,238099.0,17.0,1587.0,100042.0,100042.0,0.0,5326.0,1355.0,3.930627,0.656089,1.0,False,0.0,True,False,False,False,1.0,0.0,none,6.0,4.0,4.0,0.5,32.14286,2.0,2.071429,154.7143,1633787.0,73.83173,0.0,0.0,2.0,3.0,1.0,0.142857,0.142857,16671.33333,100028.0,36.35714,160,5.991001124859393,0,0,0,human(2),0.0,1,1,1,1,0
1.60613e+18,MashinMonee,mashinmonee,MoneeMashin🍌🎗🇮🇱,"ملّی گرای پادشاهیخواه، شایسته سالاری، شاهنامه،اریامهری،ورزش،جاز،رپ-باوردار به:قدرت حرف اخر را میزند-ایران زمین میراث تک تک ماست-مطالعات پسا دکترا,حرفه ای/تخصصی","ملّی گرای پادشاهیخواه، شایسته سالاری، شاهنامه،اریامهری،ورزش،جاز،رپ-باوردار به:قدرت حرف اخر را میزند-ایران زمین میراث تک تک ماست-مطالعات پسا دکترا,حرفه ای/تخصصی",2022-12-23T03:27:08+00:00,13311.0,13648.0,75630.0,4.0,399.0,61019.0,61019.0,0.0,13311.0,834.0,15.96043,16.36451,1.0,False,0.0,True,False,False,False,0.0,0.0,none,1.0,0.0,2.0,0.0,13.66667,2.0,1.0,0.333333,62193.67,73.16427,0.0,0.0,1.0,2.0,1.0,0.666667,2.666667,61016.0,61016.0,0.0,159,0.9753077373974208,0,0,0,bot(1),1.0,1,1,1,1,0
1.40619e+18,Sadaf__12,sadaf__12,Sadaf🌞,ایران معبد ماست,ایران معبد ماست,2021-06-19T10:17:49+00:00,6205.0,985.0,108935.0,7.0,1927.0,100605.0,100605.0,0.0,6205.0,1386.0,4.476912,0.710678,1.0,False,0.0,True,False,False,False,0.0,0.0,none,0.0,0.0,1.0,1.0,7.0,1.0,1.0,1.0,0.0,72.58658,1.0,1.0,1.0,1.0,1.0,0.0,2.0,100604.0,100604.0,0.0,15,6.299492385786802,0,2,0,human(2),0.0,1,1,1,1,1
1.24784e+18,sheykhbabar2,sheykhbabar2,برزین,کمی بد دهن،تمامیت ارضی،عاشق تهران،پرسپوليس،بايرن مونيخ،برانداز،پادشاهی مشروطه،عشق ماشین،راکباز🤘🏻,کمی بد دهن،تمامیت ارضی،عاشق تهران،پرسپوليس،بايرن مونيخ،برانداز،پادشاهی مشروطه،عشق ماشین،راکباز,2020-04-08T10:48:34+00:00,5475.0,1698.0,139552.0,15.0,8278.0,131881.0,131881.0,0.0,5475.0,1823.0,3.003291,0.931432,1.0,False,0.0,True,False,False,False,0.0,0.0,none,1.0,0.0,0.0,1.0,11.0,1.0,3.0,115.0,0.0,72.34284,1.0,1.0,1.0,1.0,1.0,0.0,0.0,131880.0,131880.0,5.0,96,3.224381625441696,0,1,0,human(2),0.0,1,1,1,1,0
1.61614e+18,Pedar_Bozorgggg,pedar_bozorgggg,𓄂✹The Wanderer,"פטריוט איראני
✨️
Monarchist𓄂✹
✨
Iranian Right wing
✨
(دوس دخترم خطرناکه نزدیک نشین)","פטריוט איראני
 
 Monarchist𓄂✹
 
 Iranian Right wing
 
 (دوس دخترم خطرناکه نزدیک نشین)",2023-01-19T18:12:04+00:00,3836.0,4040.0,155724.0,3.0,481.0,57919.0,57919.0,0.0,3836.0,807.0,4.753408,5.006196,1.0,False,0.0,False,False,False,False,0.0,0.0,none,6.0,0.0,0.0,0.285714,38.0,2.0,1.571429,272.5714,7904562.0,71.77076,0.0,0.0,2.0,2.0,2.0,0.0,0.0,9652.166667,57913.0,32.14286,83,0.9495049504950495,0,0,0,human(2),0.0,1,1,1,1,0
1.59615e+18,Peroz401939762,peroz401939762,سورنا,👑فقط پهلوی ودگرهیچ👑,فقط پهلوی ودگرهیچ,2022-11-25T14:56:17+00:00,5016.0,3159.0,74122.0,4.0,1382.0,61804.0,61804.0,0.0,5016.0,862.0,5.819026,3.664733,1.0,False,0.0,True,False,False,False,0.0,0.0,none,57.0,63.0,51.0,0.703704,22.62434,4.0,2.380952,132.1005,279113.0,71.69838,0.0,0.0,4.0,6.0,19.0,0.26455,0.936508,1081.280702,61633.0,46.37566,19,1.5878442545109213,0,9,0,human(2),0.0,1,1,1,1,0
1.20906e+18,__H59__,__h59__,همون حادی,"فالو نکن،اینجا خبری نیست!

مخالف 100 درصد جمهوری اسلامی هستم،و دل در گرو خاندان ایرانساز پهلوی بستم،همین!","فالو نکن،اینجا خبری نیست!
 
 مخالف 100 درصد جمهوری اسلامی هستم،و دل در گرو خاندان ایرانساز پهلوی بستم،همین!",2019-12-23T10:48:27+00:00,6952.0,3951.0,163684.0,11.0,2823.0,137116.0,137116.0,0.0,6952.0,1930.0,3.602073,2.04715,1.0,False,0.0,True,False,False,False,0.0,1.0,none,7.0,2.0,0.0,0.666667,16.22222,1.0,1.888889,121.7778,885603.0,71.04456,0.0,0.0,1.0,1.0,1.0,0.0,0.0,19586.71429,137107.0,32.77778,105,1.759554543153632,0,2,0,human(2),0.0,1,1,1,1,0
1.52304e+18,max_mad777,max_mad777,MAX,عرزشی و مجاهد و اصلاح طلب و اراذل 🤫 ملی گرا #پاینده_ایران❤️🤍💚  لینک توییتام👇🏻,عرزشی و مجاهد و اصلاح طلب و اراذل ملی گرا پاینده_ایران لینک توییتام,2022-05-07T20:41:08+00:00,7200.0,645.0,125268.0,14.0,2343.0,75226.0,75226.0,0.0,7200.0,1064.0,6.766917,0.606203,1.0,False,0.0,True,False,False,False,1.0,0.0,none,7.0,0.0,0.0,1.181818,25.0,1.0,2.0,2070.727,162516.3,70.70113,0.0,0.0,2.0,3.0,5.0,0.0,0.0,10745.57143,75219.0,419.5455,77,11.162790697674419,0,3,0,human(2),0.0,1,1,1,1,0
1.80819e+18,L0mpan,l0mpan,لُمپن 🔆,خاشاک قدیم -با قدرت برگشتم - گرایش راست سیاسی - با افتخار تغییر از جمهوری به پادشاهی 👑,خاشاک قدیم -با قدرت برگشتم - گرایش راست سیاسی - با افتخار تغییر از جمهوری به پادشاهی,2024-07-02T17:23:26+00:00,3660.0,2319.0,33968.0,2.0,1647.0,19418.0,19418.0,0.0,3660.0,277.0,13.213,8.371841,1.0,False,0.0,False,False,False,False,0.0,0.0,none,37.0,2.0,170.0,0.182927,6.231707,4.0,2.158537,197.622,68088.51,70.10108,0.0,0.0,30.0,44.0,38.0,0.703252,1.044715,519.1621622,19209.0,23.46748,86,1.5782664941785252,0,1,0,human(2),0.0,1,1,1,1,0
1.7201e+18,limondar0,limondar0,limon🎗️,معتقد به پادشاهی  @PahlaviReza,معتقد به پادشاهی @PahlaviReza,2023-11-02T15:18:24+00:00,5314.0,985.0,309092.0,17.0,15132.0,36366.0,36366.0,0.0,5314.0,520.0,10.21923,1.894231,1.0,False,0.0,False,False,False,False,0.0,0.0,none,8.0,19.0,3.0,0.956522,19.04348,3.0,0.891304,127.7609,637985.4,69.93462,0.0,0.0,8.0,12.0,17.0,0.173913,0.173913,4542.0,36336.0,20.23913,30,5.3949238578680205,0,1,0,human(2),0.0,1,1,1,1,0
1.49424e+18,DamDami,damdami,DamDam,یک هوموساکر,یک هوموساکر,2022-02-17T09:07:25+00:00,52072.0,2424.0,197211.0,23.0,4174.0,78883.0,78883.0,0.0,52072.0,1143.0,45.55731,2.120735,1.0,False,0.0,True,False,False,False,0.0,0.0,none,1.0,0.0,0.0,0.0,6.0,1.0,0.0,63.0,0.0,69.014,1.0,1.0,1.0,1.0,1.0,0.0,0.0,78882.0,78882.0,2.0,11,21.48184818481848,0,0,0,human(2),0.0,1,1,1,1,0
1.52949e+18,AdelBadel7,adelbadel7,AS ♠️🍌✡︎🪬חי🎗️🤟🫶🧡👑❰̶̶͟͞🍓꙰꙰❱̶𖠧̙̞͢▹͍►͍👑,"ישראל חיה. 
🇮🇱🔯🕎
✡️#ProudZionist
 
#EndJewHatred 
 
𓃬☼#kingRezaPahlavi
 
#IraniansStandWithIsrael

מים קדושים

#PatriotWarriors","ישראל חיה. 
 
 ProudZionist
  
 EndJewHatred 
  
 𓃬☼kingRezaPahlavi
  
 IraniansStandWithIsrael
 
 מים קדושים
 
 PatriotWarriors",2022-05-25T15:38:21+00:00,4742.0,6674.0,110520.0,11.0,16797.0,71287.0,71287.0,0.0,4742.0,1046.0,4.533461,6.380497,1.0,False,0.0,False,False,False,False,1.0,0.0,none,1.0,0.0,5.0,0.272727,9.0,3.0,1.090909,8.909091,3938092.0,68.15201,0.0,0.0,8.0,8.0,6.0,1.0,1.0,71281.0,71281.0,1.272727,127,0.7105184297273,0,1,0,can’t find,,1,1,1,1,1
1.21996e+18,ZaneSharghi1358,zanesharghi1358,فرشته‌ی سابق🎋,"#زن_زندگی_آزادی                                  ❤️پرسپولیس❤️

من یه پرسپولیسی ام، خودتو بامن مقایسه نکن
💚🤍❤️","زن_زندگی_آزادی پرسپولیس
 
 من یه پرسپولیسی ام، خودتو بامن مقایسه نکن",2020-01-22T12:37:46+00:00,8880.0,4692.0,321254.0,8.0,4128.0,129388.0,129388.0,0.0,8880.0,1900.0,4.673684,2.469474,1.0,False,0.0,True,False,False,False,1.0,0.0,none,0.0,0.0,1.0,0.0,3.0,1.0,2.0,1.0,0.0,68.09895,1.0,1.0,1.0,1.0,1.0,1.0,1.0,129387.0,129387.0,0.0,109,1.8925831202046035,0,4,0,human(2),0.0,1,1,1,1,0
1.45299e+18,iran22851566,iran22851566,👑Azar👑,پادشاهی خواه،برانداز، عاشق هنردرودبرخاندان ایران سازپهلوی👑👑👑👑👑👑👑👑👑👑,پادشاهی خواه،برانداز، عاشق هنردرودبرخاندان ایران سازپهلوی,2021-10-26T13:20:44+00:00,10267.0,2709.0,50431.0,7.0,2852.0,84369.0,84369.0,0.0,10267.0,1257.0,8.16786,2.155131,1.0,False,0.0,True,False,False,False,0.0,0.0,none,70.0,7.0,151.0,0.365591,10.67384,4.0,1.426523,60.54122,383590.9,67.11933,0.0,0.0,11.0,26.0,52.0,0.555556,0.849462,1202.014286,84141.0,19.29749,67,3.789959394610557,0,8,0,bot(1),1.0,1,1,1,1,0
1.63646e+18,homeyramis,homeyramis,𓃬 حـمـیـرا‌‌ ☼,"👑👑👑  #جاوید_رضاشاه_دوم_پهلوی_سوم
👑👑👑
ایران‌معبدِماست🕊
#پادشاهی_مشروطه
#کوروش_زمان
#جاویدشاه","جاوید_رضاشاه_دوم_پهلوی_سوم
 
 ایران‌معبدِماست
 پادشاهی_مشروطه
 کوروش_زمان
 جاویدشاه",2023-03-16T20:20:16+00:00,3543.0,714.0,62568.0,8.0,2873.0,50006.0,50006.0,0.0,3543.0,751.0,4.71771,0.950732,1.0,False,0.0,False,False,False,False,1.0,0.0,none,329.0,8.0,16.0,1.194366,30.63662,2.0,2.11831,329.1324,174013.1,66.58589,0.0,0.0,8.0,10.0,4.0,0.092958,0.115493,150.9209726,49653.0,87.1493,91,4.96218487394958,0,0,0,human(2),0.0,1,1,1,1,0
1.63832e+18,SaiedehSaideh59,saiedehsaideh59,Saiedeh,سلام دوستان پادشاهی خواه و برانداز 👑💙💙💙👑👑اگر با ادب هستی فالو نکن چون من فحش میدم به اخوندای پفیوز و تجزیه طلبها🙏اکانت قبلی با۳۶ کا ساس شد,سلام دوستان پادشاهی خواه و برانداز اگر با ادب هستی فالو نکن چون من فحش میدم به اخوندای پفیوز و تجزیه طلبهااکانت قبلی با۳۶ کا ساس شد,2023-03-21T23:25:10+00:00,17735.0,1556.0,92354.0,23.0,5902.0,49516.0,49516.0,0.0,17735.0,746.0,23.77346,2.085791,1.0,False,0.0,False,False,False,False,0.0,1.0,none,147.0,2.0,4.0,0.915584,19.37662,1.0,1.337662,950.6818,396673.0,66.37534,0.0,0.0,4.0,4.0,2.0,0.025974,0.025974,335.8027211,49363.0,168.0325,138,11.397814910025707,0,2,0,human(2),0.0,1,1,1,1,1
1.55592e+18,soroush_mary,soroush_mary,MarySoroush(Roxana)👑👑👑,"دایرکت⛔️بلاک
#KingRezaPahlavi 
#ننگ_بر_سه_فاسد_ملا_چپی_مجاهد","دایرکتبلاک
 KingRezaPahlavi 
 ننگ_بر_سه_فاسد_ملا_چپی_مجاهد",2022-08-06T14:18:21+00:00,3628.0,3516.0,71248.0,3.0,2215.0,64037.0,64037.0,0.0,3628.0,973.0,3.728674,3.613566,1.0,False,0.0,True,False,True,False,1.0,0.0,none,8.0,2.0,1.0,0.545455,25.45455,2.0,2.454545,3.272727,28606.45,65.81398,0.0,1.0,3.0,6.0,1.0,0.0,0.0,8003.25,64026.0,0.727273,60,1.0318543799772468,0,0,0,bot(1),1.0,1,1,1,1,0
1.26974e+18,talaye738,talaye738,🇱🇧🇮🇶مرمر طلایی🇮🇷🇵🇸🇾🇪,"خدایا! خوش دارم گمنام و تنها باشم، تا در غوغای کشمکشهای پوچ ، مدفون نشوم.
شهید آقا مصطفی چمران
🇮🇷❤️🌹✌️🇮🇷🇵🇸🇵🇸🇵🇸","خدایا! خوش دارم گمنام و تنها باشم، تا در غوغای کشمکشهای پوچ ، مدفون نشوم.
 شهید آقا مصطفی چمران",2020-06-07T21:02:28+00:00,20724.0,14338.0,154827.0,13.0,6429.0,115966.0,115966.0,0.0,20724.0,1763.0,11.75496,8.132728,1.0,False,0.0,True,False,False,False,0.0,0.0,none,1.0,0.0,0.0,1.0,12.0,1.0,0.0,531.0,0.0,65.77765,2.0,2.0,2.0,2.0,2.0,0.0,0.0,115965.0,115965.0,62.0,110,1.4453898730645836,0,3,0,bot(1),1.0,1,1,1,1,0
1.69489e+18,CemalK25777Cema,cemalk25777cema,👑1919شاه خدای میهن,"عبدو زینو، قبلی هستم،هنوز هم شعار من
#جاویدشاه 
I got your six","عبدو زینو، قبلی هستم،هنوز هم شعار من
 جاویدشاه 
 I got your six",2023-08-25T01:42:42+00:00,3210.0,2728.0,103599.0,5.0,4239.0,38702.0,38702.0,0.0,3210.0,589.0,5.449915,4.631579,1.0,False,0.0,False,False,False,False,1.0,0.0,none,193.0,32.0,269.0,0.491166,19.0689,3.0,2.240283,27.24205,48962.31,65.70798,0.0,0.0,32.0,44.0,73.0,0.448763,0.602473,197.9689119,38208.0,5.620141,62,1.1766862170087977,4,5,0,bot(1),1.0,1,1,1,1,0
1.59915e+18,Mohadeseh1133,mohadeseh1133,🇮🇷𓂆محدثه‌مختاری,"من رو خاکریز باورام وایسادم...
اینجا ذهنِ منه؛همینقدر متغیر، متزلزل،نامرتب و بهم ریخته!
متاهل💍🩷
#نسخ✍️","من رو خاکریز باورام وایسادم...
 اینجا ذهنِ منه؛همینقدر متغیر، متزلزل،نامرتب و بهم ریخته!
 متاهل
 نسخ",2022-12-03T21:16:16+00:00,6773.0,4617.0,122796.0,10.0,3897.0,54146.0,54146.0,0.0,6773.0,854.0,7.930913,5.406323,1.0,False,0.0,True,False,False,False,1.0,0.0,none,1.0,0.0,0.0,1.0,16.0,1.0,1.0,512.0,0.0,63.40281,2.0,2.0,2.0,2.0,2.0,0.0,0.0,54145.0,54145.0,27.0,102,1.4669698938704787,0,4,0,human(2),0.0,1,1,1,1,0
1.03207e+18,PanteaRasouli,pantearasouli,Pantéa Rasouli پانته آ رسولی,"زن زندگی آزادی 
مرد میهن آبادی","زن زندگی آزادی 
 مرد میهن آبادی",2018-08-22T00:56:17+00:00,18587.0,1999.0,379300.0,37.0,5925.0,150693.0,150693.0,0.0,18587.0,2418.0,7.686931,0.826716,1.0,False,0.0,True,False,False,False,0.0,0.0,none,17.0,4.0,5.0,0.923077,29.38462,3.0,2.346154,252.1538,3209560.0,62.32134,0.0,0.0,1.0,2.0,1.0,0.307692,0.423077,8862.764706,150667.0,53.19231,30,9.29814907453727,0,0,0,bot(1),1.0,1,1,1,1,1
1.71825e+18,MFshfshh71601,mfshfshh71601,مملی فشفشه👑(مملی طلای سابق اکانت سوم),"طنزپرداز،  مشروطه خواه، خواهان نظام مشروطه ی پادشاهی،سرباز اعلیحضرت سیروس رضا شاه دوم پهلوی سوم 
تا جهان در چرخش است #جاوید_شاه
ضد اسلام. ، شوهر ننه ی پی قنبر","طنزپرداز، مشروطه خواه، خواهان نظام مشروطه ی پادشاهی،سرباز اعلیحضرت سیروس رضا شاه دوم پهلوی سوم 
 تا جهان در چرخش است جاوید_شاه
 ضد اسلام. ، شوهر ننه ی پی قنبر",2023-10-28T12:58:01+00:00,4580.0,4812.0,38830.0,3.0,2847.0,32402.0,32402.0,0.0,4580.0,525.0,8.72381,9.165714,1.0,False,0.0,False,False,False,False,1.0,0.0,none,6.0,1.0,31.0,0.425,11.3,3.0,1.625,19.05,74690.66,61.7181,0.0,0.0,4.0,8.0,3.0,0.65,1.35,5394.0,32364.0,4.175,158,0.9517871986699917,0,5,0,can’t find,,1,1,1,1,0
1.64002e+18,FXMNDLSN,fxmndlsn,🏴مندلسون,خسته از توضیحِ واضحات ...,خسته از توضیحِ واضحات ...,2023-03-26T16:14:20+00:00,3211.0,191.0,83342.0,14.0,5755.0,45639.0,45639.0,0.0,3211.0,741.0,4.333333,0.25776,1.0,False,0.0,True,False,False,False,0.0,0.0,none,3.0,0.0,0.0,1.0,18.33333,1.0,1.0,290.6667,12572289.0,61.59109,0.0,0.0,1.0,1.0,1.0,0.0,0.0,15212.0,45636.0,7.0,25,16.81151832460733,0,0,0,human(2),0.0,1,1,1,1,0
1.35086e+18,H_2Arya,h_2arya,H_Arya1‌‌ ,,,2021-01-17T17:39:42+00:00,4096.0,61.0,140768.0,14.0,33066.0,93875.0,93875.0,0.0,4096.0,1539.0,2.661468,0.039636,1.0,False,0.0,True,False,False,False,0.0,0.0,none,6.0,0.0,6.0,0.444444,6.444444,4.0,0.888889,32.27778,7098953.0,60.9974,0.0,0.0,4.0,6.0,7.0,0.555556,0.555556,15643.83333,93863.0,7.333333,0,67.14754098360656,1,1,0,human(2),0.0,1,1,0,1,0
1.34184e+18,sandys_khor,sandys_khor,ساندیس خور 🇮🇷,باید به این بلوغ برسیم که نباید دیده شویم، آنکس باید ببیند میبیند///             حاج قاسم سلیمانی,باید به این بلوغ برسیم که نباید دیده شویم، آنکس باید ببیند میبیند/// حاج قاسم سلیمانی,2020-12-23T19:56:42+00:00,31796.0,17898.0,132524.0,23.0,7937.0,95213.0,95213.0,0.0,31796.0,1564.0,20.32992,11.44373,1.0,False,0.0,True,False,False,False,0.0,0.0,none,1.0,0.0,0.0,1.0,59.0,1.0,0.0,625.0,0.0,60.87788,1.0,1.0,1.0,1.0,1.0,0.0,0.0,95212.0,95212.0,100.0,97,1.776511342049391,0,0,0,human(2),0.0,1,1,1,1,0
1.02166e+18,Mahmoud55791825,mahmoud55791825,👑Mahmoud👑,پادشاهی مشروطه  #براندازم,پادشاهی مشروطه براندازم,2018-07-24T07:36:56+00:00,3773.0,1834.0,327856.0,2.0,3282.0,148569.0,148569.0,0.0,3773.0,2447.0,1.541888,0.749489,1.0,False,0.0,True,False,False,False,1.0,0.0,none,0.0,0.0,14.0,2.214286,22.42857,4.0,2.285714,2.642857,87430.64,60.71475,0.0,0.0,3.0,4.0,1.0,0.714286,2.0,148555.0,148555.0,0.642857,25,2.0572519083969465,0,8,0,bot(1),1.0,1,1,1,1,0
3189754680.0,merlin_a_h,merlin_a_h,👑merlin👑,"A beautiful mind📝
#پادشاهیخواه
تنها آنجا که گورهایی وجود داشته باشد،رستاخیز هایی هم ممکن است
💥باخنده میکشند,نه با خشم💥

«شادمانه دوزخی،با لبان شهوت بار»","A beautiful mind
 پادشاهیخواه
 تنها آنجا که گورهایی وجود داشته باشد،رستاخیز هایی هم ممکن است
 باخنده میکشند,نه با خشم
 
 «شادمانه دوزخی،با لبان شهوت بار»",2015-05-09T13:11:00+00:00,10737.0,394.0,257798.0,11.0,10573.0,216197.0,216197.0,0.0,10737.0,3619.0,2.966842,0.10887,1.0,False,0.0,True,False,False,False,1.0,0.0,none,220.0,2.0,17.0,1.003968,28.04365,3.0,1.634921,378.0079,393241.0,59.73943,0.0,0.0,4.0,5.0,14.0,0.178571,0.242063,981.6272727,215958.0,97.40873,152,27.251269035532996,0,0,0,human(2),0.0,1,1,1,1,0
1.55055e+18,IranNewsAgency0,irannewsagency0,LiveIranNews,Nationalist news agency/ Fast and reliable news coverage from around the world with focused on the Iranian’s fight against the Islamic Regime,Nationalist news agency/ Fast and reliable news coverage from around the world with focused on the Iranian’s fight against the Islamic Regime,2022-07-22T18:19:16+00:00,79127.0,93.0,7939.0,161.0,38946.0,58379.0,58379.0,0.0,79127.0,988.0,80.08806,0.09413,1.0,False,0.0,True,False,False,False,0.0,0.0,none,163.0,3.0,5.0,1.013158,42.59649,5.0,0.837719,1366.443,269554.7,59.08806,0.0,0.0,10.0,20.0,58.0,0.035088,0.083333,357.1042945,58208.0,187.5263,141,850.8279569892474,0,1,0,bot(1),1.0,1,1,1,1,0
9.29417e+17,lexi__princess,lexi__princess,👑L.E.X.I👑,🐘 ایران رو پس میگیریم✌,ایران رو پس میگیریم,2017-11-11T18:33:57+00:00,5738.0,346.0,261421.0,17.0,5542.0,158485.0,158485.0,0.0,5738.0,2702.0,2.123612,0.128053,1.0,False,0.0,True,False,False,False,0.0,0.0,none,4.0,0.0,13.0,0.235294,5.882353,3.0,1.0,78.17647,5773309.0,58.6547,0.0,0.0,6.0,9.0,1.0,0.764706,0.764706,39617.0,158468.0,8.588235,22,16.583815028901736,0,0,0,human(2),0.0,1,1,1,1,0
1.30069e+18,omid_133A,omid_133a,. ..امید روشن🕊️,"بگذار که بر شاخه ی این صبح دل آویز
 بنشینم و از عشق سرودی بسرایم
آن گاه به صد شوق چو مرغان سبک بال
پر گیرم از این بام و به سوی تو بیایم...

فریدون مشیری","بگذار که بر شاخه ی این صبح دل آویز
  بنشینم و از عشق سرودی بسرایم
 آن گاه به صد شوق چو مرغان سبک بال
 پر گیرم از این بام و به سوی تو بیایم...
 
 فریدون مشیری",2020-09-01T06:56:39+00:00,6647.0,3076.0,129893.0,9.0,7746.0,97715.0,97715.0,0.0,6647.0,1677.0,3.963626,1.834228,1.0,False,0.0,True,False,False,False,0.0,0.0,none,1.0,0.0,0.0,1.0,21.0,1.0,1.0,177.0,0.0,58.26774,1.0,1.0,1.0,1.0,1.0,0.0,0.0,97714.0,97714.0,7.0,152,2.160923276983095,0,3,0,human(2),0.0,1,1,1,1,0
1.57953e+18,maryan1810,maryan1810,#بغض 🤍 Ali,"هرگز از سمت جلو به یه گاو
از سمت عقب به یه اسب
و از هیچ سمتی به یه احمق
نزدیک نشو (سومین اکانت) 
#مهسا_امینی #نیکا_شاکرمی","هرگز از سمت جلو به یه گاو
 از سمت عقب به یه اسب
 و از هیچ سمتی به یه احمق
 نزدیک نشو (سومین اکانت) 
 مهسا_امینی نیکا_شاکرمی",2022-10-10T17:39:49+00:00,4143.0,4546.0,185886.0,1.0,12901.0,52905.0,52905.0,0.0,4143.0,908.0,4.562775,5.006608,1.0,False,0.0,False,False,False,False,1.0,0.0,none,1.0,0.0,33.0,0.116279,10.60465,2.0,1.465116,3.837209,111242.4,58.26542,0.0,0.0,4.0,10.0,10.0,0.55814,1.511628,52871.0,52871.0,0.465116,121,0.9113506379234492,0,4,0,human(2),0.0,1,1,1,1,0
1.71498e+18,Baraye_Azadi_,baraye_azadi_,For Freedom🎗️,"Freedom is the natural right of the Iranian people, we are paying a heavy price to achieve this right with our lives. Support us.","Freedom is the natural right of the Iranian people, we are paying a heavy price to achieve this right with our lives. Support us.",2023-10-19T12:25:00+00:00,3873.0,3183.0,75491.0,7.0,894.0,30852.0,30852.0,0.0,3873.0,534.0,7.252809,5.960674,1.0,False,0.0,False,False,False,False,0.0,0.0,none,23.0,29.0,53.0,0.384058,20.84783,4.0,1.550725,93.67391,213135.4,57.77528,0.0,0.0,8.0,13.0,34.0,0.442029,0.65942,1336.826087,30747.0,13.04348,129,1.2167766258246937,0,0,0,human(2),0.0,1,1,1,1,0
1.63945e+18,Kourosh634,kourosh634,👑Kourosh_kabir👑-اکانت دوم,"@PahlaviReza
@PhoenixprjIran","@PahlaviReza
 @PhoenixprjIran",2023-03-25T02:31:43+00:00,3361.0,3536.0,62781.0,1.0,1099.0,42330.0,42330.0,0.0,3361.0,742.0,4.52965,4.765499,1.0,False,0.0,False,False,False,False,0.0,0.0,none,0.0,0.0,67.0,0.27027,13.54054,4.0,1.689189,1.864865,592082.4,57.04852,0.0,0.0,10.0,12.0,8.0,0.5,2.527027,42263.0,42263.0,0.256757,28,0.9505090497737556,0,3,0,bot(1),1.0,1,1,1,1,0
1.29061e+18,seyedMuostafa,seyedmuostafa,̨ا̍ڷــحۡــٰٱ̍ڇۚ مۭــڝــطــڣــےۧ,«نَحْنُ قُوَّةٌُ،حَیْدَرِیّةٌ،حُسَینیّةُ،لَن تَنهار»مربی رسمی تیراندازی،پاراموتور،چتربازی،جودو، غواصی،کوهنوردی فدراسیون جمهوری اسلامی ایران 🇮🇷🇵🇸October 7,«نَحْنُ قُوَّةٌُ،حَیْدَرِیّةٌ،حُسَینیّةُ،لَن تَنهار»مربی رسمی تیراندازی،پاراموتور،چتربازی،جودو، غواصی،کوهنوردی فدراسیون جمهوری اسلامی ایران October 7,2020-08-04T11:09:08+00:00,5028.0,2036.0,254041.0,9.0,5487.0,96442.0,96442.0,0.0,5028.0,1705.0,2.948974,1.194135,1.0,False,0.0,True,False,False,False,0.0,1.0,none,1.0,0.0,0.0,1.0,9.0,1.0,2.0,59.0,0.0,56.56422,1.0,1.0,1.0,1.0,1.0,0.0,0.0,96441.0,96441.0,1.0,153,2.4695481335952847,0,0,0,human(2),0.0,1,1,1,1,0
1.34677e+18,Sssccpp,sssccpp,ℍ@𝕤𝕥𝕚,"°. همه‌ی هستی من آیه‌ی تاریکیست .°

901","°. همه‌ی هستی من آیه‌ی تاریکیست .°
 
 901",2021-01-06T10:31:54+00:00,4249.0,1456.0,144612.0,5.0,847.0,87382.0,87382.0,0.0,4249.0,1550.0,2.74129,0.939355,1.0,False,0.0,True,False,False,False,0.0,1.0,none,5.0,0.0,0.0,1.777778,15.22222,1.0,3.0,3520.556,189345.8,56.37548,0.0,0.0,8.0,8.0,5.0,0.0,0.0,17475.4,87377.0,540.7778,39,2.918269230769231,0,0,0,human(2),0.0,1,1,1,1,0
1.24229e+18,Raha_B_E_1,raha_b_e_1,👑رها همواره رها 🦁💥🔞,"نباید میدان را خالی گذاشت.توییتهایی که جای دیگر نمی بینی 
https://t.co/LtAac1vnAY
پاینده ایران
جاویدشاه","نباید میدان را خالی گذاشت.توییتهایی که جای دیگر نمی بینی 
 
 پاینده ایران
 جاویدشاه",2020-03-24T03:11:18+00:00,8839.0,8748.0,108765.0,10.0,11643.0,103331.0,103331.0,0.0,8839.0,1838.0,4.809032,4.759521,1.0,False,0.0,True,False,False,False,0.0,1.0,none,332.0,4.0,12.0,1.008264,20.71625,3.0,1.922865,158.3113,289224.4,56.21926,0.0,0.0,4.0,7.0,16.0,0.033058,0.198347,310.189759,102983.0,45.47658,103,1.0104023776863282,0,1,1,bot(1),1.0,1,1,1,1,1
1.70699e+18,Tinaaa2048,tinaaa2048,Persian Girl 🇮🇱𓃬☼,"Hoping for the freedom of my homeland
🕊",Hoping for the freedom of my homeland,2023-09-27T11:21:09+00:00,3714.0,2238.0,41754.0,0.0,1120.0,31205.0,31205.0,0.0,3714.0,556.0,6.679856,4.02518,1.0,False,0.0,False,False,False,False,0.0,0.0,none,66.0,4.0,2.0,0.948718,24.38462,2.0,1.423077,457.7051,603973.6,56.1241,0.0,0.0,2.0,2.0,7.0,0.038462,0.064103,471.7121212,31133.0,72.15385,39,1.6595174262734584,0,4,0,human(2),0.0,1,1,1,1,0
1.55951e+18,JBehieh,jbehieh,jailani behieh,,,2022-08-16T11:52:00+00:00,8347.0,4613.0,50926.0,18.0,26656.0,53624.0,53624.0,0.0,8347.0,963.0,8.667705,4.790239,1.0,False,0.0,False,False,False,False,0.0,0.0,none,17.0,0.0,0.0,1.0,23.61111,1.0,0.833333,59.38889,431007.8,55.68432,0.0,0.0,2.0,3.0,2.0,0.0,0.0,3153.352941,53607.0,10.22222,0,1.8094515499674833,0,0,0,human(2),0.0,1,1,0,1,1
1.70495e+18,navidi49,navidi49,Sara Navidi,"شاه میهن آبادی کلماتی است که باید با آنان جمله زندگی را ساخت

🌹در راستای افشای چهره دشمنان #رضاشاه_دوم استفاده از تمام مطالب این صفحه بدون ذکر منبع مجاز است","شاه میهن آبادی کلماتی است که باید با آنان جمله زندگی را ساخت
 
 در راستای افشای چهره دشمنان رضاشاه_دوم استفاده از تمام مطالب این صفحه بدون ذکر منبع مجاز است",2023-09-21T20:05:26+00:00,11577.0,1135.0,30021.0,28.0,2377.0,31184.0,31184.0,0.0,11577.0,562.0,20.59964,2.019573,1.0,False,0.0,False,False,False,False,1.0,0.0,none,65.0,2.0,73.0,1.375796,44.2293,2.0,2.280255,312.7452,317260.3,55.48754,0.0,0.0,8.0,10.0,18.0,0.031847,0.057325,477.6,31044.0,64.24841,156,10.2,0,2,0,human(2),0.0,1,1,1,1,0
1.57362e+18,iranianpappppi3,iranianpappppi3,iranianpapii3🦋پاپیون,بِمیرَم بنامُ نَمانَم به نَنگ,بِمیرَم بنامُ نَمانَم به نَنگ,2022-09-24T10:18:43+00:00,39258.0,1179.0,77623.0,47.0,4097.0,51084.0,51084.0,0.0,39258.0,924.0,42.48701,1.275974,1.0,False,0.0,True,False,False,False,0.0,0.0,none,183.0,69.0,152.0,0.901747,35.74891,6.0,1.923581,650.1004,146468.5,55.28571,0.0,0.0,8.0,15.0,56.0,0.28821,0.545852,276.9398907,50680.0,107.7882,29,33.29770992366412,1,1,0,human(2),0.0,1,1,1,1,0
1.08918e+18,JavidShahansha,javidshahansha,مجید 🥷,پدرم افسر عالی رتبه #ساواک و امنیت ملی ایران بود، سرانجام به دست عوامل جمهوری اسلامی در سال ۶۶ اعدام شد و جانش را فدای #پهلوی و ایران کرد (فعال میدانی)M.D🥷,پدرم افسر عالی رتبه ساواک و امنیت ملی ایران بود، سرانجام به دست عوامل جمهوری اسلامی در سال ۶۶ اعدام شد و جانش را فدای پهلوی و ایران کرد (فعال میدانی)M.D,2019-01-26T15:31:59+00:00,14498.0,1741.0,179590.0,24.0,4069.0,123462.0,123462.0,0.0,14498.0,2261.0,6.412207,0.770013,1.0,False,0.0,True,False,False,False,1.0,1.0,none,26.0,19.0,7.0,1.0,25.81481,3.0,2.185185,394.963,1907646.0,54.60504,0.0,0.0,4.0,4.0,3.0,0.166667,0.203704,4746.538462,123410.0,122.2963,155,8.327398047099368,0,0,0,can’t find,,1,1,1,1,0
1.5003e+18,Tondar1985,tondar1985,☀︎ Tondar ☀︎ 𓄂𓆃 ❈,"همـه روی یکسر بجـنگ آوریــم

جــهان بر بـداندیـش تنـگ آوریم

 افتخارم : سرباز خاندان پهلوی
#جاویدشاه

 https://t.co/ws5MhleYrG","همـه روی یکسر بجـنگ آوریــم
 
 جــهان بر بـداندیـش تنـگ آوریم
 
  افتخارم : سرباز خاندان پهلوی
 جاویدشاه",2022-03-06T02:33:09+00:00,5422.0,904.0,84751.0,4.0,1443.0,61221.0,61221.0,0.0,5422.0,1126.0,4.815275,0.802842,1.0,False,0.0,True,False,False,False,1.0,1.0,none,123.0,27.0,71.0,0.881633,27.14286,2.0,2.159184,171.2816,286106.3,54.37034,0.0,0.0,22.0,30.0,25.0,0.412245,0.583673,495.9349593,61000.0,59.58776,126,5.997787610619469,0,4,1,human(2),0.0,1,1,1,1,0
1955011189.0,tanha1358,tanha1358,امیر تنها 🇮🇷,در اصلاحات برای هیچکس نفعی نیست ولیکن در خرابی فایده هست... محمد مصدق/ ⚫️ چوب لای لجن می‌زنم و آیینه جلوی صورتتون می‌گیرم⚫️ / مشاوره برندینگ مارکتینگ و رسانه,در اصلاحات برای هیچکس نفعی نیست ولیکن در خرابی فایده هست... محمد مصدق/ چوب لای لجن می‌زنم و آیینه جلوی صورتتون می‌گیرم / مشاوره برندینگ مارکتینگ و رسانه,2013-10-11T20:06:38+00:00,75885.0,4835.0,418551.0,249.0,8858.0,227572.0,227572.0,0.0,75885.0,4194.0,18.09371,1.152837,1.0,False,0.0,True,False,False,False,0.0,0.0,none,0.0,1.0,0.0,0.0,34.0,1.0,1.0,163.0,0.0,54.26133,1.0,1.0,1.0,1.0,1.0,0.0,0.0,227571.0,227571.0,12.0,157,15.694932781799379,0,4,0,human(2),0.0,1,1,1,1,0
1.65888e+18,farvahar2023,farvahar2023,𓄂FARVAHAR𓆃,"تمام زندگی فدای سه فرّ است
فرّ یزدان.فرّ ایران. فرّ  #شاه
#KingRezaPahlavi","تمام زندگی فدای سه فرّ است
 فرّ یزدان.فرّ ایران. فرّ شاه
 KingRezaPahlavi",2023-05-17T17:10:05+00:00,8219.0,8495.0,88085.0,3.0,5068.0,37358.0,37358.0,0.0,8219.0,689.0,11.92888,12.32946,1.0,False,0.0,False,False,False,False,1.0,0.0,none,49.0,12.0,62.0,0.982143,13.54762,4.0,1.309524,722.0893,265293.4,54.22061,0.0,0.0,10.0,16.0,46.0,0.39881,0.553571,759.8979592,37235.0,76.35119,74,0.9675103001765745,0,4,0,human(2),0.0,1,1,1,1,0
9.72161e+17,YarabAydad,yarabaydad,aydad yarab🎗️,براندازم چون تو ای آخوند،   اسلام و زیر سوال بردی . مرگ بر ستمگر .   دوستدار ستم دیدگانم,براندازم چون تو ای آخوند، اسلام و زیر سوال بردی . مرگ بر ستمگر . دوستدار ستم دیدگانم,2018-03-09T17:23:19+00:00,4856.0,5068.0,163749.0,6.0,3685.0,139848.0,139848.0,0.0,4856.0,2584.0,1.879257,1.9613,1.0,False,0.0,True,False,False,False,0.0,0.0,none,2.0,22.0,9.0,0.942308,26.19231,4.0,1.807692,17.42308,100619.2,54.12074,0.0,0.0,6.0,10.0,20.0,0.307692,1.192308,69907.5,139815.0,6.038462,88,0.9581689029202841,0,0,0,bot(1),1.0,1,1,1,1,0
1.20668e+18,Freedom_of_IR,freedom_of_ir,👑صبح آزادی👑,"سرباز ایران تا پای جان
#جاویدشاه
#بازگشت_به_مشروطه","سرباز ایران تا پای جان
 جاویدشاه
 بازگشت_به_مشروطه",2019-12-16T20:59:09+00:00,3538.0,927.0,131107.0,5.0,3790.0,104370.0,104370.0,0.0,3538.0,1937.0,1.826536,0.478575,1.0,False,0.0,True,False,False,False,1.0,0.0,none,92.0,33.0,79.0,0.773109,22.30252,4.0,2.298319,72.7605,487716.2,53.88229,0.0,0.0,8.0,14.0,35.0,0.327731,0.672269,1132.23913,104166.0,23.7437,50,3.8166127292340883,0,0,0,human(2),0.0,1,1,1,1,0
9.59867e+17,majid53866855,majid53866855,magic,وقت آن رسیده که نقطه پایانی بر این جمهوری اسلامی و جنایت‌های مقدسش بگذاریم,وقت آن رسیده که نقطه پایانی بر این جمهوری اسلامی و جنایت‌های مقدسش بگذاریم,2018-02-03T19:13:17+00:00,4763.0,4174.0,200524.0,4.0,111.0,140789.0,140789.0,0.0,4763.0,2618.0,1.819328,1.594347,1.0,False,0.0,True,False,False,False,0.0,0.0,none,2.0,0.0,2.0,0.285714,19.28571,2.0,1.857143,0.571429,244504.5,53.77731,0.0,0.0,2.0,2.0,4.0,0.285714,0.571429,70392.5,140785.0,0.0,74,1.1411116435074269,0,8,0,bot(1),1.0,1,1,1,1,0
1.2073e+18,b2Kaveh,b2kaveh,‏👑 کاوه آهنگر #برای_ایران‏👑,"#براندازم 🦁👑

 #مشروطه_خواه
#انقلاب_ملی_ایران
#ما_ملت_کبیریم_ایران_رو_پس_میگیریم","براندازم 
 
  مشروطه_خواه
 انقلاب_ملی_ایران
 ما_ملت_کبیریم_ایران_رو_پس_میگیریم",2019-12-18T14:05:24+00:00,14845.0,4085.0,120485.0,19.0,6570.0,103332.0,103332.0,0.0,14845.0,1935.0,7.671835,2.111111,1.0,False,0.0,False,False,False,False,1.0,0.0,none,16.0,2.0,4.0,1.0,29.70833,1.0,2.125,81.83333,4504661.0,53.40155,0.0,0.0,2.0,3.0,3.0,0.125,0.291667,6456.875,103310.0,32.33333,80,3.6340269277845776,0,1,0,human(2),0.0,1,1,1,1,0
9.50866e+17,Oliver_jzy,oliver_jzy,Oliver-j 👑,"‌
■● بدون تــعصب وارد شوید 👑 پادشاهی پهلوی #پهلویسم 
‌","‌
 ■● بدون تــعصب وارد شوید پادشاهی پهلوی پهلویسم 
 ‌",2018-01-09T23:04:29+00:00,3863.0,3905.0,305733.0,3.0,2169.0,140715.0,140715.0,0.0,3863.0,2643.0,1.461597,1.477488,1.0,False,0.0,True,False,False,False,1.0,0.0,none,1.0,2.0,21.0,0.16,18.56,3.0,1.24,7.04,1540759.0,53.24064,0.0,0.0,2.0,4.0,2.0,0.68,1.08,140691.0,140691.0,0.92,54,0.9892445582586428,0,0,0,can’t find,,1,1,1,1,0
9.48853e+17,Yasmin4freedom,yasmin4freedom,Yasmin,زندگي فاصله آمدن و رفتن ماست شايد آن خنده كه انروز دريغش كرديم آخرين فرصت خنديدن ماست زندگي همهمه مبهمي از رد شدن خاطره هاست هر كجا خنديديم، زندگي آنجاست...,زندگي فاصله آمدن و رفتن ماست شايد آن خنده كه انروز دريغش كرديم آخرين فرصت خنديدن ماست زندگي همهمه مبهمي از رد شدن خاطره هاست هر كجا خنديديم، زندگي آنجاست...,2018-01-04T09:45:54+00:00,1670.0,180.0,253952.0,3.0,19821.0,140116.0,140116.0,0.0,1670.0,2648.0,0.630665,0.067976,1.0,False,0.0,True,False,False,False,0.0,0.0,none,1.0,0.0,0.0,1.0,18.0,1.0,2.0,327.0,0.0,52.9139,1.0,1.0,1.0,1.0,1.0,0.0,0.0,140115.0,140115.0,114.0,156,9.277777777777779,0,1,0,human(2),0.0,1,1,1,1,0
1.0135e+18,PahlaviKourosh,pahlavikourosh,kourosh pahlavi,"راه رهایی #ایران از #جاوید_شاه میگذرد
#رضاشاه دوم #پهلوی سوم","راه رهایی ایران از جاوید_شاه میگذرد
 رضاشاه دوم پهلوی سوم",2018-07-01T19:26:46+00:00,9387.0,7904.0,132707.0,15.0,1138.0,130411.0,130411.0,0.0,9387.0,2470.0,3.800405,3.2,0.0,False,0.0,True,False,False,False,1.0,0.0,none,54.0,0.0,2256.0,0.030589,5.336103,5.0,1.089879,5.257553,43426.86,52.79798,0.0,0.0,67.0,184.0,339.0,0.867069,1.114048,2372.240741,128101.0,1.436178,60,1.1876265182186234,0,0,0,human(2),0.0,1,1,1,1,0
972611156.0,yaamaashitaa,yaamaashitaa,امیر آریان(طنزنوشت)♕𓃬☼,فرزند ایران از خاک دلیران / پادشاهی‌خواه / وفادار به خاندان پهلوی/ پاینده ملت شریف و میهن عزیزمان ایران/متعهد به ایران آزاد و سکولار ♕𓃬☼ پرسپولیسی اصیل,فرزند ایران از خاک دلیران / پادشاهی‌خواه / وفادار به خاندان پهلوی/ پاینده ملت شریف و میهن عزیزمان ایران/متعهد به ایران آزاد و سکولار ♕𓃬☼ پرسپولیسی اصیل,2012-11-26T19:57:42+00:00,29708.0,9836.0,977712.0,57.0,61822.0,237904.0,237904.0,0.0,29708.0,4513.0,6.582761,2.179481,0.0,False,0.0,True,False,False,False,0.0,0.0,none,52.0,0.0,1.0,1.277778,28.07407,1.0,2.425926,267.4815,1303425.0,52.71527,0.0,0.0,2.0,2.0,2.0,0.037037,0.037037,4574.057692,237851.0,41.25926,151,3.0203334688897927,0,0,0,human(2),0.0,1,1,1,1,0
1.58268e+18,ardeshir1387,ardeshir1387,👑Ardeshir👑,,,2022-10-19T10:18:43+00:00,3396.0,3558.0,84052.0,1.0,27.0,47181.0,47181.0,0.0,3396.0,899.0,3.777531,3.957731,1.0,False,0.0,False,False,False,False,0.0,0.0,none,2.0,7.0,25.0,0.0,35.41176,1.0,1.470588,18.29412,1618650.0,52.48165,0.0,0.0,4.0,10.0,18.0,0.45098,1.039216,23573.5,47147.0,2.686275,0,0.954468802698145,0,4,0,human(2),0.0,1,1,0,1,0
1.45448e+18,hossein_d15,hossein_d15,ه دسته دار,همه چی تقصیر آخونداس | دهه هشتادی که بهمن57 رید تو زندگیش | چو ایران مباشد تن من مباد  |  #آبان_ادامه_دارد,همه چی تقصیر آخونداس | دهه هشتادی که بهمن57 رید تو زندگیش | چو ایران مباشد تن من مباد | آبان_ادامه_دارد,2021-10-30T16:05:38+00:00,25916.0,701.0,34431.0,36.0,6616.0,64082.0,64082.0,0.0,25916.0,1253.0,20.68316,0.559457,1.0,False,0.0,True,False,False,False,1.0,1.0,none,1.0,0.0,0.0,1.0,56.0,1.0,1.0,395.0,0.0,51.14286,1.0,1.0,1.0,1.0,1.0,0.0,0.0,64081.0,64081.0,58.0,106,36.97004279600571,0,2,0,human(2),0.0,1,1,1,1,0
1.04423e+18,rezak121212,rezak121212,رضا کیوان,"#بازگشت_از_کژراهه۵۷  #بازگشت_به_مشروطه  #تشکیلات_بزرگ_ملی    #رستاخیز_مشروطه_ایران #پاینده_ایران 
#جاویدشاه","بازگشت_از_کژراهه۵۷ بازگشت_به_مشروطه تشکیلات_بزرگ_ملی رستاخیز_مشروطه_ایران پاینده_ایران 
 جاویدشاه",2018-09-24T14:35:09+00:00,11387.0,2438.0,155179.0,16.0,5971.0,121444.0,121444.0,0.0,11387.0,2385.0,4.774423,1.022222,1.0,False,0.0,True,False,False,False,1.0,1.0,none,110.0,26.0,9.0,0.5,39.4321,1.0,1.901235,86.11728,676906.3,50.91992,0.0,0.0,8.0,10.0,19.0,0.037037,0.037037,1102.718182,121299.0,28.54321,107,4.6706316652994255,0,6,0,human(2),0.0,1,1,1,1,1
1.39911e+18,Adlin_SheHulk,adlin_shehulk,Adlin 𓃭 ♛ ✺,ای شعر!رویای مرمت انسان، تو را می نویسم و در آستین تمام دنیا دنبال دستی میگردم که گلوله را به پرچمی سفید تبدیل کند.شعبده ای چنین را دوست دارم,ای شعر!رویای مرمت انسان، تو را می نویسم و در آستین تمام دنیا دنبال دستی میگردم که گلوله را به پرچمی سفید تبدیل کند.شعبده ای چنین را دوست دارم,2021-05-30T21:22:05+00:00,8321.0,1093.0,162424.0,19.0,8328.0,71542.0,71542.0,0.0,8321.0,1406.0,5.918208,0.777383,1.0,False,0.0,True,False,False,False,0.0,0.0,none,23.0,21.0,32.0,0.684783,26.19565,5.0,2.130435,244.5652,742427.6,50.88336,0.0,0.0,6.0,12.0,17.0,0.380435,0.782609,3107.217391,71466.0,33.61957,141,7.612991765782251,0,0,0,human(2),0.0,1,1,1,1,1
1.24358e+18,IranPlateau1,iranplateau1,IRANIAN_PLATEAU1,"Meritocracy and freedom for #IRAN
#Constitutional_monarchy
@PahlaviReza 
#PATRIOT
خواستار ایرانی آزاد، آباد، و شایسته سالار
#براندازم","Meritocracy and freedom for IRAN
 Constitutional_monarchy
 @PahlaviReza 
 PATRIOT
 خواستار ایرانی آزاد، آباد، و شایسته سالار
 براندازم",2020-03-27T16:54:34+00:00,5721.0,3239.0,139337.0,4.0,6171.0,93286.0,93286.0,0.0,5721.0,1835.0,3.117711,1.765123,1.0,False,0.0,True,False,False,False,1.0,0.0,none,84.0,14.0,30.0,0.81457,32.19205,5.0,2.562914,161.1391,779328.0,50.83706,0.0,0.0,6.0,8.0,24.0,0.251656,0.933775,1109.02381,93158.0,47.17881,133,1.7662858907070083,1,1,0,bot(1),1.0,1,1,1,1,1
1.52505e+18,scharllinn,scharllinn,شـارلـین,,,2022-05-13T09:52:37+00:00,9091.0,576.0,51175.0,16.0,4307.0,53437.0,53437.0,0.0,9091.0,1058.0,8.592628,0.544423,1.0,False,0.0,True,False,False,False,0.0,0.0,none,10.0,0.0,0.0,1.0,14.06667,2.0,1.133333,970.8667,190309.7,50.50756,0.0,0.0,4.0,8.0,6.0,0.0,0.0,5342.7,53427.0,146.6667,0,15.78298611111111,0,0,0,human(2),0.0,1,1,0,1,0
1.59756e+18,seedhossein2111,seedhossein2111,سیدحسین دهستانی🇮🇷,🚩 یا لِثارات الحُسَین🚩,یا لِثارات الحُسَین,2022-11-29T11:56:35+00:00,8942.0,6631.0,61398.0,7.0,2118.0,42585.0,42585.0,0.0,8942.0,858.0,10.42191,7.728438,1.0,False,0.0,True,False,False,False,0.0,0.0,none,1.0,0.0,0.0,1.0,10.0,1.0,0.0,1829.0,0.0,49.63287,1.0,1.0,1.0,1.0,1.0,0.0,0.0,42584.0,42584.0,244.0,22,1.348514552857789,0,4,0,human(2),0.0,1,1,1,1,0
1.35227e+18,mojgan07798961,mojgan07798961,👑mojgan👑,"#شاهنشاه_رضا_پهلوی

فروچون چکدخون ازقلب پاک

-خدا-شاه-میهن- نویسدبخاک","شاهنشاه_رضا_پهلوی
 
 فروچون چکدخون ازقلب پاک
 
 -خدا-شاه-میهن- نویسدبخاک",2021-01-21T14:57:35+00:00,3923.0,3627.0,254958.0,2.0,1204.0,76130.0,76130.0,0.0,3923.0,1535.0,2.5557,2.362866,1.0,False,0.0,True,False,False,False,1.0,0.0,none,41.0,2.0,278.0,0.179894,14.2328,7.0,1.695767,44.82011,179356.0,49.59609,0.0,0.0,9.0,46.0,58.0,0.701058,1.179894,1849.0,75809.0,13.0291,69,1.0816101461262753,0,8,0,human(2),0.0,1,1,1,1,0
1.58816e+18,majid_ranjbaran,majid_ranjbaran,Majid Ranjbaran,فعال سیاسی پادشاهیخواه *پهلویست* دانش آموخته ارشد معماری #هگمتانه,فعال سیاسی پادشاهیخواه *پهلویست* دانش آموخته ارشد معماری هگمتانه,2022-11-03T13:06:59+00:00,5204.0,245.0,98391.0,10.0,1742.0,43708.0,43708.0,0.0,5204.0,884.0,5.886878,0.277149,1.0,False,0.0,False,False,False,False,1.0,0.0,none,336.0,90.0,82.0,0.880515,26.70404,5.0,2.158088,331.6397,116799.1,49.44344,0.0,0.0,6.0,13.0,37.0,0.126838,0.327206,128.5714286,43200.0,85.15257,65,21.240816326530613,0,0,0,human(2),0.0,1,1,1,1,0
1.2668e+18,BeeVan88,beevan88,BeeVan,"Iran is invaded by Islamic terrorists.
Save Iran’s culture—Cyrus the Great’s legacy.
Only H.M. @PahlaviReza can break the cycle of terrorism.","Iran is invaded by Islamic terrorists.
 Save Iran’s culture—Cyrus the Great’s legacy.
 Only H.M. @PahlaviReza can break the cycle of terrorism.",2020-05-30T18:51:57+00:00,3238.0,640.0,75029.0,3.0,16720.0,87221.0,87221.0,0.0,3238.0,1771.0,1.828346,0.361378,1.0,False,0.0,False,False,False,False,0.0,0.0,none,20.0,46.0,302.0,1.108911,27.97525,6.0,3.913366,19.84901,75234.38,49.24958,0.0,0.0,10.0,40.0,37.0,0.482673,1.131188,4342.65,86853.0,6.002475,141,5.059375,0,2,0,bot(1),1.0,1,1,1,1,0
291884941.0,Ted_homan1361,ted_homan1361,تد,....,....,2011-05-02T19:30:55+00:00,23398.0,4589.0,690205.0,53.0,6405.0,250214.0,250214.0,0.0,23398.0,5087.0,4.599568,0.902103,1.0,False,0.0,True,False,False,False,0.0,0.0,regular,1.0,0.0,0.0,1.0,17.0,1.0,0.0,1325.0,0.0,49.18695,2.0,2.0,2.0,2.0,2.0,0.0,0.0,250213.0,250213.0,80.0,4,5.098714316844628,0,4,0,human(2),0.0,1,1,1,1,1
1.04097e+18,HegeI_javan,hegei_javan,قمارباز,به ایران بیاندیشیم. #مجیدرضا_رهنورد #منصوره_سگوند,به ایران بیاندیشیم. مجیدرضا_رهنورد منصوره_سگوند,2018-09-15T14:21:36+00:00,20739.0,3760.0,154400.0,22.0,7131.0,117587.0,117587.0,0.0,20739.0,2394.0,8.662907,1.570593,1.0,False,0.0,False,False,False,False,1.0,0.0,none,161.0,4.0,6.0,1.122807,26.46199,1.0,1.321637,464.1462,344243.8,49.11738,0.0,0.0,3.0,5.0,1.0,0.052632,0.052632,729.2919255,117416.0,113.2047,49,5.515691489361702,0,0,0,human(2),0.0,1,1,1,1,1
1.53305e+18,Aryan_phoenix,aryan_phoenix,🕊️ ققنوس آریایی,"این وطن همانند «#ققنوس» است... #ایران هر چند بار هم که بسوزد و خاکستر شود دِگَر بار زنده شده و به راه خود ادامه خواهد داد!
#جاویدشاه - @PahlaviReza","این وطن همانند «ققنوس» است... ایران هر چند بار هم که بسوزد و خاکستر شود دِگَر بار زنده شده و به راه خود ادامه خواهد داد!
 جاویدشاه - @PahlaviReza",2022-06-04T11:45:17+00:00,39692.0,10856.0,48147.0,7.0,2239.0,50650.0,50650.0,0.0,39692.0,1036.0,38.31274,10.47876,1.0,False,0.0,True,False,False,False,1.0,0.0,none,2.0,0.0,0.0,1.666667,24.66667,1.0,4.0,3.0,1621969.0,48.88996,0.0,0.0,2.0,2.0,2.0,0.0,0.0,25324.0,50648.0,0.0,147,3.6562269712601325,0,0,0,unverified(4),,1,1,1,1,0
1.58716e+18,Giti544,giti544,👑Giti7001125👑,,,2022-10-31T18:51:42+00:00,3902.0,3956.0,214582.0,4.0,3390.0,43305.0,43305.0,0.0,3902.0,887.0,4.399098,4.459977,1.0,False,0.0,True,False,False,False,0.0,0.0,none,0.0,2.0,108.0,0.864286,9.907143,6.0,1.692857,6.535714,647281.2,48.82187,0.0,0.0,6.0,20.0,31.0,0.721429,1.571429,43195.0,43195.0,1.5,0,0.9863498483316482,7,3,0,human(2),0.0,1,1,0,1,0
1.28863e+18,LiberalArtist00,liberalartist00,لیبرال آرتیست,هیچ صیادی در جوی حقیری که به گودالی میریزد مرواریدی صید نخواهد کرد.,هیچ صیادی در جوی حقیری که به گودالی میریزد مرواریدی صید نخواهد کرد.,2020-07-30T00:03:04+00:00,16398.0,917.0,250125.0,32.0,4276.0,82599.0,82599.0,0.0,16398.0,1710.0,9.589474,0.536257,1.0,False,0.0,True,False,False,False,0.0,0.0,none,2.0,0.0,0.0,1.333333,29.33333,1.0,1.0,334.6667,2083340.0,48.30351,0.0,0.0,2.0,2.0,2.0,0.0,0.0,41298.5,82597.0,9.333333,67,17.882224645583424,0,2,0,human(2),0.0,1,1,1,1,0
1.69493e+18,mahii_to,mahii_to,نگین بابام,نگینی که قرار بود بیفته/لوس بابام💗,نگینی که قرار بود بیفته/لوس بابام,2023-08-25T04:42:56+00:00,16698.0,15390.0,40608.0,12.0,184.0,28225.0,28225.0,0.0,16698.0,589.0,28.34975,26.12903,1.0,False,0.0,False,False,False,False,0.0,0.0,none,1.0,0.0,0.0,1.0,22.0,1.0,0.0,215.0,0.0,47.9202,2.0,2.0,2.0,2.0,2.0,0.0,0.0,28224.0,28224.0,6.0,34,1.084990253411306,0,0,0,bot(1),1.0,1,1,1,1,0
1.13057e+18,ANITABAKT,anitabakt,ANITA,"در آنجا رهزنی،آدم کشی،خون ریزی آزادست،
ودست وپای آزادی ست در زنجیر...","در آنجا رهزنی،آدم کشی،خون ریزی آزادست،
 ودست وپای آزادی ست در زنجیر...",2019-05-20T20:37:48+00:00,10050.0,829.0,244754.0,11.0,7368.0,102484.0,102484.0,0.0,10050.0,2147.0,4.68095,0.38612,1.0,False,0.0,True,False,False,False,0.0,0.0,none,15.0,2.0,1.0,1.133333,25.16667,1.0,1.3,318.9333,663060.4,47.73358,0.0,0.0,4.0,8.0,13.0,0.066667,0.066667,6831.066667,102466.0,58.16667,69,12.123039806996381,0,0,0,bot(1),1.0,1,1,1,1,0
1.49008e+18,Revolution_R_,revolution_r_,👑 🩵𓄂𓆃 𝒔𝒂𝒓𝒂  🩵𓄂𓆃 👑🫡 🇺🇸,#جاویدشاه👑 🩵#مجید_رضا_رهنورد👑🕊️ #کیانوش_سنجری🕊️👑 باشد که این مشعل همواره فروزان بماند. 🩵,جاویدشاه مجید_رضا_رهنورد کیانوش_سنجری باشد که این مشعل همواره فروزان بماند.,2022-02-05T21:52:55+00:00,10912.0,9358.0,69473.0,11.0,13272.0,54658.0,54658.0,0.0,10912.0,1155.0,9.447619,8.102165,1.0,False,0.0,True,False,False,False,1.0,0.0,none,129.0,1.0,8.0,0.957447,21.01418,5.0,1.666667,297.5248,464291.6,47.32294,0.0,0.0,3.0,3.0,4.0,0.035461,0.148936,422.6356589,54520.0,58.07092,88,1.1660611241718315,0,0,0,human(2),0.0,1,1,1,1,1
1.12285e+18,Chobin_pahlavi,chobin_pahlavi,👑چوبین👑,"مبارزه تا #براندازی 

#رضاشاه_روحت_شاد 
#شاهنشاه_آریامهر 
👑#شاهزاده_رضا_پهلوی 👑
#براندازم
#نه_به_جمهوری_اسلامی 

⛔ورود مرتجعین سرخ و سیاه ممنوع⛔","مبارزه تا براندازی 
 
 رضاشاه_روحت_شاد 
 شاهنشاه_آریامهر 
 شاهزاده_رضا_پهلوی 
 براندازم
 نه_به_جمهوری_اسلامی 
 
 ورود مرتجعین سرخ و سیاه ممنوع",2019-04-29T13:16:55+00:00,3232.0,2010.0,181326.0,1.0,1559.0,102580.0,102580.0,0.0,3232.0,2168.0,1.490775,0.927122,1.0,False,0.0,True,False,False,False,1.0,0.0,none,4.0,0.0,4.0,0.625,21.625,2.0,3.125,32.125,4741146.0,47.3155,0.0,0.0,2.0,2.0,1.0,0.375,1.375,25643.0,102572.0,4.75,144,1.6079601990049752,0,0,0,human(2),0.0,1,1,1,1,0
1.21615e+18,____ROHI____,____rohi____,👑 ROHI 👑,جهان آگاهی ست و باقی همه هیچ,جهان آگاهی ست و باقی همه هیچ,2020-01-11T23:54:16+00:00,2467.0,1073.0,130117.0,2.0,4276.0,90258.0,90258.0,0.0,2467.0,1911.0,1.290947,0.561486,1.0,False,0.0,True,False,False,False,0.0,0.0,none,9.0,1.0,0.0,1.3,16.6,1.0,1.4,191.9,6783088.0,47.23077,0.0,0.0,1.0,1.0,1.0,0.0,0.0,10027.55556,90248.0,50.7,28,2.299161230195713,0,0,0,human(2),0.0,1,1,1,1,0
1.37028e+18,GhorbaniiNiyak,ghorbaniiniyak,Niyak Ghorbani (نیاک),"An Iranian guest in UK, N.MUSLIM, IT expert, advocate for and fighter towards the downfall of the IR in Iran, Host of the @NasleAkhar podcast. LIE Detests","An Iranian guest in UK, N.MUSLIM, IT expert, advocate for and fighter towards the downfall of the IR in Iran, Host of the @NasleAkhar podcast. LIE Detests",2021-03-12T07:45:18+00:00,50957.0,2367.0,159653.0,117.0,5213.0,69995.0,69995.0,0.0,50957.0,1485.0,34.31448,1.593939,1.0,False,0.0,True,False,False,False,0.0,0.0,none,10.0,0.0,0.0,1.421053,73.73684,2.0,1.0,2090.0,4466910.0,47.13468,0.0,0.0,2.0,4.0,10.0,0.421053,0.947368,6998.5,69985.0,536.0526,154,21.528094634558514,0,0,0,human(2),0.0,1,1,1,1,1
2739506010.0,Tasnimnews_Fa,tasnimnews_fa,خبرگزاری تسنیم 🇮🇷,"Telegram: https://t.co/gjNB6Jd5rw

 Instagram: https://t.co/FILG1uLy2U","Telegram: 
 
  Instagram:",2014-08-17T11:37:05+00:00,327503.0,12.0,8934.0,1089.0,154463.0,182393.0,182393.0,0.0,327503.0,3884.0,84.32106,0.00309,1.0,False,0.0,True,False,False,False,0.0,1.0,none,2.0,0.0,0.0,1.0,59.5,1.0,0.0,538.0,22900269.0,46.96009,0.0,0.0,1.0,1.0,1.0,0.0,0.0,91195.5,182391.0,105.5,70,27291.916666666668,0,0,1,News Agent(3),,1,1,1,1,1
9.4872e+17,SamanthaIrani,samanthairani,Simin 🎗️,"@OfficialSimin Narrator of overthrowing the IRIran, Inspired by words No #Enemies by Mackay بازگشت #پادشاهی_انتخابی 🔺برای‌تاریخ‌ایرانزمین #فرزندان_پرچم","@OfficialSimin Narrator of overthrowing the IRIran, Inspired by words No Enemies by Mackay بازگشت پادشاهی_انتخابی برای‌تاریخ‌ایرانزمین فرزندان_پرچم",2018-01-04T00:58:10+00:00,43017.0,47.0,281284.0,165.0,4808.0,124056.0,124056.0,0.0,43017.0,2648.0,16.24509,0.017749,1.0,False,0.0,True,False,False,False,1.0,0.0,none,21.0,26.0,342.0,0.04902,19.69608,4.0,2.110294,201.201,540849.6,46.84894,0.0,0.0,8.0,30.0,20.0,0.541667,1.193627,5888.904762,123667.0,44.15441,151,915.2553191489362,0,0,0,human(2),0.0,1,1,1,1,1
1.21803e+18,tanhatak5112,tanhatak5112,🛸ربات برانداز🛸,ورود #عرزشی_مجاهد_وتجزیه_طلب به این اکانت⛔👉,ورود عرزشی_مجاهد_وتجزیه_طلب به این اکانت,2020-01-17T04:39:35+00:00,11895.0,12647.0,126458.0,6.0,482.0,88789.0,88789.0,0.0,11895.0,1905.0,6.244094,6.638845,1.0,False,0.0,True,False,False,False,1.0,0.0,none,1.0,0.0,2.0,1.0,47.66667,1.0,3.0,165.0,1.333333,46.6084,3.0,3.0,3.0,3.0,2.0,0.0,0.0,88786.0,88786.0,45.0,43,0.9405392583221317,0,4,0,human(2),0.0,1,1,1,1,1
1.40481e+18,Me_Unstoppable2,me_unstoppable2, Amir🎗𓃬☼,Second account of @Me_Unstoppable_,Second account of @Me_Unstoppable_,2021-06-15T14:46:34+00:00,7118.0,2507.0,156275.0,19.0,6641.0,64700.0,64700.0,0.0,7118.0,1390.0,5.120863,1.803597,1.0,False,0.0,True,False,False,False,0.0,0.0,none,4.0,4.0,1.0,0.9,9.3,2.0,0.8,463.2,4220290.0,46.54676,0.0,0.0,2.0,2.0,2.0,0.2,0.2,16172.75,64691.0,49.8,34,2.8392500997207817,0,1,0,human(2),0.0,1,1,1,1,0
1.63837e+18,Aryammehr_2,aryammehr_2,آرتش۲,چو ایران نباشد تن من مباد #کیانوش‌سنجری #پادشاهی_مشروطه,چو ایران نباشد تن من مباد کیانوش‌سنجری پادشاهی_مشروطه,2023-03-22T02:52:37+00:00,36899.0,1858.0,125960.0,82.0,7732.0,34660.0,34660.0,0.0,36899.0,745.0,49.52886,2.49396,1.0,False,0.0,True,False,False,False,1.0,0.0,none,337.0,22.0,50.0,1.042453,19.15802,6.0,1.242925,1675.087,151264.7,46.52349,0.0,0.0,8.0,10.0,16.0,0.089623,0.205189,101.6350148,34251.0,296.3019,55,19.859526372443487,1,1,0,human(2),0.0,1,1,1,1,0
1.69811e+18,Kolmar_kolmar,kolmar_kolmar,کلمار بلوچے | Kolmar,"مَن چے وَتی ڈیھ ءَ ھَنچو مَزارے پاسپانی کَن‌آں❤️🤍💚

من مثل شیر از سرزمینم محافظت میکنم!!!!🩵

#ایران_نوین","مَن چے وَتی ڈیھ ءَ ھَنچو مَزارے پاسپانی کَن‌آں
 
 من مثل شیر از سرزمینم محافظت میکنم!!!!
 
 ایران_نوین",2023-09-02T22:56:29+00:00,3378.0,1830.0,48098.0,4.0,927.0,27011.0,27011.0,0.0,3378.0,581.0,5.814114,3.149742,1.0,False,0.0,False,False,False,False,1.0,0.0,none,8.0,6.0,5.0,0.7,29.05,4.0,1.7,184.5,1864645.0,46.49053,0.0,0.0,2.0,2.0,2.0,0.25,0.35,3374.0,26992.0,58.05,104,1.8459016393442622,0,0,0,human(2),0.0,1,1,1,1,1
1.24873e+18,Artemizshahdokh,artemizshahdokh,شاهدخت آرتمیز,"Anesthetic technician
👩‍⚕️💉🎶 &  Bachelor of management

 آدم معمولی،روزمره نویس
  فقط ورود آدم","Anesthetic technician
  & Bachelor of management
 
  آدم معمولی،روزمره نویس
  فقط ورود آدم",2020-04-10T22:02:43+00:00,3743.0,811.0,231530.0,4.0,5064.0,84192.0,84192.0,0.0,3743.0,1821.0,2.055464,0.44536,1.0,False,0.0,True,False,False,False,0.0,0.0,none,1.0,1.0,23.0,0.269231,19.53846,3.0,1.576923,2.461538,141513.6,46.23394,0.0,0.0,2.0,6.0,2.0,0.461538,1.5,84167.0,84167.0,0.307692,94,4.615289765721331,0,0,0,human(2),0.0,1,1,1,1,0
1.31228e+18,Tanha_5566,tanha_5566,رویای نیمه‌شب,پادشاه   @PahlaviReza,پادشاه @PahlaviReza,2020-10-03T06:47:05+00:00,6413.0,219.0,82323.0,32.0,14640.0,75653.0,75653.0,0.0,6413.0,1645.0,3.89848,0.133131,1.0,False,0.0,True,False,False,False,0.0,0.0,none,7.0,4.0,3.0,0.466667,16.2,3.0,1.866667,270.6667,3010717.0,45.98967,0.0,0.0,3.0,4.0,2.0,0.2,0.2,10805.57143,75639.0,52.8,21,29.28310502283105,0,4,0,human(2),0.0,1,1,1,1,1
1.71613e+18,HAXTAX0,haxtax0,🇮🇷Swordsman🏴,"🗡️مرزبان 🛡️
با همه سلاح هایتان به جنگ ما بیایید چون ما با هم ایمان مان به جنگ شما خواهیم آمد","مرزبان 
 با همه سلاح هایتان به جنگ ما بیایید چون ما با هم ایمان مان به جنگ شما خواهیم آمد",2023-10-22T16:12:46+00:00,3055.0,2049.0,34448.0,5.0,2176.0,24089.0,24089.0,0.0,3055.0,531.0,5.753296,3.858757,1.0,False,0.0,False,False,False,False,0.0,0.0,none,1.0,0.0,0.0,1.0,17.0,1.0,2.0,28.0,0.0,45.36535,1.0,1.0,1.0,1.0,1.0,0.0,0.0,24088.0,24088.0,3.0,92,1.490971205466081,0,1,0,can’t find,,1,1,1,1,0
2164850889.0,aminkhss,aminkhss,Amin Khalighi 🏴. ¯\_(ツ),YouTuber @binoshacast | $CHZ | Trying to be the best version of myself | @tabaplastic,YouTuber @binoshacast | $CHZ | Trying to be the best version of myself | @tabaplastic,2013-11-02T13:28:27+00:00,12036.0,866.0,493522.0,152.0,16678.0,189158.0,189158.0,0.0,12036.0,4172.0,2.884947,0.207574,0.0,False,0.0,True,False,False,False,0.0,0.0,regular,1.0,0.0,0.0,1.0,16.0,1.0,0.0,635.0,0.0,45.33988,2.0,2.0,2.0,2.0,2.0,0.0,0.0,189157.0,189157.0,1.0,85,13.89838337182448,0,0,0,human(2),0.0,1,1,1,1,0
1.55698e+18,hasanakevazir1,hasanakevazir1,ح وزیر 👑,پادشاهی  تمامیت ارضی  سکولاریسم,پادشاهی تمامیت ارضی سکولاریسم,2022-08-09T12:44:22+00:00,7307.0,7986.0,24377.0,2.0,2565.0,43908.0,43908.0,0.0,7307.0,970.0,7.53299,8.23299,1.0,False,0.0,True,False,False,False,0.0,0.0,none,0.0,0.0,11.0,0.642857,19.64286,2.0,1.857143,3.285714,4908556.0,45.26598,0.0,0.0,4.0,4.0,4.0,0.785714,1.285714,43897.0,43897.0,0.071429,31,0.9149762083646381,0,1,0,human(2),0.0,1,1,1,1,1
1.64733e+18,atheistcyrus,atheistcyrus,سیروس پارسا,وبلاگنویس سابق، راوی وفادار به حقیقت. ایران هرگز نخواهد مُرد,وبلاگنویس سابق، راوی وفادار به حقیقت. ایران هرگز نخواهد مُرد,2023-04-15T20:15:35+00:00,11092.0,187.0,59158.0,34.0,2903.0,32452.0,32452.0,0.0,11092.0,721.0,15.38419,0.259362,1.0,False,0.0,False,False,False,False,0.0,0.0,none,57.0,13.0,8.0,0.974359,37.5641,2.0,2.25641,317.859,550191.9,45.00971,0.0,0.0,3.0,3.0,1.0,0.089744,0.115385,567.9649123,32374.0,51.85897,60,59.31550802139037,0,0,0,human(2),0.0,1,1,1,1,1
21441975.0,arash_tehran,arash_tehran,Arash Azizi آرش عزیزی,Author WHAT IRANIANS WANT https://t.co/KHOeISQPUQ | History PhD | Fellow @BUPardeeCenter | Writer @theatlantic columnist @thenationalnews | Flaneur | Film writer,Author WHAT IRANIANS WANT | History PhD | Fellow @BUPardeeCenter | Writer @theatlantic columnist @thenationalnews | Flaneur | Film writer,2009-02-20T22:34:29+00:00,51124.0,8466.0,323240.0,668.0,5552.0,264905.0,264905.0,0.0,51124.0,5888.0,8.682745,1.43784,0.0,False,0.0,True,False,False,False,0.0,0.0,none,2.0,1.0,2.0,0.0,51.125,1.0,0.0,163.375,608327.0,44.99066,0.0,0.0,2.0,2.0,4.0,0.125,0.625,132450.0,264900.0,4.75,161,6.038743208126625,0,0,1,human(2),0.0,1,1,1,1,0
1.63122e+18,IMbeatreas,imbeatreas,بئاتریس 𓃬☼,"«در این لحظات تاریخی بگذارید همه با هم به ایران فکر کنیم» 
#جاویدشاه","«در این لحظات تاریخی بگذارید همه با هم به ایران فکر کنیم» 
 جاویدشاه",2023-03-02T09:09:11+00:00,9542.0,3523.0,128226.0,16.0,3833.0,34329.0,34329.0,0.0,9542.0,765.0,12.4732,4.605229,1.0,False,0.0,False,False,False,False,1.0,0.0,none,149.0,28.0,3.0,1.035176,20.76884,2.0,1.59799,1017.709,277926.6,44.87451,0.0,0.0,3.0,9.0,20.0,0.055276,0.065327,229.1879195,34149.0,139.7839,68,2.708487084870849,0,0,0,human(2),0.0,1,1,1,1,1
1.52047e+18,nafasjan903269,nafasjan903269,🇮🇷مائده رضوی 🇮🇷,"گفتم کجا گفتا به خون...🥀
انقلابیِ پیرو ولایت🇮🇷

(اکانت دوم)
عاشق مبارزه با دشمن آل علی (ع)","گفتم کجا گفتا به خون...
 انقلابیِ پیرو ولایت
 
 (اکانت دوم)
 عاشق مبارزه با دشمن آل علی (ع)",2022-04-30T18:39:40+00:00,8922.0,8284.0,81536.0,6.0,6581.0,48053.0,48053.0,0.0,8922.0,1071.0,8.330532,7.734827,1.0,False,0.0,True,False,False,False,0.0,0.0,none,0.0,0.0,1.0,1.0,10.0,1.0,1.0,4.0,0.0,44.86741,1.0,1.0,1.0,1.0,1.0,1.0,1.0,48052.0,48052.0,0.0,90,1.0770159343312409,0,6,0,human(2),0.0,1,1,1,1,1
1.5919e+18,alasht_Iran,alasht_iran,Alasht,"ایران شاهنشاهی با پادشاهی مشروطه رضا شاه دوم پهلوی
@alasht_Iran2
/🚨🚫 به پیام دایرکت پاسخ داده نمیشود.

https://t.co/mOLfQNH0w4","ایران شاهنشاهی با پادشاهی مشروطه رضا شاه دوم پهلوی
 @alasht_Iran2
 / به پیام دایرکت پاسخ داده نمیشود.",2022-11-13T20:54:32+00:00,8380.0,1001.0,205958.0,15.0,1900.0,39094.0,39094.0,0.0,8380.0,874.0,9.588101,1.145309,1.0,False,0.0,True,False,False,False,0.0,1.0,none,46.0,18.0,10.0,0.853333,21.44,2.0,1.613333,537.4533,801383.9,44.72998,0.0,0.0,5.0,5.0,2.0,0.053333,0.133333,848.2608696,39020.0,94.78667,126,8.371628371628372,0,0,1,human(2),0.0,1,1,1,1,0
1.2562e+18,irandokht_20,irandokht_20,🆘️🏳️‍🌈☀️👑afsoon💙iraniii👑☀️,"ورود عرزشی، بسیجی، مجاهد، ری استارت🚫 

#پادشاهی_خواهم 💙

#براندازم 

( اکانت سوم )","ورود عرزشی، بسیجی، مجاهد، ری استارت 
 
 پادشاهی_خواهم 
 
 براندازم 
 
 ( اکانت سوم )",2020-05-01T12:33:06+00:00,9707.0,3127.0,114250.0,14.0,1846.0,79938.0,79938.0,0.0,9707.0,1800.0,5.392778,1.737222,1.0,False,0.0,True,False,False,False,1.0,0.0,none,29.0,3.0,1.0,0.969697,24.0,2.0,1.969697,238.1212,968891.4,44.41,0.0,0.0,1.0,2.0,1.0,0.060606,0.242424,2755.344828,79905.0,65.06061,82,3.1042532779021426,0,2,0,human(2),0.0,1,1,1,1,1
1.21865e+18,Pahlavi433726,pahlavi433726,Napoleon,جاويد رضا شاه ٢,جاويد رضا شاه ٢,2020-01-18T21:35:28+00:00,3153.0,4279.0,94303.0,4.0,3334.0,84388.0,84388.0,0.0,3153.0,1904.0,1.655987,2.247374,1.0,False,0.0,True,False,False,False,0.0,1.0,none,1.0,0.0,33.0,0.0,6.897959,3.0,1.040816,0.632653,113250.4,44.32143,0.0,0.0,8.0,8.0,16.0,0.816327,1.142857,84354.0,84354.0,0.122449,15,0.736854405234868,0,6,0,human(2),0.0,1,1,1,1,0
1.5268e+18,Ava_e_rahaee,ava_e_rahaee,Avay e Rahaee👑,آوای رهایی,آوای رهایی,2022-05-18T05:46:55+00:00,6730.0,7501.0,33024.0,2.0,102.0,46632.0,46632.0,0.0,6730.0,1053.0,6.391263,7.123457,1.0,False,0.0,False,False,False,False,0.0,0.0,none,0.0,0.0,2.0,0.0,28.0,2.0,1.0,1.0,39113.5,44.2849,0.0,2.0,2.0,2.0,3.0,1.0,1.0,46630.0,46630.0,0.0,10,0.8972137048393547,0,0,0,unverified(4),,1,1,1,1,0
9.99207e+17,RezaS49,rezas49,Reza 👑🎗️🇩🇪⁩,"درد اینجاست که درد را نمیشود به هیچکس حالی کرد

      مجاهدو عرزشی⛔ارشد مدیریت و روانشناسی 💙 #جاویدشاه  @Reza5812","درد اینجاست که درد را نمیشود به هیچکس حالی کرد
 
  مجاهدو عرزشیارشد مدیریت و روانشناسی جاویدشاه @Reza5812",2018-05-23T08:34:02+00:00,9104.0,4745.0,275448.0,6.0,1687.0,110400.0,110400.0,0.0,9104.0,2509.0,3.628537,1.891192,1.0,False,0.0,True,False,False,False,1.0,1.0,none,4.0,0.0,52.0,0.131579,12.32895,4.0,2.118421,22.05263,1751309.0,44.00159,0.0,0.0,6.0,10.0,21.0,0.763158,1.118421,27586.0,110344.0,5.355263,113,1.9186512118018968,0,2,0,human(2),0.0,1,1,1,1,0
7.97159e+17,tanhayektiger,tanhayektiger,TIGER,,,2016-11-11T19:29:37+00:00,20550.0,242.0,196786.0,33.0,7194.0,134938.0,134938.0,0.0,20550.0,3067.0,6.700359,0.078904,1.0,False,0.0,True,False,False,False,0.0,0.0,none,62.0,6.0,10.0,0.9,22.7875,3.0,1.825,384.775,644756.0,43.99674,0.0,0.0,2.0,3.0,3.0,0.0875,0.1375,2175.16129,134860.0,71.825,0,84.91735537190083,0,0,0,human(2),0.0,1,1,0,1,1
1.63129e+18,reptile_fight,reptile_fight,من کاظم𓄂𓆃☀️انقلاب لازم,"💙سرباز میهن💙سرباز شاه💙
𓄂𓆃 🦁☀️
#KingRezaPahlavi

اکانت قبلی ساس شد
🇮🇱and☀︎𓃮💚🤍❤️","سرباز میهنسرباز شاه
 𓄂𓆃 
 KingRezaPahlavi
 
 اکانت قبلی ساس شد
 and𓃮",2023-03-02T13:42:26+00:00,3486.0,1925.0,73857.0,2.0,1539.0,33580.0,33580.0,0.0,3486.0,765.0,4.556863,2.51634,1.0,False,0.0,True,False,False,False,1.0,0.0,none,31.0,2.0,192.0,0.199153,9.40678,7.0,1.177966,128.5297,208215.4,43.89542,0.0,0.0,34.0,79.0,12.0,0.669492,1.199153,1075.967742,33355.0,21.67797,78,1.8109090909090908,0,0,0,human(2),0.0,1,1,1,1,0
1.57256e+18,Rezahashemi1919,rezahashemi1919,رضا,رضا شاه روحت شاد,رضا شاه روحت شاد,2022-09-21T11:59:11+00:00,3062.0,5980.0,85327.0,1.0,3486.0,40352.0,40352.0,0.0,3062.0,927.0,3.303128,6.450917,1.0,False,0.0,True,False,False,False,0.0,0.0,none,18.0,4.0,205.0,0.100418,14.31799,3.0,2.74477,20.39749,194032.7,43.52967,0.0,0.0,29.0,46.0,13.0,0.790795,1.008368,2229.166667,40125.0,5.058577,16,0.5120401337792642,0,4,0,bot(1),1.0,1,1,1,1,0
49219756.0,rouhanim,rouhanim,Marjaneh Rouhani #JAVIDSHAH,Spread the News ~ #DrainMullahs                         bring🌞Love ❤️ Hugs 💃🏻Kisses 😘 Nonstop Flight back to Iran &Peace 2🌎#جنبش_تداوم_مشروطیت,Spread the News ~ DrainMullahs bringLove Hugs Kisses Nonstop Flight back to Iran &Peace 2جنبش_تداوم_مشروطیت,2009-06-21T03:38:33+00:00,12149.0,3041.0,223998.0,66.0,5900.0,250936.0,250936.0,0.0,12149.0,5767.0,2.106641,0.527311,0.0,False,0.0,True,False,False,False,1.0,1.0,none,33.0,28.0,13.0,0.891892,16.85135,4.0,1.459459,167.3378,3546990.0,43.5124,0.0,0.0,5.0,7.0,1.0,0.135135,0.297297,7601.878788,250862.0,53.51351,142,3.9950674120355147,0,0,0,News Agent(3),,1,1,1,1,1
2871004738.0,PanteaPeyvandi,panteapeyvandi,Pantea Peyvandi 🇮🇱 💚🦁☀️ ❤️,"Iranian-Canadian, General Practitioner, Political activist for Democratic Iran with HIM #KingRezaPahlavi, Conservative, Monarchist  👑","Iranian-Canadian, General Practitioner, Political activist for Democratic Iran with HIM KingRezaPahlavi, Conservative, Monarchist",2014-11-10T18:43:49+00:00,34030.0,791.0,374119.0,56.0,2620.0,165170.0,165170.0,0.0,34030.0,3799.0,8.95762,0.208213,1.0,False,0.0,True,False,False,False,1.0,0.0,none,44.0,97.0,32.0,0.236994,22.16185,2.0,1.312139,535.5434,351528.8,43.47723,0.0,0.0,5.0,8.0,2.0,0.16185,0.352601,3749.931818,164997.0,95.0,133,43.02149178255373,0,0,0,human(2),0.0,1,1,1,1,1
1189752218.0,Cilia1919,cilia1919,🍃👑 بابوشکا,🥁ایران را پس میگیریم 🥁,ایران را پس میگیریم,2013-02-17T14:52:38+00:00,15304.0,5098.0,326257.0,15.0,12056.0,192517.0,192517.0,0.0,15304.0,4430.0,3.454628,1.15079,1.0,False,0.0,True,False,False,False,0.0,0.0,none,77.0,9.0,3.0,0.855556,21.81111,4.0,1.411111,270.8,1073360.0,43.45756,0.0,0.0,2.0,4.0,2.0,0.022222,0.022222,2499.064935,192428.0,60.97778,22,3.001961553550412,0,4,0,human(2),0.0,1,1,1,1,1
1.28654e+18,Camel6561,camel6561,Camel⁦,"براندازم

ما ملت کبیریم ایران رو پس میگیریم ✌️","براندازم
 
 ما ملت کبیریم ایران رو پس میگیریم",2020-07-24T06:08:11+00:00,4447.0,1825.0,94330.0,5.0,2189.0,74244.0,74244.0,0.0,4447.0,1716.0,2.591492,1.06352,1.0,False,0.0,True,False,False,False,0.0,0.0,none,9.0,4.0,59.0,0.294737,12.78947,4.0,1.463158,25.64211,602518.1,43.26573,0.0,0.0,4.0,12.0,24.0,0.578947,1.157895,8241.333333,74172.0,8.189474,46,2.4367123287671233,0,4,0,human(2),0.0,1,1,1,1,0
1.57339e+18,Neda73Neda,neda73neda,👑Neda👑,"برای وطن سرود رهایی می خوانم 🩵
❌️لطفا
 در لیست حمایتی قرار ندهید ❌️
#زنده_باد_ساواک 
#KingRezaPahlavi 
#جاویدشاه","برای وطن سرود رهایی می خوانم 
 لطفا
  در لیست حمایتی قرار ندهید 
 زنده_باد_ساواک 
 KingRezaPahlavi 
 جاویدشاه",2022-09-23T19:28:18+00:00,3419.0,2013.0,40775.0,1.0,2333.0,39929.0,39929.0,0.0,3419.0,925.0,3.696216,2.176216,1.0,False,0.0,True,False,False,False,1.0,0.0,none,52.0,86.0,103.0,0.919298,17.48772,5.0,2.115789,76.06316,197602.1,43.16649,0.0,0.0,10.0,26.0,45.0,0.375439,0.785965,763.2307692,39688.0,19.21053,112,1.6984600099354197,0,2,0,human(2),0.0,1,1,1,1,0
9.5699e+17,kuroosh521,kuroosh521,کورش,رستاخیز مشروطه ایران.,رستاخیز مشروطه ایران.,2018-01-26T20:38:21+00:00,8504.0,5323.0,187765.0,16.0,1856.0,112541.0,112541.0,0.0,8504.0,2626.0,3.238385,2.027037,1.0,False,0.0,False,False,False,False,0.0,0.0,none,5.0,0.0,0.0,0.666667,24.0,1.0,1.333333,85.0,17885756.0,42.85644,0.0,0.0,2.0,2.0,2.0,0.0,0.0,22507.2,112536.0,20.33333,21,1.5975953409731354,0,3,0,unverified(4),,1,1,1,1,0
9.98289e+17,ordinaryman1980,ordinaryman1980,ordinary man,دریغا عشق،  که شد و باز نیامد,دریغا عشق، که شد و باز نیامد,2018-05-20T19:47:23+00:00,21219.0,1548.0,209013.0,59.0,7502.0,106630.0,106630.0,0.0,21219.0,2512.0,8.447054,0.616242,1.0,False,0.0,True,False,False,False,0.0,0.0,none,28.0,2.0,1.0,1.064516,37.3871,1.0,1.290323,545.6452,2666100.0,42.44825,0.0,0.0,2.0,2.0,1.0,0.064516,0.064516,3807.107143,106599.0,122.9355,29,13.707364341085272,0,4,0,human(2),0.0,1,1,1,1,1
1.28407e+18,aryaieeasil,aryaieeasil,Hny,My country = my love.ورود چپول👉تجزیه و مجاهد⛔️ پان ترک📛 همه اقوام💜ایران زیر یک پرچم...دنبال حقیقت …پنیر مفت تو تله موشه…تک تکتون برام با ارزشین 🔆 پی وی ⛔️,My country = my love.ورود چپولتجزیه و مجاهد پان ترک همه اقوامایران زیر یک پرچم...دنبال حقیقت …پنیر مفت تو تله موشه…تک تکتون برام با ارزشین پی وی,2020-07-17T10:12:41+00:00,3648.0,1909.0,90992.0,3.0,3457.0,72780.0,72780.0,0.0,3648.0,1723.0,2.117237,1.107951,1.0,False,0.0,True,False,False,False,0.0,0.0,none,36.0,0.0,8.0,0.75,20.84615,2.0,1.538462,562.3077,1049122.0,42.24028,0.0,0.0,4.0,4.0,9.0,0.192308,0.192308,2020.444444,72736.0,71.67308,154,1.9109481403876376,0,0,0,human(2),0.0,1,1,1,1,1
1.39213e+18,crissss_sh,crissss_sh,کیریسس,"‌‌‌‌‌‌‌‌‌×دست نوشته های بی ادبی×
.‌‌‌ 
گرفتار شده در بحران سی و اندی سالگی

.
یادگار هشت سال دوران فیسبوک 
×پیج دوم×

(رویشی نو با ریشه ای کهن)","‌‌‌‌‌‌‌‌‌×دست نوشته های بی ادبی×
 .‌‌‌ 
 گرفتار شده در بحران سی و اندی سالگی
 
 .
 یادگار هشت سال دوران فیسبوک 
 ×پیج دوم×
 
 (رویشی نو با ریشه ای کهن)",2021-05-11T14:57:43+00:00,16133.0,442.0,465735.0,39.0,1090.0,59835.0,59835.0,0.0,16133.0,1425.0,11.3214,0.310175,1.0,False,0.0,True,False,False,False,0.0,0.0,none,1.0,0.0,0.0,0.0,39.0,1.0,1.0,125.0,0.0,41.98947,1.0,1.0,1.0,1.0,1.0,0.0,0.0,59834.0,59834.0,1.0,143,36.5,0,0,0,bot(1),1.0,1,1,1,1,0
1.6139e+18,Ario1401,ario1401,Ario 𓄂✺ ||,نور بر تاریکی پیروز است @PahlaviReza,نور بر تاریکی پیروز است @PahlaviReza,2023-01-13T14:21:24+00:00,22800.0,1533.0,42490.0,35.0,4077.0,33922.0,33922.0,0.0,22800.0,813.0,28.04428,1.885609,1.0,False,0.0,False,False,False,False,0.0,0.0,none,123.0,20.0,8.0,0.815642,25.72626,5.0,1.301676,2569.168,245725.4,41.72448,0.0,0.0,4.0,10.0,29.0,0.145251,0.217877,274.5609756,33771.0,335.1453,36,14.87279843444227,0,4,0,human(2),0.0,1,1,1,1,1
1.63867e+18,Sonofthebeach22,sonofthebeach22,پسر ساحل𓃬☼,"I see humans, but no humanity. Proud Iranian, Monarchist. دادخواه خون برادرم کیان حسینی","I see humans, but no humanity. Proud Iranian, Monarchist. دادخواه خون برادرم کیان حسینی",2023-03-22T22:16:07+00:00,7881.0,238.0,63280.0,19.0,2355.0,30951.0,30951.0,0.0,7881.0,745.0,10.57852,0.319463,1.0,False,0.0,True,False,False,False,0.0,0.0,none,6.0,0.0,10.0,1.0,20.6875,2.0,1.625,405.0625,2209139.0,41.54497,0.0,0.0,2.0,2.0,1.0,0.375,0.5,5155.833333,30935.0,77.8125,87,33.11344537815126,0,2,0,human(2),0.0,1,1,1,1,0
1196864822.0,Nasrinrose1,nasrinrose1,Nasrin 👑,💖 پهلوی💖,پهلوی,2013-02-19T12:01:45+00:00,5784.0,4023.0,505766.0,16.0,6711.0,181896.0,181896.0,0.0,5784.0,4428.0,1.306233,0.908537,1.0,False,0.0,True,False,False,False,0.0,0.0,none,1.0,0.0,1.0,0.5,9.0,2.0,2.0,76.0,32135088.0,41.07859,0.0,0.0,1.0,1.0,1.0,0.5,0.5,181894.0,181894.0,13.5,8,1.4377330350484714,0,1,0,human(2),0.0,1,1,1,1,1
1555561052.0,PMOIRAN,pmoiran,سازمان مجاهدین خلق ایران,#مجاهدین در پی جایگزین کردن دیکتاتوری دینی #ایران با دولتی دموکراتیک، مبتنی بر جدایی دین از دولت هستند که به آزادیهای فردی و تساوی زن و مرد احترام میگذارد,مجاهدین در پی جایگزین کردن دیکتاتوری دینی ایران با دولتی دموکراتیک، مبتنی بر جدایی دین از دولت هستند که به آزادیهای فردی و تساوی زن و مرد احترام میگذارد,2013-06-29T12:23:31+00:00,36964.0,1.0,3977.0,323.0,66295.0,176524.0,176524.0,0.0,36964.0,4298.0,8.600279,0.000233,1.0,False,0.0,True,False,False,False,1.0,0.0,none,2.0,0.0,0.0,1.0,28.33333,1.0,2.666667,439.3333,48694613.0,41.0712,0.0,0.0,2.0,2.0,2.0,0.0,0.0,88261.0,176522.0,403.3333,154,36964.0,0,0,0,bot(1),1.0,1,1,1,1,1
1.25139e+18,The_Doonald,the_doonald,Donald,به سان سربازی تنها،در پشت سنگر بی فکرها،تاب می آوریم همه را ،قوی باش هم رزم!! #براندازم #متحد_شوید,به سان سربازی تنها،در پشت سنگر بی فکرها،تاب می آوریم همه را ،قوی باش هم رزم!! براندازم متحد_شوید,2020-04-18T06:07:27+00:00,5406.0,320.0,137045.0,13.0,1361.0,74223.0,74223.0,0.0,5406.0,1813.0,2.981798,0.176503,1.0,False,0.0,True,False,False,False,1.0,0.0,none,3.0,0.0,0.0,1.25,24.25,1.0,2.25,221.25,30256115.0,40.93933,0.0,0.0,2.0,2.0,2.0,0.25,0.25,24740.0,74220.0,37.0,98,16.89375,0,0,0,bot(1),1.0,1,1,1,1,0
1.42991e+18,KnightAnahita19,knightanahita19,ℳéஅℜのﾑの𓃬 ☼👑,"அ❤️
کرمانشاه@آگنوستیک
https://t.co/F4TSntlbIV","அ
 کرمانشاه@آگنوستیک",2021-08-23T21:10:49+00:00,4288.0,2669.0,12.0,1.0,1310.0,53776.0,53776.0,0.0,4288.0,1321.0,3.246026,2.020439,1.0,False,0.0,True,False,False,False,0.0,1.0,none,115.0,11.0,2.0,1.104478,30.93284,3.0,2.776119,175.0299,482675.5,40.70855,0.0,0.0,4.0,8.0,7.0,0.037313,0.067164,466.5043478,53648.0,44.25373,45,1.6065942300487073,0,2,1,human(2),0.0,1,1,1,1,0
1.59332e+18,Javiiiid_97,javiiiid_97,Javid,سندیکای جانور شناسی (مجازی و حقیقی),سندیکای جانور شناسی (مجازی و حقیقی),2022-11-17T19:27:49+00:00,3706.0,3489.0,139815.0,2.0,945.0,35274.0,35274.0,0.0,3706.0,870.0,4.25977,4.010345,1.0,False,0.0,False,False,False,False,0.0,0.0,none,0.0,0.0,4.0,0.0,9.2,2.0,1.0,2.4,201379.3,40.54483,0.0,0.0,2.0,2.0,2.0,0.6,1.0,35270.0,35270.0,0.0,35,1.0621954714818,0,2,0,unverified(4),,1,0,1,1,0
1.0294e+18,kharmagas_UK,kharmagas_uk,خرمگس,نه بر اشتری سوارم، نه چو خر به زیر بارم. نه خداوند رعیت، نه غلام شهریارم. ایرانی، ساکن غربت، دوستدار آماتور تاریخ، فرهنگ و فلسفه,نه بر اشتری سوارم، نه چو خر به زیر بارم. نه خداوند رعیت، نه غلام شهریارم. ایرانی، ساکن غربت، دوستدار آماتور تاریخ، فرهنگ و فلسفه,2018-08-14T15:56:31+00:00,16948.0,955.0,169404.0,97.0,4750.0,98357.0,98357.0,0.0,16948.0,2426.0,6.985985,0.393652,0.0,False,0.0,True,False,False,False,0.0,0.0,none,1.0,1.0,0.0,1.0,9.0,1.0,1.0,121.0,29705044.0,40.54287,0.0,0.0,1.0,1.0,1.0,0.0,0.0,98355.0,98355.0,0.5,128,17.746596858638743,0,0,0,human(2),0.0,1,1,1,1,1
1.00107e+18,baran_mehr36,baran_mehr36,باران ➰💙👑#پیمان_نوین👑👑👑👑👑👑👑👑👑👑👑👑👑👑,"ما بسیاریم 
همه با هم با پیام #پیمان_نوین با اتحاد و همبستگی برای روزهای بهترزنده باد خاندان پهلوی 🌹فقط پادشاهی خواهان فالو میشوند👑🌹","ما بسیاریم 
 همه با هم با پیام پیمان_نوین با اتحاد و همبستگی برای روزهای بهترزنده باد خاندان پهلوی فقط پادشاهی خواهان فالو میشوند",2018-05-28T11:59:48+00:00,3283.0,2292.0,113753.0,4.0,2142.0,101496.0,101496.0,0.0,3283.0,2504.0,1.311102,0.915335,1.0,False,0.0,True,False,False,False,1.0,0.0,none,1.0,0.0,6.0,0.285714,10.42857,2.0,1.857143,10.85714,11717812.0,40.53355,0.0,0.0,6.0,6.0,1.0,0.0,1.857143,101489.0,101489.0,2.857143,132,1.432373472949389,0,2,0,bot(1),1.0,1,1,1,1,1
1.53568e+18,AriaVatanpour,ariavatanpour,ARIA🇦🇺🎗,"Army veteran, former bell214 pilot of Hovaniroz Iran, now the air support of Sydney Coast Guard 🇦🇺    Soldier of #KingRezaPahlavi","Army veteran, former bell214 pilot of Hovaniroz Iran, now the air support of Sydney Coast Guard Soldier of KingRezaPahlavi",2022-06-11T17:40:28+00:00,3746.0,2916.0,147242.0,2.0,3080.0,41702.0,41702.0,0.0,3746.0,1029.0,3.640428,2.833819,1.0,False,0.0,True,False,False,False,1.0,1.0,none,36.0,28.0,9.0,0.934211,25.60526,2.0,2.302632,108.1974,752200.4,40.52672,0.0,0.0,2.0,5.0,4.0,0.460526,0.644737,1156.361111,41629.0,41.67105,129,1.284636488340192,0,0,0,human(2),0.0,1,1,1,1,1
1.73577e+18,Ervin_dearcelo2,ervin_dearcelo2,"شماره ۲‌ Dearcelo,Ervin",مهندس غیر هسته‌گی،شاغل در زمینه انرژی.هیدروژئولوژیست.اکانت دوم،اینجا بدون سانسور خویشتن.ممنون که اینم فالو میکنید.,مهندس غیر هسته‌گی،شاغل در زمینه انرژی.هیدروژئولوژیست.اکانت دوم،اینجا بدون سانسور خویشتن.ممنون که اینم فالو میکنید.,2023-12-15T21:11:17+00:00,12679.0,935.0,207522.0,16.0,1912.0,19264.0,19264.0,0.0,12679.0,477.0,26.58071,1.960168,1.0,False,0.0,False,False,False,False,0.0,0.0,none,0.0,0.0,3.0,0.666667,18.0,3.0,0.333333,595.3333,749123.7,40.38574,0.0,0.0,1.0,1.0,1.0,0.0,0.666667,19261.0,19261.0,41.66667,114,13.560427807486631,1,1,0,human(2),0.0,1,1,1,1,1
1.28897e+18,Bahar00452227,bahar00452227,Bahar ✌️,اکانت قبلیم 👉@bahar67452141👈که فعلا بهش دسترسی ندارم,اکانت قبلیم @bahar67452141که فعلا بهش دسترسی ندارم,2020-07-30T22:36:48+00:00,3451.0,2855.0,108331.0,4.0,1429.0,69026.0,69026.0,0.0,3451.0,1710.0,2.018129,1.669591,1.0,False,0.0,True,False,False,False,0.0,1.0,none,0.0,0.0,1.0,0.0,11.0,1.0,1.0,2.0,0.0,40.36608,1.0,1.0,1.0,1.0,1.0,0.0,2.0,69025.0,69025.0,0.0,52,1.2087565674255691,0,8,0,human(2),0.0,1,1,1,1,0
1.7526e+18,Calling_Parisa,calling_parisa,𓃬☼🜲✡پریسا,"🜲مرد زن آزادی شاه میهن آبادی🜲
#KingRezaPahlavi 
پدید‌آورنده هشتگ‌های
#EsmaeilionImpostor
#AtashShahkarami_Blood_Dealer
اسمایل سابق","🜲مرد زن آزادی شاه میهن آبادی🜲
 KingRezaPahlavi 
 پدید‌آورنده هشتگ‌های
 EsmaeilionImpostor
 AtashShahkarami_Blood_Dealer
 اسمایل سابق",2024-01-31T08:01:52+00:00,9353.0,2302.0,14386.0,13.0,2760.0,17342.0,17342.0,0.0,9353.0,430.0,21.75116,5.353488,1.0,False,0.0,False,False,False,False,1.0,0.0,none,114.0,11.0,41.0,0.91,21.17,4.0,1.755,252.545,161325.2,40.33023,0.0,0.0,9.0,15.0,35.0,0.255,0.43,150.6666667,17176.0,51.005,130,4.062988705473502,0,0,0,human(2),0.0,1,1,1,1,0
1.56034e+18,RosebudDonKhoan,rosebuddonkhoan,Rosebud𐎤𐎢𐎽𐎢𐏁,"Rosebud 
نشانی است از ارزوهای برباد رفته ملتی که زمانی همه چیز داشتند و اما خواسته های فراتر از داشته های خویشتن خویش انان را ارزومند لذاتی کوچک نمود","Rosebud 
 نشانی است از ارزوهای برباد رفته ملتی که زمانی همه چیز داشتند و اما خواسته های فراتر از داشته های خویشتن خویش انان را ارزومند لذاتی کوچک نمود",2022-08-18T19:02:21+00:00,6425.0,2725.0,55112.0,0.0,6982.0,38488.0,38488.0,0.0,6425.0,961.0,6.685744,2.835588,1.0,False,0.0,True,False,False,False,0.0,0.0,none,16.0,7.0,82.0,0.3125,24.29688,4.0,1.226563,71.0625,582174.5,40.04995,0.0,0.0,5.0,10.0,24.0,0.53125,1.09375,2398.9375,38383.0,11.35938,149,2.3577981651376145,0,0,0,human(2),0.0,1,1,1,1,0
47448563.0,VOAfarsi,voafarsi,VOA Farsi صدای آمریکا,"تنها صفحه رسمی توییتر بخش فارسی صدای آمریکا
آخرین اخبار و ویدئوهای خبری و گزیده برنامه‌های صدای آمریکا را اینجا ببینید","تنها صفحه رسمی توییتر بخش فارسی صدای آمریکا
 آخرین اخبار و ویدئوهای خبری و گزیده برنامه‌های صدای آمریکا را اینجا ببینید",2009-06-15T21:22:59+00:00,1994351.0,96.0,159.0,2004.0,114339.0,229326.0,229326.0,0.0,1994351.0,5773.0,345.4618,0.016629,0.0,False,0.0,True,False,False,False,0.0,0.0,regular,10.0,0.0,0.0,0.9,25.6,1.0,0.7,370.5,8539194.0,39.72389,0.0,0.0,1.0,1.0,1.0,0.0,0.0,22931.6,229316.0,62.4,118,20774.489583333332,0,0,0,News Agent(3),,1,1,1,1,1
1.34494e+18,chehre3521,chehre3521,👑ایران جاوید👑,(آیت الله خرچهره سابق)حامی رضا شاه دوم ، ورود حامد مال ، مجاهد و عرزشی و ری استارتی،چپول ،مصدقی ،سبز وبنفش و مصی مال ممنوع,(آیت الله خرچهره سابق)حامی رضا شاه دوم ، ورود حامد مال ، مجاهد و عرزشی و ری استارتی،چپول ،مصدقی ،سبز وبنفش و مصی مال ممنوع,2021-01-01T09:17:58+00:00,29130.0,3387.0,122414.0,21.0,908.0,61767.0,61767.0,0.0,29130.0,1555.0,18.73312,2.178135,1.0,False,0.0,True,False,False,False,0.0,0.0,none,10.0,0.0,0.0,0.5,19.7,1.0,1.3,351.6,7875989.0,39.72154,0.0,0.0,1.0,1.0,1.0,0.0,0.0,6175.7,61757.0,46.0,122,8.600531443755536,0,4,0,human(2),0.0,1,1,1,1,0
1.46544e+18,dariush2023,dariush2023,Dariush.s,❤️🌹جاوید شاه 🌹❤️ ورود عرزشی تجزیه طلب ممنوع,جاوید شاه ورود عرزشی تجزیه طلب ممنوع,2021-11-29T21:50:56+00:00,4791.0,3050.0,42131.0,6.0,69.0,48452.0,48452.0,0.0,4791.0,1223.0,3.917416,2.493868,1.0,False,0.0,False,False,False,False,0.0,0.0,none,0.0,49.0,0.0,0.0,4.230769,3.0,1.057692,0.692308,83263.94,39.61733,0.0,0.0,7.0,11.0,4.0,0.0,0.0,48403.0,48403.0,0.423077,43,1.5708196721311476,0,4,0,bot(1),1.0,1,1,1,1,1
1.28256e+18,Nazdooneh1376,nazdooneh1376,Asayesh( ۲ملکه اجنه ),"گیسوانم طناب دار دیکتاتور خواهند شد

 #کردستان_خونین/ #مهسا_امینی/  #نویدافکاری/","گیسوانم طناب دار دیکتاتور خواهند شد
 
  کردستان_خونین/ مهسا_امینی/ نویدافکاری/",2020-07-13T06:23:47+00:00,9429.0,7815.0,73966.0,14.0,1270.0,68244.0,68244.0,0.0,9429.0,1727.0,5.459757,4.525188,1.0,False,0.0,False,False,False,False,1.0,0.0,none,0.0,0.0,55.0,0.0,7.357143,2.0,1.47619,4.52381,72022.82,39.51592,0.0,0.0,6.0,12.0,30.0,0.702381,1.107143,68189.0,68189.0,2.511905,80,1.2065259117082534,1,4,0,unverified(4),,1,0,1,1,0
1.58785e+18,NikiPatriot,nikipatriot,Niki,"I support @PahlaviReza as my king, and constitutional monarchy for a free, and modern Iran. #جاویدشاه","I support @PahlaviReza as my king, and constitutional monarchy for a free, and modern Iran. جاویدشاه",2022-11-02T17:11:59+00:00,3169.0,319.0,41760.0,2.0,1424.0,34876.0,34876.0,0.0,3169.0,885.0,3.580791,0.360452,1.0,False,0.0,True,False,False,False,1.0,0.0,none,59.0,30.0,20.0,0.681034,36.69828,2.0,1.974138,139.1034,474584.1,39.40791,0.0,0.0,3.0,4.0,8.0,0.172414,0.413793,589.2711864,34767.0,47.25862,101,9.934169278996865,0,0,0,human(2),0.0,1,1,1,1,0
9.92079e+17,enferadi_shode,enferadi_shode,𓃬☼👑enferadi👑𓃬☼,"در پی ازادی با هرقشر و بیانی✌
تابع قوانین پهلوی تا ابد #رضاشاه_روحت_شاد #جاوید_شاه #جاوید_رضاشاه_دوم 💙✌
ورود پهلوی ستیز،مجاهد،عرزشی،تجزیه طلب ممنوع🚫⛔🚷","در پی ازادی با هرقشر و بیانی
 تابع قوانین پهلوی تا ابد رضاشاه_روحت_شاد جاوید_شاه جاوید_رضاشاه_دوم 
 ورود پهلوی ستیز،مجاهد،عرزشی،تجزیه طلب ممنوع",2018-05-03T16:31:27+00:00,4675.0,2715.0,161566.0,5.0,6634.0,99561.0,99561.0,0.0,4675.0,2529.0,1.848557,1.073547,1.0,False,0.0,True,False,False,False,1.0,0.0,none,493.0,8.0,8.0,1.25089,35.23132,3.0,1.55516,249.8559,195959.9,39.36773,0.0,0.0,4.0,8.0,54.0,0.135231,0.142349,200.9168357,99052.0,65.76157,150,1.721915285451197,0,0,0,human(2),0.0,1,1,1,1,0
1.36043e+18,darushirani13,darushirani13,داریوش ایرانی,"...باورمند به نظام پادشاهی مشروطه...
جاوید شاه...
...اکانت دوم  جهت نشر پویا نمایی ها...

@animeiran1","...باورمند به نظام پادشاهی مشروطه...
 جاوید شاه...
 ...اکانت دوم جهت نشر پویا نمایی ها...
 
 @animeiran1",2021-02-13T03:30:53+00:00,3388.0,1138.0,74372.0,10.0,1659.0,58880.0,58880.0,0.0,3388.0,1512.0,2.240741,0.752646,1.0,False,0.0,True,False,False,False,0.0,1.0,none,50.0,2.0,8.0,0.688525,20.7541,3.0,2.114754,140.2951,1605229.0,38.9418,0.0,0.0,2.0,3.0,2.0,0.131148,0.229508,1176.4,58820.0,34.55738,101,2.977152899824253,0,2,0,bot(1),1.0,1,1,1,1,0
1.39348e+18,parla91979,parla91979,ꕥ𓉱 ☼𓄂𓆃WarWoman☼ 𓉱ꕥ,عاشق بی چون و چرای #آریامهرم ،براندازم همون كه ميشناسي، اكانت اصلي ساس شد❤️🤍💚ارادتمندم دایرکت پاسخگو نیستم،گروه اد نكنيد⛔️دادخواه خون برادرم🖤,عاشق بی چون و چرای آریامهرم ،براندازم همون كه ميشناسي، اكانت اصلي ساس شدارادتمندم دایرکت پاسخگو نیستم،گروه اد نكنيددادخواه خون برادرم,2021-05-15T08:12:44+00:00,3728.0,1588.0,87131.0,6.0,2109.0,54898.0,54898.0,0.0,3728.0,1421.0,2.623505,1.117523,1.0,False,0.0,True,False,False,False,1.0,0.0,none,44.0,2.0,10.0,1.016393,19.59016,3.0,1.672131,160.623,1007018.0,38.63336,0.0,0.0,2.0,3.0,6.0,0.163934,0.459016,1246.409091,54842.0,40.59016,141,2.347607052896725,0,5,0,can’t find,,1,1,1,1,0
1.58581e+18,nastaran8888,nastaran8888,👑Farah8888👑,"#KingRezaPahlavi 👑
#جاویدشاه 👑","KingRezaPahlavi 
 جاویدشاه",2022-10-28T01:48:24+00:00,5161.0,5678.0,51205.0,1.0,1203.0,34279.0,34279.0,0.0,5161.0,890.0,5.798876,6.379775,1.0,False,0.0,True,False,False,False,1.0,0.0,none,3.0,14.0,0.0,0.941176,19.52941,1.0,1.823529,145.7059,1641728.0,38.51573,0.0,0.0,2.0,2.0,1.0,0.0,0.0,11420.66667,34262.0,50.47059,30,0.9089468122578372,4,4,0,bot(1),1.0,1,1,1,1,1
1.67551e+18,Bermooda1380739,bermooda1380739,Navid Afkari,"دایرکت 🚫 دایرکت🚫 طرفدار پادشاهی پهلوی 
#جاوید شاه 
💙👑👑👑👑👑👑👑👑👑👑👑👑👑👑👑💙#KingRezaPahlavi","دایرکت دایرکت طرفدار پادشاهی پهلوی 
 جاوید شاه 
 KingRezaPahlavi",2023-07-02T14:40:59+00:00,3284.0,4335.0,46997.0,1.0,1971.0,24707.0,24707.0,0.0,3284.0,643.0,5.107309,6.741835,1.0,False,0.0,False,False,False,False,1.0,0.0,none,24.0,28.0,87.0,0.593407,18.56593,3.0,2.302198,81.0,287635.1,38.42457,0.0,0.0,12.0,14.0,44.0,0.252747,2.615385,1023.666667,24568.0,16.91758,84,0.7575547866205306,0,7,0,bot(1),1.0,1,1,1,1,0
1.3714e+18,Saeed48920740,saeed48920740,Saeed,ورود عرزشی ممنوع⛔,ورود عرزشی ممنوع,2021-03-15T09:40:23+00:00,3119.0,2699.0,64716.0,4.0,4627.0,56893.0,56893.0,0.0,3119.0,1482.0,2.104588,1.821188,1.0,False,0.0,False,False,False,False,0.0,0.0,none,2.0,0.0,1.0,0.666667,8.0,2.0,0.666667,8.333333,2173024.0,38.38934,0.0,0.0,1.0,1.0,1.0,0.333333,0.333333,28445.0,56890.0,0.333333,17,1.1556131900703965,0,8,0,bot(1),1.0,1,1,1,1,1
1.26053e+18,KingBacker1,kingbacker1,👑KingBacker1👑,"When you opened the door..!
The fierce countenance of the landlord come to your view..!","When you opened the door..!
 The fierce countenance of the landlord come to your view..!",2020-05-13T11:20:13+00:00,4413.0,2631.0,91821.0,3.0,6829.0,68598.0,68598.0,0.0,4413.0,1788.0,2.468121,1.471477,1.0,False,0.0,True,False,False,False,0.0,0.0,none,4.0,9.0,2.0,1.2,16.26667,2.0,2.2,304.8,2208053.0,38.36577,0.0,0.0,1.0,4.0,1.0,0.2,0.2,17145.75,68583.0,73.93333,87,1.677309007981756,1,1,0,bot(1),1.0,1,1,1,1,0
1.57505e+18,Nokhod_f,nokhod_f,call me vahab,https://t.co/hF55SkGfXm,,2022-09-28T09:08:39+00:00,3758.0,3525.0,156225.0,3.0,941.0,35144.0,35144.0,0.0,3758.0,920.0,4.084783,3.831522,1.0,False,0.0,False,False,False,False,0.0,1.0,none,1.0,0.0,0.0,1.0,15.0,1.0,1.0,1564.0,0.0,38.2,1.0,1.0,1.0,1.0,1.0,0.0,0.0,35143.0,35143.0,53.0,23,1.0660992907801419,0,0,1,human(2),0.0,1,1,1,1,0
1.14614e+18,Havin_N5,havin_n5,🌙,میذارمت رو طاقچه ،تماشا کن,میذارمت رو طاقچه ،تماشا کن,2019-07-02T19:44:41+00:00,103246.0,7827.0,18195.0,36.0,1376.0,80275.0,80275.0,0.0,103246.0,2104.0,49.07129,3.720057,1.0,False,0.0,True,False,False,False,0.0,0.0,none,1.0,0.0,0.0,1.0,4.0,1.0,0.0,5479.0,0.0,38.15352,2.0,2.0,2.0,2.0,2.0,0.0,0.0,80274.0,80274.0,42.0,26,13.1910054938035,0,1,0,bot(1),1.0,1,1,1,1,0
1.62343e+18,Santamorte00,santamorte00,SANTAMURTE,46سال پیش (زن ،زندگی، ازادی) شعار نبود جزئی از زندگی بود,46سال پیش (زن ،زندگی، ازادی) شعار نبود جزئی از زندگی بود,2023-02-08T21:01:56+00:00,3695.0,3075.0,142229.0,3.0,2477.0,29966.0,29966.0,0.0,3695.0,787.0,4.695044,3.907243,1.0,False,0.0,True,False,False,False,0.0,1.0,none,2.0,0.0,10.0,0.277778,9.888889,3.0,1.0,38.0,3152699.0,38.07624,0.0,0.0,2.0,4.0,7.0,0.666667,1.0,14977.0,29954.0,2.5,56,1.2016260162601626,0,2,0,human(2),0.0,1,1,1,1,0
1.58064e+18,18Mandana,18mandana,mandana,نیازی به آدرس و کروکی و هیچیت نیست،کارما لوکیشنتو داره،منتظر باش👌🏽 برانداز👍,نیازی به آدرس و کروکی و هیچیت نیست،کارما لوکیشنتو داره،منتظر باش برانداز,2022-10-13T19:06:55+00:00,6329.0,1345.0,51742.0,5.0,1432.0,34402.0,34402.0,0.0,6329.0,905.0,6.99337,1.486188,1.0,False,0.0,True,False,False,False,0.0,0.0,none,6.0,2.0,3.0,0.866667,24.6,3.0,1.8,39.33333,354098.2,38.01326,0.0,0.0,2.0,4.0,5.0,0.133333,0.533333,5731.833333,34391.0,13.2,75,4.705576208178439,0,2,0,bot(1),1.0,1,1,1,1,0
1.02244e+18,cicikhanoom,cicikhanoom,سی سی خانوم,ما زنده به آنیم که آرام نگیریم  موجیم که آسودگی ما عدم ماست,ما زنده به آنیم که آرام نگیریم موجیم که آسودگی ما عدم ماست,2018-07-26T10:56:30+00:00,68599.0,698.0,100553.0,199.0,5270.0,92706.0,92706.0,0.0,68599.0,2445.0,28.05685,0.285481,1.0,False,0.0,False,False,False,False,0.0,0.0,none,1.0,0.0,0.0,1.0,4.0,1.0,0.0,1600.0,0.0,37.91656,1.0,1.0,1.0,1.0,1.0,0.0,0.0,92705.0,92705.0,108.0,59,98.27936962750717,0,0,0,can’t find,,1,1,1,1,1
8.15189e+17,gh0lch0magh,gh0lch0magh,OuriapA,دارای اسبی مرده و اصلی پير و پژمرده🥀,دارای اسبی مرده و اصلی پير و پژمرده,2016-12-31T13:32:57+00:00,68631.0,354.0,185070.0,116.0,6230.0,114388.0,114388.0,0.0,68631.0,3017.0,22.74809,0.117335,1.0,False,0.0,False,False,False,False,0.0,0.0,none,1.0,0.0,0.0,1.0,15.0,1.0,1.0,1417.0,0.0,37.91448,2.0,2.0,2.0,2.0,2.0,0.0,0.0,114387.0,114387.0,192.0,36,193.8728813559322,0,2,0,human(2),0.0,1,1,1,1,1
1.36286e+18,IR_Kermanshah,ir_kermanshah,هلاله👑,"بنام ایران با ایران و برای ایران
از کرمانشاه
شهری برپهنه زاگرس پهناور و زیبایش💙
دارای یک حق رأی برای ایران آزاد. #IranRevolution","بنام ایران با ایران و برای ایران
 از کرمانشاه
 شهری برپهنه زاگرس پهناور و زیبایش
 دارای یک حق رأی برای ایران آزاد. IranRevolution",2021-02-19T20:24:48+00:00,4014.0,4014.0,81011.0,4.0,8722.0,56748.0,56748.0,0.0,4014.0,1506.0,2.665339,2.665339,1.0,False,0.0,True,False,False,False,1.0,0.0,none,1.0,0.0,1.0,1.0,35.0,2.0,3.0,50.5,8517814.0,37.68127,0.0,0.0,1.0,1.0,1.0,0.5,2.0,56746.0,56746.0,27.5,128,1.0,0,0,0,can’t find,,1,1,1,1,1
1.37275e+18,Koroshariae2021,koroshariae2021,👑Korosha👑🇮🇱,"اکانت قبلیم رو زدن...طرفدار سیستم پادشاهی
مخالف سیستم جمهوری در کشورهای با اکثریت مسلمان
 بخصوص ایران
ورود بردگان ایدئولوژی عرزشی و مجاهد  و کمونیست ممنوع","اکانت قبلیم رو زدن...طرفدار سیستم پادشاهی
 مخالف سیستم جمهوری در کشورهای با اکثریت مسلمان
  بخصوص ایران
 ورود بردگان ایدئولوژی عرزشی و مجاهد و کمونیست ممنوع",2021-03-19T03:23:34+00:00,3288.0,3450.0,59330.0,7.0,4062.0,55679.0,55679.0,0.0,3288.0,1478.0,2.224628,2.334235,1.0,False,0.0,True,False,False,False,0.0,0.0,none,1.0,0.0,0.0,1.0,11.0,1.0,1.0,55.0,0.0,37.67185,2.0,2.0,2.0,2.0,2.0,0.0,0.0,55678.0,55678.0,8.0,154,0.9530434782608695,0,4,0,human(2),0.0,1,1,1,1,0
1.63867e+18,Dadylongleggpv,dadylongleggpv,𓃬☼ بابا لنگ دراز ☼𓃬,تو که پروانه شدی در شعله رقصیدی، چرا؟!,تو که پروانه شدی در شعله رقصیدی، چرا؟!,2023-03-22T22:29:33+00:00,4212.0,576.0,50999.0,7.0,2854.0,27986.0,27986.0,0.0,4212.0,745.0,5.653691,0.773154,1.0,False,0.0,False,False,False,False,0.0,0.0,none,22.0,10.0,2.0,0.675676,33.67568,3.0,1.216216,340.2432,1709862.0,37.5651,0.0,0.0,2.0,2.0,4.0,0.081081,0.081081,1270.545455,27952.0,46.24324,38,7.3125,0,0,0,human(2),0.0,1,1,1,1,0
1.75688e+18,parspersian,parspersian,Arian🪭,یک راست ملیگرا و سرباز جان بر کف ایران❤️ #جاویدآریامهر #جاویدشاه/ اکانت دوم: @parspersian2,یک راست ملیگرا و سرباز جان بر کف ایران جاویدآریامهر جاویدشاه/ اکانت دوم: @parspersian2,2024-02-12T02:59:26+00:00,3671.0,2959.0,46096.0,4.0,1377.0,15679.0,15679.0,0.0,3671.0,418.0,8.782297,7.078947,1.0,False,0.0,False,False,False,False,1.0,1.0,none,42.0,13.0,10.0,0.464286,17.39286,4.0,1.345238,219.1786,208222.6,37.50957,0.0,0.0,3.0,8.0,20.0,0.142857,0.166667,371.7619048,15614.0,32.94048,90,1.2406218316998987,0,0,0,human(2),0.0,1,1,1,1,0
1.61685e+18,iranzad_98,iranzad_98,بیداری,"👑 چو ایران نباشد تن من مباد 
  بدین بوم و بر زنده یک تن مباد 
با افتخار و تا ابدیت سرباز شاهنشاهی سلسله پهلوی 
و پاسدار تمامیت ارضی ایرانزمین👑","چو ایران نباشد تن من مباد 
  بدین بوم و بر زنده یک تن مباد 
 با افتخار و تا ابدیت سرباز شاهنشاهی سلسله پهلوی 
 و پاسدار تمامیت ارضی ایرانزمین",2023-01-21T17:20:43+00:00,4239.0,3060.0,52837.0,1.0,298.0,30176.0,30176.0,0.0,4239.0,805.0,5.265839,3.801242,1.0,False,0.0,False,False,False,False,0.0,0.0,none,4.0,0.0,9.0,0.428571,23.5,2.0,1.857143,1.5,259171.1,37.48571,0.0,0.0,2.0,4.0,2.0,0.5,2.642857,7540.75,30163.0,0.0,142,1.3852941176470588,0,2,0,bot(1),1.0,1,1,1,1,1
9.94335e+17,Nationalist101,nationalist101,Azad,راه من راه رضاشاه بزرگ و شاهنشاه آریامهر محمدرضا شاه است.,راه من راه رضاشاه بزرگ و شاهنشاه آریامهر محمدرضا شاه است.,2018-05-09T21:56:33+00:00,23286.0,696.0,150422.0,45.0,2922.0,94255.0,94255.0,0.0,23286.0,2523.0,9.229489,0.275862,1.0,False,0.0,True,False,False,False,0.0,0.0,none,18.0,1.0,1.0,0.619048,26.95238,1.0,1.190476,598.3333,4527841.0,37.3583,0.0,0.0,2.0,2.0,2.0,0.047619,0.047619,5235.277778,94235.0,148.2381,57,33.456896551724135,0,3,0,bot(1),1.0,1,1,1,1,1
1.51498e+18,Mr20228,mr20228,👑M.2022,"#جاوید_شاه ،
#براندازم ،
همیشه در سفر، وجدان آگاه(اکانت چهارم) ، عرزشی ⛔","جاوید_شاه ،
 براندازم ،
 همیشه در سفر، وجدان آگاه(اکانت چهارم) ، عرزشی",2022-04-15T14:58:36+00:00,4518.0,5697.0,52499.0,2.0,3992.0,40566.0,40566.0,0.0,4518.0,1086.0,4.160221,5.245856,1.0,False,0.0,True,False,False,False,1.0,0.0,none,2.0,2.0,10.0,0.294118,16.70588,2.0,2.941176,12.76471,3848932.0,37.35359,0.0,0.0,4.0,4.0,4.0,0.588235,0.941176,20276.0,40552.0,2.705882,72,0.7930489731437599,4,5,0,bot(1),1.0,1,1,1,1,0
1.63894e+18,golberg2582,golberg2582,👑 @golberg2582 👑 #KingRezaPahlavi,"#جاویدشاه،تا نفس دارم
#بجنگ_تا_بجنگیم 
عرزشی،مجاهد،مسی ،اسی،اصلاح طلب ممنوع
اکانت چهارم.","جاویدشاه،تا نفس دارم
 بجنگ_تا_بجنگیم 
 عرزشی،مجاهد،مسی ،اسی،اصلاح طلب ممنوع
 اکانت چهارم.",2023-03-23T16:33:32+00:00,6882.0,4640.0,48259.0,1.0,1038.0,27778.0,27778.0,0.0,6882.0,744.0,9.25,6.236559,1.0,False,0.0,False,False,False,False,1.0,0.0,none,38.0,19.0,0.0,1.035088,20.26316,1.0,2.45614,234.2807,660489.9,37.33602,0.0,0.0,3.0,3.0,1.0,0.035088,0.105263,729.5,27721.0,74.87719,88,1.4831896551724137,4,4,0,bot(1),1.0,1,1,1,1,0
1323572124.0,TinaFay1978,tinafay1978,Fay( Fattaneh),Doctor of psychology Persian American ❤️ Married mother of 2. king Reza Pahlavi is my king.🤴🏻👸🏻,Doctor of psychology Persian American Married mother of 2. king Reza Pahlavi is my king.,2013-04-03T01:07:42+00:00,8216.0,4784.0,338872.0,4.0,1443.0,163618.0,163618.0,0.0,8216.0,4385.0,1.87366,1.090992,1.0,False,0.0,True,False,False,False,0.0,1.0,none,150.0,1.0,77.0,0.729412,11.02745,5.0,1.086275,211.6627,129550.2,37.31311,0.0,0.0,6.0,12.0,28.0,0.298039,0.411765,1089.266667,163390.0,32.6902,95,1.7173913043478262,0,4,0,bot(1),1.0,1,1,1,1,0
9.01379e+17,Asadi222Mehrdad,asadi222mehrdad,Mehrdad Asadii,#رستاخیز_مشروطه_ایران,رستاخیز_مشروطه_ایران,2017-08-26T09:40:42+00:00,15096.0,2368.0,221671.0,25.0,3088.0,103032.0,103032.0,0.0,15096.0,2779.0,5.43217,0.852105,1.0,False,0.0,True,False,False,False,1.0,0.0,none,17.0,2.0,3.0,0.818182,18.77273,1.0,1.636364,307.0,1349708.0,37.07521,0.0,0.0,2.0,4.0,1.0,0.136364,0.5,6059.411765,103010.0,75.5,21,6.375,0,3,0,human(2),0.0,1,1,1,1,1
1.14371e+18,Pro_Pahlavi,pro_pahlavi,ProPahlavi 🎗️,"جهت حکمرانی مدبرانه و پاکدستانه باهدف خروج سریع ازجهان سوم، فقط والاجاه رضاشاه دوم-پهلوی سوم؛
 چراچون به شخص دیگه ای اعتمادواطمینان نیست. باکمال افتخاربراندازم","جهت حکمرانی مدبرانه و پاکدستانه باهدف خروج سریع ازجهان سوم، فقط والاجاه رضاشاه دوم-پهلوی سوم؛
  چراچون به شخص دیگه ای اعتمادواطمینان نیست. باکمال افتخاربراندازم",2019-06-26T02:26:57+00:00,6173.0,6373.0,68779.0,1.0,822.0,78204.0,78204.0,0.0,6173.0,2110.0,2.925592,3.020379,1.0,False,0.0,True,False,False,False,0.0,0.0,none,26.0,442.0,4.0,0.013115,10.77377,11.0,2.040984,1.634426,13179.37,37.06351,0.0,0.0,68.0,134.0,140.0,0.003279,0.006557,2989.692308,77732.0,0.301639,159,0.9686176055233015,0,0,0,bot(1),1.0,1,1,1,1,0
8.7433e+17,VidaSarafraz,vidasarafraz,Vida,نخوانند بر ما کسی آفرین / چو ویران بود بوم ایران زمین,نخوانند بر ما کسی آفرین / چو ویران بود بوم ایران زمین,2017-06-12T18:19:09+00:00,67877.0,990.0,514140.0,100.0,4947.0,105205.0,105205.0,0.0,67877.0,2854.0,23.78311,0.346882,1.0,False,0.0,True,False,False,False,0.0,0.0,none,162.0,13.0,226.0,0.432749,15.423,6.0,1.635478,608.6686,396412.0,36.8623,0.0,0.0,14.0,44.0,113.0,0.57115,0.709552,646.9382716,104804.0,133.1832,53,68.56262626262627,0,0,0,human(2),0.0,1,1,1,1,1
1.66864e+18,DawnAndTheX,dawnandthex,Dawn,Atheist - Exmuslim     تا ابد #زن_زندگی_آزادی,Atheist - Exmuslim تا ابد زن_زندگی_آزادی,2023-06-13T15:34:37+00:00,3262.0,642.0,146107.0,13.0,2319.0,24382.0,24382.0,0.0,3262.0,662.0,4.927492,0.969789,1.0,False,0.0,False,False,False,False,1.0,0.0,none,1.0,0.0,0.0,1.0,34.0,1.0,1.0,899.0,0.0,36.83082,2.0,2.0,2.0,2.0,2.0,0.0,0.0,24381.0,24381.0,148.0,45,5.080996884735202,0,0,0,human(2),0.0,1,1,1,1,0
410718052.0,ManotoNews,manotonews,اتاق خبر منوتو,WhatsApp/Telegram: +44 7590 899 999 #گزارشگرمنوتو,WhatsApp/Telegram: +44 7590 899 999 گزارشگرمنوتو,2011-11-12T13:34:45+00:00,1291805.0,32.0,289.0,1473.0,106405.0,180043.0,180043.0,0.0,1291805.0,4893.0,264.0108,0.00654,0.0,False,0.0,True,False,False,False,1.0,1.0,none,51.0,0.0,0.0,1.054545,38.81818,1.0,0.072727,1187.927,1911368.0,36.79604,0.0,0.0,4.0,8.0,5.0,0.0,0.036364,3529.254902,179992.0,242.6727,49,40368.90625,0,0,0,can’t find,,1,1,1,1,0
1.59187e+18,IQazaal,iqazaal,𓄂 شراب ناب شیرازم🍷,"این زن برهنه است، برهنه، 
در کوچه‌اش پلیس ندارد، 
ابروش را مداد کشیده، 
چشم خمار و گیس ندارد... 
من خودِ عصیانم،از جنس خورشید☀🦁/
عرضشی🚫/    #کیانوش_سنجری","این زن برهنه است، برهنه، 
 در کوچه‌اش پلیس ندارد، 
 ابروش را مداد کشیده، 
 چشم خمار و گیس ندارد... 
 من خودِ عصیانم،از جنس خورشید/
 عرضشی/ کیانوش_سنجری",2022-11-13T19:20:01+00:00,2703.0,504.0,236827.0,3.0,913.0,32088.0,32088.0,0.0,2703.0,874.0,3.092677,0.576659,1.0,False,0.0,True,False,False,False,1.0,0.0,none,0.0,0.0,1.0,0.0,4.0,1.0,3.0,0.0,0.0,36.71396,1.0,1.0,1.0,1.0,1.0,1.0,1.0,32087.0,32087.0,0.0,153,5.363095238095238,0,0,0,human(2),0.0,1,1,1,1,0
1.77894e+18,amiirhosseiinam,amiirhosseiinam,امیرحسینم,کل جمهوری اسلامی حرم است,کل جمهوری اسلامی حرم است,2024-04-13T00:31:07+00:00,3946.0,2580.0,19223.0,6.0,2333.0,13067.0,13067.0,0.0,3946.0,357.0,11.05322,7.226891,1.0,False,0.0,False,False,False,False,0.0,0.0,none,1.0,0.0,0.0,2.0,6.0,1.0,1.0,1503.0,0.0,36.60224,2.0,2.0,2.0,2.0,2.0,0.0,0.0,13066.0,13066.0,133.0,24,1.5294573643410854,0,0,0,can’t find,,1,1,1,1,0
1.30545e+18,rahayee_,rahayee_,رهی,,,2020-09-14T10:31:19+00:00,12022.0,7183.0,61687.0,10.0,1208.0,60675.0,60675.0,0.0,12022.0,1664.0,7.22476,4.316707,1.0,False,0.0,True,False,False,False,0.0,0.0,none,1.0,0.0,0.0,0.0,20.0,1.0,2.0,53.0,0.0,36.46334,2.0,2.0,2.0,2.0,2.0,0.0,0.0,60674.0,60674.0,3.0,0,1.6736739523875819,0,0,0,human(2),0.0,1,1,0,1,0
9.52978e+17,Azadlavasani,azadlavasani,زیـــن الدیـــــن,به امید روزی که خدا رو دادگاهی کنیم / با افتخار براندازم,به امید روزی که خدا رو دادگاهی کنیم / با افتخار براندازم,2018-01-15T18:57:21+00:00,4073.0,925.0,222664.0,8.0,2688.0,95394.0,95394.0,0.0,4073.0,2637.0,1.544558,0.350777,1.0,False,0.0,True,False,False,False,0.0,0.0,none,3.0,2.0,0.0,0.5,37.66667,2.0,1.0,2391.5,7087381.0,36.1752,0.0,0.0,2.0,2.0,2.0,0.0,0.0,31796.33333,95389.0,152.8333,56,4.403243243243243,0,0,0,human(2),0.0,1,1,1,1,0
1.2625e+18,hastyarrr,hastyarrr,ایوان ایلیچ چردیاکوف(Alireza Fallah),ما راویان حقیقتیم و آنان کاسبان شریعت❇️,ما راویان حقیقتیم و آنان کاسبان شریعت,2020-05-18T21:43:32+00:00,10609.0,263.0,89345.0,11.0,877.0,64298.0,64298.0,0.0,10609.0,1783.0,5.950084,0.147504,1.0,False,0.0,True,False,False,False,0.0,0.0,none,109.0,0.0,0.0,0.513761,24.97248,1.0,2.091743,223.8257,398826.5,36.06169,0.0,0.0,2.0,3.0,1.0,0.0,0.0,588.8899083,64189.0,43.04587,39,40.338403041825096,0,0,0,human(2),0.0,1,1,1,1,1
1.54132e+18,Nazdooneh76,nazdooneh76,اونی که سایه هم نداشت,"ما نسل سربداریم ؛ کز جان حذر نداریم/ 
پایدار تا پای دار/

#سرخم_قدغن /#مهسا_امینی","ما نسل سربداریم ؛ کز جان حذر نداریم/ 
 پایدار تا پای دار/
 
 سرخم_قدغن /مهسا_امینی",2022-06-27T07:26:17+00:00,9310.0,7729.0,42401.0,18.0,1281.0,36354.0,36354.0,0.0,9310.0,1013.0,9.190523,7.629812,1.0,False,0.0,True,False,False,False,1.0,0.0,none,0.0,0.0,31.0,0.0,7.264151,2.0,1.471698,6.169811,48489.61,35.88746,0.0,0.0,4.0,8.0,23.0,0.849057,0.962264,36323.0,36323.0,3.415094,81,1.2045542761029888,0,2,0,unverified(4),,1,0,1,1,0
1.58563e+18,arteemis60,arteemis60,آرتمیس,"آتییست، پادشاهی خواه 👑 با افتخار راست افراطی،
ایران رو پس میگیریم ✌️
قسم به خون یاران ایستاده ایم تا پایان.","آتییست، پادشاهی خواه با افتخار راست افراطی،
 ایران رو پس میگیریم 
 قسم به خون یاران ایستاده ایم تا پایان.",2022-10-27T13:53:12+00:00,7270.0,7020.0,74830.0,2.0,2077.0,31625.0,31625.0,0.0,7270.0,891.0,8.159371,7.878788,1.0,False,0.0,True,False,False,False,0.0,0.0,none,0.0,0.0,8.0,0.0,55.41667,1.0,1.166667,1.0,416584.1,35.49383,0.0,0.0,2.0,2.0,5.0,0.416667,1.75,31617.0,31617.0,0.0,107,1.0356125356125356,0,2,0,bot(1),1.0,1,1,1,1,0
7.10746e+17,marianmeyer0,marianmeyer0,Marian🎗️,هیچ نگو ، نگاه کن ، ما مردگانیم,هیچ نگو ، نگاه کن ، ما مردگانیم,2016-03-18T08:32:50+00:00,5406.0,876.0,147019.0,11.0,7936.0,117262.0,117262.0,0.0,5406.0,3305.0,1.635703,0.265053,1.0,False,0.0,True,False,False,False,0.0,0.0,none,11.0,2.0,2.0,0.961538,26.42308,3.0,1.461538,125.9615,2961875.0,35.48018,0.0,0.0,4.0,12.0,12.0,0.076923,0.269231,10658.81818,117247.0,19.88462,31,6.171232876712328,0,1,0,bot(1),1.0,1,1,1,1,0
1.53385e+18,artesh_shah,artesh_shah,👑ارتشی مملکت👑,"به گیتی مر آن مرز را فرّهیست/
که در سایه فرّ شاهنشهیست
/نیابد زبان جز بدین نکته راه
/که همواره جاوید و پاینده باد شاه","به گیتی مر آن مرز را فرّهیست/
 که در سایه فرّ شاهنشهیست
 /نیابد زبان جز بدین نکته راه
 /که همواره جاوید و پاینده باد شاه",2022-06-06T16:17:02+00:00,3205.0,841.0,92900.0,5.0,3059.0,36603.0,36603.0,0.0,3205.0,1034.0,3.099613,0.813346,1.0,False,0.0,False,False,False,False,0.0,0.0,none,123.0,9.0,7.0,0.968153,29.04459,2.0,1.694268,168.3376,451123.7,35.39942,0.0,0.0,5.0,6.0,19.0,0.063694,0.089172,296.4552846,36464.0,30.94904,117,3.8109393579072535,0,0,0,human(2),0.0,1,1,1,1,0
1.78388e+18,kouroch7,kouroch7,کوروش,باورمند به نظام پادشاهی,باورمند به نظام پادشاهی,2024-04-26T15:40:03+00:00,3288.0,3923.0,14298.0,3.0,3572.0,12170.0,12170.0,0.0,3288.0,344.0,9.55814,11.40407,1.0,False,0.0,False,False,False,False,0.0,0.0,none,210.0,2.0,14.0,0.971246,15.30351,3.0,1.750799,306.2748,17977.46,35.37791,0.0,0.0,11.0,20.0,88.0,0.067093,0.124601,56.87619048,11944.0,62.40575,23,0.838134081060413,0,1,0,human(2),0.0,1,1,1,1,0
1.56242e+18,shahii1984,shahii1984,شاهی,👑 به امید پیروزی 👑,به امید پیروزی,2022-08-24T12:37:01+00:00,4864.0,4995.0,45744.0,3.0,3724.0,33756.0,33756.0,0.0,4864.0,955.0,5.093194,5.230366,1.0,False,0.0,False,False,False,False,0.0,0.0,none,28.0,4.0,5.0,0.904762,13.19048,2.0,1.5,291.5238,1540591.0,35.3466,0.0,0.0,2.0,4.0,6.0,0.261905,0.261905,1204.25,33719.0,52.7381,18,0.9737737737737737,0,4,0,human(2),0.0,1,1,1,1,0
1.05797e+18,Emen43054466,emen43054466,👑 Emen 👑,من خاک ایرانم، بی آب و آبادی. غمبار و دل مرده، بی اندکی شادی . بردند امیدم را، کشتند جوانم را. با دین و با مذهب.، بستند دهانم را. شعر از منصوره محمدی,من خاک ایرانم، بی آب و آبادی. غمبار و دل مرده، بی اندکی شادی . بردند امیدم را، کشتند جوانم را. با دین و با مذهب.، بستند دهانم را. شعر از منصوره محمدی,2018-11-01T12:28:45+00:00,5427.0,3029.0,178175.0,6.0,4014.0,82780.0,82780.0,0.0,5427.0,2347.0,2.312314,1.290584,1.0,False,0.0,True,False,False,False,0.0,0.0,none,11.0,15.0,14.0,0.32,25.42,2.0,1.7,40.98,2274752.0,35.27056,0.0,0.0,4.0,4.0,11.0,0.3,0.5,7521.818182,82740.0,9.82,149,1.7916804225817102,0,8,0,bot(1),1.0,1,1,1,1,0
28684404.0,RadioFarda_,radiofarda_,RadioFarda‌|‌راديو فردا,حساب رسمی رادیوفردا در توئیتر Telegram/WhatsApp: +420725970000,حساب رسمی رادیوفردا در توئیتر Telegram/WhatsApp: +420725970000,2009-04-03T23:26:46+00:00,1336989.0,3.0,199.0,1783.0,55155.0,205358.0,205358.0,0.0,1336989.0,5846.0,228.7015,0.000513,0.0,False,0.0,True,False,False,False,0.0,1.0,regular,2.0,0.0,0.0,0.5,104.0,1.0,0.5,700.0,25365931.0,35.12795,0.0,0.0,1.0,1.0,1.0,0.0,0.0,102678.0,205356.0,51.5,62,445663.0,0,0,0,News Agent(3),,1,1,1,1,1
2233404235.0,jalovemila,jalovemila,Jahan 👑,"دایرکت⛔👑(براندازم)(پادشاهی مشروطه خواهم) 
گفتار نیک،کردار نیک، پندارنیک(بغیر از آخوند و مزدورهاش)،پاینده ایران.
 #جاوید_شاه","دایرکت(براندازم)(پادشاهی مشروطه خواهم) 
 گفتار نیک،کردار نیک، پندارنیک(بغیر از آخوند و مزدورهاش)،پاینده ایران.
  جاوید_شاه",2013-12-06T18:57:40+00:00,8457.0,3638.0,222942.0,4.0,6462.0,144438.0,144438.0,0.0,8457.0,4138.0,2.043741,0.879169,0.0,False,0.0,True,False,False,False,1.0,0.0,none,241.0,1.0,20.0,1.0,16.20992,6.0,3.236641,202.958,150622.1,34.90527,0.0,0.0,2.0,6.0,1.0,0.049618,0.122137,598.2406639,144176.0,30.4542,123,2.3246289169873555,0,0,0,bot(1),1.0,1,1,1,1,0
1.23856e+18,REGIME_CHANGE03,regime_change03,مورچہ News 👑,"📡🗞خبرهای مهم و #فوری  #ایران و جهان #عاجل
✒ #پادشاهی هویت ماست 
#خلیج_فارس ایضا #بحر_فارس
اکانت چهارم @REGIME_CHANGE4","خبرهای مهم و فوری ایران و جهان عاجل
  پادشاهی هویت ماست 
 خلیج_فارس ایضا بحر_فارس
 اکانت چهارم @REGIME_CHANGE4",2020-03-13T20:38:30+00:00,17205.0,11391.0,114489.0,24.0,3276.0,64115.0,64115.0,0.0,17205.0,1849.0,9.30503,6.160627,1.0,False,0.0,True,False,False,False,1.0,1.0,none,18.0,0.0,1.0,0.473684,35.15789,1.0,3.105263,401.1579,4753123.0,34.6755,0.0,0.0,1.0,1.0,1.0,0.052632,0.157895,3560.888889,64096.0,60.84211,117,1.5104029496971294,0,2,0,News Agent(3),,1,1,1,1,1
1.63784e+18,parsi27871,parsi27871,👑Parsi👑 🎗️🖤,"👈🏾اولین ورود ؛ 2018⚡
👑 پادشاهی مشروطه پارلمانی #جاویدشاه  #رضاشاه دوم ، ورود 3 فاسد ، تجزیه طلب ، مزدور رژیم ⛔ #political جانم فدای ایران من سرباز #شاهم","اولین ورود ؛ 2018
  پادشاهی مشروطه پارلمانی جاویدشاه رضاشاه دوم ، ورود 3 فاسد ، تجزیه طلب ، مزدور رژیم political جانم فدای ایران من سرباز شاهم",2023-03-20T15:20:20+00:00,6736.0,4387.0,52410.0,6.0,6702.0,25866.0,25866.0,0.0,6736.0,747.0,9.017403,5.872825,1.0,False,0.0,True,False,False,False,1.0,1.0,none,79.0,7.0,30.0,1.046875,58.67188,3.0,2.875,153.3594,528145.5,34.62651,0.0,0.0,2.0,6.0,13.0,0.257813,1.210938,325.9493671,25750.0,43.42969,152,1.5354456348301802,0,5,0,human(2),0.0,1,1,1,1,1
1.09446e+18,thesittinggav,thesittinggav,گاوِ نَرِ نِشَسته 👑,پادشاهی خواه! محافظه کار! از هرکی که به فکر ایران باشه حمایت خواهم کرد! خط قرمزم ایران! #خیابان_از_آن_شماست_نگهش_دارید,پادشاهی خواه! محافظه کار! از هرکی که به فکر ایران باشه حمایت خواهم کرد! خط قرمزم ایران! خیابان_از_آن_شماست_نگهش_دارید,2019-02-10T05:10:22+00:00,6581.0,1095.0,230996.0,23.0,4028.0,77680.0,77680.0,0.0,6581.0,2246.0,2.930098,0.487533,1.0,False,0.0,True,False,False,False,1.0,0.0,none,29.0,24.0,23.0,0.674157,43.95506,2.0,1.370787,285.6067,916362.3,34.58593,0.0,0.0,4.0,6.0,14.0,0.033708,0.134831,2676.0,77604.0,41.19101,118,6.010045662100457,0,0,0,bot(1),1.0,1,1,1,1,0
8.96666e+17,Me_Hamed_Myself,me_hamed_myself,Hamed,"Atheist, Ex-Muslim, Anti-Islam! 
Software Developer, Metalhead, Motorcyclist, Nationalist, 40%, 
چو ایران نباشد تن من مباد","Atheist, Ex-Muslim, Anti-Islam! 
 Software Developer, Metalhead, Motorcyclist, Nationalist, 40%, 
 چو ایران نباشد تن من مباد",2017-08-13T09:32:23+00:00,28923.0,1146.0,302933.0,58.0,4877.0,96345.0,96345.0,0.0,28923.0,2792.0,10.35924,0.410458,1.0,False,0.0,True,False,False,False,0.0,1.0,none,1.0,0.0,2.0,0.0,24.66667,1.0,1.0,198.3333,19592777.0,34.50752,0.0,0.0,1.0,1.0,1.0,0.666667,0.666667,96342.0,96342.0,8.333333,122,25.23821989528796,0,0,0,human(2),0.0,1,1,1,1,1
1.04363e+18,venus133333,venus133333,ونوس♕,"#بختیاری 👑
ماقطره های بارانی هستیم که سیلی ویرانگر برعلیه ظلم شکل میدهیم.👑 مروری بر تاریخ پهلوی و شکوه ایران 👑❤️","بختیاری 
 ماقطره های بارانی هستیم که سیلی ویرانگر برعلیه ظلم شکل میدهیم. مروری بر تاریخ پهلوی و شکوه ایران",2018-09-22T22:41:29+00:00,30387.0,3320.0,182645.0,35.0,4804.0,82340.0,82340.0,0.0,30387.0,2387.0,12.73021,1.390867,1.0,False,0.0,True,False,False,False,1.0,0.0,none,298.0,12.0,31.0,1.0375,13.48,4.0,1.1525,626.7025,294412.2,34.49518,0.0,0.0,8.0,12.0,60.0,0.0725,0.0825,275.1644295,81999.0,86.59,112,9.152710843373494,0,6,0,bot(1),1.0,1,1,1,1,0
1.07467e+18,Amooamirkhan,amooamirkhan,امیرخان,مردم ایران هیچ دشمنی بزرگتر از جمهوری اسلامی و سپاه ندارند. کسی که برای منافع این دو تلاش کند دشمن ملت ایران است.,مردم ایران هیچ دشمنی بزرگتر از جمهوری اسلامی و سپاه ندارند. کسی که برای منافع این دو تلاش کند دشمن ملت ایران است.,2018-12-17T13:59:40+00:00,4722.0,406.0,253859.0,17.0,10267.0,78954.0,78954.0,0.0,4722.0,2301.0,2.052151,0.176445,1.0,False,0.0,True,False,False,False,0.0,0.0,none,3.0,2.0,1.0,0.555556,32.33333,1.0,1.333333,140.0,9747133.0,34.31291,0.0,0.0,4.0,6.0,5.0,0.0,0.0,26316.0,78948.0,7.222222,113,11.630541871921181,0,0,0,bot(1),1.0,1,1,1,1,0
1.34912e+18,Sokoot3333,sokoot3333,سکوت,"#بنام_سعادت_ملت_ایران«آیندگان به راهت، از جان خود گذشتند/ با خون خود نوشتند، یا مرگ یا اندیشه های مصدق».

جمهوری خواه #دکتر فاطمی","بنام_سعادت_ملت_ایران«آیندگان به راهت، از جان خود گذشتند/ با خون خود نوشتند، یا مرگ یا اندیشه های مصدق».
 
 جمهوری خواه دکتر فاطمی",2021-01-12T22:16:24+00:00,4200.0,691.0,116548.0,21.0,5445.0,52862.0,52862.0,0.0,4200.0,1544.0,2.720207,0.447539,1.0,False,0.0,True,False,False,False,1.0,0.0,none,2.0,0.0,0.0,1.0,13.5,1.0,1.0,158.5,16197246.0,34.23705,0.0,0.0,1.0,1.0,1.0,0.0,0.0,26430.0,52860.0,7.5,129,6.078147612156295,0,4,0,bot(1),1.0,1,1,1,1,0
1.14922e+18,GolestanParsa,golestanparsa,Parsa Golestan,,,2019-07-11T07:50:54+00:00,7780.0,974.0,478970.0,17.0,1197.0,70961.0,70961.0,0.0,7780.0,2095.0,3.713604,0.464916,1.0,False,0.0,True,False,False,False,0.0,0.0,none,10.0,1.0,0.0,0.583333,23.75,2.0,1.416667,388.0,8426959.0,33.8716,0.0,0.0,2.0,2.0,2.0,0.0,0.0,7095.0,70950.0,42.0,0,7.987679671457905,0,0,0,human(2),0.0,1,1,0,1,0
1633229005.0,sirous15,sirous15,Sirous 👑✨ From Cyrus the Great to Pahlavi,خدا ، شاه 👑، میهن ،افتخار میکنم به ایرانی بودنم ، با افتخار مشروطه خواه هستم 👑علاقمند به ادبیات و هنر و بخصوص سر سپرده هنر ناب ایران و جهان مجاهد🚫ارزشی🚫,خدا ، شاه ، میهن ،افتخار میکنم به ایرانی بودنم ، با افتخار مشروطه خواه هستم علاقمند به ادبیات و هنر و بخصوص سر سپرده هنر ناب ایران و جهان مجاهدارزشی,2013-07-30T15:41:20+00:00,3580.0,3226.0,147378.0,7.0,3698.0,144519.0,144519.0,0.0,3580.0,4267.0,0.838997,0.756035,1.0,False,0.0,True,False,False,False,0.0,0.0,none,5.0,1.0,102.0,0.046154,8.323077,5.0,1.961538,8.538462,905506.3,33.86899,0.0,0.0,16.0,25.0,23.0,0.653846,1.353846,28882.2,144411.0,2.261538,152,1.1097334159950403,0,2,0,bot(1),1.0,1,1,1,1,0
1.28532e+18,PIISHGOO,piishgoo,Piishgoo,من از دریوزه برمی‌گردم از دریوزه‌ی آدم؛ نجستم آدمی‌زاد و به جون گریه افتادم(فیو یعنی خوندم، نه تایید؛ چت برای هرکس بسته‌ست، به هیچ‌وجه باز نمیشه، اصرار نکنید),من از دریوزه برمی‌گردم از دریوزه‌ی آدم؛ نجستم آدمی‌زاد و به جون گریه افتادم(فیو یعنی خوندم، نه تایید؛ چت برای هرکس بسته‌ست، به هیچ‌وجه باز نمیشه، اصرار نکنید),2020-07-20T21:23:40+00:00,21190.0,240.0,145274.0,42.0,1524.0,58246.0,58246.0,0.0,21190.0,1720.0,12.31977,0.139535,1.0,False,0.0,True,False,False,False,0.0,0.0,none,0.0,0.0,2.0,0.0,11.66667,1.0,0.0,273.0,1334124.0,33.86395,0.0,0.0,2.0,2.0,2.0,1.0,1.0,58244.0,58244.0,4.0,158,88.29166666666667,0,0,0,bot(1),1.0,1,1,1,1,0
143373762.0,mehdimmj,mehdimmj,MehdiMMJ,,,2010-05-13T08:50:42+00:00,41289.0,556.0,660028.0,160.0,3123.0,183695.0,183695.0,0.0,41289.0,5441.0,7.588495,0.102187,0.0,False,0.0,True,False,False,False,0.0,0.0,regular,0.0,1.0,0.0,3.0,38.0,1.0,1.0,144.0,0.0,33.76126,1.0,1.0,1.0,1.0,1.0,0.0,0.0,183694.0,183694.0,22.0,0,74.26079136690647,0,0,0,human(2),0.0,1,1,0,1,1
1.20232e+18,NaeimShahi_Nima,naeimshahi_nima,NIMA,"در زمینِ من خار نکار
شاید فردا پیاده به دیدارم بیایی!
***
جانباز و ایثارگر جنگ خمینی با عراق","در زمینِ من خار نکار
 شاید فردا پیاده به دیدارم بیایی!
 ***
 جانباز و ایثارگر جنگ خمینی با عراق",2019-12-04T19:53:59+00:00,29922.0,13081.0,405570.0,42.0,14532.0,65735.0,65735.0,0.0,29922.0,1949.0,15.35249,6.711647,1.0,False,0.0,True,False,False,False,0.0,0.0,none,242.0,39.0,12.0,1.296296,29.44108,3.0,1.996633,347.0101,338381.7,33.72755,0.0,0.0,2.0,8.0,5.0,0.03367,0.03367,270.4214876,65442.0,81.49832,92,2.2874397981805674,0,0,0,human(2),0.0,1,1,1,1,0
8.76751e+17,Mojtabapacino,mojtabapacino,موژی,معمولی‌ام رو به بالا,معمولی‌ام رو به بالا,2017-06-19T10:36:43+00:00,63464.0,745.0,679059.0,119.0,3262.0,94996.0,94996.0,0.0,63464.0,2847.0,22.29153,0.261679,1.0,False,0.0,False,False,False,False,0.0,0.0,none,2.0,0.0,0.0,1.5,29.5,1.0,2.0,4252.5,3851.0,33.36705,0.0,4.0,2.0,4.0,3.0,0.0,0.0,47497.0,94994.0,636.0,20,85.18657718120805,0,0,0,human(2),0.0,1,1,1,1,0
1.7152e+18,HatIsRed,hatisred,ℝ𝔼𝔻ℍ𝔸𝕋,زندگی در بردگی شرمندگی است ،معنی آزاد بودن زندگی است #زن_زندگی_آزادی (parody account),زندگی در بردگی شرمندگی است ،معنی آزاد بودن زندگی است زن_زندگی_آزادی (parody account),2023-10-20T03:11:31+00:00,5078.0,1759.0,22917.0,15.0,4408.0,17761.0,17761.0,0.0,5078.0,533.0,9.527205,3.300188,1.0,False,0.0,False,False,False,False,1.0,0.0,none,3.0,0.0,0.0,1.0,15.66667,2.0,1.666667,40.66667,1879451.0,33.3227,0.0,0.0,1.0,2.0,1.0,0.0,0.0,5919.333333,17758.0,3.0,85,2.886867538374076,0,0,0,human(2),0.0,1,1,1,1,0
8.58688e+17,SoleymaniAzadeh,soleymaniazadeh,👑 Azadeh Soleimany,"Social Critic, freelance columnist. Wood Engineer & Interior Designs 🎋اهل خوزستان، باشنده‌ی اروپا، دلبسته‌ی ایران 💎 پادشاهیخواه #بازگشت_پهلوی👑","Social Critic, freelance columnist. Wood Engineer & Interior Designs اهل خوزستان، باشنده‌ی اروپا، دلبسته‌ی ایران پادشاهیخواه بازگشت_پهلوی",2017-04-30T14:20:45+00:00,11723.0,2559.0,167772.0,30.0,1827.0,95920.0,95920.0,0.0,11723.0,2897.0,4.0466,0.883328,1.0,False,0.0,True,False,False,False,1.0,0.0,none,28.0,8.0,282.0,0.141066,16.15047,4.0,1.551724,35.68652,482964.7,33.11011,0.0,0.0,39.0,80.0,9.0,0.564263,1.297806,3414.357143,95602.0,8.053292,142,4.581086361860102,0,0,0,bot(1),1.0,1,1,1,1,0
9.63155e+17,yalnizkartal041,yalnizkartal041,تربیز (𐱅𐰋𐰼𐰔) tebriz,"Ya ölüm ya bağımsızlık ___

ne mutlu türküm diyene (tebrizim).","Ya ölüm ya bağımsızlık ___
 
 ne mutlu türküm diyene (tebrizim).",2018-02-12T20:58:02+00:00,9352.0,9056.0,216396.0,7.0,3992.0,86236.0,86236.0,0.0,9352.0,2609.0,3.584515,3.471062,1.0,False,0.0,True,False,False,False,0.0,0.0,none,2.0,0.0,0.0,0.5,24.0,1.0,3.5,77.5,11424084.0,33.05328,0.0,0.0,1.0,1.0,1.0,0.0,0.0,43117.0,86234.0,5.5,62,1.0326855123674912,0,3,0,bot(1),1.0,1,1,1,1,0
9.3805e+17,sazanist40,sazanist40,Saza,𝐌𝐚𝐤𝐞 𝐏𝐞𝐫𝐬𝐢𝐚 𝐆𝐫𝐞𝐚𝐭 𝐀𝐠𝐚𝐢𝐧,𝐌𝐚𝐤𝐞 𝐏𝐞𝐫𝐬𝐢𝐚 𝐆𝐫𝐞𝐚𝐭 𝐀𝐠𝐚𝐢𝐧,2017-12-05T14:19:38+00:00,5358.0,579.0,192318.0,22.0,4781.0,88450.0,88450.0,0.0,5358.0,2678.0,2.000747,0.216206,1.0,False,0.0,True,False,False,False,0.0,0.0,none,1.0,0.0,0.0,0.0,46.0,1.0,1.0,17.0,0.0,33.02838,1.0,1.0,1.0,1.0,1.0,0.0,0.0,88449.0,88449.0,1.0,23,9.253886010362693,0,2,0,human(2),0.0,1,1,1,1,1
1.2269e+18,ShayanX0,shayanx0,Shayan X,"An Iranian advocate for the dissolution of the current totalitarian theocracy and the restoration of Iran's constitutional monarchy, led by Shah @PahlaviReza 👑","An Iranian advocate for the dissolution of the current totalitarian theocracy and the restoration of Iran's constitutional monarchy, led by Shah @PahlaviReza",2020-02-10T16:03:31+00:00,33316.0,85.0,108373.0,56.0,15897.0,61948.0,61948.0,0.0,33316.0,1881.0,17.71186,0.045189,1.0,False,0.0,True,False,False,False,0.0,0.0,none,442.0,34.0,66.0,0.883764,28.45941,4.0,1.789668,720.0,178501.6,32.93355,0.0,0.0,6.0,16.0,2.0,0.188192,0.381919,138.9276018,61406.0,175.4004,159,391.9529411764706,0,1,0,bot(1),1.0,1,1,1,1,1
1.37083e+18,remisgp,remisgp,تئاتر سایه‌ها,,,2021-03-13T20:26:39+00:00,54021.0,32542.0,63396.0,4.0,2423.0,48683.0,48683.0,0.0,54021.0,1484.0,36.40229,21.92857,1.0,False,0.0,True,False,False,False,0.0,0.0,none,1.0,0.0,0.0,0.0,12.0,1.0,2.0,79.0,0.0,32.80526,1.0,1.0,1.0,1.0,1.0,0.0,0.0,48682.0,48682.0,7.0,0,1.660039333784033,0,0,0,human(2),0.0,1,1,0,1,1
1.09933e+18,hadimehrane1,hadimehrane1,هادى مهرانى,"جانباز جنگ تحمیلی، تخریب چی ل۲۷، زندانی سیاسی، فعال سیاسی، همصدا با مردم✌️  #براندازم Journalist, human rights activist, political prisoner","جانباز جنگ تحمیلی، تخریب چی ل۲۷، زندانی سیاسی، فعال سیاسی، همصدا با مردم براندازم Journalist, human rights activist, political prisoner",2019-02-23T15:26:11+00:00,46932.0,368.0,318154.0,105.0,6622.0,72920.0,72920.0,0.0,46932.0,2233.0,21.01747,0.164801,1.0,False,0.0,True,False,False,False,1.0,1.0,none,2.0,0.0,0.0,0.5,16.5,1.0,1.0,2930.0,192733.5,32.65562,0.0,0.0,2.0,2.0,3.0,0.0,0.0,36459.0,72918.0,99.0,139,127.53260869565217,0,1,0,human(2),0.0,1,1,1,1,0
1.49692e+18,JM_pensylvani,jm_pensylvani,Maktoub ‏زن، زندگی، آزادی,"خدای من‌ آبجویی ست تگری، در یخچال خانه ام

گاهی موزیک میذارم با این هشتک #مکتونز میتونید پیداش کنید","خدای من‌ آبجویی ست تگری، در یخچال خانه ام
 
 گاهی موزیک میذارم با این هشتک مکتونز میتونید پیداش کنید",2022-02-24T18:45:26+00:00,6181.0,952.0,65620.0,33.0,1249.0,37092.0,37092.0,0.0,6181.0,1136.0,5.441021,0.838028,1.0,False,0.0,True,False,False,False,1.0,0.0,none,1.0,0.0,0.0,0.0,52.0,1.0,1.0,126.0,0.0,32.65141,1.0,1.0,1.0,1.0,1.0,0.0,0.0,37091.0,37091.0,12.0,99,6.492647058823529,0,0,0,human(2),0.0,1,1,1,1,0
1.43723e+18,MehranShirazii,mehranshirazii,Mehran Shirazi,"Un monarchiste. Un fervent partisan du développement autoritaire.
Backup Account: 
@LeFlaneurr
#despotisme_éclairé","Un monarchiste. Un fervent partisan du développement autoritaire.
 Backup Account: 
 @LeFlaneurr
 despotisme_éclairé",2021-09-13T01:39:04+00:00,3428.0,980.0,104296.0,13.0,9742.0,42263.0,42263.0,0.0,3428.0,1300.0,2.636923,0.753846,1.0,False,0.0,True,False,False,False,1.0,0.0,none,74.0,8.0,5.0,0.83871,23.58065,1.0,2.967742,167.3548,837897.9,32.51,0.0,0.0,2.0,4.0,7.0,0.053763,0.053763,569.9459459,42176.0,28.08602,114,3.4979591836734696,0,0,0,human(2),0.0,1,1,1,1,0
1.66005e+18,pasargadguard,pasargadguard,Pasargad Guardian ☼ 𓄂𓆃,"چو ایران نباشد تن من مباد .
پاینده ایران .
جاوید شاه","چو ایران نباشد تن من مباد .
 پاینده ایران .
 جاوید شاه",2023-05-20T22:26:24+00:00,5628.0,269.0,45230.0,15.0,2969.0,22108.0,22108.0,0.0,5628.0,686.0,8.204082,0.392128,1.0,False,0.0,False,False,False,False,0.0,0.0,none,106.0,5.0,7.0,0.871212,23.58333,2.0,2.128788,627.2652,429414.0,32.22741,0.0,0.0,3.0,6.0,15.0,0.083333,0.189394,207.4528302,21990.0,89.93939,52,20.92193308550186,0,0,0,human(2),0.0,1,1,1,1,0
1.56299e+18,bidari60,bidari60,👑جهان‌کدخدای,از فکر کردن نترسید... مشروطه-خواهم-سرباز رضاشاه دوم پهلوی سوم@PahlaviReza /نه به جمهوری اسلامی،نه به سه فاسد.حامی  #KingRezaPahlavi,از فکر کردن نترسید... مشروطه-خواهم-سرباز رضاشاه دوم پهلوی سوم@PahlaviReza /نه به جمهوری اسلامی،نه به سه فاسد.حامی KingRezaPahlavi,2022-08-26T02:12:03+00:00,3232.0,135.0,43666.0,3.0,402.0,30634.0,30634.0,0.0,3232.0,953.0,3.391396,0.141658,1.0,False,0.0,True,False,False,False,1.0,0.0,none,2.0,20.0,5.0,0.105263,32.89474,2.0,1.263158,42.60526,2417928.0,32.14481,0.0,0.0,4.0,8.0,12.0,0.078947,0.131579,15303.5,30607.0,9.131579,131,23.94074074074074,0,2,0,human(2),0.0,1,1,1,1,0
8.29734e+17,0DZiSITpiiNtEKe,0dzisitpiinteke,Tahmine Arya👑 KingdomWithPahlavi 👑💙,"@PahlaviReza 
ایرانی رو آرزو دارم که شاهان پهلوی آرزو دارند .. جاوید رضا شاه دوم","@PahlaviReza 
 ایرانی رو آرزو دارم که شاهان پهلوی آرزو دارند .. جاوید رضا شاه دوم",2017-02-09T16:49:16+00:00,5170.0,3627.0,62247.0,12.0,5871.0,95061.0,95061.0,0.0,5170.0,2977.0,1.736648,1.218341,1.0,False,0.0,True,False,False,False,0.0,0.0,none,77.0,15.0,128.0,0.05,21.44545,4.0,1.204545,34.37273,336979.5,31.93181,0.0,0.0,8.0,16.0,2.0,0.413636,0.813636,1231.701299,94841.0,9.040909,80,1.425420457678522,0,1,0,human(2),0.0,1,1,1,1,0
8.88966e+17,FAli1969,fali1969,farzam vasegh👑👑💙💙,برای ایران بجنگیم 👑 برای ایران بمیریم,برای ایران بجنگیم برای ایران بمیریم,2017-07-23T03:38:06+00:00,23745.0,17055.0,185085.0,26.0,14780.0,89228.0,89228.0,0.0,23745.0,2813.0,8.441166,6.062922,0.0,False,0.0,True,False,False,False,0.0,0.0,none,21.0,0.0,0.0,1.086957,20.17391,1.0,2.73913,234.913,4618600.0,31.71987,0.0,0.0,2.0,2.0,3.0,0.0,0.0,4247.952381,89207.0,69.69565,37,1.3922603342128408,0,4,0,human(2),0.0,1,1,1,1,0
1.63881e+18,Armin19910215,armin19910215,Armin1991,یک ایرانی میهن پرست عاشق افشا کردن شبکه ی نفوذ و مبارزه با شبکه ی نفوذ داخل ایران,یک ایرانی میهن پرست عاشق افشا کردن شبکه ی نفوذ و مبارزه با شبکه ی نفوذ داخل ایران,2023-03-23T07:50:04+00:00,4979.0,4145.0,23731.0,6.0,10379.0,23568.0,23568.0,0.0,4979.0,744.0,6.692204,5.571237,1.0,False,0.0,False,False,False,False,0.0,0.0,none,1.0,0.0,0.0,1.0,41.0,1.0,3.0,11.0,0.0,31.67742,1.0,1.0,1.0,1.0,1.0,0.0,0.0,23567.0,23567.0,3.0,81,1.2012062726176116,4,8,0,human(2),0.0,1,1,1,1,0
1.17379e+18,eisa_1355,eisa_1355,🤍⭐💙عیسی💙⭐🤍,"آسمون بالای سرم همیشه آبیه 💙 #esteghlal
                   یه مادریدیستای خفن 🤍 #realmadr","آسمون بالای سرم همیشه آبیه esteghlal
  یه مادریدیستای خفن realmadr",2019-09-17T03:02:17+00:00,4875.0,4115.0,517670.0,7.0,2464.0,64172.0,64172.0,0.0,4875.0,2027.0,2.405032,2.030094,1.0,False,0.0,True,False,False,False,1.0,0.0,none,1.0,0.0,0.0,0.0,37.0,1.0,0.0,48.0,0.0,31.65861,2.0,2.0,2.0,2.0,2.0,0.0,0.0,64171.0,64171.0,1.0,89,1.1846901579586877,0,4,0,human(2),0.0,1,1,1,1,1
1.63751e+18,AriamehrAaron,ariamehraaron,آرون Aaron,ایرانگرای پادشاهی‌خواه، اولویتهای من: ایران، پادشاهی پهلوی برای ایران، مردم ایران - هر آنچه به ایران ختم شود! #ایرانشهر سرای ماست.,ایرانگرای پادشاهی‌خواه، اولویتهای من: ایران، پادشاهی پهلوی برای ایران، مردم ایران - هر آنچه به ایران ختم شود! ایرانشهر سرای ماست.,2023-03-19T17:31:44+00:00,2912.0,421.0,37763.0,8.0,1008.0,23593.0,23593.0,0.0,2912.0,748.0,3.893048,0.562834,1.0,False,0.0,True,False,False,False,1.0,0.0,none,61.0,14.0,18.0,0.911765,24.93137,4.0,2.078431,238.3529,656997.1,31.54144,0.0,0.0,4.0,6.0,10.0,0.215686,0.401961,385.2459016,23500.0,62.87255,130,6.9168646080760094,0,0,0,bot(1),1.0,1,1,1,1,0
2230288177.0,foster_spar,foster_spar,پارسا داداشِ آنیسا 𖣘྿𓄂ꪴꪰ𓆃,"رشتوها @foster_spar1 ،
مخالف اسلام سیاسی،
مخالف شخص‌پرستی،
عاشق شعر و کتاب،
هیچ چیزی مقدس نیست،
زن-زندگی-آزادی،
مرد-میهن-آبادی،
هـ ...卍𖣘྿卐
آرتانیس","رشتوها @foster_spar1 ،
 مخالف اسلام سیاسی،
 مخالف شخص‌پرستی،
 عاشق شعر و کتاب،
 هیچ چیزی مقدس نیست،
 زن-زندگی-آزادی،
 مرد-میهن-آبادی،
 هـ ...卍𖣘྿卐
 آرتانیس",2013-12-04T17:51:05+00:00,5936.0,3279.0,314962.0,6.0,6399.0,130093.0,130093.0,0.0,5936.0,4140.0,1.433816,0.792029,0.0,False,0.0,True,False,False,False,0.0,1.0,none,0.0,1.0,0.0,0.0,52.0,1.0,0.0,1.0,0.0,31.42343,1.0,1.0,1.0,1.0,1.0,0.0,0.0,130092.0,130092.0,0.0,146,1.81030802073803,0,0,0,human(2),0.0,1,1,1,1,1
1.24791e+18,Baranaryaee2,baranaryaee2,sarbaz shahanshahi iran👑,"جایی که تو باشی 
خبر از خویشتنم نیست
#جاوید_شاه
#جاوید_شاهنشاه_قانونی_ایران_رضا_پهلوی
#KingRezaPahlavi 
#من_وکالت_میدهم","جایی که تو باشی 
 خبر از خویشتنم نیست
 جاوید_شاه
 جاوید_شاهنشاه_قانونی_ایران_رضا_پهلوی
 KingRezaPahlavi 
 من_وکالت_میدهم",2020-04-08T15:15:59+00:00,5769.0,4853.0,150313.0,4.0,2495.0,57252.0,57252.0,0.0,5769.0,1823.0,3.164564,2.662095,1.0,False,0.0,False,False,False,False,1.0,0.0,none,24.0,14.0,65.0,0.552632,17.31579,3.0,1.833333,73.33333,679657.3,31.40538,0.0,0.0,8.0,16.0,12.0,0.578947,0.833333,2381.208333,57149.0,18.65789,119,1.1887492272820936,0,1,0,bot(1),1.0,1,1,1,1,0
1.38627e+18,YRnESzv9zRLIXuQ,yrneszv9zrlixuq,👑 مژگان,"مخالف هر گونه جمهوری    
👑 هم نظر با @PahlaviReza
👑  #خاندان_ایرانساز_پهلوی 
👑 #شهبانو 💖
اکانت دوم 
👑#پهلوی خورشید تابان میهن  
 دایرکت بلاک💯","مخالف هر گونه جمهوری 
  هم نظر با @PahlaviReza
  خاندان_ایرانساز_پهلوی 
  شهبانو 
 اکانت دوم 
 پهلوی خورشید تابان میهن 
  دایرکت بلاک",2021-04-25T10:49:02+00:00,16058.0,10890.0,57460.0,8.0,2008.0,44918.0,44918.0,0.0,16058.0,1441.0,11.14365,7.557252,1.0,False,0.0,True,False,False,False,1.0,0.0,none,206.0,0.0,10.0,1.441441,51.41892,3.0,3.265766,168.509,465575.9,31.17141,0.0,0.0,2.0,3.0,7.0,0.036036,0.036036,217.0,44702.0,52.77928,141,1.4745638200183655,0,1,0,human(2),0.0,1,1,1,1,0
7.8586e+17,soheili84,soheili84,Soheil,اول «ایرانی‌ام» بعد یک لُر روزمره‌نویس، بیزار از آخوند، شکارچی آخوندلیس و مزدور صادراتی 🚬,اول «ایرانی‌ام» بعد یک لُر روزمره‌نویس، بیزار از آخوند، شکارچی آخوندلیس و مزدور صادراتی,2016-10-11T15:11:53+00:00,15449.0,334.0,145838.0,22.0,9449.0,95629.0,95629.0,0.0,15449.0,3098.0,4.986766,0.107811,1.0,False,0.0,True,False,False,False,0.0,0.0,none,531.0,26.0,58.0,1.006173,28.48457,6.0,2.009259,581.3642,140381.3,30.86798,0.0,0.0,8.0,16.0,34.0,0.152778,0.233025,178.9340866,95014.0,92.34414,89,46.25449101796407,0,2,0,human(2),0.0,1,1,1,1,0
1.26898e+18,hoda2728,hoda2728,🎗️Hoda🇮🇱👑,#kingRezaPahlavi @PahlaviReza خداوند این کشور را ،از دشمن ، از خشک سالی و از دروغ محفوظ دارد 👑,kingRezaPahlavi @PahlaviReza خداوند این کشور را ،از دشمن ، از خشک سالی و از دروغ محفوظ دارد,2020-06-05T19:11:08+00:00,5264.0,3007.0,148844.0,3.0,2356.0,54481.0,54481.0,0.0,5264.0,1765.0,2.982436,1.703683,1.0,False,0.0,True,False,False,False,1.0,0.0,none,32.0,2.0,76.0,0.360215,9.370968,5.0,1.150538,53.37097,424886.1,30.86742,0.0,0.0,94.0,100.0,77.0,0.688172,0.827957,1699.09375,54371.0,6.844086,94,1.750581975390755,0,4,0,human(2),0.0,1,1,1,1,0
9.29681e+17,ZAAL1474,zaal1474,Re 14👑👑پاینده ایران پاینده خاندان ایرانساز پهلوی,ننگ این مسجد پرستان را ره دیگر زنیم. چونکه مسجد لافگه شد قبله را ویران کنیم.(براندازم)عاشق سرزمینم ایران زمین دشمن دشمنهای ایرانم- #براندازم #برای_ایران,ننگ این مسجد پرستان را ره دیگر زنیم. چونکه مسجد لافگه شد قبله را ویران کنیم.(براندازم)عاشق سرزمینم ایران زمین دشمن دشمنهای ایرانم- براندازم برای_ایران,2017-11-12T12:02:05+00:00,6692.0,5950.0,559660.0,2.0,543.0,83284.0,83284.0,0.0,6692.0,2701.0,2.477601,2.202888,1.0,False,0.0,True,False,False,False,1.0,0.0,none,2.0,0.0,3.0,0.444444,23.22222,2.0,2.111111,21.11111,204059.6,30.83451,0.0,0.0,4.0,8.0,5.0,0.555556,0.555556,41639.5,83279.0,6.444444,152,1.1247058823529412,2,4,0,unverified(4),,1,1,1,1,0
1.29126e+18,khormal0098,khormal0098,𓄂𓆃 ‏ خرمالو 👑,ریتوئیت، تایید شخص نیست! پرسشگر،آتئیست،آزادیخواه،خردگرا،میهن‌پرست. #موج_ضدروسی_بسازیم(رتات= بسیارریت‌کننده) براندازم. دین‌گریزم #جاویدشاه,ریتوئیت، تایید شخص نیست! پرسشگر،آتئیست،آزادیخواه،خردگرا،میهن‌پرست. موج_ضدروسی_بسازیم(رتات= بسیارریت‌کننده) براندازم. دین‌گریزم جاویدشاه,2020-08-06T06:27:33+00:00,3379.0,1795.0,72551.0,5.0,2963.0,52416.0,52416.0,0.0,3379.0,1703.0,1.984146,1.054022,1.0,False,0.0,True,False,False,False,1.0,0.0,none,18.0,1.0,6.0,0.678571,14.46429,3.0,1.107143,165.9643,2906144.0,30.77863,0.0,0.0,2.0,4.0,4.0,0.142857,0.357143,2910.611111,52391.0,37.46429,137,1.8824512534818942,0,4,0,human(2),0.0,1,1,1,1,0
1.5698e+18,simurgh2580,simurgh2580,👑 سیمرغ ایران 👑,👑 گر رضا شاه بزرگ از سر این ملت رفت چشمتان کور رضای دگری هست هنوز 👑,گر رضا شاه بزرگ از سر این ملت رفت چشمتان کور رضای دگری هست هنوز,2022-09-13T21:47:01+00:00,11544.0,12270.0,50212.0,5.0,1837.0,28578.0,28578.0,0.0,11544.0,935.0,12.34652,13.12299,1.0,False,0.0,True,False,False,False,0.0,0.0,none,17.0,0.0,2.0,0.818182,28.36364,1.0,2.181818,381.4091,1405685.0,30.56471,0.0,0.0,2.0,4.0,4.0,0.181818,0.181818,1679.941176,28559.0,85.13636,67,0.9408312958435208,0,4,0,human(2),0.0,1,1,1,1,0
9.94277e+17,shayan_shahnazi,shayan_shahnazi,👑Shayan👊♂️,همه دشمن هستن! همه دوست هستن! تمام احتمالات همه باهم درحال رخ دادنند. اینطوری زندگی میکنم تا هیچوقت غافلگیر نشم. هرچیزی اتفاق بیفتد قبلا دیده ام. سیاسی نویس🖕,همه دشمن هستن! همه دوست هستن! تمام احتمالات همه باهم درحال رخ دادنند. اینطوری زندگی میکنم تا هیچوقت غافلگیر نشم. هرچیزی اتفاق بیفتد قبلا دیده ام. سیاسی نویس,2018-05-09T18:03:55+00:00,65604.0,4523.0,182554.0,129.0,11480.0,76811.0,76811.0,0.0,65604.0,2523.0,26.00238,1.792707,1.0,False,0.0,True,False,False,False,0.0,0.0,none,193.0,37.0,132.0,0.80663,33.60221,4.0,2.030387,1068.406,236641.0,30.44431,0.0,0.0,4.0,5.0,2.0,0.085635,0.160221,396.1088083,76449.0,137.4751,157,14.504532390006633,0,0,0,human(2),0.0,1,1,1,1,1
1.31896e+18,rahaforever4you,rahaforever4you,رها همیشه رها,"پادشاهی خواه،منتقد،شاعر،تصویرساز،ویدیوساز,کم نمیارم
https://t.co/TFSvKY5ZWr
اکانت چندم رها بنی اعتماد!!؟؟","پادشاهی خواه،منتقد،شاعر،تصویرساز،ویدیوساز,کم نمیارم
 
 اکانت چندم رها بنی اعتماد!!؟؟",2020-10-21T17:18:28+00:00,12389.0,7150.0,50068.0,4.0,4831.0,49340.0,49340.0,0.0,12389.0,1627.0,7.614628,4.394591,1.0,False,0.0,True,False,False,False,0.0,1.0,none,166.0,2.0,7.0,1.045714,17.38286,2.0,1.902857,321.08,470997.1,30.32575,0.0,0.0,2.0,4.0,1.0,0.062857,0.114286,296.1746988,49165.0,75.64,105,1.7327272727272727,0,1,1,bot(1),1.0,1,1,1,1,0
1.39646e+18,Shirzad1968,shirzad1968,شیرزاد 𓄂𓆃,"سرباز ایران
مشروطه خواه","سرباز ایران
 مشروطه خواه",2021-05-23T13:47:09+00:00,3838.0,656.0,87885.0,5.0,2431.0,42688.0,42688.0,0.0,3838.0,1413.0,2.716207,0.46426,1.0,False,0.0,True,False,False,False,0.0,0.0,none,28.0,3.0,2.0,1.088235,31.76471,1.0,1.647059,161.9412,3043466.0,30.2109,0.0,0.0,2.0,3.0,2.0,0.058824,0.058824,1523.392857,42655.0,36.61765,23,5.850609756097561,0,4,0,human(2),0.0,1,1,1,1,0
1.25038e+18,Arashir22142540,arashir22142540,🦁☀️👑Arash👑☀️🦁,ایران پرست. ایرانی آزاد و آباد برای همه ایرانیان.,ایران پرست. ایرانی آزاد و آباد برای همه ایرانیان.,2020-04-15T11:18:57+00:00,7076.0,5315.0,135094.0,4.0,1469.0,54826.0,54826.0,0.0,7076.0,1816.0,3.896476,2.926762,1.0,False,0.0,True,False,False,False,0.0,0.0,none,5.0,0.0,1.0,0.833333,33.83333,1.0,1.666667,189.1667,15657272.0,30.19053,0.0,0.0,1.0,2.0,1.0,0.166667,0.166667,10964.0,54820.0,35.0,49,1.3313264346190028,0,8,0,human(2),0.0,1,1,1,1,0
1.05862e+18,Solo_Commando,solo_commando,جواد سلیمانی,الان ابر و باد و مه و خورشید و فلک دست به دستِ هم دادن تا این آخوندا رو کله پا کنیم ؛ فقط مونده یکدلی و حرکت ما #براندازم,الان ابر و باد و مه و خورشید و فلک دست به دستِ هم دادن تا این آخوندا رو کله پا کنیم ؛ فقط مونده یکدلی و حرکت ما براندازم,2018-11-03T07:38:06+00:00,8285.0,5368.0,287679.0,5.0,913.0,70449.0,70449.0,0.0,8285.0,2345.0,3.533049,2.289126,1.0,False,0.0,True,False,False,False,1.0,0.0,none,25.0,7.0,3.0,0.583333,29.25,3.0,2.027778,387.5556,1725463.0,30.04222,0.0,0.0,2.0,3.0,2.0,0.111111,0.111111,2816.56,70414.0,66.30556,121,1.5434053651266766,0,0,0,human(2),0.0,1,1,1,1,1
1.67621e+18,agha_rashti2,agha_rashti2,Cyrus The Great 𓃬☼,چو ایران نباشد تن من مباد,چو ایران نباشد تن من مباد,2023-07-04T12:56:33+00:00,18481.0,923.0,98318.0,38.0,4975.0,19192.0,19192.0,0.0,18481.0,641.0,28.83151,1.439938,1.0,False,0.0,False,False,False,False,0.0,0.0,none,49.0,7.0,1.0,0.784615,25.73846,2.0,1.184615,1148.154,857637.8,29.94072,0.0,0.0,8.0,10.0,9.0,0.030769,0.030769,390.5102041,19135.0,162.2615,25,20.022751895991334,0,1,0,human(2),0.0,1,1,1,1,0
1.58315e+18,hajmaameed,hajmaameed,شعبون,"در انتظار روزهای خوب
(توئیتر فقط محض تفریح)","در انتظار روزهای خوب
 (توئیتر فقط محض تفریح)",2022-10-20T17:18:57+00:00,8070.0,7318.0,376346.0,2.0,1449.0,26832.0,26832.0,0.0,8070.0,898.0,8.986637,8.14922,1.0,False,0.0,False,False,False,False,0.0,0.0,none,0.0,0.0,2.0,0.0,4.666667,1.0,1.0,1.666667,1685403.0,29.87973,0.0,0.0,2.0,2.0,2.0,1.0,1.0,26830.0,26830.0,0.0,43,1.10276031702651,0,0,0,human(2),0.0,1,1,1,1,0
1.37651e+18,Malusakam,malusakam,♛🐈‍⬛مَلوس,استاد تغییر باش، نه تسلیم تقدیر 💫,استاد تغییر باش، نه تسلیم تقدیر,2021-03-29T12:05:44+00:00,3181.0,2552.0,183687.0,3.0,4065.0,43848.0,43848.0,0.0,3181.0,1468.0,2.166894,1.73842,1.0,False,0.0,False,False,False,False,0.0,0.0,none,192.0,54.0,136.0,0.772043,11.43656,7.0,1.156989,209.8753,103817.1,29.86921,0.0,0.0,8.0,20.0,84.0,0.236559,0.565591,226.3854167,43466.0,39.33333,33,1.246473354231975,0,0,0,human(2),0.0,1,1,1,1,0
1.3355e+18,GenJahanbani,genjahanbani,General Jahanbani 👑,🔸فعال پاتریوت🔸برانداز🔸پادشاهی | ورود بسیجی، مجاهد و تجزیه‌طلب ممنوع | اهل‌ کردستان🦁🌞 #تا_ابد_جاوید_شاه,فعال پاتریوتبراندازپادشاهی | ورود بسیجی، مجاهد و تجزیه‌طلب ممنوع | اهل‌ کردستان تا_ابد_جاوید_شاه,2020-12-06T08:42:51+00:00,4060.0,1991.0,52722.0,5.0,1245.0,47046.0,47046.0,0.0,4060.0,1581.0,2.567995,1.25933,1.0,False,0.0,True,False,False,False,1.0,0.0,none,3.0,0.0,0.0,1.0,12.33333,1.0,1.0,392.6667,7835729.0,29.75712,0.0,0.0,1.0,1.0,1.0,0.0,0.0,15681.0,47043.0,96.66667,102,2.0391762933199398,0,0,0,bot(1),1.0,1,1,1,1,0
1.61695e+18,CheNahaara,chenahaara,چه‌‌ناهارا,"#پهلوی‌پرست 💚
#رضاشاه_روحت_شاد 🤍
#جاویدشاه ❤️
.
.
.
.
#LongLiveKingRezaPahlavi 👑
.
.
.
.
.
.
.
.
.
.
.

.
.
.
.
#عبور_از_چهار_فاسد_مصدقی_ملا_چپی_مجاهد","پهلوی‌پرست 
 رضاشاه_روحت_شاد 
 جاویدشاه 
 .
 .
 .
 .
 LongLiveKingRezaPahlavi 
 .
 .
 .
 .
 .
 .
 .
 .
 .
 .
 .
 
 .
 .
 .
 .
 عبور_از_چهار_فاسد_مصدقی_ملا_چپی_مجاهد",2023-01-22T00:23:02+00:00,6305.0,3536.0,39767.0,3.0,1986.0,23859.0,23859.0,0.0,6305.0,804.0,7.84204,4.39801,1.0,False,0.0,True,False,False,False,1.0,0.0,none,189.0,15.0,7.0,0.906103,24.48357,4.0,2.676056,321.1221,268856.1,29.67537,0.0,0.0,6.0,14.0,3.0,0.117371,0.164319,125.1216931,23648.0,73.76056,150,1.7830882352941178,0,0,0,human(2),0.0,1,1,1,1,0
520879927.0,Mooniter,mooniter,Mooniter,The struggle continues... #WomanLifeFreedom Jina🧬 #MahsaAmini #LetUsTalk #WeTheNorth 🐧 System taught antisemitism; upbringing led to rejection.,The struggle continues... WomanLifeFreedom Jina MahsaAmini LetUsTalk WeTheNorth System taught antisemitism; upbringing led to rejection.,2012-03-11T01:01:18+00:00,21354.0,1779.0,265339.0,84.0,10192.0,141285.0,141285.0,0.0,21354.0,4773.0,4.473916,0.372722,1.0,False,0.0,True,False,False,False,1.0,0.0,none,0.0,1.0,0.0,1.0,32.0,1.0,1.0,228.0,0.0,29.60088,1.0,1.0,1.0,1.0,1.0,0.0,0.0,141284.0,141284.0,48.0,143,12.003372681281618,0,0,0,human(2),0.0,1,1,1,1,0
1.48531e+18,iranariyayi64,iranariyayi64,irane man 👑,"#جاویدشاه 
فرو چون چکد خونم از قلب پاک
خدا شاه میهن نویسد به خاک","جاویدشاه 
 فرو چون چکد خونم از قلب پاک
 خدا شاه میهن نویسد به خاک",2022-01-23T18:02:13+00:00,3625.0,2486.0,94145.0,2.0,953.0,34530.0,34530.0,0.0,3625.0,1168.0,3.103596,2.128425,1.0,False,0.0,True,False,False,False,1.0,0.0,none,44.0,0.0,1.0,0.96,12.84,3.0,1.6,176.02,1566529.0,29.56336,0.0,0.0,4.0,4.0,6.0,0.02,0.02,783.75,34485.0,31.3,64,1.4581657280772324,0,2,0,bot(1),1.0,1,1,1,1,0
407476218.0,Schahrzad_b,schahrzad_b,Shahrzad,به نام مجیدرضا، شیروخورشید ایران,به نام مجیدرضا، شیروخورشید ایران,2011-11-08T03:58:17+00:00,28808.0,67.0,224386.0,5.0,5090.0,144515.0,144515.0,0.0,28808.0,4897.0,5.882785,0.013682,1.0,False,0.0,True,False,False,False,0.0,0.0,none,16.0,1.0,0.0,0.941176,23.88235,1.0,1.470588,653.3529,2044305.0,29.51093,0.0,0.0,1.0,2.0,1.0,0.0,0.0,9031.125,144498.0,105.1176,32,429.97014925373134,0,0,0,human(2),0.0,1,1,1,1,1
1.63379e+18,Monarchy34,monarchy34,👑Monarchy3👑🇮🇱🇮🇱,"#رضاشاه_پهلوی_عاشقتیم
👑جاوید شاه، پاینده ایران👑
 #IraniansStandWithIsreal  #جاویدشاه
⛔️⛔️⛔️#مرگ_بر_سه_فاسد_ملا_چپی_مجاهد
#ما_ملت_کبیریم_ایران_را_پس_میگیریم","رضاشاه_پهلوی_عاشقتیم
 جاوید شاه، پاینده ایران
  IraniansStandWithIsreal جاویدشاه
 مرگ_بر_سه_فاسد_ملا_چپی_مجاهد
 ما_ملت_کبیریم_ایران_را_پس_میگیریم",2023-03-09T11:29:15+00:00,3425.0,7176.0,31380.0,1.0,379.0,22308.0,22308.0,0.0,3425.0,758.0,4.51847,9.467018,1.0,False,0.0,False,False,False,False,1.0,0.0,none,1.0,21.0,0.0,0.023256,5.860465,3.0,2.976744,3.395349,331199.5,29.43008,0.0,0.0,38.0,40.0,22.0,0.046512,0.046512,22286.0,22286.0,0.534884,155,0.47728539576365664,1,2,0,bot(1),1.0,1,1,1,1,1
1.59799e+18,derafshkavianee,derafshkavianee,درفش کاویانی,باورمند به نظام پادشاهی و تا ابد سپاسگزار و مدیون خاندان ایران ساز پهلوی #جاویدشاه,باورمند به نظام پادشاهی و تا ابد سپاسگزار و مدیون خاندان ایران ساز پهلوی جاویدشاه,2022-11-30T16:12:51+00:00,4514.0,857.0,35403.0,10.0,2006.0,25150.0,25150.0,0.0,4514.0,857.0,5.267211,1.0,1.0,False,0.0,True,False,False,False,1.0,0.0,none,3.0,0.0,0.0,1.0,29.0,1.0,2.333333,239.0,2645209.0,29.34656,0.0,0.0,1.0,1.0,1.0,0.333333,0.333333,8382.333333,25147.0,108.6667,82,5.267211201866978,0,0,0,human(2),0.0,1,1,1,1,0
1.58814e+18,ShahramMakoui48,shahrammakoui48,Dr. A Shahram Makoui,"به ""ستاد كُل پادشاهى خواهان ايران"" كه بصورت يكسان و برابر متعلق به همه پادشاهى خواهان ايران در سراسر جهان است، بپيونديد. برای ثبت نام لطفاً به وبسایت زیر بروید.","به ""ستاد كُل پادشاهى خواهان ايران"" كه بصورت يكسان و برابر متعلق به همه پادشاهى خواهان ايران در سراسر جهان است، بپيونديد. برای ثبت نام لطفاً به وبسایت زیر بروید.",2022-11-03T11:58:23+00:00,18486.0,8098.0,58312.0,21.0,6910.0,25819.0,25819.0,0.0,18486.0,884.0,20.91176,9.160633,1.0,False,0.0,True,False,False,False,0.0,0.0,none,37.0,0.0,2.0,0.946429,27.46429,3.0,0.553571,1191.607,1838856.0,29.20701,0.0,0.0,4.0,8.0,18.0,0.071429,0.071429,696.7567568,25780.0,165.6071,160,2.2827858730550754,0,2,0,human(2),0.0,1,1,1,1,0
2310816164.0,mohammad2zab,mohammad2zab,مملی,"بچه نیستم, ولی..دلم خیلی بچه ست...:)","بچه نیستم, ولی..دلم خیلی بچه ست...:)",2014-01-25T22:42:31+00:00,5321.0,361.0,304452.0,15.0,972.0,119327.0,119327.0,0.0,5321.0,4088.0,1.301614,0.088307,0.0,False,0.0,True,False,False,False,0.0,0.0,none,1.0,0.0,0.0,0.0,13.0,1.0,1.0,72.0,0.0,29.18958,1.0,1.0,1.0,1.0,1.0,0.0,0.0,119326.0,119326.0,16.0,36,14.739612188365651,0,1,0,human(2),0.0,1,1,1,1,0
1.57376e+18,imdearie2,imdearie2,𓄂2کامروا𓆃,عاشق کغه مغبا با نون بغبغی. شاگرد مورد علاقه‌ی فرخزاد-پادشاهی‌خواه,عاشق کغه مغبا با نون بغبغی. شاگرد مورد علاقه‌ی فرخزاد-پادشاهی‌خواه,2022-09-24T19:24:00+00:00,3875.0,2108.0,95720.0,2.0,1336.0,26730.0,26730.0,0.0,3875.0,924.0,4.193723,2.281385,1.0,False,0.0,True,False,False,False,0.0,0.0,none,111.0,13.0,0.0,1.472441,21.92126,2.0,1.417323,663.1496,358187.8,28.92857,0.0,0.0,2.0,4.0,4.0,0.023622,0.023622,239.6936937,26606.0,103.7008,66,1.838235294117647,1,1,0,human(2),0.0,1,1,1,1,0
9.75514e+17,alinaghi2018,alinaghi2018,AliNaghi,,,2018-03-18T23:28:43+00:00,4385.0,1105.0,247709.0,11.0,3919.0,74480.0,74480.0,0.0,4385.0,2575.0,1.702913,0.429126,1.0,False,0.0,True,False,False,False,0.0,0.0,none,14.0,1.0,1.0,0.954545,22.86364,2.0,0.681818,592.1364,930220.8,28.92427,0.0,0.0,2.0,4.0,7.0,0.0,0.181818,5318.857143,74464.0,85.68182,0,3.9683257918552037,0,4,0,human(2),0.0,1,1,0,1,0
1.25582e+18,JaneVatan,janevatan,جان John,"شرط گفتگو، باور به پلورالیسم و ضدیت باهرگونه فاشیسم است.
Liberal-Federalist
محافظه‌کاری هم در سیاست هم درجامعه مضر است.

#زن_زندگی_آزادی
Kadın Yaşam Özgürlük","شرط گفتگو، باور به پلورالیسم و ضدیت باهرگونه فاشیسم است.
 Liberal-Federalist
 محافظه‌کاری هم در سیاست هم درجامعه مضر است.
 
 زن_زندگی_آزادی
 Kadın Yaşam Özgürlük",2020-04-30T11:27:17+00:00,5211.0,500.0,117626.0,30.0,3226.0,52034.0,52034.0,0.0,5211.0,1801.0,2.893393,0.277624,1.0,False,0.0,False,False,False,False,1.0,0.0,none,1.0,0.0,0.0,1.0,19.0,1.0,1.0,632.0,0.0,28.89173,1.0,1.0,1.0,1.0,1.0,0.0,0.0,52033.0,52033.0,90.0,157,10.422,0,0,0,human(2),0.0,1,1,1,1,1
1.24915e+18,Ebne_noah,ebne_noah,پسر عاقل نوح,علاقه مند به تحليل و تفسير وپژوهش-اهل كتاب و تاريخ - كانال كتابمون هم با كلي كتابهاي ممنوعه و بعضا صوتي اينجاست👈https://t.co/8DVmHprjEQ,علاقه مند به تحليل و تفسير وپژوهش-اهل كتاب و تاريخ - كانال كتابمون هم با كلي كتابهاي ممنوعه و بعضا صوتي اينجاست,2020-04-12T01:24:56+00:00,48494.0,166.0,74135.0,88.0,16975.0,52505.0,52505.0,0.0,48494.0,1819.0,26.6597,0.091259,1.0,False,0.0,True,False,False,False,0.0,1.0,none,23.0,4.0,11.0,0.928571,232.5714,3.0,2.767857,1277.268,2587484.0,28.86476,0.0,0.0,4.0,8.0,19.0,0.214286,1.285714,2281.173913,52467.0,272.3036,135,292.13253012048193,0,0,1,human(2),0.0,1,1,1,1,0
1.3557e+18,noodlesss1990,noodlesss1990,☼𓃬 نودولز,"من ترکِ مهرِ ایران در خود نمی‌شناسم؛ بگذار تا ببارد بر من بلای ایران/
نه «اول»، که «فقط» ایران/ مخالفِ سرسختِ ۵۷ و ۵۷سازان/ ☀️🦁❤️🤍💚","من ترکِ مهرِ ایران در خود نمی‌شناسم؛ بگذار تا ببارد بر من بلای ایران/
 نه «اول»، که «فقط» ایران/ مخالفِ سرسختِ ۵۷ و ۵۷سازان/",2021-01-31T01:54:41+00:00,4558.0,227.0,194729.0,16.0,1509.0,43957.0,43957.0,0.0,4558.0,1525.0,2.988852,0.148852,1.0,False,0.0,True,False,False,False,0.0,1.0,none,35.0,51.0,12.0,0.288288,40.13514,3.0,1.288288,229.3874,697139.2,28.82426,0.0,0.0,4.0,8.0,14.0,0.117117,0.135135,1253.114286,43859.0,30.87387,131,20.079295154185022,0,4,0,human(2),0.0,1,1,1,1,0
1.64056e+18,hamalilalin,hamalilalin,lalinبلوچ,"(اکانت پشتیبان) کنشگر و فعال سیاسی بلوچ (ترس دشمن از قلم و قدم ما)
قلم افکار خفته، قدم‌ها برای تغییر به حرکت در می‌آید. 

#جنین_زند_آجویی","(اکانت پشتیبان) کنشگر و فعال سیاسی بلوچ (ترس دشمن از قلم و قدم ما)
 قلم افکار خفته، قدم‌ها برای تغییر به حرکت در می‌آید. 
 
 جنین_زند_آجویی",2023-03-28T03:49:44+00:00,3965.0,1447.0,23839.0,20.0,2702.0,21247.0,21247.0,0.0,3965.0,739.0,5.365359,1.958051,1.0,False,0.0,False,False,False,False,1.0,0.0,none,2.0,0.0,0.0,0.666667,155.0,1.0,1.333333,495.3333,27187701.0,28.75101,0.0,0.0,2.0,2.0,2.0,0.0,0.0,10622.5,21245.0,94.66667,137,2.74015203870076,0,0,0,unverified(4),,1,1,1,1,1
1.28341e+18,MaryamSarabii,maryamsarabii,Maryam,یه معلم زبان مهربون که منتظر امام زمانشه😊🇮🇷,یه معلم زبان مهربون که منتظر امام زمانشه,2020-07-15T14:36:20+00:00,3154.0,2972.0,121042.0,5.0,2054.0,49509.0,49509.0,0.0,3154.0,1725.0,1.828406,1.722899,1.0,False,0.0,False,False,False,False,0.0,0.0,none,0.0,0.0,1.0,2.0,7.0,1.0,0.0,26.0,0.0,28.70087,2.0,2.0,2.0,2.0,2.0,1.0,1.0,49508.0,49508.0,1.0,43,1.0612382234185733,0,0,0,human(2),0.0,1,1,1,1,0
49622659.0,sedaye_iran,sedaye_iran,Rastakhiz,"Love my adopted home America dearly, care for my native home Iran deeply. Profile photo: American hero of Iran constitutional revolution Howard Baskerville.","Love my adopted home America dearly, care for my native home Iran deeply. Profile photo: American hero of Iran constitutional revolution Howard Baskerville.",2009-06-22T13:09:37+00:00,5649.0,943.0,58729.0,75.0,8406.0,165477.0,165477.0,0.0,5649.0,5766.0,0.979709,0.163545,1.0,False,0.0,True,False,False,False,0.0,0.0,none,8.0,0.0,0.0,0.545455,12.63636,1.0,1.272727,639.2727,4372090.0,28.69875,0.0,0.0,2.0,4.0,4.0,0.090909,0.090909,20683.625,165469.0,56.09091,156,5.990455991516437,0,0,0,human(2),0.0,1,1,1,1,0
1.24835e+18,parysatis_banoo,parysatis_banoo,👑پروشات👑(یوتاب دخت ایران),"تا ابد پهلوی خواه 
#ایران_را_پس_میگیریم

#پهلوی_رمز_نجات_ایران

#جاویدشاه","تا ابد پهلوی خواه 
 ایران_را_پس_میگیریم
 
 پهلوی_رمز_نجات_ایران
 
 جاویدشاه",2020-04-09T20:41:22+00:00,8905.0,3037.0,129783.0,2.0,9839.0,51615.0,51615.0,0.0,8905.0,1822.0,4.887486,1.66685,1.0,False,0.0,True,False,False,False,1.0,0.0,none,29.0,1.0,1.0,0.967742,19.32258,2.0,2.258065,315.1613,2317334.0,28.32876,0.0,0.0,2.0,3.0,1.0,0.0,0.0,1778.758621,51584.0,91.70968,73,2.9321699045110305,0,0,0,human(2),0.0,1,1,1,1,1
1.22401e+18,iraj63569385,iraj63569385,iraj.Iranian_patriot,@PahlaviReza @ShahbanouFarah @PhoenixprjIran  https://t.co/LSJclFArkQ   اینستاگرام من 👆,@PahlaviReza @ShahbanouFarah @PhoenixprjIran اینستاگرام من,2020-02-02T16:35:23+00:00,5157.0,3132.0,51331.0,6.0,6381.0,53204.0,53204.0,0.0,5157.0,1889.0,2.730016,1.65802,1.0,False,0.0,True,False,False,False,0.0,0.0,none,137.0,22.0,2.0,1.236025,41.24845,3.0,2.552795,162.7329,745786.1,28.16517,0.0,0.0,2.0,4.0,1.0,0.223602,0.329193,387.1751825,53043.0,56.62733,87,1.646551724137931,0,8,1,human(2),0.0,1,1,1,1,1
9.69127e+17,Iraneshghal,iraneshghal,👑ایران اشغال شده👑,"تاآخرین نفس برای براندازی آماده ام.
(سرباز رضا شاه دوم)
 #پادشاهی_پارلمانی","تاآخرین نفس برای براندازی آماده ام.
 (سرباز رضا شاه دوم)
  پادشاهی_پارلمانی",2018-03-01T08:26:17+00:00,4005.0,4259.0,148423.0,2.0,639.0,72983.0,72983.0,0.0,4005.0,2592.0,1.545139,1.643133,1.0,False,0.0,True,False,False,False,1.0,0.0,none,0.0,1.0,13.0,0.941176,13.17647,4.0,1.058824,1.529412,245937.3,28.15702,0.0,0.0,3.0,4.0,4.0,0.705882,1.352941,72969.0,72969.0,0.411765,74,0.9403615872270487,0,0,0,bot(1),1.0,1,1,1,1,0
1.64985e+18,ANTIAMOONiM,antiamoonim,KHOOFHOO,"#جاویدشاه👑
No Time for CAUTION","جاویدشاه
 No Time for CAUTION",2023-04-22T19:14:31+00:00,3556.0,3495.0,157702.0,1.0,2347.0,19992.0,19992.0,0.0,3556.0,714.0,4.980392,4.894958,1.0,False,0.0,False,False,False,False,1.0,0.0,none,40.0,4.0,13.0,0.638889,21.45833,2.0,1.375,116.7639,727661.4,28.0,0.0,0.0,3.0,6.0,16.0,0.125,0.180556,498.375,19935.0,27.19444,30,1.0174535050071531,0,0,0,human(2),0.0,1,1,1,1,0
1.54911e+18,DanaMehraban,danamehraban,Dana👑🇮🇱🎗️,Advocate of Iranians resurrection to build a peaceful and sustainable country under HIM @Pahlavireza,Advocate of Iranians resurrection to build a peaceful and sustainable country under HIM @Pahlavireza,2022-07-18T19:32:14+00:00,5494.0,4332.0,36023.0,3.0,1365.0,27565.0,27565.0,0.0,5494.0,992.0,5.538306,4.366935,1.0,False,0.0,True,False,False,False,0.0,0.0,none,4.0,12.0,5.0,0.678571,42.32143,2.0,2.321429,138.9286,1225191.0,27.7873,0.0,0.0,4.0,6.0,8.0,0.178571,1.571429,6886.0,27544.0,50.67857,100,1.268236380424746,0,0,0,human(2),0.0,1,1,1,1,1
1.44367e+18,Peleja11,peleja11,peleja,فرّ ایران پیروز است👑,فرّ ایران پیروز است,2021-09-30T20:11:23+00:00,11218.0,1046.0,145971.0,7.0,1044.0,35638.0,35638.0,0.0,11218.0,1283.0,8.74357,0.815277,1.0,False,0.0,True,False,False,False,0.0,0.0,none,21.0,1.0,2.0,0.583333,21.25,1.0,1.333333,379.9583,2516816.0,27.77708,0.0,0.0,2.0,2.0,1.0,0.083333,0.083333,1695.904762,35614.0,57.375,20,10.724665391969408,0,2,0,bot(1),1.0,1,1,1,1,1
1.26086e+18,sadat110_hosna,sadat110_hosna,حسنا رفیعی,"در بدترین شرایط هم می توان رشد کرد!
اگه سختی میکشی…
یه دلیل بیشتر نداره
اونم اینه که …
تو قراره خود ساخته بشی 💖","در بدترین شرایط هم می توان رشد کرد!
 اگه سختی میکشی…
 یه دلیل بیشتر نداره
 اونم اینه که …
 تو قراره خود ساخته بشی",2020-05-14T09:17:49+00:00,43080.0,25911.0,88970.0,18.0,2085.0,49330.0,49330.0,0.0,43080.0,1787.0,24.10744,14.49972,1.0,False,0.0,True,False,False,False,0.0,0.0,none,1.0,0.0,0.0,1.0,17.0,1.0,0.0,884.0,0.0,27.60492,2.0,2.0,2.0,2.0,2.0,0.0,0.0,49329.0,49329.0,155.0,111,1.6626143336806762,0,3,0,can’t find,,1,1,1,1,0
1.40995e+18,NaaserXA,naaserxa,ADA Whale,My passion is Cardano,My passion is Cardano,2021-06-29T18:57:23+00:00,11758.0,515.0,129931.0,57.0,931.0,37952.0,37952.0,0.0,11758.0,1376.0,8.545058,0.374273,1.0,False,0.0,False,False,False,False,0.0,0.0,none,1.0,1.0,3.0,0.0,22.66667,1.0,1.0,113.3333,2293356.0,27.5814,0.0,0.0,2.0,2.0,2.0,0.333333,0.666667,37947.0,37947.0,3.0,21,22.831067961165047,0,0,0,human(2),0.0,1,1,1,1,1
4902218105.0,BB_Goal,bb_goal,B.B. Goal👑,,,2016-02-12T19:08:27+00:00,4371.0,4332.0,160376.0,10.0,1273.0,92097.0,92097.0,0.0,4371.0,3340.0,1.308683,1.297006,0.0,False,0.0,False,False,False,False,0.0,0.0,none,0.0,7.0,21.0,0.025641,27.76923,5.0,1.230769,2.307692,135963.9,27.57395,0.0,0.0,2.0,6.0,12.0,0.461538,1.153846,92069.0,92069.0,0.153846,0,1.0090027700831026,0,0,0,bot(1),1.0,1,1,0,1,0
4414464441.0,neo_pahlavism1,neo_pahlavism1,Neo__pahlavism,Ostad,Ostad,2015-12-08T10:00:04+00:00,3227.0,1370.0,231966.0,5.0,1611.0,93584.0,93584.0,0.0,3227.0,3406.0,0.947446,0.402231,1.0,False,0.0,True,False,False,False,0.0,0.0,none,21.0,0.0,0.0,1.333333,28.7619,1.0,2.142857,152.4762,4334833.0,27.47622,0.0,0.0,1.0,1.0,1.0,0.047619,0.047619,4455.380952,93563.0,46.09524,5,2.3554744525547444,0,1,0,bot(1),1.0,1,1,1,1,0
1.28336e+18,suuoozanam,suuoozanam,سوزان @suzan,دایرکت پاسخگو نیستم 🚫 مجاهد ارزشی فالو نکنه 🚫 عاشق پرچم شیرخورشید ❤️,دایرکت پاسخگو نیستم مجاهد ارزشی فالو نکنه عاشق پرچم شیرخورشید,2020-07-15T11:34:24+00:00,17800.0,1328.0,126371.0,25.0,855.0,47269.0,47269.0,0.0,17800.0,1725.0,10.31884,0.769855,1.0,False,0.0,True,False,False,False,0.0,0.0,none,4.0,0.0,0.0,0.25,15.5,1.0,1.75,594.0,7666409.0,27.40232,0.0,0.0,1.0,1.0,1.0,0.0,0.0,11816.25,47265.0,97.25,68,13.403614457831326,0,0,0,human(2),0.0,1,1,1,1,0
2265794169.0,RBehrouzDO,rbehrouzdo,Reza Behrouz,"Iranian-American • Physician/Musician • Tweets my own opinion • RT ≠ endorsement • @USouthFlorida/@UF alumnus • Tweets in Persian, English, French.","Iranian-American • Physician/Musician • Tweets my own opinion • RT ≠ endorsement • @USouthFlorida/@UF alumnus • Tweets in Persian, English, French.",2014-01-06T20:40:29+00:00,17198.0,1705.0,600651.0,80.0,9319.0,112010.0,112010.0,0.0,17198.0,4107.0,4.187485,0.415145,1.0,False,0.0,True,False,False,False,0.0,0.0,none,72.0,13.0,0.0,0.858696,26.57609,6.0,2.369565,523.0435,1084020.0,27.27295,0.0,0.0,2.0,4.0,8.0,0.152174,0.456522,1554.513889,111925.0,101.6196,147,10.086803519061583,0,0,0,human(2),0.0,1,1,1,1,1
3140629640.0,inazkam,inazkam,نازلی کاموری,"In solidarity with transgender Americans: ""She/They.""","In solidarity with transgender Americans: ""She/They.""",2015-04-05T18:29:20+00:00,29550.0,8202.0,105581.0,148.0,1368.0,99498.0,99498.0,0.0,29550.0,3653.0,8.089242,2.245278,1.0,False,0.0,True,False,False,False,0.0,0.0,none,0.0,0.0,1.0,0.0,31.0,1.0,0.0,1.0,0.0,27.23734,1.0,1.0,1.0,1.0,1.0,1.0,1.0,99497.0,99497.0,0.0,53,3.6027798098024872,0,0,0,human(2),0.0,1,1,1,1,0
442737538.0,john_lucckk,john_lucckk,john lock,,,2011-12-21T12:13:39+00:00,68086.0,298.0,350755.0,199.0,3504.0,131982.0,131982.0,0.0,68086.0,4854.0,14.02678,0.061393,0.0,False,0.0,True,False,False,False,0.0,0.0,none,0.0,0.0,1.0,0.0,7.0,1.0,1.0,203.0,0.0,27.19036,1.0,1.0,1.0,1.0,1.0,1.0,1.0,131981.0,131981.0,16.0,0,228.4765100671141,0,0,0,can’t find,,1,1,0,1,1
1.24719e+18,foadshams,foadshams,foadshams | فواد شمس,فواد شمس,فواد شمس,2020-04-06T15:58:50+00:00,4763.0,1773.0,194211.0,31.0,5095.0,49609.0,49609.0,0.0,4763.0,1825.0,2.609863,0.971507,1.0,False,0.0,True,False,False,False,0.0,0.0,none,0.0,0.0,1.0,0.0,16.0,1.0,1.0,7.0,0.0,27.18301,1.0,1.0,1.0,1.0,1.0,0.0,0.0,49608.0,49608.0,0.0,8,2.686407219402143,0,0,0,human(2),0.0,1,1,1,1,1
8.23586e+17,Radman2576,radman2576,🜲 Radman ᴾᵃʰˡᵃᵛⁱ𓃬❂,"وقتی بدنیا اومدم پادشاهی خواه نبودم.ولی بعنوان یک پادشاهی خواه چشم از جهان فرو خواهم بست.
#جاویدشاه
#longlivetheSHAH
@pahlavireza   شاه رو فالو کن","وقتی بدنیا اومدم پادشاهی خواه نبودم.ولی بعنوان یک پادشاهی خواه چشم از جهان فرو خواهم بست.
 جاویدشاه
 longlivetheSHAH
 @pahlavireza شاه رو فالو کن",2017-01-23T17:37:54+00:00,5498.0,390.0,94024.0,6.0,2800.0,81197.0,81197.0,0.0,5498.0,2994.0,1.836339,0.130261,1.0,False,0.0,True,False,False,False,1.0,0.0,none,5.0,0.0,2.0,1.0,27.57143,1.0,1.571429,247.1429,4465091.0,27.11991,0.0,0.0,1.0,1.0,1.0,0.0,0.285714,16238.0,81190.0,40.28571,146,14.097435897435897,0,4,0,human(2),0.0,1,1,1,1,0
1.50202e+18,ARDESHIR005,ardeshir005,ARDESHIR,"من و تو در گذر تند باد حادثه‌ها، هزار مرتبه اوج و حضیض‌ها دیده‌ایم.
 مپوش چشم امید از وطن، که ما زین بیش به عمر خویش، چه ضد و نقیض ها دیده‌ایم","من و تو در گذر تند باد حادثه‌ها، هزار مرتبه اوج و حضیض‌ها دیده‌ایم.
  مپوش چشم امید از وطن، که ما زین بیش به عمر خویش، چه ضد و نقیض ها دیده‌ایم",2022-03-10T20:46:09+00:00,5147.0,934.0,41067.0,5.0,1960.0,30377.0,30377.0,0.0,5147.0,1122.0,4.587344,0.832442,1.0,False,0.0,False,False,False,False,0.0,0.0,none,12.0,0.0,0.0,1.086957,33.30435,1.0,2.565217,1897.13,124557.3,27.07398,0.0,0.0,2.0,4.0,12.0,0.0,0.0,2530.416667,30365.0,456.8696,142,5.510706638115631,0,3,0,human(2),0.0,1,1,1,1,0
9.45913e+17,YaldaRod,yaldarod,یلدا راد,هرکس دلی پاک دارد، وطن خود را عزیز می‌شمارد.,هرکس دلی پاک دارد، وطن خود را عزیز می‌شمارد.,2017-12-27T07:02:53+00:00,10496.0,1383.0,210978.0,23.0,2516.0,71860.0,71860.0,0.0,10496.0,2656.0,3.951807,0.520708,0.0,False,0.0,True,False,False,False,0.0,0.0,none,1.0,0.0,0.0,1.0,46.0,1.0,2.0,186.0,0.0,27.05572,1.0,1.0,1.0,1.0,1.0,0.0,0.0,71859.0,71859.0,47.0,44,7.5892986261749815,0,0,0,human(2),0.0,1,1,1,1,1
9.49588e+17,RadmanIrani,radmanirani,¤ رادمان ¤ 👑💙,هر آنکس که بر پادشاه دشمن است، روانش پرستار اهریمن است..,هر آنکس که بر پادشاه دشمن است، روانش پرستار اهریمن است..,2018-01-06T10:25:03+00:00,4982.0,265.0,77727.0,10.0,2490.0,71557.0,71557.0,0.0,4982.0,2646.0,1.882842,0.100151,1.0,False,0.0,True,False,False,False,0.0,0.0,none,14.0,4.0,2.0,1.107143,25.28571,1.0,1.642857,164.4643,4202638.0,27.04346,0.0,0.0,3.0,7.0,9.0,0.107143,0.214286,5109.785714,71537.0,26.75,56,18.8,0,0,0,human(2),0.0,1,1,1,1,0
1.57392e+18,jwny_ywsf,jwny_ywsf,آرومِــ وَحــشــی🪐,"هرچه تبر زدی مرا زخم نشد جوانه شد🌱
 دست بدست تا سرنگونی ظلم

 #mahsa_amini  ‌ #مهسا_امینی  
ما پیروزیم🫂♥️","هرچه تبر زدی مرا زخم نشد جوانه شد
  دست بدست تا سرنگونی ظلم
 
  mahsa_amini ‌ مهسا_امینی 
 ما پیروزیم",2022-09-25T06:45:48+00:00,3462.0,3900.0,23307.0,1.0,558.0,24951.0,24951.0,0.0,3462.0,923.0,3.750813,4.225352,1.0,False,0.0,True,False,False,False,1.0,0.0,none,1.0,0.0,0.0,1.0,15.0,1.0,3.0,96.0,0.0,27.0325,1.0,1.0,1.0,1.0,1.0,0.0,0.0,24950.0,24950.0,28.0,105,0.8876923076923077,0,0,0,can’t find,,1,1,1,1,0
8.80001e+17,ali_bitarafan5,ali_bitarafan5,علی بیطرفان,بابا زشته آقای اصغر، منو می‌ترسونی از دوتا گلوله؟!,بابا زشته آقای اصغر، منو می‌ترسونی از دوتا گلوله؟!,2017-06-28T09:52:30+00:00,109689.0,3872.0,108080.0,328.0,3711.0,76297.0,76297.0,0.0,109689.0,2838.0,38.65011,1.364341,1.0,False,0.0,True,False,False,False,0.0,0.0,none,1.0,0.0,0.0,1.0,37.0,1.0,0.0,1629.0,0.0,26.88407,1.0,1.0,1.0,1.0,1.0,0.0,0.0,76296.0,76296.0,338.0,50,28.328770661157026,0,1,0,human(2),0.0,1,1,1,1,1
1.27117e+18,REZAKH__,rezakh__,Reza Khosravi,خدا، میهن، خانواده,خدا، میهن، خانواده,2020-06-11T19:50:41+00:00,12759.0,367.0,65893.0,80.0,10296.0,46575.0,46575.0,0.0,12759.0,1759.0,7.253553,0.208641,1.0,False,0.0,True,False,False,False,0.0,0.0,none,0.0,1.0,1.0,1.0,57.5,1.0,1.0,105.0,23904678.0,26.47811,0.0,0.0,1.0,1.0,1.0,0.0,0.0,46573.0,46573.0,6.0,18,34.76566757493188,0,0,0,human(2),0.0,1,1,1,1,0
1.5726e+18,Thank_you_Dj,thank_you_dj,ی ذهن زیبا 𓃬☼,"خطاب ب چپولان مفتخور:
شخصا مسئولیت هر گونه فحش ب ساحت کریه المنظر شما را می‌پذیرم.
لطفا از تگ کردن شاهزاده رضا پهلوی خودداری کنید. 
با تشکر از شما غرامت بگیران","خطاب ب چپولان مفتخور:
 شخصا مسئولیت هر گونه فحش ب ساحت کریه المنظر شما را می‌پذیرم.
 لطفا از تگ کردن شاهزاده رضا پهلوی خودداری کنید. 
 با تشکر از شما غرامت بگیران",2022-09-21T14:52:24+00:00,2254.0,780.0,200530.0,2.0,657.0,24442.0,24442.0,0.0,2254.0,927.0,2.431499,0.841424,1.0,False,0.0,True,False,False,False,0.0,0.0,none,29.0,10.0,2.0,0.5,24.85714,1.0,1.261905,264.1667,970078.0,26.36677,0.0,0.0,2.0,4.0,2.0,0.02381,0.119048,841.4137931,24401.0,35.59524,159,2.8897435897435897,0,0,0,human(2),0.0,1,1,1,1,0
48485832.0,AsbeAtash45,asbeatash45,Mahmoud R Amani,کهنه سرباز میهن #بازگشت_به_مشروطه,کهنه سرباز میهن بازگشت_به_مشروطه,2009-06-18T20:53:15+00:00,7554.0,1603.0,343610.0,17.0,5466.0,151920.0,151920.0,0.0,7554.0,5770.0,1.309185,0.277816,1.0,False,0.0,True,False,False,False,1.0,0.0,none,405.0,55.0,13.0,1.225738,21.55485,4.0,2.335443,174.8376,367754.9,26.32929,0.0,0.0,4.0,7.0,2.0,0.042194,0.07173,373.9432099,151447.0,49.77848,33,4.712414223331254,0,2,0,bot(1),1.0,1,1,1,1,1
4356461356.0,JC_Constantine1,jc_constantine1,کوروش _ شیر و خور,فر ایران را میستاییم. فر شاهنشاهی که تو تاریخ دو بار فرار کرد. 🤣,فر ایران را میستاییم. فر شاهنشاهی که تو تاریخ دو بار فرار کرد.,2015-12-03T01:41:01+00:00,5127.0,3942.0,262034.0,3.0,1331.0,89735.0,89735.0,0.0,5127.0,3411.0,1.503078,1.155673,1.0,False,0.0,False,False,False,False,0.0,0.0,none,13.0,2.0,0.0,1.266667,20.46667,1.0,1.466667,185.8667,4186290.0,26.30753,0.0,0.0,1.0,1.0,1.0,0.0,0.0,6901.538462,89720.0,42.33333,64,1.3006088280060883,0,1,0,bot(1),1.0,1,1,1,1,0
9.91232e+17,SiavashIran,siavashiran,Siavash ©️,#رستاخیز_مشروطه_ایران #بازگشت_از_کژراهه۵۷,رستاخیز_مشروطه_ایران بازگشت_از_کژراهه۵۷,2018-05-01T08:23:22+00:00,3204.0,278.0,104701.0,12.0,1314.0,66552.0,66552.0,0.0,3204.0,2531.0,1.265903,0.109838,1.0,False,0.0,True,False,False,False,1.0,1.0,none,2.0,1.0,2.0,0.4,33.4,1.0,3.2,454.8,4972936.0,26.29475,0.0,0.0,1.0,1.0,1.0,0.6,0.6,33273.5,66547.0,129.6,41,11.525179856115107,0,0,0,human(2),0.0,1,1,1,1,0
1.52913e+18,zone7689,zone7689,👑👑رنسانس ایران👑👑,"(ازقادسیه تافتنه57تجاوزبه وطنم.ققنوس ایران,ازخاکسترخودبرمی خیزد)(#شاهنشاه_رضا_پهلوی👑/#جاویدشاه 👑)(متاهل ومتعهد)(گروه وپیام دایرکت⛔)(عرزشی،مجاهد،تجزیه طلب⛔)","(ازقادسیه تافتنه57تجاوزبه وطنم.ققنوس ایران,ازخاکسترخودبرمی خیزد)(شاهنشاه_رضا_پهلوی/جاویدشاه )(متاهل ومتعهد)(گروه وپیام دایرکت)(عرزشی،مجاهد،تجزیه طلب)",2022-05-24T15:55:55+00:00,5172.0,382.0,60904.0,2.0,1316.0,27504.0,27504.0,0.0,5172.0,1047.0,4.939828,0.364852,1.0,False,0.0,False,False,False,False,1.0,1.0,none,5.0,2.0,6.0,0.692308,21.92308,3.0,1.384615,227.4615,6134530.0,26.26934,0.0,0.0,2.0,2.0,1.0,0.384615,0.615385,5498.2,27491.0,53.30769,155,13.539267015706807,0,4,0,bot(1),1.0,1,1,1,1,1
1.49629e+18,Baran27922,baran27922,👑 Ehsan,نخوانند بر ما کسی آفرین. چو ویران بود بوم ایران زمین,نخوانند بر ما کسی آفرین. چو ویران بود بوم ایران زمین,2022-02-23T00:52:48+00:00,3229.0,776.0,95380.0,4.0,3009.0,29800.0,29800.0,0.0,3229.0,1137.0,2.83993,0.682498,1.0,False,0.0,True,False,False,False,0.0,0.0,none,24.0,10.0,26.0,0.473684,35.34211,3.0,2.394737,63.84211,1422182.0,26.20932,0.0,0.0,6.0,10.0,17.0,0.355263,0.552632,1239.166667,29740.0,15.03947,52,4.161082474226804,0,5,0,human(2),0.0,1,1,1,1,0
1.56501e+18,BardyaBorna,bardyaborna,Bardya Borna,"به یــــــــاد  یارانــــــــی که عاشق ایـــــــــران بودند ...
#براندازم","به یــــــــاد یارانــــــــی که عاشق ایـــــــــران بودند ...
 براندازم",2022-08-31T16:02:29+00:00,7628.0,7277.0,178887.0,2.0,4119.0,24846.0,24846.0,0.0,7628.0,948.0,8.046414,7.67616,1.0,False,0.0,True,False,False,False,1.0,0.0,none,0.0,0.0,1.0,0.0,2.0,1.0,1.0,1.0,0.0,26.20886,1.0,1.0,1.0,1.0,1.0,1.0,1.0,24845.0,24845.0,0.0,73,1.0482341624295726,0,0,0,unverified(4),,1,1,1,1,0
1.58454e+18,CaramelCakeeee,caramelcakeeee,Caramel𓄂𓆃,"کیک سلطنتی❤👑❤
@PahlaviReza @PhoenixprjIran","کیک سلطنتی
 @PahlaviReza @PhoenixprjIran",2022-10-24T13:43:27+00:00,3167.0,2926.0,55131.0,2.0,169.0,23404.0,23404.0,0.0,3167.0,894.0,3.542506,3.272931,1.0,False,0.0,True,False,False,False,0.0,0.0,none,2.0,1.0,0.0,1.0,21.0,1.0,1.666667,214.3333,8903831.0,26.17897,0.0,0.0,1.0,1.0,1.0,0.0,0.0,11700.5,23401.0,58.0,42,1.082365003417635,0,0,0,human(2),0.0,1,1,1,1,0
1.28352e+18,kiarashfarasat1,kiarashfarasat1,kiarash farasat,Kiarash farasat account(3),Kiarash farasat account(3),2020-07-15T21:56:29+00:00,5809.0,162.0,32534.0,15.0,4273.0,44795.0,44795.0,0.0,5809.0,1725.0,3.367536,0.093913,1.0,False,0.0,True,False,False,False,0.0,1.0,none,6.0,3.0,4.0,0.285714,23.35714,1.0,2.214286,175.4286,6858824.0,25.96812,0.0,0.0,2.0,5.0,2.0,0.357143,0.5,7463.666667,44782.0,58.71429,26,35.858024691358025,0,1,0,human(2),0.0,1,1,1,1,0
1.75159e+18,kont1320,kont1320, عمو کُنت,در مجلس مستان هم خدا هست,در مجلس مستان هم خدا هست,2024-01-28T12:55:42+00:00,10723.0,1594.0,18470.0,31.0,1486.0,11054.0,11054.0,0.0,10723.0,433.0,24.76443,3.681293,1.0,False,0.0,False,False,False,False,0.0,0.0,none,1.0,0.0,0.0,1.0,116.0,1.0,0.0,75.0,0.0,25.52887,2.0,2.0,2.0,2.0,2.0,0.0,0.0,11053.0,11053.0,8.0,24,6.727101631116688,0,4,0,unverified(4),,1,1,1,1,0
1.38608e+18,NoushaEshghi,noushaeshghi,🤴🏻NoushAfarin Eshghipour 🤴🏻,برای چیزی که باور دارم میجنگم تا نفس آخر #جنبش_فیروزه_ای #فرزندان_افسران #شاه_میهن_آبادی https://t.co/J24Q5XvJKT,برای چیزی که باور دارم میجنگم تا نفس آخر جنبش_فیروزه_ای فرزندان_افسران شاه_میهن_آبادی,2021-04-24T21:55:37+00:00,11197.0,553.0,29463.0,18.0,5557.0,36751.0,36751.0,0.0,11197.0,1442.0,7.76491,0.383495,1.0,False,0.0,True,False,False,False,1.0,1.0,none,115.0,1.0,2.0,0.68595,23.32231,3.0,2.92562,274.3554,830498.2,25.48613,0.0,0.0,2.0,4.0,4.0,0.041322,0.140496,318.5478261,36633.0,64.50413,112,20.247739602169982,0,0,1,human(2),0.0,1,1,1,1,1
1.51894e+18,TheBalochWorld,thebalochworld,The Baloch World,"My account covers the culture ,history &traditions of The Baloch World. #MiddleEast #SouthWestAsia #Iran #بلوچستان","My account covers the culture ,history &traditions of The Baloch World. MiddleEast SouthWestAsia Iran بلوچستان",2022-04-26T12:58:20+00:00,8883.0,1442.0,47856.0,18.0,2521.0,27290.0,27290.0,0.0,8883.0,1075.0,8.263256,1.341395,1.0,False,0.0,True,False,False,False,1.0,0.0,none,0.0,1.0,0.0,1.0,36.0,1.0,2.0,187.0,0.0,25.38605,1.0,1.0,1.0,1.0,1.0,0.0,0.0,27289.0,27289.0,19.0,114,6.160194174757281,0,0,0,unverified(4),,1,1,1,1,0
50635701.0,freeman010,freeman010,Morgan شاه,نه خسرو شد آن کس که خس پرورست خسی دیگر و خسروی دیگرست.کند هر پهلوی خسرو نشانی تو خود هم خسروی هم پهلوانی.با جان خسرو خرد باد جفت.ستایش خرد را به از راه داد 卐 ‌,نه خسرو شد آن کس که خس پرورست خسی دیگر و خسروی دیگرست.کند هر پهلوی خسرو نشانی تو خود هم خسروی هم پهلوانی.با جان خسرو خرد باد جفت.ستایش خرد را به از راه داد 卐 ‌,2009-06-25T12:49:23+00:00,37468.0,7456.0,187158.0,67.0,19135.0,145999.0,145999.0,0.0,37468.0,5763.0,6.501475,1.293771,1.0,False,0.0,True,False,False,False,0.0,0.0,none,342.0,299.0,49.0,0.972464,32.07101,5.0,1.230435,357.6565,312938.5,25.33385,0.0,0.0,3.0,7.0,2.0,0.034783,0.052174,424.880117,145309.0,89.64058,159,5.025214592274678,0,3,0,bot(1),1.0,1,1,1,1,1
1.33744e+18,mery202120,mery202120,🎗✡️👑mery2583👑✡️🎗,معتقد به انسانیت و ایران یکپارچه و آزاد وطن پرست👑 #پهلوی 👑✡️ نمیدونم چندمین اکانت تا بازگشت #رضاشاه_دوم هستیم👑 تجزیه طلب❌مجاهد❌عرزشی❌مسلمون❌,معتقد به انسانیت و ایران یکپارچه و آزاد وطن پرست پهلوی نمیدونم چندمین اکانت تا بازگشت رضاشاه_دوم هستیم تجزیه طلبمجاهدعرزشیمسلمون,2020-12-11T16:46:06+00:00,3214.0,3953.0,67072.0,5.0,815.0,39886.0,39886.0,0.0,3214.0,1576.0,2.03934,2.508249,1.0,False,0.0,True,False,False,False,1.0,0.0,none,10.0,3.0,13.0,0.564103,24.07692,2.0,1.538462,23.02564,1195919.0,25.30838,0.0,0.0,4.0,6.0,14.0,0.410256,0.769231,3986.0,39860.0,5.74359,140,0.8130533771818872,4,6,0,human(2),0.0,1,1,1,1,0
1.64009e+18,Azihastam1,azihastam1,آزی هستم,Pharmacist | Interested in Politics | Make Up Artist | Monarchist | Conservative | Tweets are my own opinion,Pharmacist | Interested in Politics | Make Up Artist | Monarchist | Conservative | Tweets are my own opinion,2023-03-26T20:48:26+00:00,4255.0,387.0,71956.0,11.0,1624.0,18751.0,18751.0,0.0,4255.0,741.0,5.74224,0.522267,1.0,False,0.0,False,False,False,False,0.0,0.0,none,14.0,5.0,1.0,1.05,24.05,1.0,1.7,325.05,2431480.0,25.30499,0.0,0.0,1.0,2.0,1.0,0.2,0.2,1337.928571,18731.0,43.35,108,10.994832041343669,0,1,0,human(2),0.0,1,1,1,1,1
7.66564e+17,HHeLLFireeeeee,hhellfireeeeee,HeLLFire🇮🇱☼𓃬,,,2016-08-19T09:15:52+00:00,11015.0,572.0,567472.0,28.0,4547.0,79509.0,79509.0,0.0,11015.0,3151.0,3.495716,0.18153,1.0,False,0.0,True,False,False,False,0.0,0.0,none,11.0,0.0,2.0,0.733333,25.2,2.0,1.4,408.2667,5277493.0,25.23294,0.0,0.0,2.0,2.0,3.0,0.133333,0.133333,7226.909091,79496.0,38.66667,0,19.256993006993007,0,0,0,human(2),0.0,1,1,0,1,0
8.15268e+17,Sepiderashidi,sepiderashidi,🌿Sepideh Rashidy,مخالف آخوند و تفکرات آخوندیسمی و اسلامی و مجاهدین و چپی ، پاینده ایران,مخالف آخوند و تفکرات آخوندیسمی و اسلامی و مجاهدین و چپی ، پاینده ایران,2016-12-31T18:45:49+00:00,3064.0,1954.0,473363.0,5.0,5422.0,75979.0,75979.0,0.0,3064.0,3017.0,1.015578,0.647663,1.0,False,0.0,True,False,False,False,0.0,0.0,none,0.0,1.0,0.0,0.0,18.0,1.0,1.0,3.0,0.0,25.18363,1.0,1.0,1.0,1.0,1.0,0.0,0.0,75978.0,75978.0,0.0,70,1.5680655066530194,0,0,0,can’t find,,1,1,1,1,0
1.01064e+18,NapelOn_daii,napelon_daii,دایی ناپلئون👑,"#KingRezaPahlavi
دوباره میسازمت ای وطن💙👑💙","KingRezaPahlavi
 دوباره میسازمت ای وطن",2018-06-23T21:42:03+00:00,3816.0,1157.0,153793.0,4.0,1976.0,62274.0,62274.0,0.0,3816.0,2478.0,1.539952,0.466909,1.0,False,0.0,True,False,False,False,1.0,0.0,none,37.0,2.0,64.0,0.581967,14.71311,4.0,1.491803,108.4426,492972.8,25.13075,0.0,0.0,4.0,10.0,20.0,0.508197,0.934426,1680.297297,62171.0,29.43443,41,3.298184961106309,0,0,0,human(2),0.0,1,1,1,1,0
1.58846e+18,policenama1401,policenama1401,👑پلیس نما,ای کهنه سرباز زمین، جان جهان ایران‌زمین,ای کهنه سرباز زمین، جان جهان ایران‌زمین,2022-11-04T09:08:09+00:00,5091.0,3230.0,60888.0,8.0,3725.0,22186.0,22186.0,0.0,5091.0,883.0,5.765572,3.657984,1.0,False,0.0,False,False,False,False,0.0,0.0,none,11.0,0.0,3.0,0.904762,20.19048,2.0,2.285714,357.0952,3411152.0,25.12571,0.0,0.0,4.0,6.0,8.0,0.190476,0.285714,2015.636364,22172.0,63.42857,39,1.5761609907120744,0,4,0,human(2),0.0,1,1,1,1,0
1.33408e+18,DavariAbdolreza,davariabdolreza,عبدالرضا داوری 🇮🇷,پدر آئین و آوین، کارشناس ارشد تبدیل انرژی، دکتری اقتصاد، پژوهشگر اقتصاد سیاسی، تاریخ و OSINT، فلسفه خوان، ایرانگرا، توسعه گرا، طرفدار حکمرانی مقتدر و تکنوکرات,پدر آئین و آوین، کارشناس ارشد تبدیل انرژی، دکتری اقتصاد، پژوهشگر اقتصاد سیاسی، تاریخ و OSINT، فلسفه خوان، ایرانگرا، توسعه گرا، طرفدار حکمرانی مقتدر و تکنوکرات,2020-12-02T10:03:13+00:00,52228.0,879.0,128200.0,231.0,9342.0,39810.0,39810.0,0.0,52228.0,1585.0,32.95142,0.554574,1.0,False,0.0,True,False,False,False,0.0,0.0,none,1.0,0.0,0.0,1.0,22.0,1.0,1.0,423.0,0.0,25.11672,2.0,2.0,2.0,2.0,2.0,0.0,0.0,39809.0,39809.0,27.0,158,59.41751990898749,0,0,0,human(2),0.0,1,1,1,1,1
1.02112e+18,daystar98173834,daystar98173834,Day Star⭐️👑,#جاویدشاه #بازگشت_به_مشروطه #KingRezaPahlavi👑,جاویدشاه بازگشت_به_مشروطه KingRezaPahlavi,2018-07-22T20:08:16+00:00,7819.0,1482.0,240507.0,16.0,1513.0,61465.0,61465.0,0.0,7819.0,2449.0,3.192732,0.605145,1.0,False,0.0,True,False,False,False,1.0,0.0,none,112.0,25.0,8.0,0.966887,29.71523,1.0,2.125828,141.3642,683964.9,25.098,0.0,0.0,4.0,4.0,7.0,0.086093,0.211921,547.5,61320.0,50.7947,45,5.275978407557355,0,8,0,bot(1),1.0,1,1,1,1,0
1.2259e+18,Fariba60867811,fariba60867811,Fariba,در وطن من، بر سر دار می‌رود سر بیدار ! با افتخار براندازم,در وطن من، بر سر دار می‌رود سر بیدار ! با افتخار براندازم,2020-02-07T22:05:53+00:00,7665.0,6158.0,108011.0,6.0,2723.0,47255.0,47255.0,0.0,7665.0,1884.0,4.068471,3.268577,1.0,False,0.0,True,False,False,False,0.0,0.0,none,1.0,2.0,1.0,0.5,14.0,2.0,1.25,173.5,8745802.0,25.08227,0.0,0.0,1.0,1.0,1.0,0.25,1.0,47251.0,47251.0,37.25,57,1.2447223124391036,0,8,0,human(2),0.0,1,1,1,1,1
8.7842e+17,StupidJalal,stupidjalal,جلال آل احمقِ بیشعور,"ورود عرزشی،مجاهد،اسهال‌طلب، تجزیه‌طلب و چپول ممنوع⛔

برای ایرانی آزاد و آباد
#ملی_گرا✌","ورود عرزشی،مجاهد،اسهال‌طلب، تجزیه‌طلب و چپول ممنوع
 
 برای ایرانی آزاد و آباد
 ملی_گرا",2017-06-24T01:12:11+00:00,3796.0,3029.0,111168.0,2.0,1620.0,70746.0,70746.0,0.0,3796.0,2842.0,1.335679,1.065799,1.0,False,0.0,True,False,False,False,1.0,0.0,none,1.0,0.0,1.0,1.0,15.5,2.0,2.0,4.5,42076.0,24.89303,0.0,1.0,1.0,1.0,1.0,0.0,1.0,70744.0,70744.0,1.5,86,1.2532188841201717,0,0,0,human(2),0.0,1,1,1,1,1
1.32415e+18,zahra_hp_1,zahra_hp_1,Zahra Hooshyar,متروک بنت مغرور !,متروک بنت مغرور !,2020-11-05T00:36:44+00:00,8362.0,3365.0,39334.0,6.0,126.0,40072.0,40072.0,0.0,8362.0,1612.0,5.187345,2.087469,1.0,False,0.0,True,False,False,False,0.0,0.0,none,1.0,0.0,0.0,1.0,21.0,1.0,0.0,2770.0,0.0,24.85856,2.0,2.0,2.0,2.0,2.0,0.0,0.0,40071.0,40071.0,88.0,17,2.484992570579495,0,1,0,unverified(4),,1,1,1,1,0
8.27093e+17,_AshkAval_,_ashkaval_,_ اشک اول _,👑 پادشاهی خواهم و ارائه دهنده اولین هشتگ انگلیسی در حمایت از شاهزاده رضا پهلوی #WeStandWithPahlavi و همچنین طرح #خیزش_محله_محور,پادشاهی خواهم و ارائه دهنده اولین هشتگ انگلیسی در حمایت از شاهزاده رضا پهلوی WeStandWithPahlavi و همچنین طرح خیزش_محله_محور,2017-02-02T09:55:16+00:00,30191.0,28977.0,167836.0,34.0,1246.0,73923.0,73923.0,0.0,30191.0,2984.0,10.11763,9.710791,1.0,False,0.0,True,False,False,False,1.0,0.0,none,20.0,1.0,22.0,0.388889,25.7963,3.0,2.407407,145.3519,2306384.0,24.77312,0.0,0.0,4.0,6.0,12.0,0.518519,0.592593,3694.0,73880.0,33.44444,127,1.041895296269455,0,0,0,human(2),0.0,1,1,1,1,0
1.55564e+18,shararehtalaeii,shararehtalaeii,𝕊𝕙𝕒𝕣𝕒𝕣𝕖𝕙 𝕋𝕒𝕝𝕒𝕖𝕚,جاوید شاه شاهان، جاوید مُلكِ ایران,جاوید شاه شاهان، جاوید مُلكِ ایران,2022-08-05T19:48:03+00:00,11441.0,3169.0,42017.0,14.0,3065.0,23781.0,23781.0,0.0,11441.0,974.0,11.74641,3.253593,1.0,False,0.0,True,False,False,False,0.0,0.0,none,279.0,86.0,33.0,0.962406,38.58897,3.0,2.385965,257.213,192123.4,24.41581,0.0,0.0,2.0,9.0,2.0,0.390977,0.684211,83.81003584,23383.0,85.71429,34,3.610287156831808,0,0,0,human(2),0.0,1,1,1,1,1
1.51885e+18,saraa22shz,saraa22shz,👑جاویدشاه👑,پادشاهیخواه  #جاویدشاه,پادشاهیخواه جاویدشاه,2022-04-26T07:15:46+00:00,15392.0,4641.0,48129.0,6.0,200.0,26178.0,26178.0,0.0,15392.0,1075.0,14.31814,4.317209,1.0,False,0.0,False,False,False,False,1.0,0.0,none,31.0,1.0,1.0,0.828571,19.11429,1.0,1.314286,324.4286,1544129.0,24.35163,0.0,0.0,4.0,5.0,3.0,0.314286,0.314286,843.3870968,26145.0,73.6,22,3.316526610644258,0,2,0,can’t find,,1,1,1,1,0
9.59882e+17,Omidam_Hamin,omidam_hamin,اُمیدالمُلک💚🤍❤️,آنانی که فکر میکنند که داناترین مردمانند،معمولا نادان ترین مردمانند(سقراط)...آنجا که دین هست،خرد نیست.آنجا که خرد هست،دین نیست...,آنانی که فکر میکنند که داناترین مردمانند،معمولا نادان ترین مردمانند(سقراط)...آنجا که دین هست،خرد نیست.آنجا که خرد هست،دین نیست...,2018-02-03T20:11:23+00:00,3017.0,2645.0,131028.0,6.0,8917.0,63722.0,63722.0,0.0,3017.0,2618.0,1.152406,1.010313,1.0,False,0.0,True,False,False,False,0.0,0.0,none,0.0,0.0,4.0,0.0,38.0,1.0,1.5,3.5,212722.0,24.33995,0.0,0.0,2.0,2.0,1.0,1.0,1.0,63718.0,63718.0,0.0,129,1.1406427221172022,0,0,0,human(2),0.0,1,1,1,1,0
7.4266e+17,protester0101,protester0101,(Disciple of Lech Walesa) لِخ وآلِسا انقلابی,"راه صحیح آگاهی است و درستکاری
فدای آرمان ایران آزاد و آباد ❤️
دموکراسی لاییک
اقتصاد لیبرال
حمایت سوسیال","راه صحیح آگاهی است و درستکاری
 فدای آرمان ایران آزاد و آباد 
 دموکراسی لاییک
 اقتصاد لیبرال
 حمایت سوسیال",2016-06-14T10:08:48+00:00,8655.0,1761.0,419061.0,32.0,6626.0,77948.0,77948.0,0.0,8655.0,3217.0,2.690395,0.547404,0.0,False,0.0,True,False,False,False,0.0,0.0,none,1.0,0.0,1.0,1.5,51.0,1.0,0.5,80.0,32286614.0,24.23003,0.0,0.0,1.0,1.0,1.0,0.5,0.5,77946.0,77946.0,21.0,103,4.914821124361159,0,4,0,human(2),0.0,1,1,1,1,1
1.36597e+18,Saraab23734615,saraab23734615,👑Saraab👑,👑نوربرتاریکی پیروز است #جاویدشاه👑,نوربرتاریکی پیروز است جاویدشاه,2021-02-28T10:14:55+00:00,5457.0,5275.0,108942.0,1.0,572.0,36035.0,36035.0,0.0,5457.0,1497.0,3.645291,3.523714,1.0,False,0.0,False,False,False,False,1.0,0.0,none,12.0,4.0,118.0,0.169492,11.44068,4.0,1.666667,21.22599,134912.8,24.07148,0.0,0.0,8.0,22.0,44.0,0.632768,1.146893,2991.75,35901.0,5.757062,33,1.0345023696682465,0,8,0,unverified(4),,1,1,1,1,0
1.21831e+18,TNitrT,tnitrt,تری نیترو تولوئن 🔆𓄂👑,همه در هوای فریدون بُدند.....که از درد ضحاک پرخون بُدند,همه در هوای فریدون بُدند.....که از درد ضحاک پرخون بُدند,2020-01-17T23:03:26+00:00,5477.0,2428.0,95917.0,8.0,1772.0,45820.0,45820.0,0.0,5477.0,1905.0,2.875066,1.274541,1.0,False,0.0,True,False,False,False,0.0,0.0,none,7.0,1.0,4.0,0.666667,18.0,3.0,1.083333,205.0833,7206716.0,24.05249,0.0,0.0,2.0,3.0,1.0,0.166667,0.5,6544.0,45808.0,65.0,55,2.2557660626029654,0,0,0,human(2),0.0,1,1,1,1,0
1.34529e+18,BELOVEDIRAAAAN,belovediraaaan,INTER‏🌏News𓄂𓆃Iran🌑,پوشش دهنده اخبار ايران_اسراييل از منابع موثق عبري ⬅️ @PahlaviReza ➕#پرچم_شيروخورشيد #تاجدار ➡️,پوشش دهنده اخبار ايران_اسراييل از منابع موثق عبري @PahlaviReza پرچم_شيروخورشيد تاجدار,2021-01-02T08:27:43+00:00,5327.0,100.0,21807.0,23.0,4929.0,37116.0,37116.0,0.0,5327.0,1554.0,3.427928,0.06435,1.0,False,0.0,True,False,False,False,1.0,0.0,none,1.0,1.0,0.0,0.5,10.0,1.0,2.0,182.5,2163263.0,23.88417,0.0,0.0,1.0,1.0,1.0,0.0,0.0,37114.0,37114.0,22.0,94,53.27,0,0,0,human(2),0.0,1,1,1,1,0
1.52633e+18,abelbalb,abelbalb,Abel,,,2022-05-16T22:33:14+00:00,3100.0,991.0,40424.0,7.0,3218.0,25196.0,25196.0,0.0,3100.0,1055.0,2.938389,0.939336,1.0,False,0.0,True,False,False,False,0.0,0.0,none,0.0,0.0,1.0,1.0,16.0,1.0,1.0,4.0,0.0,23.88246,1.0,1.0,1.0,1.0,1.0,0.0,2.0,25195.0,25195.0,0.0,0,3.1281533804238144,0,0,0,human(2),0.0,1,1,0,1,1
9.5974e+17,EboshiJasmine,eboshijasmine,Eboshi__J 🎗,"Le doute est stérile la crainte est servile
 _Saint John Perse_ @PahlaviReza","Le doute est stérile la crainte est servile
  _Saint John Perse_ @PahlaviReza",2018-02-03T10:47:47+00:00,4045.0,3022.0,134706.0,3.0,5325.0,62309.0,62309.0,0.0,4045.0,2618.0,1.545073,1.154316,1.0,False,0.0,True,False,True,False,0.0,0.0,none,0.0,1.0,7.0,0.75,17.75,2.0,2.166667,15.0,156751.9,23.80023,0.0,0.0,2.0,4.0,5.0,0.583333,0.916667,62301.0,62301.0,4.333333,76,1.3385175380542687,0,0,0,human(2),0.0,1,1,1,1,0
1.07589e+18,negannegan55,negannegan55,نگان,عاشقی از دیار پهلوی,عاشقی از دیار پهلوی,2018-12-20T23:20:08+00:00,7155.0,2376.0,54654.0,18.0,5451.0,54619.0,54619.0,0.0,7155.0,2298.0,3.113577,1.033943,1.0,False,0.0,True,False,False,False,0.0,0.0,none,131.0,1.0,7.0,0.953333,18.34667,1.0,1.693333,412.14,702583.1,23.76806,0.0,0.0,4.0,10.0,12.0,0.073333,0.093333,415.8778626,54480.0,88.04667,19,3.0113636363636362,0,2,0,human(2),0.0,1,1,1,1,1
1.05266e+18,PeaceHappyJoy,peacehappyjoy,Roya,"Seeker, Adventurer, Physician, Motivational Healer, Earth Traveler, Spreading Consciousness, Happiness!
آگاه، دانا، همبسته و شجاع، ایرانی شاد و شاهنشاهی میسازیم","Seeker, Adventurer, Physician, Motivational Healer, Earth Traveler, Spreading Consciousness, Happiness!
 آگاه، دانا، همبسته و شجاع، ایرانی شاد و شاهنشاهی میسازیم",2018-10-17T20:38:21+00:00,12074.0,4096.0,62162.0,13.0,8957.0,56006.0,56006.0,0.0,12074.0,2362.0,5.11177,1.734124,1.0,False,0.0,True,False,False,False,0.0,0.0,none,22.0,9.0,7.0,1.04,58.46,4.0,1.32,564.12,882008.2,23.71126,0.0,0.0,2.0,8.0,13.0,0.08,0.12,2544.0,55968.0,125.32,160,2.94775390625,0,0,0,human(2),0.0,1,1,1,1,0
1.62593e+18,starbombaIR,starbombair,‌ʕ⁠´⁠•⁠ ⁠ᴥ⁠•̥⁠`⁠ʔ⁩,"چو دوست دشمن است ..... شکایت از کجا بریم؟

/عمو نیستم ، دایی صدام کنید/خلبان مملکت ✈️🛫/ 🇷🇺🇮🇷/💔squawk 7600","چو دوست دشمن است ..... شکایت از کجا بریم؟
 
 /عمو نیستم ، دایی صدام کنید/خلبان مملکت / /squawk 7600",2023-02-15T18:47:13+00:00,3639.0,7290.0,15224.0,3.0,2911.0,18482.0,18482.0,0.0,3639.0,780.0,4.665385,9.346154,1.0,False,0.0,False,False,False,False,0.0,1.0,none,5.0,3.0,22.0,0.225,6.4,4.0,1.05,5.45,115941.3,23.69487,0.0,0.0,6.0,8.0,11.0,0.7,0.75,3690.4,18452.0,0.05,105,0.4991769547325103,0,0,0,human(2),0.0,1,1,1,1,0
1.53501e+18,LoabatK,loabatk,Loabat,TG-https://t.co/JHA6OVOMhq Y-https://t.co/6pDSMrkmNt IG-https://t.co/t8FYFMu9IX,TG- Y- IG-,2022-06-09T21:34:17+00:00,13870.0,1639.0,128099.0,26.0,2143.0,24409.0,24409.0,0.0,13870.0,1031.0,13.45296,1.589719,1.0,False,0.0,True,False,False,False,0.0,1.0,none,2.0,0.0,0.0,1.0,9.5,1.0,2.0,584.5,2050.5,23.67507,0.0,4.0,2.0,4.0,3.0,0.0,0.0,12203.5,24407.0,102.0,79,8.46247712019524,0,0,1,human(2),0.0,1,1,1,1,1
7.14591e+17,DarkSheepRise,darksheeprise,ببعی تنهای شب(اوباشگر)🇪🇸,نماینده منتخب مردم در شورای ائتلافی گذار از جمهوری اسلامی .,نماینده منتخب مردم در شورای ائتلافی گذار از جمهوری اسلامی .,2016-03-28T23:13:02+00:00,4651.0,1262.0,91436.0,13.0,4334.0,77881.0,77881.0,0.0,4651.0,3295.0,1.411533,0.383005,1.0,False,0.0,True,False,False,False,0.0,0.0,none,0.0,1.0,0.0,1.0,20.0,1.0,0.0,931.0,0.0,23.63612,1.0,1.0,1.0,1.0,1.0,0.0,0.0,77880.0,77880.0,114.0,59,3.685419968304279,0,0,0,human(2),0.0,1,1,1,1,1
1.36891e+18,Roobahyab1,roobahyab1,روباه یاب,"روباه یاب نماد خیزش ملی و حرکت خود جوش ملت ایران است.
ما میدانیم که جمهوری اسلامی به سادگی نخواهد رفت وبرای سرنگونی آن با زور و اراده و برای ایران مبارزه میکنیم","روباه یاب نماد خیزش ملی و حرکت خود جوش ملت ایران است.
 ما میدانیم که جمهوری اسلامی به سادگی نخواهد رفت وبرای سرنگونی آن با زور و اراده و برای ایران مبارزه میکنیم",2021-03-08T13:01:29+00:00,22883.0,22352.0,37411.0,19.0,7107.0,35184.0,35184.0,0.0,22883.0,1489.0,15.36803,15.01142,1.0,False,0.0,False,False,False,False,0.0,0.0,none,3.0,0.0,0.0,1.0,46.33333,1.0,2.0,130.0,1874356.0,23.62928,0.0,0.0,1.0,1.0,1.0,0.0,0.0,11727.0,35181.0,50.33333,160,1.0237562634216177,0,1,0,human(2),0.0,1,1,1,1,1
8.39015e+17,Birdofpeacelove,birdofpeacelove,DRJJ,"A free bird flew over countries across the globe. Got more education, gained more skills and experiences in many subjects and places. Seeking peace&prosperity!","A free bird flew over countries across the globe. Got more education, gained more skills and experiences in many subjects and places. Seeking peace&prosperity!",2017-03-07T07:29:00+00:00,10099.0,7434.0,134794.0,8.0,11069.0,69501.0,69501.0,0.0,10099.0,2951.0,3.42223,2.519146,1.0,False,0.0,True,False,False,False,0.0,0.0,none,6.0,7.0,4.0,1.473684,25.78947,3.0,1.526316,18.94737,5041537.0,23.55168,0.0,0.0,2.0,4.0,3.0,0.578947,0.894737,11580.66667,69484.0,4.105263,159,1.3584880279795535,0,0,0,human(2),0.0,1,1,1,1,1
1.64144e+18,jabijoon26588,jabijoon26588,ASMANY.JAViD,"#بسم_شاه_رحمان_رحیم
MADE IN TAGHUT
              COMEBACK TO FILICITA🔜👑PAHLAVI","بسم_شاه_رحمان_رحیم
 MADE IN TAGHUT
  COMEBACK TO FILICITAPAHLAVI",2023-03-30T13:45:50+00:00,5021.0,1591.0,291155.0,1.0,1839.0,17353.0,17353.0,0.0,5021.0,737.0,6.812754,2.158752,1.0,False,0.0,False,False,False,False,1.0,0.0,none,121.0,5.0,39.0,0.702439,16.08293,4.0,1.629268,252.0878,371980.0,23.54545,0.0,0.0,10.0,18.0,41.0,0.17561,0.443902,142.0495868,17188.0,26.4,78,3.155876807039598,0,5,0,bot(1),1.0,1,1,1,1,0
1.68474e+18,ariamehr104,ariamehr104,آریامهر(aryamehrpahlavi),خدایگان ایرانزمین خاندان ایرانساز ‌پهلوی و تمام دنبال کسی دیگر و دلسوزی نباشید,خدایگان ایرانزمین خاندان ایرانساز ‌پهلوی و تمام دنبال کسی دیگر و دلسوزی نباشید,2023-07-28T01:55:16+00:00,3682.0,3768.0,20923.0,1.0,502.0,14502.0,14502.0,0.0,3682.0,617.0,5.967585,6.106969,1.0,False,0.0,False,False,False,False,0.0,0.0,none,6.0,0.0,10.0,0.352941,20.23529,3.0,1.647059,13.70588,2369536.0,23.50405,0.0,0.0,3.0,5.0,2.0,0.294118,2.294118,2414.333333,14486.0,3.470588,78,0.977176220806794,0,3,0,human(2),0.0,1,1,1,1,0
1.35626e+18,Addison77866447,addison77866447,👑Addison,"پهلوی❤️

⛔️عرزشی 
اصلاح طلب
مجاهد
تجزیه طلب","پهلوی
 
 عرزشی 
 اصلاح طلب
 مجاهد
 تجزیه طلب",2021-02-01T15:29:23+00:00,7510.0,5774.0,100222.0,2.0,1048.0,35676.0,35676.0,0.0,7510.0,1524.0,4.927822,3.788714,1.0,False,0.0,True,False,False,False,0.0,0.0,none,25.0,2.0,28.0,0.828571,16.22857,4.0,1.128571,155.6571,1581641.0,23.40945,0.0,0.0,4.0,6.0,16.0,0.314286,1.085714,1424.84,35621.0,30.21429,43,1.3006581226186353,0,8,0,human(2),0.0,1,1,1,1,0
1.02064e+18,vanheda97,vanheda97,💙👑VANHEDA👑💙,"بنام #ایران ،
♡ #بلوچستان♡ 
👑
میسازیمت_وطن
👑#براندازم 
👑برای
#اتحاد_پادشاهی_خواهان
#KingRezaPahlavi
👑
@PahlaviReza
پاینده ایران #جاویدشاه","بنام ایران ،
 ♡ بلوچستان♡ 
 
 میسازیمت_وطن
 براندازم 
 برای
 اتحاد_پادشاهی_خواهان
 KingRezaPahlavi
 
 @PahlaviReza
 پاینده ایران جاویدشاه",2018-07-21T12:11:13+00:00,12327.0,4258.0,34596.0,6.0,1262.0,57189.0,57189.0,0.0,12327.0,2450.0,5.031429,1.737959,1.0,False,0.0,True,False,False,False,1.0,0.0,none,18.0,2.0,1.0,0.666667,25.85714,1.0,2.904762,353.4286,1473497.0,23.34245,0.0,0.0,2.0,3.0,1.0,0.047619,0.047619,3176.0,57168.0,109.9524,137,2.895021136683889,0,2,0,human(2),0.0,1,1,1,1,1
1.57196e+18,jwd06342045,jwd06342045,#جاوید_شاه _تا_ابد,"تاابدپادشاهی.جاویدرضاشاه دوم
دایرکت=بلاک","تاابدپادشاهی.جاویدرضاشاه دوم
 دایرکت=بلاک",2022-09-19T20:29:20+00:00,4415.0,3799.0,42037.0,2.0,921.0,21672.0,21672.0,0.0,4415.0,929.0,4.752422,4.089343,1.0,False,0.0,False,False,False,False,0.0,0.0,none,4.0,2.0,12.0,0.181818,4.409091,4.0,1.045455,84.5,3321925.0,23.32831,0.0,0.0,6.0,6.0,6.0,0.681818,0.772727,5413.5,21654.0,12.36364,40,1.1621479336667544,0,8,0,human(2),0.0,1,1,1,1,0
1.76006e+18,azarthepersian,azarthepersian,آتور,آتشی برای سوزاندن اهریمنان سرخ و سیاه در پهنه  ایران,آتشی برای سوزاندن اهریمنان سرخ و سیاه در پهنه ایران,2024-02-20T22:11:33+00:00,4354.0,1490.0,38435.0,4.0,1112.0,9552.0,9552.0,0.0,4354.0,410.0,10.61951,3.634146,1.0,False,0.0,False,False,False,False,0.0,0.0,none,5.0,3.0,2.0,0.636364,27.18182,1.0,1.0,461.7273,2186066.0,23.29756,0.0,0.0,2.0,2.0,2.0,0.0,0.0,1908.4,9542.0,66.90909,52,2.9221476510067115,0,0,0,human(2),0.0,1,1,1,1,1
1.49837e+18,Arezoo_8060,arezoo_8060,🍁𝓐𝓡𝓔𝓩𝓞𝓞🥀,"تقدیر ،تقویم افراد عادیست و تغییر تدبیر افراد عالی.
 هیچ دلیلی برای اتحاد با عرزشی و مجاهدین نمی بینم، با افتخار پادشاهیخواهم .  #kingRezaPahlavi @pahlavirez","تقدیر ،تقویم افراد عادیست و تغییر تدبیر افراد عالی.
  هیچ دلیلی برای اتحاد با عرزشی و مجاهدین نمی بینم، با افتخار پادشاهیخواهم . kingRezaPahlavi @pahlavirez",2022-02-28T19:00:11+00:00,10157.0,4448.0,38742.0,3.0,768.0,26233.0,26233.0,0.0,10157.0,1132.0,8.972615,3.929329,1.0,False,0.0,True,False,False,False,1.0,0.0,none,14.0,0.0,5.0,0.65,27.55,1.0,2.5,273.5,4496584.0,23.17403,0.0,0.0,2.0,2.0,2.0,0.2,0.2,1872.428571,26214.0,59.0,157,2.283498201438849,0,4,0,human(2),0.0,1,1,1,1,0
9.81471e+17,keyonek1,keyonek1,K1 🦁☀️,"رضاشاه روحت شاد
    #مجیدرضا_رهنورد #جاویدشاه","رضاشاه روحت شاد
  مجیدرضا_رهنورد جاویدشاه",2018-04-04T09:59:12+00:00,6066.0,277.0,141049.0,20.0,2472.0,59063.0,59063.0,0.0,6066.0,2558.0,2.371384,0.108288,1.0,False,0.0,True,False,False,False,1.0,0.0,none,0.0,0.0,1.0,0.0,6.0,1.0,1.0,1.0,0.0,23.08952,1.0,1.0,1.0,1.0,1.0,1.0,1.0,59062.0,59062.0,0.0,45,21.898916967509024,1,1,0,human(2),0.0,1,1,1,1,0
22495731.0,AlArabiya_Fa,alarabiya_fa,العربیه فارسی,العربيه فارسى به عنوان بخشی از شبكه العربيه در سال 2008 راه‌اندازی شد.,العربيه فارسى به عنوان بخشی از شبكه العربيه در سال 2008 راه‌اندازی شد.,2009-03-02T15:44:22+00:00,454536.0,47.0,3.0,864.0,38101.0,135546.0,135546.0,0.0,454536.0,5878.0,77.32834,0.007996,0.0,False,0.0,False,False,False,False,0.0,1.0,regular,1.0,0.0,0.0,1.0,21.0,1.0,0.0,76.0,0.0,23.05988,1.0,1.0,1.0,1.0,1.0,0.0,0.0,135545.0,135545.0,17.0,70,9670.978723404256,0,0,0,News Agent(3),,1,1,1,1,1
1.57143e+18,Hossein_68_38,hossein_68_38,👑 جومونگ 👑,"🌈به نام خداوند رنگین کمان🌈

‼️ورود عرزشی ممنوع‼️⛔

ضد ساس

⭕مجهز به انفالو یاب⭕

بک سرعتی و قدرتی","به نام خداوند رنگین کمان
 
 ورود عرزشی ممنوع
 
 ضد ساس
 
 مجهز به انفالو یاب
 
 بک سرعتی و قدرتی",2022-09-18T09:19:45+00:00,13751.0,11647.0,37850.0,4.0,1747.0,21404.0,21404.0,0.0,13751.0,930.0,14.78602,12.52366,1.0,False,0.0,True,False,False,False,0.0,0.0,none,11.0,1.0,7.0,0.684211,23.57895,3.0,1.947368,78.31579,2284033.0,23.01505,0.0,0.0,5.0,5.0,1.0,0.368421,0.736842,1944.090909,21385.0,28.89474,97,1.1806473770069545,0,4,0,human(2),0.0,1,1,1,1,0
1.29273e+18,steveimcqueen,steveimcqueen,مک کوئین,"بیو چیه دیگه، ما خودمون معرفی نامه مذگان شفاهی همراه با نون اضافه داریم.
عرزشی⛔⛔
#جاویدشاه
patriot
#ننگ_بر_ارتجاع_غالب_و_ارتجاع_مغلوب","بیو چیه دیگه، ما خودمون معرفی نامه مذگان شفاهی همراه با نون اضافه داریم.
 عرزشی
 جاویدشاه
 patriot
 ننگ_بر_ارتجاع_غالب_و_ارتجاع_مغلوب",2020-08-10T07:58:49+00:00,4711.0,980.0,198089.0,5.0,1070.0,39038.0,39038.0,0.0,4711.0,1699.0,2.772808,0.57681,1.0,False,0.0,False,False,False,False,1.0,0.0,none,81.0,4.0,2.0,0.775281,21.78652,2.0,1.640449,379.2809,709034.8,22.97705,0.0,0.0,2.0,2.0,3.0,0.05618,0.05618,480.8765432,38951.0,62.62921,133,4.807142857142857,0,0,0,human(2),0.0,1,1,1,1,0
2448586596.0,RezaSensourfree,rezasensourfree,@Rezasensourfree,"Long Live #KingRezaPahlavi 
دنیا به شایستگی هایت پاسخ میدهد نه به آرزوهایت. پس شایسته آرزوهایت باش","Long Live KingRezaPahlavi 
 دنیا به شایستگی هایت پاسخ میدهد نه به آرزوهایت. پس شایسته آرزوهایت باش",2014-04-17T02:39:35+00:00,4104.0,4267.0,105148.0,3.0,2479.0,91981.0,91981.0,0.0,4104.0,4006.0,1.024463,1.065152,1.0,False,0.0,True,False,False,False,1.0,0.0,none,1.0,152.0,9.0,0.01087,12.875,8.0,1.586957,1.543478,601531.8,22.96081,0.0,0.0,28.0,45.0,23.0,0.021739,0.103261,91819.0,91819.0,0.228261,98,0.9617998593859854,0,0,0,human(2),0.0,1,1,1,1,0
8.18202e+17,nesbyat,nesbyat,Mantegh,آزادی,آزادی,2017-01-08T21:04:30+00:00,767.0,1012.0,265402.0,0.0,56.0,68980.0,68980.0,0.0,767.0,3009.0,0.254902,0.336324,1.0,False,0.0,True,False,False,False,0.0,0.0,none,0.0,0.0,1.0,0.0,37.0,1.0,3.0,1.0,0.0,22.92456,1.0,1.0,1.0,1.0,1.0,1.0,1.0,68979.0,68979.0,0.0,5,0.7579051383399209,0,0,0,human(2),0.0,1,1,1,1,0
1.02962e+18,siahylashkar,siahylashkar,👑(سیاهی لشکر)👑,ضد انقلاب، مفتخر به داشتن شناسنامه ی شاهنشاهی، در تلاش برای #بازگشت_به_مشروطه با شعار #جاویدشاه,ضد انقلاب، مفتخر به داشتن شناسنامه ی شاهنشاهی، در تلاش برای بازگشت_به_مشروطه با شعار جاویدشاه,2018-08-15T06:26:48+00:00,3226.0,1973.0,179648.0,5.0,678.0,55491.0,55491.0,0.0,3226.0,2425.0,1.330309,0.813608,1.0,False,0.0,True,False,False,False,1.0,0.0,none,3.0,0.0,3.0,0.166667,18.16667,1.0,1.166667,28.33333,15984264.0,22.88289,0.0,0.0,1.0,1.0,1.0,0.5,0.5,18495.0,55485.0,6.0,95,1.6350734921439432,0,0,0,human(2),0.0,1,1,1,1,0
1.6136e+18,Pirooz25372,pirooz25372,Pirooz,"👑#جاویدشاه👑 آتئیست ، Divergent , Atheist٪💯 (از جمهوری-اسلامی و پلشتین و ۵۷ی ها متنفرم!) #ننگ_بر_سه_فاسد_ملا_چپی_مجاهد #KingRezaPahlavi","جاویدشاه آتئیست ، Divergent , Atheist٪ (از جمهوری-اسلامی و پلشتین و ۵۷ی ها متنفرم!) ننگ_بر_سه_فاسد_ملا_چپی_مجاهد KingRezaPahlavi",2023-01-12T18:05:22+00:00,3486.0,2640.0,28293.0,8.0,1158.0,18608.0,18608.0,0.0,3486.0,814.0,4.282555,3.243243,1.0,False,0.0,False,False,False,False,1.0,1.0,none,23.0,4.0,42.0,0.369863,17.30137,6.0,1.383562,142.726,557218.5,22.85995,0.0,0.0,3.0,9.0,5.0,0.369863,0.931507,806.0434783,18539.0,17.28767,134,1.3204545454545455,0,5,0,human(2),0.0,1,1,1,1,0
1.11686e+18,NahidGhani,nahidghani,Nahid Ghani,"رسانه افیون توده‌هاست. 
آبان۹۸ خط قرمز ماست. 
 پارلر @Ghani_nahid
 گب @Ghnnhd","رسانه افیون توده‌هاست. 
 آبان۹۸ خط قرمز ماست. 
  پارلر @Ghani_nahid
  گب @Ghnnhd",2019-04-13T00:13:04+00:00,22131.0,494.0,121998.0,42.0,2678.0,49837.0,49837.0,0.0,22131.0,2184.0,10.13324,0.22619,1.0,False,0.0,True,False,False,False,0.0,1.0,none,12.0,4.0,0.0,0.375,32.4375,2.0,1.375,534.6875,5290986.0,22.81914,0.0,0.0,1.0,2.0,1.0,0.0,0.0,4151.75,49821.0,90.0,77,44.79959514170041,0,0,0,human(2),0.0,1,1,1,1,1
3255293815.0,charlychaplin25,charlychaplin25,چارلی,(فالو = فالو)زندگی نامه من  جنگیدن برای آزادی و نابودی اخوند بسیجی ساندیسی برای ارامش روح همه کشته شدگان انقلابمون. درود برخاندان پهلوی #جاوید_شاه_رمز پیروزی,(فالو = فالو)زندگی نامه من جنگیدن برای آزادی و نابودی اخوند بسیجی ساندیسی برای ارامش روح همه کشته شدگان انقلابمون. درود برخاندان پهلوی جاوید_شاه_رمز پیروزی,2015-06-25T04:55:01+00:00,1532.0,1420.0,86298.0,2.0,79.0,81353.0,81353.0,0.0,1532.0,3572.0,0.428891,0.397536,1.0,False,0.0,True,False,False,False,1.0,0.0,none,0.0,0.0,62.0,0.0,7.645161,4.0,1.064516,0.725806,4881.919,22.7752,0.0,0.0,29.0,38.0,3.0,0.822581,1.258065,81291.0,81291.0,0.032258,157,1.0788732394366196,0,2,0,bot(1),1.0,1,1,1,1,1
4847086839.0,ahampay,ahampay,Arash Hampay آرش همپای,"Freedom for Iran. 
نوربرتاریکی‌پیروزاست.","Freedom for Iran. 
 نوربرتاریکی‌پیروزاست.",2016-01-25T22:36:44+00:00,25338.0,397.0,166223.0,73.0,10243.0,76418.0,76418.0,0.0,25338.0,3358.0,7.545563,0.118225,1.0,False,0.0,True,False,False,False,0.0,0.0,none,18.0,0.0,0.0,0.909091,18.81818,2.0,1.136364,563.4091,819322.9,22.757,0.0,0.0,2.0,6.0,5.0,0.0,0.181818,4244.444444,76400.0,96.04545,40,63.82367758186398,0,0,0,human(2),0.0,1,1,1,1,1
1.04104e+18,Scorpionofiran1,scorpionofiran1,▄︻̷̿┻̿═━一👑SȻØɌⱣƗØN ØF ƗɌȺN👑╾━╤デ╦︻,"در کف مردانگی شمشیر می باید گرفت 
حق خود را از دهان شیر می باید گرفت","در کف مردانگی شمشیر می باید گرفت 
 حق خود را از دهان شیر می باید گرفت",2018-09-15T19:00:18+00:00,4333.0,1068.0,54078.0,12.0,5782.0,54359.0,54359.0,0.0,4333.0,2394.0,1.809942,0.446115,1.0,False,0.0,True,False,False,False,0.0,0.0,none,0.0,0.0,2.0,0.0,33.0,1.0,1.0,1.0,57000.5,22.70635,0.0,1.0,1.0,1.0,1.0,0.5,1.5,54357.0,54357.0,0.0,68,4.057116104868914,0,1,0,human(2),0.0,1,1,1,1,0
1080647556.0,adam_hesabi,adam_hesabi,♣️Adamhesabi♣️,"باز اَر چه گاه گاهی بَر سَر نَهد کُلاهی ، مرغانِ قاف دانند آیینِ پادشاهی 👑 / 

 https://t.co/YILiB9kf2t",باز اَر چه گاه گاهی بَر سَر نَهد کُلاهی ، مرغانِ قاف دانند آیینِ پادشاهی /,2013-01-11T19:14:03+00:00,25077.0,1011.0,292344.0,21.0,6493.0,100533.0,100533.0,0.0,25077.0,4467.0,5.613835,0.226326,1.0,False,0.0,False,False,False,False,0.0,1.0,none,365.0,73.0,112.0,0.693122,30.00705,5.0,1.902998,872.4462,403893.3,22.50571,0.0,0.0,4.0,13.0,18.0,0.208113,0.296296,273.9260274,99983.0,162.5785,103,24.80415430267062,0,0,1,human(2),0.0,1,1,1,1,1
1.34291e+18,Ftmh_zhra_jnde,ftmh_zhra_jnde,👑Ｓｅｐｉｄｅｈ🕊️,"#شاه برای ایرانیان یک کلمه جادویی است (شاهنشاه آریامهر _سقوط بهشت)
...منتقد دین
اکانت اول 👈 

@With_pahlavi3","شاه برای ایرانیان یک کلمه جادویی است (شاهنشاه آریامهر _سقوط بهشت)
 ...منتقد دین
 اکانت اول 
 
 @With_pahlavi3",2020-12-26T19:16:18+00:00,7174.0,4021.0,60159.0,11.0,1235.0,35086.0,35086.0,0.0,7174.0,1561.0,4.595772,2.575913,1.0,False,0.0,True,False,False,False,1.0,1.0,none,7.0,2.0,3.0,0.583333,27.66667,1.0,2.083333,171.75,8138394.0,22.47662,0.0,0.0,1.0,2.0,1.0,0.083333,0.083333,5010.571429,35074.0,53.25,108,1.784133300174086,0,0,0,human(2),0.0,1,1,1,1,1
1.69833e+18,firstzorba1,firstzorba1,Mehdi Sadri,"Political Activist, Monarchist,MBA in Construction & Structure","Political Activist, Monarchist,MBA in Construction & Structure",2023-09-03T13:26:07+00:00,3265.0,1497.0,24312.0,8.0,645.0,12994.0,12994.0,0.0,3265.0,580.0,5.62931,2.581034,1.0,False,0.0,False,False,False,False,0.0,0.0,none,11.0,3.0,2.0,0.411765,40.17647,2.0,0.764706,234.0588,2354701.0,22.40345,0.0,0.0,2.0,2.0,2.0,0.117647,0.117647,1179.818182,12978.0,37.47059,62,2.1810287241148965,0,1,0,human(2),0.0,1,1,1,1,0
1.49027e+18,atheistChild789,atheistchild789,منم بچه آتئیست,کارمند آینده اداره سوم ساواک، بعد از براندازی,کارمند آینده اداره سوم ساواک، بعد از براندازی,2022-02-06T10:16:26+00:00,5450.0,1285.0,67944.0,4.0,2436.0,25845.0,25845.0,0.0,5450.0,1154.0,4.722704,1.113518,1.0,False,0.0,False,False,False,False,0.0,0.0,none,2.0,1.0,2.0,0.666667,8.5,3.0,1.166667,1075.667,6843194.0,22.39601,0.0,0.0,2.0,2.0,2.0,0.166667,0.5,12920.0,25840.0,112.8333,45,4.2412451361867705,0,3,0,human(2),0.0,1,1,1,1,1
2509360928.0,FarsNews_Agency,farsnews_agency,خبرگزاری فارس,حقیقت روشن می‌شود,حقیقت روشن می‌شود,2014-05-20T05:19:32+00:00,259219.0,8.0,11.0,1106.0,42264.0,88974.0,88974.0,0.0,259219.0,3973.0,65.24515,0.002014,0.0,False,0.0,False,False,False,False,0.0,0.0,none,1.0,0.0,0.0,1.0,5.0,1.0,0.0,2657.0,0.0,22.39466,1.0,1.0,1.0,1.0,1.0,0.0,0.0,88973.0,88973.0,266.0,17,32402.375,0,0,0,News Agent(3),,1,1,1,1,1
1.47815e+18,JamesDeanUFO,jamesdeanufo,JamesDean,نویسنده و جامعه‌شناس-تولیدمحتوای‌پادشاهی‌پهلوی,نویسنده و جامعه‌شناس-تولیدمحتوای‌پادشاهی‌پهلوی,2022-01-03T23:32:16+00:00,21800.0,166.0,93820.0,32.0,4242.0,26595.0,26595.0,0.0,21800.0,1188.0,18.35017,0.139731,1.0,False,0.0,True,False,False,False,0.0,0.0,none,327.0,34.0,55.0,1.064439,47.73986,3.0,1.372315,883.4893,179851.6,22.38636,0.0,0.0,3.0,7.0,4.0,0.174224,0.334129,80.05810398,26179.0,211.9045,46,131.32530120481928,0,0,0,human(2),0.0,1,1,1,1,0
8.26552e+17,IrTimes,irtimes,hossein yazdi,سوسیال دموکرات-جمهوریخواه-همسر-پدر و معتقد به اینکه: «یدالله فوق ایدیهم» هست.,سوسیال دموکرات-جمهوریخواه-همسر-پدر و معتقد به اینکه: «یدالله فوق ایدیهم» هست.,2017-01-31T22:04:28+00:00,8211.0,1846.0,102016.0,46.0,4619.0,66648.0,66648.0,0.0,8211.0,2986.0,2.749833,0.618218,1.0,False,0.0,True,False,False,False,0.0,0.0,none,1.0,0.0,0.0,1.0,15.0,1.0,0.0,146.0,0.0,22.32016,1.0,1.0,1.0,1.0,1.0,0.0,0.0,66647.0,66647.0,11.0,77,4.447995666305525,0,0,0,human(2),0.0,1,1,1,1,0
1.68748e+18,mihanimarzban03,mihanimarzban03,مَـــرزبـْــــــــٰان,وطنم غم دارد، گر ز اندوه دلم  می‌پرسی ...!,وطنم غم دارد، گر ز اندوه دلم می‌پرسی ...!,2023-08-04T15:06:07+00:00,4559.0,184.0,35509.0,9.0,1550.0,13584.0,13584.0,0.0,4559.0,610.0,7.47377,0.301639,1.0,False,0.0,False,False,False,False,0.0,0.0,none,8.0,1.0,0.0,0.733333,45.8,2.0,1.0,955.4667,4366497.0,22.26885,0.0,0.0,2.0,4.0,7.0,0.0,0.0,1696.875,13575.0,175.6667,42,24.777173913043477,0,2,0,human(2),0.0,1,1,1,1,0
1.49647e+18,yekta52341478,yekta52341478,@yekta👑,برانداز👑.اکانت قبلیb_noori.عرزشی🚫مزاحم خلق🚫مذهبی🚫تجزیه طلب🚫نایاکی🚫مصدقی🚫ریق استارتی🚫🏳️‍🌈ضد ساس #جاویدشاه پادشاهی پارلمانی ✌,برانداز.اکانت قبلیb_noori.عرزشیمزاحم خلقمذهبیتجزیه طلبنایاکیمصدقیریق استارتیضد ساس جاویدشاه پادشاهی پارلمانی,2022-02-23T13:15:48+00:00,3328.0,1595.0,84409.0,1.0,282.0,25295.0,25295.0,0.0,3328.0,1137.0,2.927001,1.402814,1.0,False,0.0,False,False,False,False,1.0,0.0,none,7.0,1.0,1.0,0.444444,21.33333,2.0,1.555556,170.0,10016475.0,22.24714,0.0,0.0,1.0,1.0,1.0,0.222222,0.222222,3612.285714,25286.0,37.44444,123,2.0865203761755486,0,8,0,human(2),0.0,1,1,1,1,0
9.76967e+17,chamli69,chamli69,jogo bonito,,,2018-03-22T23:40:11+00:00,3257.0,3047.0,85517.0,6.0,1077.0,56998.0,56998.0,0.0,3257.0,2571.0,1.266822,1.185142,1.0,False,0.0,True,False,False,False,0.0,0.0,none,3.0,0.0,0.0,0.5,14.75,1.0,2.25,3.0,841164.0,22.16958,0.0,0.0,2.0,2.0,2.0,0.25,0.25,18998.33333,56995.0,0.5,0,1.0689202494256647,0,2,0,human(2),0.0,1,1,0,1,0
1.50492e+18,Arsha45914097,arsha45914097,Arsha,تقاضای خود اصلاحی از حاکمیت ، چند واحد علوم سیاسی و حقوق پاس کردم ، مولانا   گنج است و فلسفه گمشده امروز جامعه,تقاضای خود اصلاحی از حاکمیت ، چند واحد علوم سیاسی و حقوق پاس کردم ، مولانا گنج است و فلسفه گمشده امروز جامعه,2022-03-18T20:27:54+00:00,9821.0,456.0,130321.0,33.0,4124.0,24412.0,24412.0,0.0,9821.0,1114.0,8.815978,0.409336,1.0,False,0.0,True,False,False,False,0.0,0.0,none,2.0,0.0,0.0,1.0,111.6667,1.0,8.333333,1729.333,520522.5,21.91382,0.0,0.0,2.0,2.0,2.0,0.0,0.0,12205.0,24410.0,88.66667,110,21.537280701754387,0,8,0,human(2),0.0,1,1,1,1,0
8.78897e+17,AntiProp_aganda,antiprop_aganda,Anti Propaganda☼𓃬,براندازِ خواهان سکولار دموکراسی؛ اومانیست. ملی‌گرا نیستم ولی مطمئنم ایرانِ قوی و یکپارچه برا آدمای جایی به اسم ایران بهترینه.,براندازِ خواهان سکولار دموکراسی؛ اومانیست. ملی‌گرا نیستم ولی مطمئنم ایرانِ قوی و یکپارچه برا آدمای جایی به اسم ایران بهترینه.,2017-06-25T08:45:25+00:00,46900.0,559.0,322675.0,106.0,2764.0,61986.0,61986.0,0.0,46900.0,2841.0,16.50827,0.196762,1.0,False,0.0,True,False,False,False,0.0,0.0,none,4.0,0.0,2.0,0.5,31.16667,1.0,1.5,258.6667,5168772.0,21.81837,0.0,0.0,3.0,3.0,1.0,0.0,0.0,15495.0,61980.0,13.66667,125,83.89982110912344,0,0,0,human(2),0.0,1,1,1,1,0
1.0827e+18,fcpii_official,fcpii_official,انجمن دوستی مردم ایران و اسرائیل (درون ایران) 🎗,"تبلیغ و احیای دوستی بین مردم ایران و اسرائیل و پیکار با یهودستیزی
Promoting Friendship between the People of IRAN & ISRAEL and Fighting against Antisemitism","تبلیغ و احیای دوستی بین مردم ایران و اسرائیل و پیکار با یهودستیزی
 Promoting Friendship between the People of IRAN & ISRAEL and Fighting against Antisemitism",2019-01-08T18:03:30+00:00,17808.0,2216.0,739608.0,53.0,7941.0,49653.0,49653.0,0.0,17808.0,2279.0,7.813953,0.972356,1.0,False,0.0,True,False,False,False,0.0,0.0,none,3.0,0.0,1.0,0.4,22.0,2.0,1.8,164.6,17247310.0,21.78719,0.0,0.0,2.0,2.0,2.0,0.4,0.4,16549.66667,49649.0,29.6,156,8.036101083032491,0,0,0,human(2),0.0,1,1,1,1,0
1.42594e+18,SaharKhodayarii,saharkhodayarii,Sahar Khodayari,به یاد جاویدنام #سحر_خدایاری (#دختر_آبی 💙) - براندازم تا آخرین قطره خون - حامی شاهزاده رضا پهلوی 👑,به یاد جاویدنام سحر_خدایاری (دختر_آبی ) - براندازم تا آخرین قطره خون - حامی شاهزاده رضا پهلوی,2021-08-12T22:14:33+00:00,3016.0,3346.0,31058.0,2.0,575.0,29015.0,29015.0,0.0,3016.0,1332.0,2.264264,2.512012,1.0,False,0.0,True,False,False,False,1.0,0.0,none,2.0,0.0,0.0,1.0,6.5,1.0,1.0,293.0,5703390.0,21.78303,0.0,0.0,1.0,1.0,1.0,0.0,0.0,14506.5,29013.0,34.0,98,0.9013747758517633,0,0,0,can’t find,,1,1,1,1,0
1.35204e+18,ArianMutter,arianmutter,fafa,مجاهد.ارزشى⛔ #جاوید_شاه اکانت قبلی از دست دادم با این اکانت برگشتم,مجاهد.ارزشى جاوید_شاه اکانت قبلی از دست دادم با این اکانت برگشتم,2021-01-20T23:55:31+00:00,4688.0,4596.0,49730.0,0.0,1322.0,33346.0,33346.0,0.0,4688.0,1536.0,3.052083,2.992188,1.0,False,0.0,True,False,False,False,1.0,0.0,none,10.0,5.0,34.0,0.472727,10.4,5.0,1.563636,55.01818,881237.7,21.70964,0.0,0.0,4.0,8.0,7.0,0.618182,0.963636,3329.7,33297.0,13.8,66,1.0200174064403829,0,0,0,human(2),0.0,1,1,1,1,0
1.40272e+18,2_grami,2_grami,Asieh_Grami_2,#اتحاد_براندازان تنها راه نجات  ایران از این #فرقه_تبهکار هست. هدفم برقراری یک حکومت سکولار و دموکراتیک. #ایران_برای_همه_ایرانیان #نه_به_جمهوری_اسلامی,اتحاد_براندازان تنها راه نجات ایران از این فرقه_تبهکار هست. هدفم برقراری یک حکومت سکولار و دموکراتیک. ایران_برای_همه_ایرانیان نه_به_جمهوری_اسلامی,2021-06-09T20:14:18+00:00,460.0,891.0,59037.0,0.0,438.0,30284.0,30284.0,0.0,460.0,1396.0,0.329513,0.638252,1.0,False,0.0,True,False,False,False,1.0,0.0,none,0.0,0.0,3.0,1.0,10.33333,2.0,3.333333,4.666667,29800.67,21.69341,0.0,0.0,2.0,2.0,1.0,0.666667,1.333333,30281.0,30281.0,0.333333,150,0.5162738496071829,1,1,0,unverified(4),,1,1,1,1,1
370097260.0,persian_warior,persian_warior,👑𝕻𝖊𝖗𝖘𝖎𝖆𝖓 𝖂𝖆𝖗𝖗𝖎𝖔𝖗👑 🎗️,اکانت پشتیبان : https://t.co/adLnvekT47,اکانت پشتیبان :,2011-09-08T13:17:59+00:00,4096.0,1068.0,851136.0,4.0,1500.0,107459.0,107459.0,0.0,4096.0,4958.0,0.82614,0.215409,1.0,False,0.0,True,False,False,False,0.0,1.0,none,4.0,0.0,2.0,0.0,25.66667,1.0,1.5,71.5,7048890.0,21.67386,0.0,0.0,1.0,1.0,1.0,0.5,0.5,26863.25,107453.0,13.33333,39,3.8352059925093633,0,0,1,human(2),0.0,1,1,1,1,0
1049384664.0,IranLionness,iranlionness,Iranian American 🇺🇸,"Prometheus!

The gravity gets so concentrated, that it swallows everything!

Rational thoughts, anti-conformist!

but sometimes with a spice of sarcasm!","Prometheus!
 
 The gravity gets so concentrated, that it swallows everything!
 
 Rational thoughts, anti-conformist!
 
 but sometimes with a spice of sarcasm!",2012-12-31T03:29:40+00:00,23103.0,824.0,193423.0,31.0,19583.0,96453.0,96453.0,0.0,23103.0,4478.0,5.159223,0.184011,0.0,False,0.0,True,False,False,False,0.0,0.0,none,1.0,0.0,0.0,1.0,129.0,1.0,0.0,3134.0,0.0,21.5393,2.0,2.0,2.0,2.0,2.0,0.0,0.0,96452.0,96452.0,265.0,152,28.0376213592233,0,0,0,human(2),0.0,1,1,1,1,0
1.0506e+18,ProSHaHansHaaHi,proshahanshaahi,Manouchehr Bekhradi☼𓃬,"Staunch Supporter of Parliamonarchy in IRAN soon to be restored by Iranians for a Liberal, Secular, Meritocratic & Bicameral Parlia-Shaahanshaahi of IRAN.","Staunch Supporter of Parliamonarchy in IRAN soon to be restored by Iranians for a Liberal, Secular, Meritocratic & Bicameral Parlia-Shaahanshaahi of IRAN.",2018-10-12T04:21:21+00:00,4264.0,735.0,120386.0,19.0,4185.0,50729.0,50729.0,0.0,4264.0,2367.0,1.801436,0.31052,1.0,False,0.0,False,False,False,False,0.0,0.0,none,3.0,1.0,1.0,0.8,41.2,1.0,0.4,556.0,16714855.0,21.43177,0.0,0.0,1.0,1.0,1.0,0.2,0.6,16908.0,50724.0,98.0,154,5.801360544217687,0,0,0,human(2),0.0,1,1,1,1,0
8.55286e+17,mashmolak,mashmolak,(پرهام),#براندازم ⛔️عرزشی⛔️مجاهد ⛔️تجزیه طلب,براندازم عرزشیمجاهد تجزیه طلب,2017-04-21T05:03:07+00:00,4131.0,1314.0,133902.0,8.0,66.0,61862.0,61862.0,0.0,4131.0,2906.0,1.421542,0.452168,1.0,False,0.0,False,False,False,False,1.0,0.0,none,4.0,0.0,0.0,0.75,15.5,1.0,1.75,344.5,4363424.0,21.28768,0.0,0.0,1.0,1.0,1.0,0.0,0.0,15464.5,61858.0,89.25,36,3.143835616438356,0,0,0,bot(1),1.0,1,1,1,1,0
9.28712e+17,saman_sarraf,saman_sarraf,Saman Sarraf,پادشاهی خواه,پادشاهی خواه,2017-11-09T19:54:49+00:00,11210.0,1829.0,74453.0,16.0,505.0,57419.0,57419.0,0.0,11210.0,2704.0,4.14571,0.676405,0.0,False,0.0,True,False,False,False,0.0,0.0,none,96.0,23.0,13.0,0.560606,18.15909,3.0,1.272727,585.6818,342115.2,21.23484,0.0,0.0,2.0,3.0,1.0,0.128788,0.143939,596.7395833,57287.0,108.5606,12,6.129032258064516,0,0,0,human(2),0.0,1,1,1,1,1
1.07858e+18,MasIoob,masioob,مصلوب,,,2018-12-28T09:13:00+00:00,15788.0,2696.0,82182.0,20.0,1841.0,48474.0,48474.0,0.0,15788.0,2290.0,6.894323,1.177293,1.0,False,0.0,True,False,False,False,0.0,0.0,none,2.0,0.0,1.0,0.333333,26.0,2.0,1.333333,7.0,30143.67,21.16769,0.0,1.0,1.0,2.0,1.0,0.333333,0.333333,24235.5,48471.0,1.0,0,5.856083086053412,0,0,0,human(2),0.0,1,1,0,1,1
1.77046e+18,MRasayeshh,mrasayeshh,Aryamehr Asayesh,electrical engineering  / bulding & carpet & perfume  interested / italian style,electrical engineering / bulding & carpet & perfume interested / italian style,2024-03-20T14:44:16+00:00,374.0,169.0,28761.0,2.0,624.0,8037.0,8037.0,0.0,374.0,381.0,0.981627,0.44357,1.0,False,0.0,False,False,False,False,0.0,0.0,none,0.0,0.0,1.0,0.0,37.0,1.0,2.0,2.0,0.0,21.09449,1.0,1.0,1.0,1.0,1.0,1.0,1.0,8036.0,8036.0,0.0,80,2.21301775147929,0,0,0,unverified(4),,1,1,1,1,0
572051429.0,Serpicoo3,serpicoo3,Serpico,Retweet is NOT an endorsement ريتوييت لزومن به معناي تاييدمحتواي توييت نيست...Iranian-Canadian,Retweet is NOT an endorsement ريتوييت لزومن به معناي تاييدمحتواي توييت نيست...Iranian-Canadian,2012-05-05T20:36:12+00:00,15603.0,772.0,364201.0,13.0,1580.0,98160.0,98160.0,0.0,15603.0,4718.0,3.307122,0.163629,1.0,False,0.0,True,False,False,False,0.0,0.0,none,0.0,1.0,0.0,0.0,47.0,1.0,0.0,683.0,0.0,20.80543,1.0,1.0,1.0,1.0,1.0,0.0,0.0,98159.0,98159.0,90.0,94,20.21113989637306,0,1,0,human(2),0.0,1,1,1,1,0
1.44247e+18,DJHastamMoHo,djhastammoho,♔♚♡DJ💙MoHo💙Mix♤♛♕,"♚♛👑فقط پادشاهی پهلوی👑♕♔
بعد از اکانت از دست رفته دومم قبل از اکانت احتمالی چهارمم
#جاویدشاه ❤🤍💚 #پاینده_ایران @PahlaviReza
💙👇توییت های من لینک بیو👇💙","♚♛فقط پادشاهی پهلوی♕♔
 بعد از اکانت از دست رفته دومم قبل از اکانت احتمالی چهارمم
 جاویدشاه پاینده_ایران @PahlaviReza
 توییت های من لینک بیو",2021-09-27T12:42:54+00:00,6579.0,4545.0,29000.0,2.0,2018.0,26700.0,26700.0,0.0,6579.0,1286.0,5.115863,3.534215,1.0,False,0.0,False,False,False,False,1.0,0.0,none,49.0,14.0,0.0,1.015873,37.34921,1.0,2.460317,217.8254,733528.5,20.76205,0.0,0.0,2.0,3.0,1.0,0.063492,0.269841,543.6122449,26637.0,67.47619,148,1.4475247524752475,0,0,0,human(2),0.0,1,1,1,1,0
1.21422e+18,MChok7,mchok7,👑M-Dr.👑,"🤴یکی از بزرگترین آرزوهام دموکراسی و پیشرفت ایران وخوشبختی مردم ایرانه🍀🇩🇪 
ورود عرزشی ⛔مجاهد ⛔ 
فالو بمعنای تایید نیست","یکی از بزرگترین آرزوهام دموکراسی و پیشرفت ایران وخوشبختی مردم ایرانه 
 ورود عرزشی مجاهد 
 فالو بمعنای تایید نیست",2020-01-06T16:00:04+00:00,11001.0,5463.0,46346.0,9.0,9330.0,39654.0,39654.0,0.0,11001.0,1916.0,5.741649,2.851253,1.0,False,0.0,True,False,False,False,0.0,0.0,none,76.0,10.0,16.0,0.811966,14.22222,2.0,1.145299,301.0342,877657.8,20.69624,0.0,0.0,12.0,16.0,16.0,0.119658,0.299145,520.4210526,39552.0,70.02564,117,2.013728720483251,0,1,0,human(2),0.0,1,1,1,1,1
1.63892e+18,Nemo_Regnum,nemo_regnum,Nemo Regnum,"در خاورمیانه پر آشوب، یک سیستم پادشاهی دموکرات، دلسوز و مردمی می‌تواند سرزمینی را از گزندهای داخلی و خارجی محافظت کند.
#ایران_معبد_ماست #بازگشت_پادشاهی_پهلوی","در خاورمیانه پر آشوب، یک سیستم پادشاهی دموکرات، دلسوز و مردمی می‌تواند سرزمینی را از گزندهای داخلی و خارجی محافظت کند.
 ایران_معبد_ماست بازگشت_پادشاهی_پهلوی",2023-03-23T15:04:49+00:00,3521.0,2578.0,26129.0,0.0,153.0,15382.0,15382.0,0.0,3521.0,744.0,4.732527,3.465054,1.0,False,0.0,True,False,False,False,1.0,0.0,none,23.0,0.0,4.0,0.851852,34.2963,1.0,2.037037,422.1852,822543.8,20.67473,0.0,0.0,1.0,2.0,1.0,0.259259,0.444444,667.6086957,15355.0,119.4074,157,1.3657874321179209,0,0,0,bot(1),1.0,1,1,1,1,0
1378970222.0,iranwire,iranwire,ایران وایر,گزارش‌های خبری حرفه‌ای و متفاوت، با کمک شهروند خبرنگاران ایرانی عكس، خبر و فيلم هاى خود را براى ما بفرستيد: https://t.co/icwBripkj9,گزارش‌های خبری حرفه‌ای و متفاوت، با کمک شهروند خبرنگاران ایرانی عكس، خبر و فيلم هاى خود را براى ما بفرستيد:,2013-04-25T08:24:23+00:00,120499.0,148.0,947.0,458.0,49264.0,90016.0,90016.0,0.0,120499.0,4363.0,27.61838,0.033922,1.0,False,0.0,True,False,False,False,0.0,1.0,regular,1.0,0.0,0.0,1.0,188.0,1.0,6.0,465.0,0.0,20.63168,1.0,1.0,1.0,1.0,1.0,0.0,0.0,90015.0,90015.0,72.0,131,814.1824324324324,0,0,1,human(2),0.0,1,1,1,1,1
1.61681e+18,Mahnush_A,mahnush_a,Mahnush 𓃬☼🎗,"ما مردم ایران به شاهان پهلوی مدیون و بدهکار هستیم.
 𓃬☼🇮🇱","ما مردم ایران به شاهان پهلوی مدیون و بدهکار هستیم.
  𓃬☼",2023-01-21T15:00:18+00:00,5073.0,1242.0,31053.0,1.0,776.0,16568.0,16568.0,0.0,5073.0,805.0,6.301863,1.542857,1.0,False,0.0,False,False,False,False,0.0,0.0,none,11.0,0.0,55.0,0.641026,14.10256,4.0,1.205128,95.74359,545016.0,20.58137,0.0,0.0,14.0,16.0,13.0,0.705128,1.038462,1500.181818,16502.0,15.30769,56,4.084541062801932,0,0,0,human(2),0.0,1,1,1,1,0
1.54095e+18,brgsht8970,brgsht8970,برای نجات ایران برگردیم به خیابان,"اکانتم رو زدین ؟یعنی الان مثلا شق القمر کردیین؟😕
خب دوباره برگشتم تو بزن من دوباره میام هی بزن باز دوباره میام بیشتر بزن باز دوباره میام‌😁
پادشاهی خواه هستم","اکانتم رو زدین ؟یعنی الان مثلا شق القمر کردیین؟
 خب دوباره برگشتم تو بزن من دوباره میام هی بزن باز دوباره میام بیشتر بزن باز دوباره میام‌
 پادشاهی خواه هستم",2022-06-26T06:46:53+00:00,7914.0,6451.0,10154.0,4.0,856.0,20856.0,20856.0,0.0,7914.0,1014.0,7.804734,6.361933,1.0,False,0.0,True,False,False,False,0.0,0.0,none,7.0,0.0,2.0,0.8,35.4,1.0,1.3,126.2,9424098.0,20.56805,0.0,0.0,2.0,2.0,2.0,0.0,0.0,2978.142857,20847.0,30.6,156,1.2267865447217485,0,4,0,human(2),0.0,1,1,1,1,0
8.7761e+17,IRAN_javid863,iran_javid863,👑payande IRAN 👑,تا ابد #جاویدشاه #پاینده_ایران ذهن تو یه باغ حصار داره،حتی مرگ نمیتونه جلوی شکوفه زدنشو بگیره,تا ابد جاویدشاه پاینده_ایران ذهن تو یه باغ حصار داره،حتی مرگ نمیتونه جلوی شکوفه زدنشو بگیره,2017-06-21T19:29:50+00:00,3899.0,340.0,74265.0,11.0,1317.0,58471.0,58471.0,0.0,3899.0,2845.0,1.370475,0.119508,1.0,False,0.0,True,False,False,False,1.0,0.0,none,105.0,7.0,7.0,0.705882,18.57983,3.0,1.588235,169.2941,380400.4,20.5522,0.0,0.0,8.0,11.0,1.0,0.058824,0.058824,555.7333333,58352.0,44.9916,93,11.467647058823529,0,3,0,human(2),0.0,1,1,1,1,0
1.09613e+18,koteh_bamishi,koteh_bamishi,🖤 بامیشی 🖤,"‏‏‏‏‏‏‏‏‏‏‏‏‏‏‏‏‏‏یه آدم خیلی خیلی معمولی،بی ادب نیستم فقط دایره لغتم با بقیه فرق داره
🖤متعهد🖤
ورود هرگونه عرزشی،عمامه به سر و مجاهد ⛔مجهز به آنفالو یاب :))","‏‏‏‏‏‏‏‏‏‏‏‏‏‏‏‏‏‏یه آدم خیلی خیلی معمولی،بی ادب نیستم فقط دایره لغتم با بقیه فرق داره
 متعهد
 ورود هرگونه عرزشی،عمامه به سر و مجاهد مجهز به آنفالو یاب :))",2019-02-14T19:45:13+00:00,3311.0,2464.0,92864.0,3.0,1170.0,45846.0,45846.0,0.0,3311.0,2242.0,1.476806,1.099019,1.0,False,0.0,True,False,False,False,0.0,0.0,none,0.0,0.0,3.0,0.0,27.6,1.0,1.4,0.6,919533.3,20.44871,0.0,0.0,2.0,2.0,3.0,1.0,1.0,45843.0,45843.0,0.0,156,1.34375,0,0,0,human(2),0.0,1,1,1,1,1
14654188.0,RadioZamaneh,radiozamaneh,Radio Zamaneh,"عرضه‌ی اخبار، گزارش، گفت‌وگو و تحلیل درباره موضوع‌های سیاسی، اجتماعی و فرهنگ
Follow @ZamanehRadio for English language tweets
در تلگرام
https://t.co/hC28U82m0W","عرضه‌ی اخبار، گزارش، گفت‌وگو و تحلیل درباره موضوع‌های سیاسی، اجتماعی و فرهنگ
 Follow @ZamanehRadio for English language tweets
 در تلگرام",2008-05-05T01:38:15+00:00,236031.0,16.0,4016.0,691.0,62458.0,125438.0,125438.0,0.0,236031.0,6179.0,38.1989,0.002589,0.0,False,0.0,True,False,False,False,0.0,1.0,none,1.0,0.0,0.0,1.0,48.0,1.0,0.0,577.0,0.0,20.3007,1.0,1.0,1.0,1.0,1.0,0.0,0.0,125437.0,125437.0,144.0,159,14751.9375,0,0,1,can’t find,,1,1,1,1,0
1.48042e+18,AccuracyHHM,accuracyhhm,دقت,یک ایرانی میهن دوست-پادشاهی خواه که نگران ایران است. به الگوی رفتاری افراد دقت میکنم. در این صفحه، فالو و انفالو براحتی انجام می شود و بلاک لیست ندارم.  #آگاهی,یک ایرانی میهن دوست-پادشاهی خواه که نگران ایران است. به الگوی رفتاری افراد دقت میکنم. در این صفحه، فالو و انفالو براحتی انجام می شود و بلاک لیست ندارم. آگاهی,2022-01-10T06:18:10+00:00,8863.0,5212.0,30911.0,20.0,2554.0,23881.0,23881.0,0.0,8863.0,1181.0,7.504657,4.413209,1.0,False,0.0,True,False,False,False,1.0,0.0,none,53.0,40.0,9.0,0.843137,32.79412,3.0,1.941176,203.7157,525568.0,20.221,0.0,0.0,2.0,4.0,1.0,0.127451,0.323529,448.6603774,23779.0,60.63725,159,1.7004988488104376,0,0,0,human(2),0.0,1,1,1,1,0
1.00046e+18,JahangirTaban,jahangirtaban,Jahangir,"☼𓃬
Jahangir Taban is a pseudonym
Avatar: ladies' breast badge only awarded to members of Pahlavi Royal family","☼𓃬
 Jahangir Taban is a pseudonym
 Avatar: ladies' breast badge only awarded to members of Pahlavi Royal family",2018-05-26T19:48:42+00:00,4661.0,445.0,140459.0,22.0,1825.0,50500.0,50500.0,0.0,4661.0,2506.0,1.859936,0.177574,0.0,False,0.0,True,False,False,False,0.0,0.0,none,6.0,0.0,0.0,1.0,43.57143,2.0,0.857143,278.4286,11177169.0,20.15164,0.0,0.0,2.0,2.0,2.0,0.0,0.0,8415.666667,50494.0,51.14286,109,10.474157303370786,0,0,0,human(2),0.0,1,1,1,1,0
1.45887e+18,Zimmermann____,zimmermann____,👑Heideh👑,"نرم نرمک بوی آغوش بهاران میرسد, مژدهٔ آزادی از هر سو فراوان میرسد, نرم نرمک چشم میهن باز میگردد به عشق, دولت مردم فریبی هم به پایان میرسد
#جاویدشاه","نرم نرمک بوی آغوش بهاران میرسد, مژدهٔ آزادی از هر سو فراوان میرسد, نرم نرمک چشم میهن باز میگردد به عشق, دولت مردم فریبی هم به پایان میرسد
 جاویدشاه",2021-11-11T18:48:21+00:00,5818.0,1778.0,41409.0,5.0,7856.0,24902.0,24902.0,0.0,5818.0,1241.0,4.688155,1.432716,1.0,False,0.0,False,False,False,False,1.0,0.0,none,837.0,32.0,65.0,0.92724,21.56433,8.0,2.312334,122.4135,50389.8,20.06608,0.0,0.0,12.0,36.0,194.0,0.070985,0.135759,28.63560335,23968.0,31.22715,147,3.2722159730033744,0,0,0,bot(1),1.0,1,1,1,1,0
1.5745e+18,Nargolsafa,nargolsafa,NargolSafa,"ایران رو پس میگیریم
#ایران_معبد_ماست
#جاویدشاه

#شاهنشاه_رضا_پهلوی
#بازگشت_پادشاهی_پهلوی

💎👑🕊","ایران رو پس میگیریم
 ایران_معبد_ماست
 جاویدشاه
 
 شاهنشاه_رضا_پهلوی
 بازگشت_پادشاهی_پهلوی",2022-09-26T20:35:11+00:00,4719.0,3354.0,81168.0,3.0,1140.0,18436.0,18436.0,0.0,4719.0,922.0,5.118221,3.637744,1.0,False,0.0,False,False,False,False,1.0,0.0,none,35.0,6.0,0.0,0.95122,28.70732,1.0,3.073171,237.3415,705036.3,19.99566,0.0,0.0,2.0,2.0,1.0,0.073171,0.073171,525.5714286,18395.0,60.26829,93,1.4069767441860466,0,0,0,unverified(4),,1,1,1,1,0
1.25794e+18,osyangary,osyangary,عصیان سوررآل👑,"مسیر آزادی ایران از سنگلاخ نقد و رسوایی مذهب میگذرد.🎭  غمگینتر از پادشاه بدون سرزمین، سرزمین بدون پادشاه است. #شاه_میهن_آزادی
 #جاویدشاه  🥂","مسیر آزادی ایران از سنگلاخ نقد و رسوایی مذهب میگذرد. غمگینتر از پادشاه بدون سرزمین، سرزمین بدون پادشاه است. شاه_میهن_آزادی
  جاویدشاه",2020-05-06T07:48:48+00:00,10243.0,7513.0,55122.0,7.0,1169.0,35819.0,35819.0,0.0,10243.0,1795.0,5.706407,4.185515,1.0,False,0.0,True,False,False,False,1.0,0.0,none,33.0,3.0,1.0,0.868421,28.65789,1.0,2.184211,140.3421,2622612.0,19.95487,0.0,0.0,2.0,2.0,2.0,0.026316,0.026316,1084.30303,35782.0,28.44737,139,1.3633701583921203,0,0,0,human(2),0.0,1,1,1,1,1
1.53118e+18,XPishik,xpishik,PishiX,,,2022-05-30T08:02:33+00:00,13980.0,351.0,47251.0,29.0,2620.0,20651.0,20651.0,0.0,13980.0,1041.0,13.42939,0.337176,1.0,False,0.0,True,False,False,False,0.0,0.0,none,106.0,6.0,3.0,0.901408,15.90845,6.0,1.676056,233.7465,757692.7,19.83766,0.0,0.0,4.0,14.0,28.0,0.028169,0.126761,193.7358491,20536.0,38.78873,0,39.82905982905983,0,0,0,human(2),0.0,1,1,0,1,0
1.07695e+18,Samar_Iran,samar_iran,𝓢𝓪𝓶𝓪𝓻,"♛♕👑Athena, daughter of Zeus, fierce & brave savior to protect people of Iran against the Tyranny ruled under the forces of Evil “Mullahs”.♛♕👑","♛♕Athena, daughter of Zeus, fierce & brave savior to protect people of Iran against the Tyranny ruled under the forces of Evil “Mullahs”.♛♕",2018-12-23T21:06:54+00:00,3116.0,199.0,140211.0,16.0,3743.0,45513.0,45513.0,0.0,3116.0,2295.0,1.357734,0.08671,1.0,False,0.0,True,False,False,False,0.0,0.0,none,3.0,2.0,2.0,1.333333,21.44444,1.0,2.555556,481.5556,9615578.0,19.83137,0.0,0.0,2.0,4.0,3.0,0.0,0.0,15168.66667,45506.0,67.22222,141,15.658291457286433,0,0,0,human(2),0.0,1,1,1,1,0
1.41322e+18,Teeegra,teeegra,Teegra 🧝‍♀️𝕏,"🔞 𝕏 
🤖 Infrastructure Cyber Security 💊 
🎓 M.S. Cybersecurity 
🍄 
#cybersecurity","𝕏 
  Infrastructure Cyber Security 
  M.S. Cybersecurity 
  
 cybersecurity",2021-07-08T19:51:32+00:00,13688.0,1741.0,40814.0,59.0,9158.0,26931.0,26931.0,0.0,13688.0,1367.0,10.01317,1.273592,1.0,False,0.0,True,False,False,False,1.0,0.0,none,1.0,0.0,0.0,1.0,2.0,1.0,0.0,722.0,0.0,19.7008,1.0,1.0,1.0,1.0,1.0,0.0,0.0,26930.0,26930.0,59.0,79,7.862148190695003,0,0,0,unverified(4),,1,1,1,1,0
9.47914e+17,Baharak_Irani,baharak_irani,Baharak,Proud Patriot. Joyful Warrior. Iranian-American Woman. #Trump2024,Proud Patriot. Joyful Warrior. Iranian-American Woman. Trump2024,2018-01-01T19:36:40+00:00,14439.0,566.0,147885.0,65.0,14177.0,52138.0,52138.0,0.0,14439.0,2651.0,5.446624,0.213504,0.0,False,0.0,True,False,False,False,1.0,1.0,none,5.0,0.0,0.0,1.2,29.4,1.0,1.8,214.2,9568203.0,19.6673,0.0,0.0,1.0,1.0,1.0,0.0,0.0,10426.6,52133.0,32.6,65,25.51060070671378,0,0,0,can’t find,,1,1,1,1,1
1.29457e+18,AngelOnDuty06,angelonduty06,Sahar🇮🇱,"ישראל 🇮🇱 איראן

بزرگترین آرزویم آزادی ایران از چنگال اهریمنان،
حامی حقوق بشر،حامی و دوستدار حیوانات🐈
صبور باشید، برای بهتر شدن باید ازبدترین شرایط عبور کرد.","ישראל איראן
 
 بزرگترین آرزویم آزادی ایران از چنگال اهریمنان،
 حامی حقوق بشر،حامی و دوستدار حیوانات
 صبور باشید، برای بهتر شدن باید ازبدترین شرایط عبور کرد.",2020-08-15T09:38:34+00:00,8306.0,148.0,67039.0,38.0,6233.0,33240.0,33240.0,0.0,8306.0,1694.0,4.903188,0.087367,1.0,False,0.0,True,False,False,False,0.0,0.0,none,133.0,88.0,6.0,0.966805,32.78423,3.0,3.029046,404.6432,415280.0,19.6222,0.0,0.0,4.0,7.0,15.0,0.373444,0.381743,248.2180451,33013.0,51.89627,156,56.12162162162162,0,2,0,bot(1),1.0,1,1,1,1,0
1.31464e+18,Pegahan__,pegahan__,‏پــگــاهــان,"|چو پیامی در بطری
تا ابد سرگردان در دریا|","|چو پیامی در بطری
 تا ابد سرگردان در دریا|",2020-10-09T19:01:46+00:00,4605.0,173.0,118913.0,7.0,1985.0,32117.0,32117.0,0.0,4605.0,1639.0,2.80964,0.105552,1.0,False,0.0,True,False,False,False,0.0,0.0,none,16.0,1.0,32.0,0.403509,18.12281,4.0,1.491228,100.7895,1929370.0,19.59549,0.0,0.0,6.0,8.0,9.0,0.596491,0.912281,2004.25,32068.0,32.49123,41,26.61849710982659,0,0,0,human(2),0.0,1,1,1,1,0
1.09201e+18,2EXPvZWQ7LLPX4P,2expvzwq7llpx4p,🇩🇪👑کابوس 👑🇩🇪,جمهوری  نمی‌تواند یک باتلاق فرهنگی را بخشکاند، زیرا سراسر بر تودۀ مردم تکیه می‌کند، چرا که آن باتلاق فرهنگی خود ملت هستند و با جمهوری فقط خودزایشی میکنند.,جمهوری نمی‌تواند یک باتلاق فرهنگی را بخشکاند، زیرا سراسر بر تودۀ مردم تکیه می‌کند، چرا که آن باتلاق فرهنگی خود ملت هستند و با جمهوری فقط خودزایشی میکنند.,2019-02-03T10:35:01+00:00,6352.0,4367.0,214698.0,13.0,11489.0,44091.0,44091.0,0.0,6352.0,2253.0,2.819352,1.938304,1.0,False,0.0,False,False,False,False,0.0,0.0,none,3.0,0.0,0.0,1.0,26.66667,1.0,0.666667,229.3333,9951532.0,19.56991,0.0,0.0,1.0,1.0,1.0,0.0,0.0,14696.0,44088.0,36.66667,154,1.4545454545454546,0,3,0,human(2),0.0,1,1,1,1,0
7.48963e+17,young_sheldon1,young_sheldon1,YoungSheldon,"تو اگر دغدغه‌ات گور حسین و حسن است

من دلم پیش غریبی‌ست که نامش وطن است

 #براندازم","تو اگر دغدغه‌ات گور حسین و حسن است
 
 من دلم پیش غریبی‌ست که نامش وطن است
 
  براندازم",2016-07-01T19:33:24+00:00,5609.0,609.0,284881.0,14.0,4693.0,62556.0,62556.0,0.0,5609.0,3200.0,1.752813,0.190313,1.0,False,0.0,True,False,False,False,1.0,0.0,none,1.0,0.0,1.0,0.0,22.33333,1.0,2.333333,48.33333,49609.5,19.54875,0.0,1.0,2.0,2.0,2.0,0.0,1.333333,62554.0,62554.0,5.333333,83,9.210180623973727,0,1,0,human(2),0.0,1,1,1,1,1
1.70672e+18,MaximReza3,maximreza3,MaximReza,"من سربازم ، مثل پدرم ، مثل پدربزرگم . نگهبان ایرانم. 
دوستدار خاندان ایران ساز پهلوی 
شعار همیشگی من #جاویدشاه
دارایی من چند دست پتوی پلنگی است","من سربازم ، مثل پدرم ، مثل پدربزرگم . نگهبان ایرانم. 
 دوستدار خاندان ایران ساز پهلوی 
 شعار همیشگی من جاویدشاه
 دارایی من چند دست پتوی پلنگی است",2023-09-26T17:16:43+00:00,5410.0,5372.0,39911.0,2.0,632.0,10866.0,10866.0,0.0,5410.0,557.0,9.712747,9.644524,1.0,False,0.0,False,False,False,False,1.0,0.0,none,502.0,6.0,25.0,0.326957,30.48696,1.0,1.68,241.12,81413.31,19.50808,0.0,0.0,6.0,10.0,43.0,0.067826,0.144348,20.58366534,10333.0,34.00696,143,1.0070737155621743,0,1,0,human(2),0.0,1,1,1,1,0
8.93758e+17,YaarGhadimi,yaarghadimi,𓄂✺Yaar - يار ‌‌قدیمی🎗️,"Human rights activist, Patriot𓄂✺, Animal lover🐕‍🦺🦥,Ex-Muslim, Atheist, 👩🏿‍💼=🧑🏻‍💼=👩🏼‍💼=🧑🏿‍💼 #IraniansStandWithIsrael🇮🇱, My inner child: @bri30s","Human rights activist, Patriot𓄂✺, Animal lover,Ex-Muslim, Atheist, === IraniansStandWithIsrael, My inner child: @bri30s",2017-08-05T08:57:12+00:00,96143.0,5839.0,212712.0,276.0,6183.0,54614.0,54614.0,0.0,96143.0,2800.0,34.33679,2.085357,1.0,False,0.0,True,False,False,False,1.0,1.0,none,13.0,4.0,26.0,1.303571,48.67857,4.0,0.910714,2131.071,915587.0,19.505,0.0,0.0,3.0,4.0,14.0,0.214286,0.821429,4197.769231,54571.0,344.0179,142,16.4656619284124,0,0,0,bot(1),1.0,1,1,1,1,0
1912137259.0,Overthrower_,overthrower_,℘ᴍᴏʜᴀᴍᴍᴀᴅ,Monarchist and civil activist. Movie Editor and graphic designer.🎞️ کشته‌های جاوید نام ایران منبع درآمد نیستند.,Monarchist and civil activist. Movie Editor and graphic designer. کشته‌های جاوید نام ایران منبع درآمد نیستند.,2013-09-27T19:43:59+00:00,7348.0,1483.0,111180.0,25.0,6007.0,81761.0,81761.0,0.0,7348.0,4208.0,1.746198,0.352424,0.0,False,0.0,True,False,False,False,0.0,0.0,none,5.0,0.0,3.0,1.222222,41.66667,1.0,1.888889,187.6667,10510194.0,19.4299,0.0,0.0,2.0,2.0,2.0,0.222222,0.222222,16350.6,81753.0,38.77778,111,4.954821308159137,0,0,0,human(2),0.0,1,1,1,1,1
1.59296e+18,parand____,parand____,Iran banoo⭕دایرکت بلاک⭕,"ما آمده آیم که دیگر نرویم ، تو خود دانی
لایک  توییتی دلیل بر تایید آن کاربر نیست💎🌱👑","ما آمده آیم که دیگر نرویم ، تو خود دانی
 لایک توییتی دلیل بر تایید آن کاربر نیست",2022-11-16T19:11:38+00:00,525.0,348.0,45979.0,2.0,1364.0,16882.0,16882.0,0.0,525.0,871.0,0.602755,0.399541,1.0,False,0.0,True,False,False,False,0.0,0.0,none,1.0,0.0,5.0,0.166667,25.66667,1.0,1.333333,17.5,6981828.0,19.38232,0.0,0.0,1.0,3.0,1.0,0.166667,0.833333,16876.0,16876.0,6.333333,83,1.5086206896551724,0,0,0,human(2),0.0,1,1,1,1,1
1.52358e+18,khodn98,khodn98,فیلیپ مارلو⁦⁦⁦⁦⁦⁦⁦⁦⁦⁦⁦⁦⁦⁦⁦⁦⁦⁦⁦⁦⁦,مبارز ، عکاس ، طراح گرافیک ، بیشتر طرح ها از خودمه ، زیرنویس فیلم های این اکانت طنز هستند ، جانم فدای ایران.,مبارز ، عکاس ، طراح گرافیک ، بیشتر طرح ها از خودمه ، زیرنویس فیلم های این اکانت طنز هستند ، جانم فدای ایران.,2022-05-09T08:10:39+00:00,4196.0,249.0,29218.0,0.0,2896.0,20514.0,20514.0,0.0,4196.0,1062.0,3.951036,0.234463,1.0,False,0.0,True,False,False,False,0.0,0.0,none,7.0,0.0,8.0,0.4,10.3,3.0,1.45,263.05,186534.2,19.31638,0.0,0.0,4.0,8.0,6.0,0.65,0.65,2928.428571,20499.0,15.45,108,16.85140562248996,0,2,0,human(2),0.0,1,1,1,1,0
1.22518e+18,House_MD11,house_md11,دکتر هاوس,فعال حقوق بشر_خبرنگار_فعال حقوق زنان_حامی حیوانات_تحلیل‌گر سیاسی و اقتصادی_سفیر صلح سازمان ملل_نامزد نوبل سیاسی و اسکار نقش اول مرد,فعال حقوق بشر_خبرنگار_فعال حقوق زنان_حامی حیوانات_تحلیل‌گر سیاسی و اقتصادی_سفیر صلح سازمان ملل_نامزد نوبل سیاسی و اسکار نقش اول مرد,2020-02-05T22:06:47+00:00,4654.0,236.0,41632.0,5.0,3175.0,36217.0,36217.0,0.0,4654.0,1886.0,2.467656,0.125133,1.0,False,0.0,True,False,False,False,0.0,0.0,none,0.0,1.0,1.0,0.5,9.0,1.0,1.5,9.0,776782.0,19.20308,0.0,0.0,1.0,1.0,1.0,0.5,0.5,36215.0,36215.0,1.0,131,19.720338983050848,0,2,0,human(2),0.0,1,1,1,1,0
85615333.0,frarandeh,frarandeh,💚👑❤️☯️ffffparandan,👑👑👑❤️🤍💚جاوید سلسله ایرانساز پهلوی.🌈,جاوید سلسله ایرانساز پهلوی.,2009-10-27T17:20:45+00:00,9740.0,10714.0,80857.0,5.0,1568.0,108224.0,108224.0,0.0,9740.0,5639.0,1.727257,1.899982,1.0,False,0.0,True,False,False,False,0.0,0.0,none,10.0,0.0,2.0,0.0,4.0625,4.0,1.0,0.375,277888.3,19.19206,0.0,0.0,2.0,4.0,5.0,0.1875,0.1875,10821.2,108212.0,0.0,35,0.9090909090909091,0,0,0,bot(1),1.0,1,1,1,1,0
1.05915e+18,Chetoriarzeshi,chetoriarzeshi,®چطوری عرزشی؟🦁🌞,"‌‌ ‌‌ ‌‌ ‌‌ امیدعمام راکه به مادبستانی ها بود""ناامید""کردم ‌‌ ‌‌ ‌‌ ‌‌ ‌‌‌ 😎 ‌‌ ‌‌ ‌‌ ‌‌ ‌‌ ‌‌ ‌‌ ‌‌ ‌‌ ‌‌ ‌‌ ‌‌      قبل ازبراندازی حرف ازنوع حکومت بعدی چرته.","‌‌ ‌‌ ‌‌ ‌‌ امیدعمام راکه به مادبستانی ها بود""ناامید""کردم ‌‌ ‌‌ ‌‌ ‌‌ ‌‌‌ ‌‌ ‌‌ ‌‌ ‌‌ ‌‌ ‌‌ ‌‌ ‌‌ ‌‌ ‌‌ ‌‌ ‌‌ قبل ازبراندازی حرف ازنوع حکومت بعدی چرته.",2018-11-04T18:33:10+00:00,10687.0,972.0,144745.0,21.0,3857.0,44749.0,44749.0,0.0,10687.0,2344.0,4.5593,0.414676,1.0,False,0.0,True,False,False,False,0.0,0.0,none,7.0,0.0,0.0,1.0,13.0,1.0,1.0,300.4286,2406353.0,19.09087,0.0,0.0,1.0,2.0,1.0,0.0,0.0,6391.714286,44742.0,39.85714,158,10.99485596707819,0,0,0,human(2),0.0,1,1,1,1,0
1.24918e+18,Mehr_mihan,mehr_mihan,مهرِ میهن 🕊️,"برای خارج شدن از چرخه استبداد، تلاش برای افزایش آگاهی‌های اجتماعی به اندازه تلاش برای براندازی ضروریست.

نسخه صوتی کتاب‌ها:
   
https://t.co/HmR8u6sYL0","برای خارج شدن از چرخه استبداد، تلاش برای افزایش آگاهی‌های اجتماعی به اندازه تلاش برای براندازی ضروریست.
 
 نسخه صوتی کتاب‌ها:",2020-04-12T03:57:39+00:00,10836.0,6091.0,112142.0,24.0,5931.0,34482.0,34482.0,0.0,10836.0,1819.0,5.957119,3.348543,1.0,False,0.0,True,False,False,False,0.0,1.0,none,1.0,0.0,0.0,1.0,16.0,1.0,2.0,164.0,0.0,18.95657,1.0,1.0,1.0,1.0,1.0,0.0,0.0,34481.0,34481.0,22.0,151,1.779018223608603,0,0,1,human(2),0.0,1,1,1,1,1
9.66966e+17,Tanhatarin00,tanhatarin00,👑ensan👑,"کو دور ماند ز اصل خویش

 باز جوید روزگار وصل خویش
#خون_سیاوش
                                                                   
بزر امید جوانه زَند هموطنم 🌿","کو دور ماند ز اصل خویش
 
  باز جوید روزگار وصل خویش
 خون_سیاوش
  
 بزر امید جوانه زَند هموطنم",2018-02-23T09:21:59+00:00,4138.0,1104.0,63475.0,4.0,5472.0,49093.0,49093.0,0.0,4138.0,2598.0,1.592764,0.424942,1.0,False,0.0,True,False,False,False,1.0,0.0,none,8.0,9.0,5.0,0.583333,30.16667,2.0,1.416667,3.625,8038763.0,18.89646,0.0,0.0,2.0,7.0,3.0,0.125,0.416667,6133.875,49071.0,1.375,157,3.7481884057971016,0,2,0,bot(1),1.0,1,1,1,1,0
8.60477e+17,chawshin_83,chawshin_83,cheshm_abi,وطن امروز اسیر دو سه تن بی وطن است ، انهدام وطن از نکبت این چند تن است,وطن امروز اسیر دو سه تن بی وطن است ، انهدام وطن از نکبت این چند تن است,2017-05-05T12:52:09+00:00,87508.0,2332.0,186866.0,431.0,10052.0,54605.0,54605.0,0.0,87508.0,2892.0,30.25864,0.806362,1.0,False,0.0,True,False,False,False,0.0,0.0,none,2.0,0.0,0.0,1.5,41.0,1.0,1.0,2331.0,45959.0,18.8814,0.0,2.0,2.0,2.0,3.0,0.0,0.0,27301.5,54603.0,218.5,70,37.524871355060036,0,2,0,human(2),0.0,1,1,1,1,0
8.63463e+17,navidmajd11,navidmajd11,Navid Majd 🇱🇷,مهندس صنايع(تحليل گر سيستم)مهندس چاپ از هايدلبرگ المان.كارشناس روابط عمومي مربي فوتبال،بدنسازي و شنا،داراي مدرك مديريت فوتبال از برزيل.مدير شركتNavidGMBH المان,مهندس صنايع(تحليل گر سيستم)مهندس چاپ از هايدلبرگ المان.كارشناس روابط عمومي مربي فوتبال،بدنسازي و شنا،داراي مدرك مديريت فوتبال از برزيل.مدير شركتNavidGMBH المان,2017-05-13T18:36:25+00:00,3903.0,3455.0,103939.0,1.0,2331.0,54363.0,54363.0,0.0,3903.0,2884.0,1.353329,1.197989,1.0,False,0.0,False,False,False,False,0.0,0.0,none,45.0,0.0,26.0,0.703704,24.87963,2.0,1.907407,22.86111,51926.66,18.84986,0.0,0.0,6.0,14.0,38.0,0.231481,0.583333,1206.488889,54292.0,4.222222,159,1.1296671490593344,0,2,0,human(2),0.0,1,1,1,1,0
9.82873e+17,georg_patriot,georg_patriot,جورج,دارو ساز,دارو ساز,2018-04-08T06:48:31+00:00,3627.0,792.0,141521.0,12.0,4281.0,47944.0,47944.0,0.0,3627.0,2554.0,1.420125,0.310102,1.0,False,0.0,True,False,False,False,0.0,0.0,none,15.0,2.0,1.0,0.65,16.55,1.0,1.35,269.9,4929821.0,18.77212,0.0,0.0,2.0,2.0,3.0,0.1,0.1,3195.066667,47926.0,63.6,8,4.579545454545454,0,0,0,human(2),0.0,1,1,1,1,0
1.70528e+18,azarbayjanX,azarbayjanx,آذربایجان,"تا باشد آذربایجان پیوند ایران است و بس
این گفت با صوتی رسا فریاد آذربایجان","تا باشد آذربایجان پیوند ایران است و بس
 این گفت با صوتی رسا فریاد آذربایجان",2023-09-22T18:14:09+00:00,1586.0,42.0,43575.0,1.0,1835.0,10465.0,10465.0,0.0,1586.0,561.0,2.827094,0.074866,1.0,False,0.0,False,False,False,False,0.0,0.0,none,1.0,0.0,0.0,0.0,35.0,1.0,3.0,1466.0,0.0,18.65419,2.0,2.0,2.0,2.0,2.0,0.0,0.0,10464.0,10464.0,113.0,74,37.76190476190476,0,0,0,human(2),0.0,1,1,1,1,0
1.6542e+18,voltaireiran,voltaireiran,voltaire ولتر,"سلطنت‌طلب
(علوم انسانی خوانده غیر چپول، میهن دوست،با عقلانیت و آینده نگری، سامانه پادشاهی پهلوی را زمینه سعادت ایران می دانم.(جغد سابق)","سلطنت‌طلب
 (علوم انسانی خوانده غیر چپول، میهن دوست،با عقلانیت و آینده نگری، سامانه پادشاهی پهلوی را زمینه سعادت ایران می دانم.(جغد سابق)",2023-05-04T18:51:59+00:00,4964.0,492.0,16313.0,9.0,364.0,13066.0,13066.0,0.0,4964.0,702.0,7.071225,0.700855,1.0,False,0.0,False,False,False,False,0.0,0.0,none,147.0,28.0,8.0,0.266304,40.02174,3.0,1.548913,212.2663,298348.4,18.61254,0.0,0.0,3.0,12.0,2.0,0.076087,0.086957,87.63945578,12883.0,50.25,135,10.089430894308943,0,0,0,human(2),0.0,1,1,1,1,0
1.23383e+18,pardisa6,pardisa6,pardis.a,,,2020-02-29T19:15:22+00:00,8583.0,6076.0,50345.0,8.0,9545.0,34625.0,34625.0,0.0,8583.0,1862.0,4.60956,3.263158,1.0,False,0.0,True,False,False,False,0.0,0.0,none,7.0,0.0,1.0,0.875,32.375,1.0,2.625,109.625,12027333.0,18.5956,0.0,0.0,1.0,1.0,1.0,0.125,0.125,4945.285714,34617.0,30.25,0,1.4126069782751811,0,1,0,can’t find,,1,1,0,1,0
1.57429e+18,pk20333999,pk20333999,Al,,,2022-09-26T06:36:45+00:00,3482.0,3398.0,33576.0,0.0,26.0,17133.0,17133.0,0.0,3482.0,922.0,3.776573,3.685466,1.0,False,0.0,True,False,False,False,0.0,0.0,none,2.0,4.0,276.0,0.005291,14.24339,4.0,1.989418,2.507937,14395.13,18.58243,0.0,0.0,24.0,30.0,97.0,0.791005,1.285714,8425.5,16851.0,0.669312,0,1.0247204237786933,0,8,0,bot(1),1.0,1,1,0,1,0
1.15035e+18,AmiinMosavii94,amiinmosavii94,Amin Mosavi 2,آدمای بلندپرواز، حزب‌اللهی میشن/ لینک کانال یوتیوب 👇,آدمای بلندپرواز، حزب‌اللهی میشن/ لینک کانال یوتیوب,2019-07-14T10:28:10+00:00,23532.0,1672.0,142364.0,80.0,2945.0,38854.0,38854.0,0.0,23532.0,2092.0,11.24857,0.799235,1.0,False,0.0,True,False,False,False,0.0,0.0,none,0.0,1.0,0.0,1.0,19.0,1.0,1.0,1087.0,0.0,18.57266,1.0,1.0,1.0,1.0,1.0,0.0,0.0,38853.0,38853.0,143.0,52,14.074162679425838,1,2,0,human(2),0.0,1,1,1,1,0
1.402e+18,Gard_e_Javidan,gard_e_javidan,👑 آریا 👑,"فرزند یک #ساواک ی،  تا مغز استخوان پهلوی پرست  #جاویدشاه  🫡🫡🫡

 #برانداز

 یک خدا دارم و آن هم #خدایگان #محمد_رضا_شاه_کبیر است...
این عشق تاگور بامن است","فرزند یک ساواک ی، تا مغز استخوان پهلوی پرست جاویدشاه 
 
  برانداز
 
  یک خدا دارم و آن هم خدایگان محمد_رضا_شاه_کبیر است...
 این عشق تاگور بامن است",2021-06-07T20:22:56+00:00,3022.0,1771.0,101319.0,2.0,1122.0,25937.0,25937.0,0.0,3022.0,1398.0,2.16166,1.26681,1.0,False,0.0,True,False,False,False,1.0,0.0,none,49.0,5.0,36.0,0.653465,30.25743,3.0,1.950495,108.4158,1100878.0,18.55293,0.0,0.0,7.0,9.0,12.0,0.267327,0.455446,527.4897959,25847.0,22.79208,152,1.7063805759457933,0,0,0,human(2),0.0,1,1,1,1,0
1.58995e+18,beni_ta1,beni_ta1,Beni,همه، به ایران فکر کنیم.,همه، به ایران فکر کنیم.,2022-11-08T11:39:19+00:00,21326.0,249.0,57010.0,27.0,1562.0,16302.0,16302.0,0.0,21326.0,879.0,24.26166,0.283276,1.0,False,0.0,False,False,False,False,0.0,0.0,none,2.0,2.0,11.0,0.470588,23.52941,4.0,1.294118,284.2941,2555775.0,18.54608,0.0,0.0,2.0,2.0,3.0,0.705882,0.941176,8143.5,16287.0,41.23529,23,85.64658634538152,0,1,0,human(2),0.0,1,1,1,1,0
1.44757e+18,liwooom,liwooom,╭⁠LiLO꧁◠◡💫,مرا دریــاب، من خوبـم، هنـوزم بــاد می‌روبـم◠☼い    آزادی‌خواه,مرا دریــاب، من خوبـم، هنـوزم بــاد می‌روبـم◠☼い آزادی‌خواه,2021-10-11T14:32:17+00:00,3539.0,212.0,106476.0,20.0,290.0,23585.0,23585.0,0.0,3539.0,1272.0,2.782233,0.166667,1.0,False,0.0,True,False,False,False,0.0,0.0,none,2.0,0.0,0.0,1.5,29.5,1.0,1.0,1352.5,989857.0,18.54167,0.0,0.0,1.0,1.0,1.0,0.0,0.0,11791.5,23583.0,139.5,61,16.693396226415093,0,0,0,human(2),0.0,1,1,1,1,0
1.58243e+18,itisbatgirl,itisbatgirl,🎗🦁☀️بَتزَن,من نمی بازم یا می بَرَم یا می آموزم 💪🏻,من نمی بازم یا می بَرَم یا می آموزم,2022-10-18T17:52:43+00:00,3187.0,3238.0,55059.0,0.0,566.0,16672.0,16672.0,0.0,3187.0,900.0,3.541111,3.597778,1.0,False,0.0,True,False,False,False,0.0,0.0,none,8.0,1.0,44.0,0.465753,12.67123,4.0,2.136986,27.63014,503161.9,18.52444,0.0,0.0,6.0,12.0,21.0,0.753425,0.945205,2077.375,16619.0,6.821918,38,0.984249536751081,0,0,0,human(2),0.0,1,1,1,1,0
4075582205.0,abdolah_abdi,abdolah_abdi,AbdiMedia - Abdollah Abdi,"Independent Journalist, Analyst and Historian. Founder of AbdiMedia.","Independent Journalist, Analyst and Historian. Founder of AbdiMedia.",2015-10-30T13:58:29+00:00,66437.0,341.0,8972.0,163.0,37280.0,63626.0,63626.0,0.0,66437.0,3445.0,19.28505,0.098984,1.0,False,0.0,True,False,False,False,0.0,0.0,none,3.0,0.0,0.0,1.0,24.66667,1.0,0.0,553.3333,2499.333,18.46909,0.0,3.0,2.0,3.0,1.0,0.0,0.0,21207.66667,63623.0,42.0,68,194.82991202346042,0,0,0,human(2),0.0,1,1,1,1,1
142772512.0,Tavaana,tavaana,توانا Tavaana,آموزشکده توانا Tavaana: E-Learning Institute for Iranian Civil Society You can also follow us at @TavaanaTech تلگرام توانا https://t.co/7ulrPC7s6w,آموزشکده توانا Tavaana: E-Learning Institute for Iranian Civil Society You can also follow us at @TavaanaTech تلگرام توانا,2010-05-11T18:33:29+00:00,157653.0,2.0,2564.0,478.0,66132.0,100460.0,100460.0,0.0,157653.0,5443.0,28.96436,0.000367,0.0,False,0.0,True,False,False,False,0.0,1.0,regular,1.0,0.0,0.0,1.0,27.0,1.0,2.0,265.0,0.0,18.45673,1.0,1.0,1.0,1.0,1.0,0.0,0.0,100459.0,100459.0,32.0,146,78826.5,0,0,1,News Agent(3),,1,1,1,1,0
2950042619.0,Sashtyani,sashtyani,ساشتی,حافظ کل حمد و سوره,حافظ کل حمد و سوره,2014-12-29T21:34:19+00:00,67144.0,619.0,300261.0,253.0,9153.0,69094.0,69094.0,0.0,67144.0,3750.0,17.90507,0.165067,0.0,False,0.0,True,False,False,False,0.0,0.0,none,1.0,1.0,1.0,0.666667,36.33333,1.0,1.0,333.0,1917295.0,18.42507,0.0,0.0,2.0,2.0,1.0,0.0,0.0,69091.0,69091.0,10.0,18,108.47172859450727,0,0,0,human(2),0.0,1,1,1,1,1
1.70159e+18,baaarzaaakh,baaarzaaakh,👑baaarzaaakh👑,"برزخم هستم به جرم میهن پرست بودن بازهم اکانتم ساسپند شد
حامی شاهنشاه رضا شاه دوم 
  یک ترامپیست دو آتیشه💪","برزخم هستم به جرم میهن پرست بودن بازهم اکانتم ساسپند شد
 حامی شاهنشاه رضا شاه دوم 
  یک ترامپیست دو آتیشه",2023-09-12T13:43:13+00:00,3824.0,3040.0,29569.0,5.0,842.0,10434.0,10434.0,0.0,3824.0,571.0,6.697023,5.323993,1.0,False,0.0,False,False,False,False,0.0,0.0,none,8.0,2.0,9.0,0.272727,19.12121,3.0,1.666667,219.8788,424303.6,18.2732,0.0,0.0,2.0,6.0,15.0,0.515152,0.515152,1301.875,10415.0,14.60606,105,1.2578947368421052,0,0,0,human(2),0.0,1,1,1,1,0
1.5254e+18,SARBAZEH_VATAN1,sarbazeh_vatan1,👑ANTI IGNORANCE👑🦁☀️,"پژوهشگر تاریخ، منتقد و گهگاهی کمی شاعری

« برای فرزندانمان قصه هایی بگوییم تا بیدار شوند ، نه آنکه بخوابند »","پژوهشگر تاریخ، منتقد و گهگاهی کمی شاعری
 
 « برای فرزندانمان قصه هایی بگوییم تا بیدار شوند ، نه آنکه بخوابند »",2022-05-14T09:11:28+00:00,3089.0,1887.0,19536.0,3.0,1947.0,19214.0,19214.0,0.0,3089.0,1057.0,2.922422,1.785241,1.0,False,0.0,True,False,False,False,0.0,0.0,none,4.0,0.0,3.0,0.714286,42.85714,1.0,2.714286,194.5714,9621218.0,18.17786,0.0,0.0,1.0,1.0,1.0,0.142857,0.142857,4801.75,19207.0,21.14286,108,1.6369899311075782,0,1,0,human(2),0.0,1,1,1,1,0
1.81077e+18,2002Kingfox,2002kingfox,حیله گر,سیّاس! معمار ایران آینده,سیّاس! معمار ایران آینده,2024-07-09T20:00:10+00:00,31453.0,3.0,7406.0,37.0,1509.0,4895.0,4895.0,0.0,31453.0,270.0,116.4926,0.011111,1.0,False,0.0,False,False,False,False,0.0,0.0,none,26.0,4.0,8.0,0.868421,29.60526,3.0,1.921053,3002.421,38877.63,18.12963,0.0,0.0,6.0,12.0,39.0,0.131579,0.342105,186.8076923,4857.0,413.7368,24,10484.333333333334,0,4,0,human(2),0.0,1,1,1,1,1
8.22188e+17,Parinaz_ETSM,parinaz_etsm,Parinaz ‏Etesam,Fighting for a free Iran,Fighting for a free Iran,2017-01-19T21:04:54+00:00,29942.0,3038.0,139446.0,24.0,1892.0,54189.0,54189.0,0.0,29942.0,2998.0,9.987325,1.013342,0.0,False,0.0,True,False,False,False,0.0,0.0,none,3.0,0.0,0.0,1.0,20.0,1.0,1.333333,247.6667,993445.3,18.07505,0.0,0.0,1.0,1.0,1.0,0.0,0.0,18062.0,54186.0,34.66667,24,9.855826201448322,0,0,0,human(2),0.0,1,1,1,1,0
1.57453e+18,sourenasanto,sourenasanto,Sourenasanto سورناسانتو,"پاینده ایران....زنده باد آزادی....جاوید شاه
فالو بر مبنای ""تولید محتوا"" انجام می‌شود.","پاینده ایران....زنده باد آزادی....جاوید شاه
 فالو بر مبنای ""تولید محتوا"" انجام می‌شود.",2022-09-26T22:55:22+00:00,4483.0,652.0,65021.0,9.0,1005.0,16647.0,16647.0,0.0,4483.0,922.0,4.862256,0.707158,1.0,False,0.0,True,False,False,False,0.0,0.0,none,79.0,27.0,25.0,0.209459,32.69595,4.0,2.412162,146.4797,369612.5,18.05531,0.0,0.0,3.0,6.0,18.0,0.155405,0.216216,209.0632911,16516.0,24.52027,85,6.875766871165644,0,0,0,human(2),0.0,1,1,1,1,0
1.57562e+18,Action4IR,action4ir,Action For Iran,Action Items to support people of Iran #MahsaAmini  Group: https://t.co/3LfGCfEQmE | Channel: https://t.co/JHIvqSAWRm,Action Items to support people of Iran MahsaAmini Group: | Channel:,2022-09-29T22:41:39+00:00,9016.0,691.0,21708.0,30.0,3080.0,16551.0,16551.0,0.0,9016.0,919.0,9.810664,0.751904,1.0,False,0.0,True,False,False,False,1.0,1.0,none,2.0,0.0,0.0,2.5,94.5,2.0,2.0,221.0,146570.0,18.00979,0.0,0.0,2.0,2.0,3.0,0.5,0.5,8274.5,16549.0,88.5,117,13.047756874095514,0,1,1,human(2),0.0,1,1,1,1,0
1.07355e+18,mandela08940434,mandela08940434,mandela ☮✍,"در میان شهر کوران درد‌ها دارم زبینایی 

https://t.co/XZW9HgtoMk",در میان شهر کوران درد‌ها دارم زبینایی,2018-12-14T12:08:45+00:00,3083.0,2014.0,195552.0,5.0,3235.0,41462.0,41462.0,0.0,3083.0,2304.0,1.338108,0.874132,1.0,False,0.0,False,False,False,False,0.0,1.0,none,0.0,0.0,1.0,0.0,6.0,1.0,1.0,2.0,0.0,17.99566,1.0,1.0,1.0,1.0,1.0,0.0,3.0,41461.0,41461.0,0.0,63,1.5307845084409135,0,8,1,human(2),0.0,1,1,1,1,0
1.30554e+18,siavosh48,siavosh48,☼𓃬سیاوش👑🦋,"من مرثیه خوان وطن مرده ی خویشم                 

عرزشی⛔  مجاهد⛔","من مرثیه خوان وطن مرده ی خویشم 
 
 عرزشی مجاهد",2020-09-14T16:26:49+00:00,3023.0,1099.0,70845.0,1.0,516.0,29901.0,29901.0,0.0,3023.0,1664.0,1.816707,0.660457,1.0,False,0.0,True,False,False,False,0.0,0.0,none,1.0,0.0,5.0,0.222222,11.88889,2.0,1.333333,22.0,11580867.0,17.96935,0.0,0.0,2.0,2.0,4.0,0.555556,1.222222,29895.0,29895.0,9.777778,63,2.7506824385805277,0,2,0,human(2),0.0,1,1,1,1,0
1.42179e+18,RufusBeyn,rufusbeyn,روفوس بین👑👑,سرباز وطنیم،جون به کف.معتقد به کالریست فکری.مخالف سرسخت تعصب و جهل. عضو کوچکی از پادشاهی خواهان. مجهز به آنتی عرزشی (لطفاً نیا عرعر نکن) #پادشاهی_خواهم,سرباز وطنیم،جون به کف.معتقد به کالریست فکری.مخالف سرسخت تعصب و جهل. عضو کوچکی از پادشاهی خواهان. مجهز به آنتی عرزشی (لطفاً نیا عرعر نکن) پادشاهی_خواهم,2021-08-01T10:52:44+00:00,3383.0,3465.0,160322.0,1.0,341.0,24056.0,24056.0,0.0,3383.0,1343.0,2.518987,2.580045,1.0,False,0.0,True,False,False,False,1.0,0.0,none,1.0,1.0,0.0,0.0,27.5,1.0,1.0,136.5,1162625.0,17.91214,0.0,0.0,1.0,1.0,1.0,0.0,0.0,24054.0,24054.0,32.5,151,0.9763347763347764,0,0,0,bot(1),1.0,1,1,1,1,0
1.61931e+18,m_ojmal,m_ojmal,شاملو,نگارگر اشتباهی خوب,نگارگر اشتباهی خوب,2023-01-28T12:15:48+00:00,4194.0,3954.0,25831.0,2.0,1424.0,14257.0,14257.0,0.0,4194.0,798.0,5.255639,4.954887,1.0,False,0.0,False,False,False,False,0.0,0.0,none,1.0,0.0,0.0,2.0,6.0,1.0,0.0,1762.0,0.0,17.86591,2.0,2.0,2.0,2.0,2.0,0.0,0.0,14256.0,14256.0,15.0,18,1.0606980273141122,0,0,0,human(2),0.0,1,1,1,1,1
1.30305e+18,AbiDel23952698,abidel23952698,AbiDel,"@PahlaviReza
تا ابد جاوید شاه
آگاهی و بیداری باید که شود جاری           تا نور شود پیروز بر این شب طولانی","@PahlaviReza
 تا ابد جاوید شاه
 آگاهی و بیداری باید که شود جاری تا نور شود پیروز بر این شب طولانی",2020-09-07T19:08:27+00:00,4472.0,4502.0,27478.0,0.0,17.0,29853.0,29853.0,0.0,4472.0,1671.0,2.676242,2.694195,1.0,False,0.0,False,False,False,False,0.0,0.0,none,7.0,0.0,1.0,0.5,23.1,1.0,1.8,81.3,8814874.0,17.86535,0.0,0.0,2.0,2.0,3.0,0.1,0.1,4263.571429,29845.0,20.3,105,0.9933362949800089,0,8,0,human(2),0.0,1,1,1,1,1
1.14364e+18,Kamangir_133,kamangir_133,🏹کمانگیر,تا آخرش #براندازم,تا آخرش براندازم,2019-06-25T22:06:36+00:00,13115.0,423.0,68876.0,23.0,4425.0,37697.0,37697.0,0.0,13115.0,2111.0,6.212695,0.200379,1.0,False,0.0,True,False,False,False,1.0,0.0,none,6.0,0.0,0.0,1.0,17.33333,2.0,1.0,113.8333,2515048.0,17.85741,0.0,0.0,1.0,1.0,1.0,0.166667,0.166667,6281.833333,37691.0,26.33333,17,31.004728132387708,0,3,0,human(2),0.0,1,1,1,1,1
9.233e+17,naslesookhtehh,naslesookhtehh,💙👑naslesookhteh,,,2017-10-25T21:26:48+00:00,4339.0,3169.0,265717.0,4.0,6265.0,48467.0,48467.0,0.0,4339.0,2719.0,1.595807,1.165502,1.0,False,0.0,True,False,False,False,0.0,0.0,none,1.0,0.0,144.0,0.716049,23.32716,5.0,1.555556,10.38272,503625.5,17.8253,0.0,0.0,9.0,20.0,18.0,0.734568,1.425926,48322.0,48322.0,1.679012,0,1.3692016408961818,0,0,0,human(2),0.0,1,1,0,1,0
1.33018e+18,Jo5x8HaTcF3o5Px,jo5x8hatcf3o5px,👑 مژگان,"#رضاشاه_روحت_شاد  
هم نظر با @PahlaviReza 👑 
 #خاندان_ایرانساز_پهلوی  👑
#شهبانو 👑
با #پهلوی میتوان به عرش رسید  
دایرکت تشریف نیاورید سپاسگزار میشوم","رضاشاه_روحت_شاد 
 هم نظر با @PahlaviReza 
  خاندان_ایرانساز_پهلوی 
 شهبانو 
 با پهلوی میتوان به عرش رسید 
 دایرکت تشریف نیاورید سپاسگزار میشوم",2020-11-21T15:55:05+00:00,14712.0,8906.0,50840.0,13.0,5139.0,28154.0,28154.0,0.0,14712.0,1596.0,9.218045,5.580201,1.0,False,0.0,True,False,False,False,1.0,0.0,none,192.0,2.0,16.0,1.391705,49.78802,3.0,3.165899,177.5161,476952.2,17.64035,0.0,0.0,2.0,6.0,8.0,0.013825,0.023041,145.5416667,27944.0,50.71429,148,1.6519200538962497,0,4,0,human(2),0.0,1,1,1,1,0
1.32516e+18,ANTYTHEZIS,antythezis,KIANMEHR𓄂✺,"👑پادشاهی خواه👑            
       ❈ EMPIRE OF IRAN ❈

PATRIOT   پهلوی ستیز فالو نکنه   KingdomWithPahlavi
#KingRezaPahlavi","پادشاهی خواه 
  ❈ EMPIRE OF IRAN ❈
 
 PATRIOT پهلوی ستیز فالو نکنه KingdomWithPahlavi
 KingRezaPahlavi",2020-11-07T19:22:05+00:00,4193.0,3693.0,127602.0,5.0,1279.0,28355.0,28355.0,0.0,4193.0,1610.0,2.604348,2.293789,1.0,False,0.0,True,False,False,False,1.0,0.0,none,7.0,3.0,15.0,0.533333,13.33333,3.0,1.3,16.3,3930283.0,17.6118,0.0,0.0,2.0,4.0,6.0,0.566667,0.8,4047.142857,28330.0,3.133333,122,1.1353912808015163,0,0,0,human(2),0.0,1,1,1,1,1
1.51491e+18,Hqkaya,hqkaya,Kaya,Professional overthinker!,Professional overthinker!,2022-04-15T09:56:36+00:00,12948.0,1536.0,200973.0,24.0,10124.0,19029.0,19029.0,0.0,12948.0,1086.0,11.92265,1.414365,1.0,False,0.0,True,False,False,False,0.0,0.0,none,2.0,0.0,0.0,1.0,10.33333,1.0,0.0,669.6667,513057.0,17.5221,0.0,0.0,2.0,2.0,2.0,0.0,0.0,9513.5,19027.0,35.33333,25,8.4296875,0,0,0,can’t find,,1,1,1,1,0
1.01362e+18,megamaniran,megamaniran,mega,,,2018-07-02T02:48:51+00:00,17213.0,18597.0,47428.0,11.0,756.0,43043.0,43043.0,0.0,17213.0,2469.0,6.971648,7.532199,0.0,False,0.0,False,False,False,False,0.0,0.0,none,1.0,1.0,0.0,0.5,26.5,1.0,1.0,0.5,268.0,17.43337,4.0,4.0,4.0,4.0,3.0,0.0,0.0,43041.0,43041.0,0.0,0,0.9255793945259988,0,0,0,bot(1),1.0,1,1,0,1,0
1.57486e+18,E_Aria_N,e_aria_n,Ehsan AriaN,"Iran ❤️
Middle East 🔎","Iran 
 Middle East",2022-09-27T20:19:47+00:00,28716.0,904.0,16100.0,156.0,2415.0,16050.0,16050.0,0.0,28716.0,921.0,31.17915,0.981542,1.0,False,0.0,True,False,False,False,0.0,0.0,none,0.0,1.0,1.0,0.5,47.5,2.0,0.5,1637.5,837.5,17.42671,4.0,4.0,4.0,4.0,3.0,0.0,0.0,16048.0,16048.0,275.5,21,31.765486725663717,0,0,0,unverified(4),,1,1,1,1,0
1.57815e+18,iran_misazamat,iran_misazamat,👑REZA 👑,زن زندگی آزادی مرد میهن آبادی #kingRezapahlavi  #جاویدشاه,زن زندگی آزادی مرد میهن آبادی kingRezapahlavi جاویدشاه,2022-10-06T22:41:48+00:00,3405.0,4057.0,48071.0,1.0,2409.0,15884.0,15884.0,0.0,3405.0,912.0,3.733553,4.448465,1.0,False,0.0,True,False,False,False,1.0,0.0,none,23.0,30.0,544.0,0.650904,9.545202,10.0,1.547983,23.00834,42494.66,17.41667,0.0,0.0,22.0,54.0,123.0,0.614743,1.488178,664.6521739,15287.0,4.997218,57,0.8392901158491496,0,0,0,bot(1),1.0,1,1,1,1,0
8.68231e+17,powerpeople_,powerpeople_,قدرت مردم,‏,‏,2017-05-26T22:24:46+00:00,29163.0,241.0,95693.0,135.0,7529.0,49760.0,49760.0,0.0,29163.0,2871.0,10.15778,0.083943,1.0,False,0.0,True,False,False,False,0.0,0.0,none,5.0,0.0,1.0,0.375,28.375,1.0,0.5,282.625,7269787.0,17.33194,0.0,0.0,2.0,2.0,3.0,0.125,1.375,9950.8,49754.0,33.125,1,121.00829875518673,0,0,0,human(2),0.0,1,1,1,1,1
1.54612e+18,NFreeIran2022,nfreeiran2022,Nadia🦋,@PahlaviReza https://t.co/2TcJbFOPlx 🦋Human Rights activist 🦋 💍💕,@PahlaviReza Human Rights activist,2022-07-10T13:31:24+00:00,8425.0,2655.0,31338.0,8.0,1554.0,17251.0,17251.0,0.0,8425.0,1000.0,8.425,2.655,1.0,False,0.0,True,False,False,False,0.0,1.0,none,41.0,11.0,0.0,1.127273,66.87273,3.0,2.563636,147.4364,1304207.0,17.251,0.0,0.0,4.0,4.0,4.0,0.236364,0.727273,419.4878049,17199.0,57.0,64,3.1732580037664784,0,4,1,human(2),0.0,1,1,1,1,0
1.58753e+18,Zagros1402,zagros1402,هایزِنبِرگ 👑 #KingRezaPahlavi👑,"بیایید در این لحظات تاریخی، همه به ایران فکر کنیم...😭
اندکی صبر، سحر نزدیک است
#kingrezapahlavi
#shah

 #رضاشاه_دوم #تمامیت_ارضی #پاینده_ایران #جاویدشاه","بیایید در این لحظات تاریخی، همه به ایران فکر کنیم...
 اندکی صبر، سحر نزدیک است
 kingrezapahlavi
 shah
 
  رضاشاه_دوم تمامیت_ارضی پاینده_ایران جاویدشاه",2022-11-01T19:44:38+00:00,3954.0,4016.0,13337.0,1.0,243.0,15265.0,15265.0,0.0,3954.0,886.0,4.462754,4.532731,1.0,False,0.0,True,False,False,False,1.0,0.0,none,1.0,3.0,48.0,0.015873,28.19048,3.0,2.31746,1.349206,70994.69,17.22912,0.0,0.0,6.0,19.0,12.0,0.650794,1.222222,15213.0,15213.0,0.111111,152,0.9845617529880478,0,4,0,human(2),0.0,1,1,1,1,0
1.1501e+18,Masad75405681,masad75405681,Masad,"جاویدشاه_
می خواهند تو ندانی_
فقط خاندان پهلوی_رضا شاه دوم_ملکه مادر","جاویدشاه_
 می خواهند تو ندانی_
 فقط خاندان پهلوی_رضا شاه دوم_ملکه مادر",2019-07-13T18:06:13+00:00,4468.0,4363.0,50885.0,0.0,252.0,36047.0,36047.0,0.0,4468.0,2093.0,2.134735,2.084568,1.0,False,0.0,True,False,False,False,0.0,0.0,none,6.0,1.0,1.0,0.0,34.875,1.0,1.875,194.875,4453039.0,17.22265,0.0,0.0,2.0,2.0,1.0,0.0,0.0,6006.5,36039.0,52.25,68,1.0240660096264038,0,8,0,bot(1),1.0,1,1,1,1,1
1.46763e+18,jiar06731264,jiar06731264,kordestani(جنبش نسل پاسارگادی),💫همگان میدانیم فرقه تبهکار حاکم در ایران ، این سرزمین تاریخی را در سراشیبی و انحطاط قرار داده ! برای نجات ایران از انحطاط به #نسل_شیک_پاسارگادی بپیوندیم 💫,همگان میدانیم فرقه تبهکار حاکم در ایران ، این سرزمین تاریخی را در سراشیبی و انحطاط قرار داده ! برای نجات ایران از انحطاط به نسل_شیک_پاسارگادی بپیوندیم,2021-12-05T23:20:39+00:00,4862.0,60.0,19818.0,3.0,1357.0,20920.0,20920.0,0.0,4862.0,1217.0,3.99507,0.049302,1.0,False,0.0,True,False,False,False,1.0,0.0,none,21.0,2.0,0.0,1.043478,24.69565,1.0,3.347826,288.7391,2530134.0,17.18981,0.0,0.0,2.0,3.0,1.0,0.043478,0.043478,995.0952381,20897.0,88.91304,154,81.03333333333333,0,8,0,bot(1),1.0,1,1,1,1,0
1.71328e+18,_mendeleev,_mendeleev,مندلیف,جدول‌دار و عنصرساز,جدول‌دار و عنصرساز,2023-10-14T19:34:43+00:00,5758.0,245.0,29134.0,13.0,539.0,9189.0,9189.0,0.0,5758.0,539.0,10.68275,0.454545,1.0,False,0.0,False,False,False,False,0.0,0.0,none,0.0,1.0,1.0,0.5,31.5,2.0,1.5,625.0,54489.0,17.04824,0.0,2.0,2.0,2.0,3.0,0.5,0.5,9187.0,9187.0,15.5,18,23.50204081632653,0,0,0,human(2),0.0,1,1,1,1,0
1.24944e+18,Rppress0,rppress0,شب‌نامه,شبنامه به دور زدن دیوار سانسور جمهوری اسلامی می‌پردازد و صدای مردم ایران را انعکاس می‌دهد، خوشحال می‌شویم اگر در اینستاگرام و تلگرام هم ما را همراهی کنید.,شبنامه به دور زدن دیوار سانسور جمهوری اسلامی می‌پردازد و صدای مردم ایران را انعکاس می‌دهد، خوشحال می‌شویم اگر در اینستاگرام و تلگرام هم ما را همراهی کنید.,2020-04-12T21:03:43+00:00,14640.0,242.0,41671.0,20.0,6978.0,30925.0,30925.0,0.0,14640.0,1819.0,8.048378,0.13304,1.0,False,0.0,False,False,False,False,0.0,0.0,none,48.0,16.0,35.0,0.804511,38.22556,3.0,2.165414,125.8496,338346.9,17.0011,0.0,0.0,10.0,22.0,35.0,0.458647,1.075188,642.2083333,30826.0,24.67669,154,60.49586776859504,0,1,0,bot(1),1.0,1,1,1,1,0
9.08581e+17,cryptosamz,cryptosamz,Uncle Sam - عموسام,Passionate about fighting against IRGC oppression in Iran & promoting the liberating potential of #Bitcoin. standing up for freedom on 2 fronts #IRGCterrorists,Passionate about fighting against IRGC oppression in Iran & promoting the liberating potential of Bitcoin. standing up for freedom on 2 fronts IRGCterrorists,2017-09-15T06:39:06+00:00,62593.0,1571.0,204386.0,248.0,3109.0,46830.0,46830.0,0.0,62593.0,2759.0,22.68684,0.569409,1.0,False,0.0,True,False,False,False,1.0,1.0,none,2.0,0.0,0.0,1.0,40.0,1.0,3.5,240.5,183576.0,16.97354,0.0,0.0,1.0,1.0,1.0,0.0,0.0,23414.0,46828.0,10.0,159,39.842775302355186,0,0,0,human(2),0.0,1,1,1,1,1
9.46312e+17,Sandisodoleh,sandisodoleh,ساندیس الدوله,عاشق ساندیس و بوی عرق بدن و پا در هیئت حدادیان.به سفارت ،پرچم ،کورش ومنطق ودموکراسی حساسیت دارم. دارای گواهی معتبر تائید سلامت روحی و روانی از مَچِد محل,عاشق ساندیس و بوی عرق بدن و پا در هیئت حدادیان.به سفارت ،پرچم ،کورش ومنطق ودموکراسی حساسیت دارم. دارای گواهی معتبر تائید سلامت روحی و روانی از مَچِد محل,2017-12-28T09:30:43+00:00,3349.0,2413.0,84016.0,3.0,1394.0,44995.0,44995.0,0.0,3349.0,2655.0,1.261394,0.908851,1.0,False,0.0,True,False,False,False,0.0,0.0,none,10.0,2.0,4.0,0.235294,22.05882,3.0,2.176471,32.29412,2871094.0,16.94727,0.0,0.0,3.0,3.0,2.0,0.176471,0.411765,4497.9,44979.0,6.529412,152,1.38789888106092,0,0,0,bot(1),1.0,1,1,1,1,0
1.19982e+18,pizza_facey,pizza_facey,میم🜲,"جاویدشاه👑🫀
@PahlaviReza
#ما_ملت_کبیریم_ایران_رو_پس_میگیریم","جاویدشاه
 @PahlaviReza
 ما_ملت_کبیریم_ایران_رو_پس_میگیریم",2019-11-27T22:26:15+00:00,7735.0,1419.0,184112.0,6.0,4857.0,33057.0,33057.0,0.0,7735.0,1956.0,3.954499,0.72546,1.0,False,0.0,True,False,False,False,1.0,0.0,none,180.0,28.0,10.0,1.077982,27.23394,4.0,2.188073,511.1514,116568.4,16.90031,0.0,0.0,6.0,9.0,2.0,0.229358,0.376147,182.4388889,32839.0,109.7018,58,5.451021846370684,0,0,0,human(2),0.0,1,1,1,1,0
1.51432e+18,farashgardii02,farashgardii02,Demis.👑 #KingRezaPahlavi👑,"نباشدسخن جز یکی حرف راست،،
رضاشاه دوم شهنشاه ماست

#جاویدشاه

👑👑👑","نباشدسخن جز یکی حرف راست،،
 رضاشاه دوم شهنشاه ماست
 
 جاویدشاه",2022-04-13T19:02:49+00:00,3144.0,2040.0,17224.0,5.0,4441.0,18328.0,18328.0,0.0,3144.0,1088.0,2.889706,1.875,1.0,False,0.0,True,False,False,False,1.0,0.0,none,69.0,0.0,17.0,1.161616,26.31313,4.0,1.69697,60.15152,853237.9,16.84559,0.0,0.0,5.0,10.0,14.0,0.171717,0.464646,264.3768116,18242.0,12.0101,65,1.5411764705882354,0,2,0,human(2),0.0,1,1,1,1,0
1.31343e+18,Arianrad5,arianrad5,ایران وطنم و تنم👑👑👑,"دوست دارم کفنم، پرچم شیر و خورشید ایران باشد

بسیجی،عرزشی، توده ای🚫مجاهد و منافق🚫⛔","دوست دارم کفنم، پرچم شیر و خورشید ایران باشد
 
 بسیجی،عرزشی، توده ایمجاهد و منافق",2020-10-06T10:50:36+00:00,7610.0,4474.0,178594.0,5.0,1591.0,27565.0,27565.0,0.0,7610.0,1642.0,4.634592,2.724726,1.0,False,0.0,True,False,False,False,0.0,0.0,none,2.0,0.0,0.0,0.0,27.0,1.0,1.0,226.5,946281.5,16.78745,0.0,0.0,1.0,1.0,1.0,0.0,0.0,13781.5,27563.0,42.5,82,1.7009387572641932,0,1,0,unverified(4),,1,1,1,1,1
9.08778e+17,rezayyyyy,rezayyyyy,Rezayyyy,"‏‏‏‏‏‏‏‏‏‏‏‏

فالو=بک                                                     


ورودمجاهد🚫وعرزشی🚫 وتجزیه طلب🚫 ممنوع🚫","‏‏‏‏‏‏‏‏‏‏‏‏
 
 فالو=بک 
 
 
 ورودمجاهدوعرزشی وتجزیه طلب ممنوع",2017-09-15T19:42:29+00:00,8442.0,8077.0,114271.0,4.0,504.0,46238.0,46238.0,0.0,8442.0,2759.0,3.059804,2.92751,1.0,False,0.0,False,False,False,False,0.0,0.0,none,0.0,0.0,1.0,0.0,30.0,1.0,3.0,2.0,0.0,16.75897,1.0,1.0,1.0,1.0,1.0,0.0,2.0,46237.0,46237.0,1.0,113,1.0451900458090875,0,0,0,unverified(4),,1,1,1,1,0
1.52847e+18,Shahin56802127,shahin56802127,Babak,,,2022-05-22T20:14:14+00:00,8520.0,8649.0,66856.0,1.0,276.0,17529.0,17529.0,0.0,8520.0,1049.0,8.122021,8.244995,1.0,False,0.0,True,False,False,False,0.0,0.0,none,1.0,0.0,1.0,0.0,27.0,1.0,1.5,40.0,173278.5,16.7102,0.0,0.0,1.0,1.0,1.0,0.0,0.0,17527.0,17527.0,12.0,0,0.9850849809226501,0,8,0,human(2),0.0,1,1,0,1,0
1.59421e+18,_tinafrn_,_tinafrn_,khodeTina,freedom 🧠🌱 ‌‌‌ https://t.co/MgalS6yN4n,freedom ‌‌‌,2022-11-20T06:13:40+00:00,4656.0,4001.0,28605.0,1.0,353.0,14399.0,14399.0,0.0,4656.0,867.0,5.370242,4.614764,1.0,False,0.0,False,False,False,False,0.0,1.0,none,1.0,0.0,0.0,1.0,7.0,1.0,0.0,1275.0,0.0,16.60784,1.0,1.0,1.0,1.0,1.0,0.0,0.0,14398.0,14398.0,14.0,38,1.1637090727318171,0,0,1,unverified(4),,1,1,1,1,0
1.83974e+18,Medinfo_X,medinfo_x,Dr. Mehrdad Ashabi,Founder & Medical Director of MEDINFOX | Medical information Xpert |⚕️🩺💊💉ℹ️❌ | Physician | اندازه نگه‌دار که اندازه نکوست هم لایق دشمن است و هم لایق دوست,Founder & Medical Director of MEDINFOX | Medical information Xpert | | Physician | اندازه نگه‌دار که اندازه نکوست هم لایق دشمن است و هم لایق دوست,2024-09-27T19:04:13+00:00,3555.0,33.0,6676.0,5.0,386.0,3134.0,3134.0,0.0,3555.0,190.0,18.71053,0.173684,1.0,False,0.0,False,False,False,False,0.0,0.0,none,4.0,0.0,0.0,1.0,503.75,1.0,0.0,1639.25,114919.8,16.49474,0.0,0.0,2.0,2.0,1.0,0.0,0.0,782.5,3130.0,273.25,153,107.72727272727273,0,0,0,human(2),0.0,1,1,1,1,0
1.63698e+18,riokhosravi,riokhosravi,RoYa👑🇮🇱,"تنها راه نجاتِ تاریخ ، هویت و اصالت ایران ، شاهزاده رضا پهلوی است🦁☀️ 👑
Long Live The King","تنها راه نجاتِ تاریخ ، هویت و اصالت ایران ، شاهزاده رضا پهلوی است 
 Long Live The King",2023-03-18T06:35:22+00:00,3661.0,2080.0,66564.0,8.0,901.0,12203.0,12203.0,0.0,3661.0,749.0,4.88785,2.777036,1.0,False,0.0,False,False,False,False,0.0,0.0,none,56.0,1.0,11.0,0.948052,13.92208,5.0,2.38961,314.1299,665432.6,16.29239,0.0,0.0,2.0,8.0,10.0,0.181818,0.181818,216.6964286,12135.0,48.90909,89,1.760096153846154,0,0,0,human(2),0.0,1,1,1,1,0
8.88655e+17,Miss_Maropelle,miss_maropelle,👑 میس مارپل,پهلوی = سربلندی ایران و ایرانی ✌👑,پهلوی = سربلندی ایران و ایرانی,2017-07-22T07:01:57+00:00,3659.0,603.0,84735.0,9.0,935.0,45804.0,45804.0,0.0,3659.0,2814.0,1.300284,0.214286,1.0,False,0.0,True,False,False,False,0.0,0.0,none,2.0,0.0,5.0,0.25,30.5,2.0,1.25,386.625,10381030.0,16.27719,0.0,0.0,2.0,2.0,2.0,0.25,0.75,22898.5,45797.0,94.0,33,6.067993366500829,0,0,0,human(2),0.0,1,1,1,1,0
8.587e+17,aghayehesam,aghayehesam,آقای حسام,مثلاً موزیسین | سبز زیتونی | صرفاً نظر شخصی,مثلاً موزیسین | سبز زیتونی | صرفاً نظر شخصی,2017-04-30T15:10:08+00:00,20436.0,1626.0,197418.0,18.0,434.0,47078.0,47078.0,0.0,20436.0,2897.0,7.054194,0.56127,1.0,False,0.0,True,False,False,False,0.0,0.0,none,1.0,0.0,0.0,0.0,31.0,1.0,0.0,9153.0,0.0,16.2506,2.0,2.0,2.0,2.0,2.0,0.0,0.0,47077.0,47077.0,222.0,43,12.568265682656827,0,0,0,unverified(4),,1,1,1,1,0
1.5247e+18,Arezurose,arezurose,Arezu Rose,Iranian 👑Australian 🇦🇺,Iranian Australian,2022-05-12T10:40:14+00:00,10644.0,1661.0,69704.0,21.0,1135.0,17166.0,17166.0,0.0,10644.0,1059.0,10.05099,1.568461,1.0,False,0.0,True,False,False,False,0.0,0.0,none,76.0,27.0,40.0,0.641379,19.8069,3.0,1.8,570.5103,442709.3,16.20963,0.0,0.0,3.0,4.0,3.0,0.448276,0.641379,223.9868421,17023.0,91.92414,22,6.408187838651415,0,0,0,can’t find,,1,1,1,1,0
2976080571.0,Rchii_joon,rchii_joon,🇨🇦آرچی,I'm not a typical persian girl :),I'm not a typical persian girl :),2015-01-13T09:29:38+00:00,7577.0,1047.0,386639.0,22.0,1377.0,60369.0,60369.0,0.0,7577.0,3735.0,2.028648,0.280321,1.0,False,0.0,True,False,False,False,0.0,0.0,none,0.0,0.0,1.0,0.0,52.0,1.0,0.0,2.0,0.0,16.16305,1.0,1.0,1.0,1.0,1.0,1.0,1.0,60368.0,60368.0,0.0,33,7.236867239732569,0,0,0,unverified(4),,1,1,1,1,0
9.20591e+17,M0rtezaaaa,m0rtezaaaa,𓄂✺ مرتضی,«من از همهٔ شما هموطنان عزیز میخواهم تا به ایران فکر کنید» محمدرضا شاه پهلوی,«من از همهٔ شما هموطنان عزیز میخواهم تا به ایران فکر کنید» محمدرضا شاه پهلوی,2017-10-18T10:01:56+00:00,8386.0,364.0,538953.0,14.0,2820.0,44025.0,44025.0,0.0,8386.0,2726.0,3.076302,0.133529,1.0,False,0.0,True,False,False,False,0.0,0.0,none,31.0,18.0,0.0,0.9,11.96,3.0,0.96,510.36,1207546.0,16.15004,0.0,0.0,5.0,6.0,2.0,0.0,0.0,1418.580645,43976.0,57.92,76,23.03846153846154,0,1,0,bot(1),1.0,1,1,1,1,1
4060993097.0,obeydzacany,obeydzacany,Obydzakaniعُبیدزاکانی,"رو مسخرگی پیشه کن و مطربی آموز 
صد سال اگر درس بخوانی
 هرگز نخورد آب زمینی که بلند است","رو مسخرگی پیشه کن و مطربی آموز 
 صد سال اگر درس بخوانی
  هرگز نخورد آب زمینی که بلند است",2015-10-28T13:54:32+00:00,4621.0,2958.0,70053.0,1.0,1948.0,55471.0,55471.0,0.0,4621.0,3447.0,1.340586,0.858138,1.0,False,0.0,True,False,False,False,0.0,0.0,none,3.0,11.0,52.0,0.240506,22.65823,4.0,1.860759,7.911392,62323.62,16.09254,0.0,0.0,3.0,13.0,14.0,0.518987,1.379747,18468.33333,55405.0,1.012658,86,1.5622041920216363,0,0,0,bot(1),1.0,1,1,1,1,0
1.47276e+18,aliemamiofnyc,aliemamiofnyc,Ali Emami 👊🏼👊🏾👊 ⚡️👑⚡️👊🏿👊🏻👊🏼,"👑 Monarchist 👑

Capoeira, BJJ practitioner, Yogi and Ski instructor 

Talk to me in Farsi, English, Spanish or Portuguese","Monarchist 
 
 Capoeira, BJJ practitioner, Yogi and Ski instructor 
 
 Talk to me in Farsi, English, Spanish or Portuguese",2021-12-20T02:39:31+00:00,11371.0,6273.0,35168.0,7.0,953.0,19338.0,19338.0,0.0,11371.0,1202.0,9.460067,5.218802,1.0,False,0.0,True,False,False,False,0.0,0.0,none,13.0,8.0,6.0,0.527778,132.4444,2.0,1.833333,769.1667,1440086.0,16.08819,0.0,0.0,2.0,4.0,10.0,0.277778,0.722222,1485.461538,19311.0,83.80556,121,1.8126893033636218,0,0,0,human(2),0.0,1,1,1,1,0
1.217e+18,kharkhali,kharkhali,👑آیَت اَللّهْ خَرخٰالْٖی👑,چو رسی به طور سینا اَرَنی مگو و بگذر// که نیرزد این تمنا به جواب لَنتَرانی,چو رسی به طور سینا اَرَنی مگو و بگذر// که نیرزد این تمنا به جواب لَنتَرانی,2020-01-14T08:17:59+00:00,4961.0,2157.0,55164.0,4.0,1350.0,30654.0,30654.0,0.0,4961.0,1908.0,2.600105,1.130503,1.0,False,0.0,True,False,False,False,0.0,0.0,none,12.0,0.0,0.0,1.333333,25.41667,1.0,2.0,326.1667,4600476.0,16.06604,0.0,0.0,1.0,1.0,1.0,0.083333,0.083333,2553.5,30642.0,76.75,74,2.2999536393138618,0,0,0,human(2),0.0,1,1,1,1,0
1.30286e+18,keykemiveyi,keykemiveyi,ستاره (مادر دبیرستانی)🩵👑,👑فقط به پادشایخواه بک میدم #جاویدشاه,فقط به پادشایخواه بک میدم جاویدشاه,2020-09-07T06:26:41+00:00,3503.0,1795.0,37470.0,2.0,1216.0,26716.0,26716.0,0.0,3503.0,1671.0,2.096349,1.074207,1.0,False,0.0,True,False,False,False,1.0,0.0,none,118.0,22.0,254.0,0.355159,14.95437,9.0,2.15873,61.50595,184665.5,15.98803,0.0,0.0,30.0,74.0,111.0,0.609127,0.962302,223.0677966,26322.0,18.34921,36,1.9515320334261839,0,0,0,bot(1),1.0,1,1,1,1,0
1.22177e+18,Lily92874373,lily92874373,Lily,,,2020-01-27T12:10:35+00:00,3218.0,3879.0,210459.0,0.0,17.0,30195.0,30195.0,0.0,3218.0,1895.0,1.698153,2.046966,1.0,False,0.0,True,False,False,False,0.0,0.0,none,0.0,1.0,111.0,0.0,7.156028,3.0,1.964539,1.524823,36769.04,15.93404,0.0,0.0,4.0,16.0,30.0,0.851064,1.078014,30083.0,30083.0,0.198582,0,0.8295952565094097,0,8,0,bot(1),1.0,1,1,0,1,0
1.32377e+18,GhassemiAbi,ghassemiabi,👑abi Ghassemi👑,ابی قاسمی کنشگر سیاسی #ازادیخواه براندازم به هیچ دینی اعتقادندارم عضو واحد حفاظت بودم در پادگان عشرت‌آ‌بادتهران جدا شده از سپاه پاسداران در سال ۱۳۶۰,ابی قاسمی کنشگر سیاسی ازادیخواه براندازم به هیچ دینی اعتقادندارم عضو واحد حفاظت بودم در پادگان عشرت‌آ‌بادتهران جدا شده از سپاه پاسداران در سال ۱۳۶۰,2020-11-03T23:15:23+00:00,5668.0,2894.0,21057.0,6.0,5202.0,25713.0,25713.0,0.0,5668.0,1614.0,3.511772,1.793061,1.0,False,0.0,True,False,False,False,1.0,1.0,none,28.0,5.0,44.0,1.303922,25.48039,3.0,2.990196,42.67647,517440.7,15.93123,0.0,0.0,4.0,10.0,25.0,0.411765,0.794118,915.5714286,25636.0,11.02941,148,1.9585348997926746,0,0,0,human(2),0.0,1,1,1,1,0
1.43175e+18,ssaallaar,ssaallaar,سالارد🥗,iran persian/turk🦁متعهد به لازانیا𓃬☼($),iran persian/turkمتعهد به لازانیا𓃬☼($),2021-08-28T22:30:52+00:00,6824.0,4819.0,42515.0,4.0,1990.0,20683.0,20683.0,0.0,6824.0,1316.0,5.18541,3.661854,1.0,False,0.0,True,False,False,False,0.0,0.0,none,0.0,0.0,10.0,0.0,8.538462,3.0,1.307692,1.615385,301235.9,15.71657,0.0,0.0,4.0,4.0,4.0,0.615385,1.538462,20673.0,20673.0,0.076923,39,1.4160614235318532,0,0,0,bot(1),1.0,1,1,1,1,1
2916680884.0,mypersia1_,mypersia1_,Saghi,یکی نام ارمایل پاک دین🌷 دگر نام گرمایل پیشبین #ملی‌گرایی_تنها_راه_نجات_ایران,یکی نام ارمایل پاک دین دگر نام گرمایل پیشبین ملی‌گرایی_تنها_راه_نجات_ایران,2014-12-12T00:58:45+00:00,5146.0,650.0,76434.0,26.0,6777.0,59075.0,59075.0,0.0,5146.0,3767.0,1.366074,0.172551,1.0,False,0.0,False,False,False,False,1.0,0.0,none,5.0,0.0,1.0,0.833333,13.83333,1.0,1.833333,158.6667,5866877.0,15.68224,0.0,0.0,1.0,2.0,1.0,0.333333,0.333333,11813.8,59069.0,23.33333,76,7.9169230769230765,0,1,0,can’t find,,1,1,1,1,0
1.35794e+18,IRAANBAAN,iraanbaan,✸GiiV✸,تابع قوانین دولت شاهنشاهی ایران @pahlavireza,تابع قوانین دولت شاهنشاهی ایران @pahlavireza,2021-02-06T06:39:51+00:00,3572.0,2971.0,111768.0,4.0,6659.0,23812.0,23812.0,0.0,3572.0,1519.0,2.351547,1.955892,1.0,False,0.0,True,False,False,False,0.0,0.0,none,345.0,3.0,45.0,1.101737,27.70968,4.0,2.774194,167.7171,154774.2,15.6761,0.0,0.0,4.0,11.0,11.0,0.099256,0.166253,67.88115942,23419.0,46.56576,44,1.2022887916526421,0,0,0,bot(1),1.0,1,1,1,1,0
1.42748e+18,RezaS27,rezas27,M.Reza.S.27,,,2021-08-17T03:52:55+00:00,4342.0,42.0,63512.0,21.0,6302.0,20799.0,20799.0,0.0,4342.0,1327.0,3.272042,0.03165,1.0,False,0.0,False,False,False,False,0.0,0.0,none,3.0,4.0,4.0,0.625,39.125,1.0,4.0,163.5625,5862372.0,15.6737,0.0,0.0,2.0,4.0,6.0,0.25,0.25,6929.333333,20788.0,19.75,0,103.38095238095238,2,2,0,human(2),0.0,1,1,0,1,0
9.96965e+17,khokhlakof,khokhlakof,شارح,,,2018-05-17T04:05:00+00:00,23616.0,241.0,113416.0,124.0,6383.0,39292.0,39292.0,0.0,23616.0,2515.0,9.39006,0.095825,1.0,False,0.0,True,False,False,False,0.0,0.0,none,0.0,1.0,0.0,1.0,44.0,1.0,1.0,433.0,0.0,15.62306,1.0,1.0,1.0,1.0,1.0,1.0,1.0,39291.0,39291.0,125.0,0,97.99170124481327,0,0,0,unverified(4),,1,1,0,1,1
9.79547e+17,GadflyPersia,gadflypersia,Shervan Fashandi,"Gadfly of the politically correct society; classical liberal, board member of @LibertyIranian","Gadfly of the politically correct society; classical liberal, board member of @LibertyIranian",2018-03-30T02:33:05+00:00,22667.0,917.0,284022.0,90.0,1531.0,39931.0,39931.0,0.0,22667.0,2563.0,8.843933,0.357784,0.0,False,0.0,True,False,False,False,0.0,0.0,none,1.0,2.0,0.0,0.75,60.5,1.0,2.0,870.25,25368354.0,15.57979,0.0,0.0,2.0,2.0,2.0,0.0,0.0,39928.0,39928.0,245.75,93,24.71864776444929,0,0,0,unverified(4),,1,1,1,1,0
1.34566e+18,koroshCR7,koroshcr7,👑کوروش👑,"👑اَرزِش هَرکس بِه قَدر خِرد اوست
(بُزرگمِهر)👑","اَرزِش هَرکس بِه قَدر خِرد اوست
 (بُزرگمِهر)",2021-01-03T09:31:05+00:00,8440.0,8099.0,103227.0,1.0,186.0,24175.0,24175.0,0.0,8440.0,1553.0,5.434643,5.215068,1.0,False,0.0,True,False,False,False,0.0,0.0,none,7.0,0.0,4.0,0.727273,15.72727,2.0,1.636364,287.6364,7728888.0,15.56665,0.0,0.0,1.0,2.0,1.0,0.272727,0.272727,3452.0,24164.0,56.0,45,1.042103963452278,0,1,0,bot(1),1.0,1,1,1,1,1
1.58096e+18,BugsBuny90,bugsbuny90,جواتی/ parody account,ماله‌کش انقلابی معتقد به اصول و مبانی نه اینوری نه اونوری/ در این اکانت تعارف و رودربایستی سرو نمی‌شود؛ حتی شما دوست عزیز👊,ماله‌کش انقلابی معتقد به اصول و مبانی نه اینوری نه اونوری/ در این اکانت تعارف و رودربایستی سرو نمی‌شود؛ حتی شما دوست عزیز,2022-10-14T16:35:29+00:00,12806.0,322.0,22701.0,36.0,1482.0,14034.0,14034.0,0.0,12806.0,904.0,14.16593,0.356195,1.0,False,0.0,False,False,False,False,0.0,0.0,none,47.0,0.0,3.0,1.06,34.02,1.0,1.52,828.12,680765.2,15.52434,0.0,0.0,2.0,4.0,1.0,0.02,0.06,297.5319149,13984.0,145.72,122,39.77018633540373,0,2,0,human(2),0.0,1,1,1,1,0
1.38967e+18,0xKaveh,0xkaveh,K Λ V Ξ H,Airdrop & Crypto Enthusiast | Tech Researcher & Writer | Content Creator | Wildlife Photographer | Web3 User | Early Contributor | Husband,Airdrop & Crypto Enthusiast | Tech Researcher & Writer | Content Creator | Wildlife Photographer | Web3 User | Early Contributor | Husband,2021-05-04T19:50:18+00:00,8820.0,1920.0,40677.0,66.0,1621.0,22155.0,22155.0,0.0,8820.0,1432.0,6.159218,1.340782,1.0,False,0.0,True,False,False,False,0.0,1.0,none,1.0,0.0,0.0,2.0,22.0,1.0,3.0,51.0,0.0,15.47137,2.0,2.0,2.0,2.0,2.0,0.0,0.0,22154.0,22154.0,0.0,138,4.59375,0,1,0,unverified(4),,1,1,1,1,1
1.57672e+18,koruosh2023,koruosh2023,👑Jamshid👑,"تا ابد پاینده و جاوید باد شاهنشاه رضا پهلویII
 
#جاوید_شاه

💙👑💙👑💙","تا ابد پاینده و جاوید باد شاهنشاه رضا پهلویII
  
 جاوید_شاه",2022-10-02T23:51:26+00:00,895.0,1025.0,44905.0,0.0,610.0,14152.0,14152.0,0.0,895.0,916.0,0.977074,1.118996,1.0,False,0.0,True,False,False,False,1.0,0.0,none,3.0,2.0,8.0,0.307692,24.46154,2.0,2.307692,4.692308,193953.2,15.44978,0.0,0.0,4.0,8.0,1.0,0.307692,1.230769,4713.0,14139.0,1.076923,65,0.8731707317073171,0,4,0,human(2),0.0,1,1,1,1,0
1.57676e+18,Shaheenchevv,shaheenchevv,Shaheen Bakhshi,ایران آزاد، سربلند، یکپارچه، دموکرات، سکولار و فارغ از هرگونه تبعیض. ملی‌گرا، مخالف تفکرات چپ و قوم گرایی #IranRegimeChange,ایران آزاد، سربلند، یکپارچه، دموکرات، سکولار و فارغ از هرگونه تبعیض. ملی‌گرا، مخالف تفکرات چپ و قوم گرایی IranRegimeChange,2022-10-03T02:28:19+00:00,4451.0,387.0,96962.0,10.0,1159.0,14056.0,14056.0,0.0,4451.0,915.0,4.864481,0.422951,1.0,False,0.0,True,False,False,False,1.0,0.0,none,1.0,0.0,0.0,1.0,15.0,1.0,0.0,908.0,0.0,15.36175,2.0,2.0,2.0,2.0,2.0,0.0,0.0,14055.0,14055.0,26.0,123,11.501291989664082,0,0,0,human(2),0.0,1,1,1,1,0
1.02132e+18,shah_pari431,shah_pari431,☀️ِ🦁👑 پری ســا,"روغنی در شیشه بینی صاف و روشن ریخته 
غافلی بر سر چه آمد کنجد و بادام را","روغنی در شیشه بینی صاف و روشن ریخته 
 غافلی بر سر چه آمد کنجد و بادام را",2018-07-23T08:49:39+00:00,4186.0,3944.0,45862.0,5.0,3734.0,37507.0,37507.0,0.0,4186.0,2448.0,1.709967,1.611111,1.0,False,0.0,True,False,False,False,0.0,0.0,none,0.0,0.0,1.0,0.0,32.0,1.0,1.0,92.0,0.0,15.32149,1.0,1.0,1.0,1.0,1.0,1.0,1.0,37506.0,37506.0,4.0,71,1.0613590263691683,0,3,0,unverified(4),,1,1,1,1,0
1.29938e+18,lIshaghayeghlI,lishaghayeghli,shaghayegh,#Monarchist   #Iran 🖤,Monarchist Iran,2020-08-28T16:02:22+00:00,5605.0,589.0,41717.0,7.0,721.0,25703.0,25703.0,0.0,5605.0,1681.0,3.334325,0.350387,1.0,False,0.0,True,False,False,False,1.0,0.0,none,29.0,4.0,4.0,0.513514,32.81081,1.0,1.864865,284.9459,1623343.0,15.2903,0.0,0.0,2.0,2.0,1.0,0.054054,0.27027,885.0344828,25666.0,80.21622,21,9.516129032258064,0,0,0,human(2),0.0,1,1,1,1,0
1.62597e+18,leiliii27,leiliii27,photographer,من حضورم اعتراضه…,من حضورم اعتراضه…,2023-02-15T21:13:09+00:00,3548.0,1920.0,16406.0,1.0,372.0,11867.0,11867.0,0.0,3548.0,780.0,4.548718,2.461538,1.0,False,0.0,False,False,False,False,0.0,0.0,none,2.0,0.0,34.0,0.16,9.88,2.0,2.26,5.38,101248.3,15.2141,0.0,0.0,4.0,6.0,15.0,0.92,0.96,5915.5,11831.0,0.18,17,1.8479166666666667,0,2,0,human(2),0.0,1,1,1,1,0
1.43637e+18,akserouz,akserouz,عکس روز,"عکسها سخن می‌گویند
منابع: برداشت آزاد از مدیا","عکسها سخن می‌گویند
 منابع: برداشت آزاد از مدیا",2021-09-10T16:43:42+00:00,3765.0,704.0,25410.0,15.0,11791.0,19813.0,19813.0,0.0,3765.0,1303.0,2.889486,0.540292,1.0,False,0.0,True,False,False,False,0.0,0.0,none,1.0,0.0,1.0,1.0,1.0,1.0,0.0,181.5,7676134.0,15.20568,0.0,0.0,1.0,1.0,1.0,0.0,0.0,19811.0,19811.0,46.0,45,5.348011363636363,0,0,0,unverified(4),,1,1,1,1,0
1.62188e+18,irantehran401,irantehran401,ذهن بیمار,"#مهسا_امینی
🚫از پذیرش ارزشی معذوریم🚫
🧠","مهسا_امینی
 از پذیرش ارزشی معذوریم",2023-02-04T14:47:22+00:00,10757.0,10653.0,14034.0,2.0,1510.0,11973.0,11973.0,0.0,10757.0,791.0,13.59924,13.46776,1.0,False,0.0,True,False,False,False,1.0,0.0,none,0.0,0.0,1.0,1.0,5.0,1.0,1.0,1.0,0.0,15.13654,2.0,2.0,2.0,2.0,2.0,1.0,1.0,11972.0,11972.0,0.0,38,1.0097625082136488,0,3,0,human(2),0.0,1,1,1,1,0
1.58353e+18,Astrophil_Mars,astrophil_mars,🪐𝐷𝑎𝑛𝑛𝑦🇮🇱,Committed to the laws of the Kingdom of Iran and proud of the tricolor flag of the Lion and Sun.👑,Committed to the laws of the Kingdom of Iran and proud of the tricolor flag of the Lion and Sun.,2022-10-21T18:40:13+00:00,4619.0,2960.0,84106.0,3.0,909.0,13563.0,13563.0,0.0,4619.0,897.0,5.149387,3.299889,1.0,False,0.0,True,False,False,False,0.0,0.0,none,24.0,13.0,268.0,0.176471,9.159314,3.0,2.47549,22.28431,13167.84,15.1204,0.0,0.0,64.0,106.0,105.0,0.77451,0.995098,552.4166667,13258.0,5.264706,97,1.560472972972973,0,0,0,unverified(4),,1,1,1,1,0
1.00551e+18,agha_xavier2,agha_xavier2,👑💎خاویر پرز دکوئیار R.I.P💎👑,"خاویر پرز دکوئیار سابق.
همواره مشروطه‌خواه.
وفادار به: شاه، میهن، آزادی.
#رستاخیز_مشروطه_ایران
رویایی دارم:
پادشاهی پارلمانی پهلوی برای ایران","خاویر پرز دکوئیار سابق.
 همواره مشروطه‌خواه.
 وفادار به: شاه، میهن، آزادی.
 رستاخیز_مشروطه_ایران
 رویایی دارم:
 پادشاهی پارلمانی پهلوی برای ایران",2018-06-09T18:05:21+00:00,5441.0,654.0,76359.0,7.0,262.0,37647.0,37647.0,0.0,5441.0,2492.0,2.183387,0.26244,1.0,False,0.0,True,False,False,False,1.0,0.0,none,22.0,3.0,4.0,0.3,29.1,1.0,2.3,156.7,3326431.0,15.10714,0.0,0.0,2.0,2.0,2.0,0.233333,0.233333,1709.909091,37618.0,42.53333,141,8.319571865443425,0,1,0,human(2),0.0,1,1,1,1,0
8.78383e+17,DidarHesam,didarhesam,حسام دیدار 🇮🇷,"یک گرافیست بی ادعا /
 آدم امام حسین /
بیزار از چپ و راست","یک گرافیست بی ادعا /
  آدم امام حسین /
 بیزار از چپ و راست",2017-06-23T22:41:48+00:00,6550.0,581.0,60871.0,17.0,2772.0,42860.0,42860.0,0.0,6550.0,2843.0,2.303904,0.204362,0.0,False,0.0,False,False,False,False,0.0,0.0,none,0.0,0.0,1.0,1.0,16.0,1.0,0.0,235.0,0.0,15.07562,1.0,1.0,1.0,1.0,1.0,1.0,1.0,42859.0,42859.0,4.0,56,11.273666092943202,0,0,0,unverified(4),,1,1,1,1,0
9.81547e+17,smjm1972,smjm1972,میم.جاوید👑🎗️ 🇮🇱❤️🤍💚,رژیم اسلامی نمونه ی اسلام ناب محمدی است!/#مرتد_فطری / نوکیش مسیحی #Exmuslim/عکاس/#جاویدشاه/سکولار/#براندازم,رژیم اسلامی نمونه ی اسلام ناب محمدی است!/مرتد_فطری / نوکیش مسیحی Exmuslim/عکاس/جاویدشاه/سکولار/براندازم,2018-04-04T14:59:19+00:00,3194.0,3499.0,117230.0,1.0,662.0,38389.0,38389.0,0.0,3194.0,2558.0,1.248632,1.367866,1.0,False,0.0,True,False,False,False,1.0,0.0,none,0.0,0.0,27.0,0.129032,24.6129,4.0,2.451613,0.903226,140067.3,15.00743,0.0,0.0,4.0,6.0,5.0,0.677419,1.806452,38362.0,38362.0,0.064516,107,0.9128322377822234,0,4,0,bot(1),1.0,1,1,1,1,0
1.44174e+18,zootopiazz,zootopiazz,𓄂zооторіаZz𓆃 زوتوپـیـاز ⚔,طنز نویسی که تصمیم گرفت #برای_آزادی تا اطلاع ثانوی فقط انقلابی بنویسه.,طنز نویسی که تصمیم گرفت برای_آزادی تا اطلاع ثانوی فقط انقلابی بنویسه.,2021-09-25T12:21:28+00:00,2937.0,3202.0,35249.0,2.0,1054.0,19222.0,19222.0,0.0,2937.0,1288.0,2.28028,2.486025,1.0,False,0.0,True,False,False,False,1.0,0.0,none,3.0,0.0,0.0,1.0,21.0,1.0,1.666667,189.0,4029694.0,14.92391,0.0,0.0,1.0,1.0,1.0,0.333333,0.333333,6406.333333,19219.0,43.33333,70,0.9172392254840724,0,0,0,human(2),0.0,1,1,1,1,0
1.08859e+18,Fareydunfarrokh,fareydunfarrokh,فریدون فرّخ,"‏‏‏یک براندازِ سخت!
مخالف هرگونه مماشات با مسؤولان خردوکلان فعلی و برکنار شده نظام پس از براندازی.
امیدوار به فردایی درخشان بی تفکر سرخ و سیاه و خاکستری","‏‏‏یک براندازِ سخت!
 مخالف هرگونه مماشات با مسؤولان خردوکلان فعلی و برکنار شده نظام پس از براندازی.
 امیدوار به فردایی درخشان بی تفکر سرخ و سیاه و خاکستری",2019-01-24T23:57:32+00:00,17401.0,7968.0,118930.0,23.0,4352.0,33676.0,33676.0,0.0,17401.0,2263.0,7.68935,3.52099,1.0,False,0.0,True,False,False,False,0.0,0.0,none,2.0,0.0,0.0,1.0,46.0,1.0,1.0,81.0,3799628.0,14.88113,0.0,0.0,1.0,1.0,1.0,0.0,0.0,16837.0,33674.0,19.0,152,2.1838604417670684,0,0,0,unverified(4),,1,1,1,1,1
8.1923e+17,moh_heidari,moh_heidari,Moh Heidari,"مخالف رژیم جلاد جمهوری اسلامی، عضو جمعیت جمهوریخواهان حامی شاهزاده رضا پهلوی A sustainability & energy engineer with interests in science, poetry & philosophy","مخالف رژیم جلاد جمهوری اسلامی، عضو جمعیت جمهوریخواهان حامی شاهزاده رضا پهلوی A sustainability & energy engineer with interests in science, poetry & philosophy",2017-01-11T17:11:53+00:00,8070.0,817.0,65776.0,14.0,2582.0,44649.0,44649.0,0.0,8070.0,3006.0,2.684631,0.27179,1.0,False,0.0,True,False,False,False,0.0,0.0,none,0.0,1.0,1.0,2.666667,225.6667,2.0,1.666667,172.3333,657346.5,14.85329,0.0,0.0,2.0,2.0,2.0,0.333333,5.666667,44647.0,44647.0,65.33333,158,9.877600979192167,0,0,0,unverified(4),,1,1,1,1,0
1.16948e+18,Alireza7553,alireza7553,AlireضA 369,گر ببینی ناکسان بالا نشینند صبر کن  ، روی دریا کف نشیند قعر دریا گوهر است !,گر ببینی ناکسان بالا نشینند صبر کن ، روی دریا کف نشیند قعر دریا گوهر است !,2019-09-05T05:03:14+00:00,3958.0,3156.0,51771.0,3.0,5133.0,30248.0,30248.0,0.0,3958.0,2039.0,1.941148,1.547818,1.0,False,0.0,False,False,False,False,0.0,0.0,none,10.0,0.0,1.0,0.923077,23.38462,2.0,2.692308,65.46154,2486638.0,14.83472,0.0,0.0,2.0,3.0,3.0,0.076923,0.076923,3023.7,30237.0,11.92308,75,1.2541191381495564,3,4,0,human(2),0.0,1,1,1,1,0
1.58597e+18,AplcarolineDr,aplcarolinedr,👑Carolin,هر ایرانی یه شاهه پهلوی شاهنشاهه ما ملت کبیریم ایران رو پس میگیریم,هر ایرانی یه شاهه پهلوی شاهنشاهه ما ملت کبیریم ایران رو پس میگیریم,2022-10-28T12:10:53+00:00,2995.0,1566.0,22118.0,8.0,1430.0,13181.0,13181.0,0.0,2995.0,890.0,3.365169,1.759551,1.0,False,0.0,True,False,False,False,0.0,0.0,none,17.0,34.0,25.0,0.377551,10.47959,4.0,1.734694,13.2449,53287.33,14.81011,0.0,0.0,6.0,14.0,23.0,0.214286,0.397959,770.8823529,13105.0,3.357143,66,1.9125159642401022,0,0,0,human(2),0.0,1,1,1,1,0
3145728307.0,goodbadatusa,goodbadatusa,atusa sabagh,"Independent political activist,
Patriot(Monarchist)","Independent political activist,
 Patriot(Monarchist)",2015-04-09T05:41:38+00:00,46578.0,6104.0,160474.0,80.0,2398.0,54008.0,54008.0,0.0,46578.0,3649.0,12.76459,1.672787,1.0,False,0.0,True,False,False,False,0.0,0.0,none,210.0,43.0,41.0,1.088435,38.96259,6.0,2.323129,715.7687,337306.6,14.80077,0.0,0.0,7.0,8.0,1.0,0.078231,0.142857,255.7809524,53714.0,234.6939,51,7.6307339449541285,0,0,0,human(2),0.0,1,1,1,1,1
1.25816e+18,naslsokhteh60,naslsokhteh60,گاردجاویدان,ariyamehr60,ariyamehr60,2020-05-06T22:23:30+00:00,4797.0,741.0,53933.0,8.0,1428.0,26370.0,26370.0,0.0,4797.0,1795.0,2.672423,0.412813,1.0,False,0.0,True,False,False,False,0.0,1.0,none,22.0,3.0,1.0,0.766667,43.36667,1.0,1.366667,194.4333,3387155.0,14.69081,0.0,0.0,4.0,4.0,5.0,0.1,0.166667,1197.454545,26344.0,55.7,11,6.473684210526316,0,2,0,human(2),0.0,1,1,1,1,0
1.60257e+18,ImamToosi,imamtoosi,امام𝕏سعید طوسی (ع) 🇺🇸,"فرو کننده به ماتحت سربازان گمنام امام زمان و عرازشه |
ضد رژیم تروریستی اسلامى | خداناباور | Atheist | Metal

🇺🇸 English-Account: @NapoleonDaSup","فرو کننده به ماتحت سربازان گمنام امام زمان و عرازشه |
 ضد رژیم تروریستی اسلامى | خداناباور | Atheist | Metal
 
  English-Account: @NapoleonDaSup",2022-12-13T07:47:41+00:00,6995.0,1704.0,14761.0,6.0,4735.0,12377.0,12377.0,0.0,6995.0,844.0,8.287915,2.018957,1.0,False,0.0,True,False,False,False,0.0,0.0,none,2.0,0.0,0.0,1.0,13.33333,1.0,0.333333,18.33333,1379951.0,14.66469,0.0,0.0,2.0,2.0,2.0,0.0,0.0,6187.5,12375.0,1.666667,143,4.105046948356808,0,0,0,human(2),0.0,1,1,1,1,1
1.57362e+18,knbhgfk,knbhgfk,👑mihanam iran👑,میهن پرست واقعی کسی است که پرچم ایران را برگردنش اویز میکند نه چفیه عرب را,میهن پرست واقعی کسی است که پرچم ایران را برگردنش اویز میکند نه چفیه عرب را,2022-09-24T10:25:37+00:00,3096.0,5104.0,19329.0,1.0,277.0,13513.0,13513.0,0.0,3096.0,924.0,3.350649,5.52381,1.0,False,0.0,True,False,False,False,0.0,0.0,none,0.0,1.0,2.0,0.0,9.666667,2.0,1.333333,1.666667,452805.0,14.62446,0.0,0.0,1.0,1.0,1.0,0.333333,5.0,13510.0,13510.0,0.0,74,0.6065830721003135,0,0,0,human(2),0.0,1,1,1,1,0
9.18879e+17,shah_parast_k,shah_parast_k,kamran,"حلقه ی گمشده ی داروین.
🎗️",حلقه ی گمشده ی داروین.,2017-10-13T16:39:24+00:00,5121.0,4311.0,50810.0,4.0,2074.0,39908.0,39908.0,0.0,5121.0,2731.0,1.875137,1.578543,1.0,False,0.0,True,False,False,False,0.0,0.0,none,162.0,27.0,332.0,0.381967,20.35246,6.0,1.755738,102.318,109904.4,14.61296,0.0,0.0,19.0,80.0,91.0,0.488525,0.716393,243.1296296,39387.0,16.12131,25,1.187891440501044,0,0,0,bot(1),1.0,1,1,1,1,0
2293023016.0,LocallAndia,locallandia,Andia ♛☼𓃬,#جاوید_اعلیحضرت_رضاشاه_دوم_پهلوی_سوم,جاوید_اعلیحضرت_رضاشاه_دوم_پهلوی_سوم,2014-01-20T06:05:00+00:00,4579.0,1463.0,98977.0,9.0,3065.0,59627.0,59627.0,0.0,4579.0,4093.0,1.118739,0.35744,1.0,False,0.0,True,False,False,False,1.0,0.0,none,194.0,23.0,44.0,1.118774,22.50958,2.0,2.061303,241.5824,226411.5,14.56804,0.0,0.0,4.0,9.0,1.0,0.122605,0.245211,306.0103093,59366.0,51.90421,36,3.1298701298701297,0,0,0,human(2),0.0,1,1,1,1,0
3401741038.0,pourya,pourya,پوریا,با ۳۵ سال تخصص در تمامی امور! ادعاي روشنفكري هم ندارم!! #براندازم #فوتبالی نیستم ولی فقد #تاج 💙 ارزشی و مجاهد آشغال نیاد! #جاوید_شاه,با ۳۵ سال تخصص در تمامی امور! ادعاي روشنفكري هم ندارم!! براندازم فوتبالی نیستم ولی فقد تاج ارزشی و مجاهد آشغال نیاد! جاوید_شاه,2015-08-03T19:27:10+00:00,3204.0,474.0,90912.0,14.0,2888.0,51308.0,51308.0,0.0,3204.0,3533.0,0.906878,0.134164,0.0,False,0.0,True,False,False,False,1.0,1.0,none,9.0,1.0,14.0,0.285714,19.14286,3.0,1.5,2.607143,145101.6,14.5225,0.0,0.0,3.0,12.0,5.0,0.5,0.857143,5698.222222,51284.0,0.0,132,6.7594936708860756,0,0,0,unverified(4),,1,1,1,1,0
14907955.0,hadinik,hadinik,🌳 Hadi,ماورای باورهای ما، ماورای بودن و نبودن‌های ما، آنجا دشتی است، فراتر از همه تصورات راست و چپ، تو را آنجا خواهم دید,ماورای باورهای ما، ماورای بودن و نبودن‌های ما، آنجا دشتی است، فراتر از همه تصورات راست و چپ، تو را آنجا خواهم دید,2008-05-26T11:19:41+00:00,15407.0,315.0,116074.0,55.0,7192.0,89055.0,89055.0,0.0,15407.0,6158.0,2.501949,0.051153,0.0,False,0.0,True,False,False,False,0.0,0.0,regular,1.0,0.0,0.0,0.0,45.0,1.0,0.0,432.0,0.0,14.46168,2.0,2.0,2.0,2.0,2.0,0.0,0.0,89054.0,89054.0,5.0,113,48.91111111111111,0,0,0,human(2),0.0,1,1,1,1,0
7.95253e+17,iranianbamdad20,iranianbamdad20,یه ایرانی,هرعقیده ای قابل احترام نیست. عرزشی وسطلی و اسپرم پرست فالونکنه #زن_زندگی_آزادی,هرعقیده ای قابل احترام نیست. عرزشی وسطلی و اسپرم پرست فالونکنه زن_زندگی_آزادی,2016-11-06T13:13:58+00:00,18280.0,14755.0,405738.0,12.0,1913.0,43836.0,43836.0,0.0,18280.0,3072.0,5.950521,4.80306,1.0,False,0.0,True,False,False,False,1.0,0.0,none,1.0,0.0,1.0,0.666667,9.333333,2.0,2.333333,41.66667,252456.0,14.26953,0.0,0.0,2.0,2.0,2.0,0.333333,0.333333,43834.0,43834.0,2.666667,78,1.2389020670958997,0,2,0,unverified(4),,1,1,1,1,0
9.6771e+17,Rayan9717,rayan9717,RYAN,فارغ از هر زنده باد و مرده باد،سر به راه مملکت باید فتاد🖤 #پیمان_نوین,فارغ از هر زنده باد و مرده باد،سر به راه مملکت باید فتاد پیمان_نوین,2018-02-25T10:36:38+00:00,33756.0,2103.0,134465.0,79.0,3098.0,36885.0,36885.0,0.0,33756.0,2596.0,13.00308,0.810092,1.0,False,0.0,True,False,False,False,1.0,0.0,none,7.0,0.0,0.0,2.0,30.375,1.0,1.5,779.25,9774342.0,14.2084,0.0,0.0,2.0,2.0,2.0,0.0,0.0,5268.285714,36878.0,170.125,69,16.05135520684736,0,4,0,human(2),0.0,1,1,1,1,1
1.64363e+18,shirinkhanomam,shirinkhanomam,دختر آزاده,جمهوریخواه,جمهوریخواه,2023-04-05T15:04:55+00:00,1447.0,1033.0,38743.0,0.0,660.0,10347.0,10347.0,0.0,1447.0,731.0,1.97948,1.413133,1.0,False,0.0,False,False,False,False,0.0,0.0,none,0.0,1.0,0.0,1.0,20.0,1.0,2.0,301.0,0.0,14.15458,1.0,1.0,1.0,1.0,1.0,0.0,0.0,10346.0,10346.0,28.0,10,1.4007744433688287,0,0,0,human(2),0.0,1,1,1,1,1
9.94707e+17,MahnazShirali,mahnazshirali,Mahnaz Shirali | مهناز شیرالی,Sociologist PH.D/ Political scientist HDR,Sociologist PH.D/ Political scientist HDR,2018-05-10T22:34:52+00:00,39673.0,72.0,92954.0,98.0,1709.0,35691.0,35691.0,0.0,39673.0,2522.0,15.73077,0.028549,1.0,False,0.0,True,False,False,False,0.0,0.0,none,2.0,0.0,0.0,0.5,14.5,1.0,0.0,1798.5,7895.0,14.15186,0.0,2.0,1.0,2.0,1.0,0.0,0.0,17844.5,35689.0,121.5,41,551.0138888888889,0,0,0,human(2),0.0,1,1,1,1,1
198284560.0,sohrab_siyavosh,sohrab_siyavosh,👑سهراب سپرى👑,"با افتخار ایرانیم با تاریخ و تمدن ۷۰۰۰ سال، حامی وصیت شاهنشاه آریامهر ، سرباز اعلیحضرت رضا شاه دوم 

#جاویدشاه","با افتخار ایرانیم با تاریخ و تمدن ۷۰۰۰ سال، حامی وصیت شاهنشاه آریامهر ، سرباز اعلیحضرت رضا شاه دوم 
 
 جاویدشاه",2010-10-03T21:42:59+00:00,3284.0,2864.0,174422.0,4.0,347.0,74907.0,74907.0,0.0,3284.0,5298.0,0.619857,0.540581,1.0,False,0.0,True,False,False,False,1.0,1.0,none,11.0,21.0,311.0,0.112299,12.10695,7.0,2.221925,8.724599,189054.4,14.13873,0.0,0.0,16.0,38.0,32.0,0.390374,1.820856,6778.545455,74564.0,1.815508,110,1.1466480446927374,0,0,0,bot(1),1.0,1,1,1,1,0
1.40238e+18,lnahalllnahall,lnahalllnahall,نهال رحمانی,اهل کتاب/ غریبِ آشنا,اهل کتاب/ غریبِ آشنا,2021-06-08T21:32:07+00:00,32400.0,379.0,58518.0,13.0,858.0,19643.0,19643.0,0.0,32400.0,1397.0,23.19256,0.271296,1.0,False,0.0,True,False,False,False,0.0,0.0,none,1.0,0.0,0.0,1.0,6.0,1.0,1.0,56.0,0.0,14.06084,1.0,1.0,1.0,1.0,1.0,0.0,0.0,19642.0,19642.0,8.0,20,85.48812664907652,0,0,0,bot(1),1.0,1,1,1,1,1
1937061888.0,quietgirl7319,quietgirl7319,خانم مترجم,زن، زندگی، آزادی,زن، زندگی، آزادی,2013-10-05T09:36:21+00:00,3652.0,1869.0,237245.0,8.0,499.0,58934.0,58934.0,0.0,3652.0,4200.0,0.869524,0.445,0.0,False,0.0,True,False,False,False,0.0,0.0,none,1.0,0.0,0.0,0.0,28.0,1.0,0.0,80.0,0.0,14.0319,1.0,1.0,1.0,1.0,1.0,0.0,0.0,58933.0,58933.0,2.0,16,1.9539860888175495,0,4,0,human(2),0.0,1,1,1,1,0
9.11978e+17,dariush_omran,dariush_omran,𝓓𝓪𝓻𝓲𝓾𝓼𝓱 𝓞𝓶𝓻𝓪𝓷,"❄ دوباره میسازمت وطن اگر چه با خشت جان خویش❄

amnesty member","دوباره میسازمت وطن اگر چه با خشت جان خویش
 
 amnesty member",2017-09-24T15:38:53+00:00,7648.0,489.0,47822.0,9.0,4510.0,38549.0,38549.0,0.0,7648.0,2750.0,2.781091,0.177818,1.0,False,0.0,False,False,False,False,0.0,0.0,none,0.0,0.0,1.0,1.0,3.0,1.0,1.0,189.0,0.0,14.01782,1.0,1.0,1.0,1.0,1.0,1.0,1.0,38548.0,38548.0,1.0,60,15.640081799591002,0,0,0,human(2),0.0,1,1,1,1,0
1.40253e+18,MohammadLak79,mohammadlak79,محمد لک 🇮🇷,"عکاس📸
دانشجوی رشته هنر🎨🎭🎼 
نه کم بیارنه ناامید شو به وقتش خدا دستت رو میگیره🌱🎈","عکاس
 دانشجوی رشته هنر 
 نه کم بیارنه ناامید شو به وقتش خدا دستت رو میگیره",2021-06-09T07:39:07+00:00,32146.0,32782.0,42618.0,1.0,1468.0,19534.0,19534.0,0.0,32146.0,1396.0,23.02722,23.48281,1.0,False,0.0,True,False,False,False,0.0,0.0,none,2.0,0.0,0.0,1.5,18.0,2.0,1.0,212.5,3980643.0,13.99284,0.0,0.0,1.0,1.0,1.0,0.0,0.0,9766.0,19532.0,6.5,78,0.9805991092672808,0,2,0,can’t find,,1,1,1,1,1
315054456.0,J1nne,j1nne,جِـــــنلی,در دنیای پر از شُغال٬ فِشنگ لازمه,در دنیای پر از شُغال٬ فِشنگ لازمه,2011-06-11T06:54:42+00:00,60691.0,388.0,439823.0,336.0,6179.0,70510.0,70510.0,0.0,60691.0,5047.0,12.02516,0.076877,1.0,False,0.0,False,False,False,False,0.0,0.0,regular,1.0,0.0,0.0,1.0,35.0,1.0,0.0,1063.0,0.0,13.97068,1.0,1.0,1.0,1.0,1.0,0.0,0.0,70509.0,70509.0,97.0,33,156.4201030927835,0,1,0,can’t find,,1,1,1,1,0
1.15474e+18,rayehe_rabi,rayehe_rabi,👑رایحه ربیعی کناری (طنز)👑,قرار بود برا نمایش جنایت رایحه ربیعی باشه ولی فعلا برای اخبار انقلاب ملی ➖ ورود مجاهد، مصدقی، جمهوری‌اسلامی، تجزیه‌طلب، میرحسینی و فالووران جمهوری‌طلبا ممنوع 🚫,قرار بود برا نمایش جنایت رایحه ربیعی باشه ولی فعلا برای اخبار انقلاب ملی ورود مجاهد، مصدقی، جمهوری‌اسلامی، تجزیه‌طلب، میرحسینی و فالووران جمهوری‌طلبا ممنوع,2019-07-26T12:59:33+00:00,3678.0,1865.0,46133.0,4.0,1952.0,29053.0,29053.0,0.0,3678.0,2080.0,1.768269,0.896635,1.0,False,0.0,True,False,False,False,0.0,0.0,none,101.0,10.0,23.0,0.557823,42.97279,2.0,2.006803,164.1905,547852.9,13.96779,0.0,0.0,4.0,7.0,14.0,0.122449,0.170068,286.3267327,28919.0,43.61905,159,1.972117962466488,0,0,0,human(2),0.0,1,1,1,1,0
1.22013e+18,Reza__Soleimani,reza__soleimani,Reza Soleimani,,,2020-01-22T23:33:56+00:00,4459.0,154.0,42058.0,21.0,1238.0,26507.0,26507.0,0.0,4459.0,1900.0,2.346842,0.081053,1.0,False,0.0,True,False,False,False,0.0,0.0,none,1.0,0.0,0.0,0.0,46.0,1.0,0.0,81.0,0.0,13.95105,1.0,1.0,1.0,1.0,1.0,0.0,0.0,26506.0,26506.0,8.0,0,28.954545454545453,0,0,0,human(2),0.0,1,1,0,1,1
1.10843e+18,__Injaneb96,__injaneb96,ثنا ابراهیمی | Sana Ebrahimi,A PhD candidate passionate about politics. A retweet is not an endorsement. Opinions are mine. if you like to support me👉🏻https://t.co/sV09yz81pI,A PhD candidate passionate about politics. A retweet is not an endorsement. Opinions are mine. if you like to support me,2019-03-20T18:02:13+00:00,94940.0,762.0,86639.0,290.0,3285.0,30764.0,30764.0,0.0,94940.0,2208.0,42.99819,0.345109,1.0,False,0.0,True,False,False,False,0.0,1.0,none,0.0,2.0,1.0,1.6,38.8,2.0,0.4,629.2,2967948.0,13.93297,0.0,0.0,4.0,4.0,3.0,0.2,0.2,30761.0,30761.0,147.2,145,124.59317585301837,0,2,1,human(2),0.0,1,1,1,1,0
1.24668e+18,pahlavirezacpar,pahlavirezacpar,Rezapahlavi.parody❄️,پادشاه ممالک محروسه، سَمت هیچ کس نیستم، من فقط اون چیزی که فکر می‌کنم مستدل هست رو قبول دارم و مینویسم.(مجاهد⛔),پادشاه ممالک محروسه، سَمت هیچ کس نیستم، من فقط اون چیزی که فکر می‌کنم مستدل هست رو قبول دارم و مینویسم.(مجاهد),2020-04-05T06:08:47+00:00,6847.0,70.0,32180.0,23.0,3895.0,25331.0,25331.0,0.0,6847.0,1826.0,3.749726,0.038335,1.0,False,0.0,True,False,False,False,0.0,0.0,none,11.0,2.0,0.0,0.866667,24.26667,1.0,1.066667,283.4,6693461.0,13.8724,0.0,0.0,2.0,2.0,3.0,0.0,0.0,2301.636364,25318.0,11.73333,111,97.81428571428572,0,0,0,human(2),0.0,1,1,1,1,0
1.12885e+18,Benyami1980,benyami1980,Benyamin,"پادشاهی خواه ، ورود ارزشی🚫، مجاهد ممنوع🚫 ،
کوچکترین توهین به شاهنشاه = بلاک","پادشاهی خواه ، ورود ارزشی، مجاهد ممنوع ،
 کوچکترین توهین به شاهنشاه = بلاک",2019-05-16T02:45:21+00:00,4756.0,4988.0,54446.0,7.0,55.0,29563.0,29563.0,0.0,4756.0,2151.0,2.211065,2.318921,1.0,False,0.0,False,False,False,False,0.0,0.0,none,0.0,0.0,2.0,0.0,5.5,1.0,1.0,0.0,12.0,13.74384,2.0,2.0,2.0,2.0,1.0,0.0,4.5,29561.0,29561.0,0.0,75,0.9534883720930233,0,4,0,bot(1),1.0,1,1,1,1,0
1.18444e+18,c5GbNjtYsfYcHMr,c5gbnjtysfychmr,بوبی,"اگر نتوانید تصویر درستی از گذشته در دست داشته باشید، نخواهید توانست تصویری که از آینده در ذهن دارید را ترسیم کنید.
#تاریخ
#پیمان_نوین
#جاویدشاه","اگر نتوانید تصویر درستی از گذشته در دست داشته باشید، نخواهید توانست تصویری که از آینده در ذهن دارید را ترسیم کنید.
 تاریخ
 پیمان_نوین
 جاویدشاه",2019-10-16T12:20:31+00:00,4425.0,4934.0,57253.0,3.0,615.0,27373.0,27373.0,0.0,4425.0,1998.0,2.214715,2.469469,1.0,False,0.0,False,False,False,False,1.0,0.0,none,1.0,0.0,1.0,0.5,26.0,1.0,2.0,40.5,39626843.0,13.7002,0.0,0.0,1.0,1.0,1.0,0.5,0.5,27371.0,27371.0,16.0,143,0.8968382650993109,0,1,0,bot(1),1.0,1,1,1,1,0
9.47107e+17,Ansari_Bahman,ansari_bahman,Bahman Ansari,"نویسنده و تاریخ‌پژوه |
دانلود کتاب‌های من 👈 https://t.co/YZmtOGBiIp |
مسئول کامنت‌های دیگران نیستم. 
https://t.co/gjaNTJGh0D | https://t.co/RdY96SpHbD","نویسنده و تاریخ‌پژوه |
 دانلود کتاب‌های من |
 مسئول کامنت‌های دیگران نیستم. 
  |",2017-12-30T14:09:52+00:00,54828.0,818.0,54594.0,120.0,5131.0,36306.0,36306.0,0.0,54828.0,2653.0,20.66642,0.30833,1.0,False,0.0,True,False,False,False,0.0,1.0,none,1.0,0.0,1.0,0.666667,56.66667,1.0,1.333333,649.6667,25346909.0,13.68489,0.0,0.0,2.0,2.0,2.0,0.0,0.0,36304.0,36304.0,67.66667,150,67.02689486552568,0,0,1,human(2),0.0,1,1,1,1,1
9.47924e+17,AlinejadMasih,alinejadmasih,Masih Alinejad 🏳️,"Iranian Journalist & Activist | President of @WLCongress | Founder of #WhiteWednesdays, #MyCameraIsMyWeapon, #MyStealthyFreedom Campaigns. | زن زندگی آزادی","Iranian Journalist & Activist | President of @WLCongress | Founder of WhiteWednesdays, MyCameraIsMyWeapon, MyStealthyFreedom Campaigns. | زن زندگی آزادی",2018-01-01T20:15:56+00:00,746894.0,2019.0,24325.0,2775.0,10165.0,36084.0,36084.0,0.0,746894.0,2651.0,281.7405,0.761599,1.0,False,0.0,True,False,False,False,1.0,0.0,none,2.0,0.0,0.0,2.0,53.5,1.0,0.0,2460.5,49556027.0,13.61147,0.0,0.0,1.0,1.0,1.0,0.0,0.0,18041.0,36082.0,297.0,155,369.9326399207528,0,0,0,human(2),0.0,1,1,1,1,1
3164924710.0,TonyFreeman2015,tonyfreeman2015,Tony,"Iranian-American 
Advocate for a secular Democratic #Iran
#KingRezaPahlavi 🦁☀️ 👑
#Trump2024🇺🇲","Iranian-American 
 Advocate for a secular Democratic Iran
 KingRezaPahlavi 
 Trump2024",2015-04-13T17:29:28+00:00,8464.0,3735.0,149380.0,11.0,3319.0,49609.0,49609.0,0.0,8464.0,3645.0,2.322085,1.024691,1.0,False,0.0,True,False,False,False,1.0,1.0,none,5.0,0.0,5.0,1.076923,17.61538,2.0,1.230769,725.5385,4218431.0,13.61015,0.0,0.0,2.0,3.0,4.0,0.230769,0.923077,9919.8,49599.0,70.76923,93,2.2661311914323963,0,4,0,human(2),0.0,1,1,1,1,0
1.54729e+18,avantgardearses,avantgardearses,👑 آرسس 👑,"زشیر شتر خوردن و سوسمار
عرب را بجایی رسیدست کار
که تاج کیانی کند آرزو
تفو بر تو ای چرخ گردون تفو

درگروه اد   نکنید 
🚫ورودعرزشی و مجاهد ممنوع 
🚫","زشیر شتر خوردن و سوسمار
 عرب را بجایی رسیدست کار
 که تاج کیانی کند آرزو
 تفو بر تو ای چرخ گردون تفو
 
 درگروه اد نکنید 
 ورودعرزشی و مجاهد ممنوع",2022-07-13T18:24:22+00:00,3357.0,3255.0,12011.0,2.0,887.0,13530.0,13530.0,0.0,3357.0,997.0,3.367101,3.264794,1.0,False,0.0,True,False,False,False,0.0,0.0,none,16.0,0.0,8.0,0.666667,34.56667,4.0,1.833333,10.8,1773020.0,13.57071,0.0,0.0,4.0,6.0,7.0,0.333333,0.4,844.125,13506.0,2.266667,144,1.0313364055299539,0,0,0,human(2),0.0,1,1,1,1,0
88447782.0,Mahizadyaar,mahizadyaar,🇺🇸 ماه ایزدیار 𝕏,سرباز اگر شکسته شود هیچ باک نیست، بر ما مباد هرگز اگر شاه بشکند. (مشاوره امنیتی و سیاسی به احزاب وطن پرست),سرباز اگر شکسته شود هیچ باک نیست، بر ما مباد هرگز اگر شاه بشکند. (مشاوره امنیتی و سیاسی به احزاب وطن پرست),2009-11-08T16:06:48+00:00,7571.0,1259.0,78717.0,58.0,29505.0,76247.0,76247.0,0.0,7571.0,5627.0,1.345477,0.223743,1.0,False,0.0,True,False,False,False,0.0,0.0,none,22.0,9.0,1.0,1.03125,30.4375,1.0,2.5,272.0625,2521736.0,13.5502,0.0,0.0,2.0,3.0,1.0,0.15625,0.15625,3464.318182,76215.0,67.71875,106,6.0135027799841145,0,0,0,human(2),0.0,1,1,1,1,1
1.39807e+18,Borhan_Majd,borhan_majd,برهان مجد,"یه  کافه چی خلاق👨‍🍳🍩☕️
  پیرو مکتب ادب🥇
کمی تا حدودی بدن ساز💪","یه کافه چی خلاق
  پیرو مکتب ادب
 کمی تا حدودی بدن ساز",2021-05-28T00:04:45+00:00,46025.0,36827.0,33148.0,18.0,1597.0,19015.0,19015.0,0.0,46025.0,1408.0,32.68821,26.15554,1.0,False,0.0,True,False,False,False,0.0,0.0,none,1.0,0.0,0.0,1.0,46.0,1.0,0.0,2926.0,0.0,13.50497,2.0,2.0,2.0,2.0,2.0,0.0,0.0,19014.0,19014.0,313.0,61,1.2497624025850598,0,0,0,unverified(4),,1,1,1,1,0
1.16561e+18,callmeraha13,callmeraha13,Raha Sizdah,#StopHazaraGenocide | democracy & freedom demand | student in Kabul,StopHazaraGenocide | democracy & freedom demand | student in Kabul,2019-08-25T13:14:35+00:00,17471.0,2529.0,47646.0,23.0,1082.0,27650.0,27650.0,0.0,17471.0,2050.0,8.522439,1.233659,1.0,False,0.0,True,False,False,False,1.0,0.0,none,1.0,0.0,0.0,4.0,49.0,1.0,0.0,1402.0,0.0,13.4878,1.0,1.0,1.0,1.0,1.0,0.0,0.0,27649.0,27649.0,248.0,67,6.908264136022143,0,2,0,unverified(4),,1,1,1,1,1
9.9048e+17,alale26361947,alale26361947,𝒜𝓁𝒶𝓁ℯ 🌷بازم فیولیمیتم,لایکا بلاعوضه و به معنی تایید نیس.فقط تشکره.🙏 🌾فالو بک ندادم لطفا بگین بک بدم.✳️,لایکا بلاعوضه و به معنی تایید نیس.فقط تشکره. فالو بک ندادم لطفا بگین بک بدم.,2018-04-29T06:37:05+00:00,4331.0,4549.0,165880.0,1.0,1414.0,34135.0,34135.0,0.0,4331.0,2533.0,1.70983,1.795894,1.0,False,0.0,True,False,False,False,0.0,0.0,none,0.0,0.0,1.0,0.0,2.0,1.0,1.0,0.0,0.0,13.47612,1.0,1.0,1.0,1.0,1.0,1.0,1.0,34134.0,34134.0,0.0,80,0.9520773796438777,0,8,0,bot(1),1.0,1,1,1,1,0
1.29928e+18,fatemeh_sadat91,fatemeh_sadat91,خانم فردوس,"همسر / مادر/ کارشناسی ارشد حقوق بین الملل/ با دغدغه هایی از جنس فرهنگ و سیاست
( اکانت سوم)","همسر / مادر/ کارشناسی ارشد حقوق بین الملل/ با دغدغه هایی از جنس فرهنگ و سیاست
 ( اکانت سوم)",2020-08-28T09:25:13+00:00,9928.0,1168.0,157586.0,32.0,3041.0,22617.0,22617.0,0.0,9928.0,1681.0,5.906008,0.694825,1.0,False,0.0,True,False,False,False,0.0,0.0,none,1.0,0.0,0.0,1.0,15.0,1.0,1.0,321.0,0.0,13.45449,1.0,1.0,1.0,1.0,1.0,0.0,0.0,22616.0,22616.0,29.0,90,8.5,0,2,0,human(2),0.0,1,1,1,1,0
298797979.0,rrghadi01,rrghadi01,Reza Ramezannejad,"«فَكَأَنَّ الدُّنْيَا لَمْ تَكُنْ وَ كَأنَّ الْآخِرَةَ لَمْ تَزَلْ؛
وَ السَّلَامُ»","«فَكَأَنَّ الدُّنْيَا لَمْ تَكُنْ وَ كَأنَّ الْآخِرَةَ لَمْ تَزَلْ؛
 وَ السَّلَامُ»",2011-05-14T23:38:02+00:00,9141.0,1023.0,98636.0,72.0,2996.0,67978.0,67978.0,0.0,9141.0,5075.0,1.801182,0.201576,0.0,False,0.0,True,False,False,False,0.0,0.0,none,1.0,0.0,0.0,0.0,14.0,1.0,2.0,3055.0,0.0,13.39468,1.0,1.0,1.0,1.0,1.0,0.0,0.0,67977.0,67977.0,175.0,82,8.935483870967742,0,2,0,human(2),0.0,1,1,1,1,1
8.14864e+17,patrick_jane77,patrick_jane77,Sheldon,"ایران❤ 

اخلاق،منطق،منطق،منطق
《نور بر تاریکی پیروز است》","ایران 
 
 اخلاق،منطق،منطق،منطق
 《نور بر تاریکی پیروز است》",2016-12-30T16:02:34+00:00,235332.0,326.0,317541.0,524.0,2847.0,40408.0,40408.0,0.0,235332.0,3018.0,77.97614,0.108019,1.0,False,0.0,True,False,False,False,0.0,0.0,none,3.0,0.0,4.0,0.833333,33.0,1.0,1.166667,4025.583,9886872.0,13.389,0.0,0.0,4.0,4.0,6.0,0.333333,0.333333,13467.0,40401.0,740.75,55,721.8773006134969,0,2,0,human(2),0.0,1,1,1,1,0
1.24782e+18,AliReza_Hafezi1,alireza_hafezi1,🇮🇷 علیرضا حافظی | AliReza Hafezi 🇵🇸,من کجای سپاه مهدی فاطمه (عج) ام...؟                                              اگر #فالوبک ندادم ، اطلاع بدید,من کجای سپاه مهدی فاطمه (عج) ام...؟ اگر فالوبک ندادم ، اطلاع بدید,2020-04-08T09:45:33+00:00,27917.0,23266.0,52022.0,18.0,1028.0,24360.0,24360.0,0.0,27917.0,1823.0,15.31377,12.76248,1.0,False,0.0,True,False,False,False,1.0,0.0,none,1.0,0.0,0.0,0.0,7.0,1.0,0.0,1049.0,0.0,13.36259,2.0,2.0,2.0,2.0,2.0,0.0,0.0,24359.0,24359.0,127.0,111,1.1999054414166594,0,1,0,bot(1),1.0,1,1,1,1,0
1.28677e+18,With_pahlavi3,with_pahlavi3,👑ꜱᴇᴘɪᴅᴇʜ|ܢܚܝ݆ߺࡅ࡙ܥ‌‌ہ👑,"دیگر حنای هیچ مذهبی پیشمان رنگی ندارد

هم پیمان با @PahlaviReza

اکانت دوم 👈 @Ftmh_zhra_jnde","دیگر حنای هیچ مذهبی پیشمان رنگی ندارد
 
 هم پیمان با @PahlaviReza
 
 اکانت دوم @Ftmh_zhra_jnde",2020-07-24T21:09:00+00:00,12199.0,4548.0,40033.0,21.0,1477.0,22837.0,22837.0,0.0,12199.0,1716.0,7.108974,2.65035,1.0,False,0.0,True,False,False,False,0.0,0.0,none,8.0,0.0,10.0,0.842105,33.57895,1.0,2.789474,242.7895,5497503.0,13.30828,0.0,0.0,2.0,2.0,2.0,0.0,0.0,2852.375,22819.0,39.57895,92,2.682277924362357,0,1,0,bot(1),1.0,1,1,1,1,0
1.46523e+18,gorbehsiah,gorbehsiah,گوربه سیاه کدخدا 🐈‍⬛,🦁☀️,,2021-11-29T07:55:49+00:00,5059.0,2521.0,106543.0,1.0,342.0,16268.0,16268.0,0.0,5059.0,1223.0,4.136549,2.061325,1.0,False,0.0,True,False,False,False,0.0,0.0,none,0.0,0.0,2.0,0.0,2.0,1.0,1.0,0.5,81920.0,13.30172,0.0,0.0,1.0,1.0,1.0,1.0,1.0,16266.0,16266.0,0.0,3,2.006743355811186,0,0,0,unverified(4),,1,1,1,1,0
1.55624e+18,parwaz22,parwaz22,ParWaz,مشروطه‌خواه,مشروطه‌خواه,2022-08-07T11:07:32+00:00,4080.0,291.0,41126.0,10.0,1245.0,12926.0,12926.0,0.0,4080.0,972.0,4.197531,0.299383,1.0,False,0.0,True,False,False,False,0.0,0.0,none,29.0,4.0,2.0,0.916667,23.66667,3.0,0.972222,344.3889,1868469.0,13.29835,0.0,0.0,2.0,2.0,2.0,0.0,0.0,444.5172414,12891.0,60.91667,11,14.02061855670103,0,2,0,human(2),0.0,1,1,1,1,0
1.31235e+18,MajidH44995071,majidh44995071,👑MajidH👑,"عاشق ایرانی آزاد و آباد
 براندازم تا سر بلندی وطن
👑آماده‌ام برای جشن ورود شاهنشاه به وطن👑","عاشق ایرانی آزاد و آباد
  براندازم تا سر بلندی وطن
 آماده‌ام برای جشن ورود شاهنشاه به وطن",2020-10-03T11:01:57+00:00,4861.0,4043.0,48986.0,1.0,363.0,21866.0,21866.0,0.0,4861.0,1645.0,2.955015,2.457751,1.0,False,0.0,True,False,False,False,0.0,0.0,none,1.0,1.0,24.0,0.363636,34.0303,1.0,2.181818,4.69697,991537.6,13.2924,0.0,0.0,4.0,6.0,8.0,0.878788,0.939394,21840.0,21840.0,0.69697,89,1.2023250061835271,0,8,0,bot(1),1.0,1,1,1,1,0
1.06572e+18,sangtarash_azad,sangtarash_azad,مِهراز ☼𓃬,در پی آزادی، حتی پس از رهایی #سنگتراش_آزاد,در پی آزادی، حتی پس از رهایی سنگتراش_آزاد,2018-11-22T21:23:19+00:00,20485.0,264.0,163130.0,92.0,2552.0,30904.0,30904.0,0.0,20485.0,2326.0,8.806965,0.1135,1.0,False,0.0,False,False,False,False,1.0,0.0,none,1.0,0.0,0.0,0.0,51.0,1.0,0.0,1665.0,0.0,13.28633,1.0,1.0,1.0,1.0,1.0,0.0,0.0,30903.0,30903.0,254.0,42,77.59469696969697,0,0,0,human(2),0.0,1,1,1,1,1
1.33855e+18,5pickkk,5pickkk,👑♠️پنجِ‌ پیک (۲)♠️👑,"#براندازم
👑🦁🌞👑",براندازم,2020-12-14T18:25:12+00:00,7505.0,1914.0,39666.0,7.0,2109.0,20871.0,20871.0,0.0,7505.0,1573.0,4.771138,1.216783,1.0,False,0.0,True,False,False,False,1.0,0.0,none,113.0,2.0,1.0,0.848739,27.77311,1.0,1.310924,410.0756,618583.1,13.26828,0.0,0.0,3.0,5.0,4.0,0.042017,0.058824,183.6725664,20755.0,90.70588,14,3.92110762800418,1,1,0,unverified(4),,1,1,1,1,1
1.57314e+18,king_fishpoet,king_fishpoet,King_fishpoet (شاه ماهی گاماسیاب),شاعر و نویسنده (باورمند به سامانه پادشاهی)  همه وُسعِ من از آنِ وطن که ایران بُوَد جانِ من در بَدَن,شاعر و نویسنده (باورمند به سامانه پادشاهی) همه وُسعِ من از آنِ وطن که ایران بُوَد جانِ من در بَدَن,2022-09-23T02:50:40+00:00,5661.0,541.0,55362.0,9.0,839.0,12270.0,12270.0,0.0,5661.0,925.0,6.12,0.584865,1.0,False,0.0,False,False,False,False,0.0,0.0,none,88.0,47.0,145.0,0.43609,27.61905,5.0,1.77193,334.8897,142620.2,13.26486,0.0,0.0,12.0,36.0,120.0,0.421053,0.711779,136.25,11990.0,46.74185,99,10.463955637707949,0,0,0,human(2),0.0,1,1,1,1,0
1.07396e+18,Kamran99575602,kamran99575602,👑Kamran👑,"#جاویدشاه 
دریغا که ایران ویران شود....
مائیم و هوای روی شاهنشاهی
در آب حیات عشق او چون ماهی(مولانا)","جاویدشاه 
 دریغا که ایران ویران شود....
 مائیم و هوای روی شاهنشاهی
 در آب حیات عشق او چون ماهی(مولانا)",2018-12-15T15:35:58+00:00,4704.0,2301.0,71650.0,0.0,1461.0,30535.0,30535.0,0.0,4704.0,2303.0,2.042553,0.999132,1.0,False,0.0,False,False,False,False,1.0,0.0,none,16.0,9.0,89.0,0.289063,21.54688,4.0,1.484375,31.85938,808199.1,13.25879,0.0,0.0,37.0,40.0,15.0,0.640625,1.109375,1901.3125,30421.0,8.6875,100,2.044328552803129,0,8,0,human(2),0.0,1,1,1,1,0
1.27941e+18,mahenoghre,mahenoghre,🦋پری به گل نشسته👑,بشکاف این حجاب سیاهی را,بشکاف این حجاب سیاهی را,2020-07-04T13:30:59+00:00,5030.0,1196.0,53664.0,13.0,2015.0,22966.0,22966.0,0.0,5030.0,1736.0,2.897465,0.68894,1.0,False,0.0,True,False,False,False,0.0,0.0,none,13.0,0.0,1.0,1.625,27.375,1.0,1.5,1124.563,5211724.0,13.22926,0.0,0.0,2.0,2.0,3.0,0.0,0.0,1765.538462,22952.0,68.9375,23,4.205685618729097,0,0,0,human(2),0.0,1,1,1,1,0
1.02296e+18,Qaaaasem,qaaaasem,رابرت خالی,ای کاش میشد آدمی وطنش را بیرون کشد از دست این جاکشها.. رای من پادشاهی مشروطه ….قسمم به خاک ایرانم …,ای کاش میشد آدمی وطنش را بیرون کشد از دست این جاکشها.. رای من پادشاهی مشروطه ….قسمم به خاک ایرانم …,2018-07-27T21:23:22+00:00,4056.0,5238.0,69924.0,5.0,1361.0,32298.0,32298.0,0.0,4056.0,2444.0,1.659574,2.143208,1.0,False,0.0,True,False,False,False,0.0,0.0,none,4.0,1.0,1.0,0.5,22.33333,2.0,1.333333,116.8333,9537844.0,13.21522,0.0,0.0,1.0,2.0,1.0,0.166667,0.5,8073.0,32292.0,27.0,99,0.7743413516609393,0,0,0,human(2),0.0,1,1,1,1,0
1.2522e+18,omid_AV2,omid_av2,Omid,"پادشاهی خواه
#ما_ملت_کبیریم_ایرانو_پس_میگیریم","پادشاهی خواه
 ما_ملت_کبیریم_ایرانو_پس_میگیریم",2020-04-20T11:51:43+00:00,8128.0,7463.0,196066.0,3.0,205.0,23903.0,23903.0,0.0,8128.0,1811.0,4.488128,4.120928,1.0,False,0.0,False,False,False,False,1.0,0.0,none,0.0,0.0,2.0,0.0,5.5,2.0,1.5,0.5,266812.5,13.19879,0.0,0.0,2.0,2.0,3.0,1.0,1.0,23901.0,23901.0,0.0,45,1.0891062575371835,0,1,0,bot(1),1.0,1,1,1,1,1
1.51274e+18,Armanjasoor,armanjasoor,👑برانداز بی رحم👑,"زندانی سیاسی سابق
اکانت اصلیم به فنا رفت
مرامی فالو کنین بک میدم
فالو=بک
میهن پرست
دین : انسانیت
در آرزوی آزادی
خسته از ظلم و ستم
برانداز
#جاوید_شاه","زندانی سیاسی سابق
 اکانت اصلیم به فنا رفت
 مرامی فالو کنین بک میدم
 فالو=بک
 میهن پرست
 دین : انسانیت
 در آرزوی آزادی
 خسته از ظلم و ستم
 برانداز
 جاوید_شاه",2022-04-09T10:15:07+00:00,7144.0,7665.0,17513.0,1.0,484.0,14384.0,14384.0,0.0,7144.0,1092.0,6.542125,7.019231,1.0,False,0.0,False,False,False,False,1.0,0.0,none,66.0,1.0,0.0,0.970149,29.73134,1.0,2.119403,303.1642,44810.81,13.17216,0.0,0.0,4.0,7.0,1.0,0.014925,0.014925,216.9242424,14317.0,74.28358,148,0.9320287018917156,0,0,0,bot(1),1.0,1,1,1,1,0
1.39002e+18,1fE0H6Rofed6H0P,1fe0h6rofed6h0p,میکاپ آرتیست توییتر,,,2021-05-05T19:17:01+00:00,3719.0,4771.0,43799.0,2.0,641.0,18720.0,18720.0,0.0,3719.0,1431.0,2.598882,3.334032,1.0,False,0.0,True,False,False,False,0.0,0.0,none,0.0,0.0,25.0,0.341463,15.58537,1.0,1.097561,1.560976,134805.5,13.08176,0.0,0.0,10.0,16.0,17.0,0.95122,1.097561,18695.0,18695.0,0.04878,0,0.7795011527981556,0,5,0,bot(1),1.0,1,1,0,1,0
3301947536.0,inventor_kevin,inventor_kevin,Kevin Kourosh Aryamehr,"Inventorمخترع, Researcher📚 Dream big #Invent_for_better_world, #Be_positive #KevinKouroshAryamehr زندانی سیاسی آزاد باید گردد. آبان ادامه دارد.ما پیروزیم","Inventorمخترع, Researcher Dream big Invent_for_better_world, Be_positive KevinKouroshAryamehr زندانی سیاسی آزاد باید گردد. آبان ادامه دارد.ما پیروزیم",2015-07-31T01:04:04+00:00,4484.0,4333.0,140137.0,22.0,2978.0,46028.0,46028.0,0.0,4484.0,3536.0,1.2681,1.225396,0.0,False,0.0,True,False,False,False,1.0,0.0,none,190.0,4.0,3.0,0.994949,19.83333,4.0,2.737374,314.9545,476325.8,13.01697,0.0,0.0,3.0,3.0,2.0,0.09596,0.388889,241.2157895,45831.0,65.09596,153,1.0348488345257327,0,0,0,human(2),0.0,1,1,1,1,0
1.52375e+18,Mosolchi,mosolchi,عبدالله موسولچی,سرباز رضاشاه دوم - دوست ملت اسرائیل - دانشجو,سرباز رضاشاه دوم - دوست ملت اسرائیل - دانشجو,2022-05-09T19:26:37+00:00,28148.0,3364.0,30676.0,48.0,5168.0,13808.0,13808.0,0.0,28148.0,1062.0,26.50471,3.167608,1.0,False,0.0,True,False,False,False,0.0,0.0,none,115.0,3.0,3.0,1.025316,18.59494,2.0,1.221519,2877.715,177841.0,13.00188,0.0,0.0,8.0,18.0,38.0,0.018987,0.018987,119.0173913,13687.0,298.6329,44,8.367419738406658,0,0,0,human(2),0.0,1,1,1,1,0
1.25573e+18,SHAHIAVID,shahiavid,مبارزان پادشاهی ایران,"تا ابد
#جاوید_شاه
#شاهزاده_را_صداکن","تا ابد
 جاوید_شاه
 شاهزاده_را_صداکن",2020-04-30T05:18:54+00:00,6399.0,2143.0,46514.0,11.0,2731.0,23391.0,23391.0,0.0,6399.0,1801.0,3.553026,1.189895,1.0,False,0.0,True,False,False,False,1.0,0.0,none,5.0,4.0,1.0,0.266667,19.46667,2.0,0.866667,22.2,6782174.0,12.98778,0.0,0.0,8.0,10.0,6.0,0.0,4.6,4676.2,23381.0,8.933333,35,2.9860009332711153,0,0,0,bot(1),1.0,1,1,1,1,0
1.61827e+18,HiwaTubeAI2,hiwatubeai2,Hiwa 2,شاه، میهن، پرچم,شاه، میهن، پرچم,2023-01-25T15:22:08+00:00,3203.0,585.0,11019.0,3.0,122.0,10391.0,10391.0,0.0,3203.0,801.0,3.998752,0.730337,1.0,False,0.0,False,False,False,False,0.0,0.0,none,39.0,2.0,60.0,0.5,17.26119,1.0,2.828358,439.791,88469.27,12.97253,0.0,0.0,14.0,24.0,34.0,0.425373,0.738806,263.8461538,10290.0,88.82836,15,5.475213675213675,1,1,0,bot(1),1.0,1,1,1,1,0
1.79789e+18,Alex47778556934,alex47778556934,قاسم خوشگله (کتلت سابق ),👑👑👑پادشاهی خواه 👑👑👑 اکانت قبلیم ترکید اکانت سوم 👑👑👑چپول ، مجاهد ، تجزیه طلب و عرزشی گم شین بیرون👑👑👑,پادشاهی خواه اکانت قبلیم ترکید اکانت سوم چپول ، مجاهد ، تجزیه طلب و عرزشی گم شین بیرون,2024-06-04T06:58:50+00:00,3228.0,1856.0,3375.0,5.0,2174.0,3956.0,3956.0,0.0,3228.0,305.0,10.58361,6.085246,1.0,False,0.0,False,False,False,False,0.0,0.0,none,1.0,0.0,0.0,0.0,20.0,1.0,0.0,205.0,0.0,12.97049,1.0,1.0,1.0,1.0,1.0,0.0,0.0,3955.0,3955.0,9.0,99,1.7392241379310345,0,11,0,human(2),0.0,1,1,1,1,1
1.20337e+18,mikhake_noqrehi,mikhake_noqrehi,💙👑💙mikhak👑,ارزوی من دیدن شهبانو فرح پهلویست .فیو و ریتوئیت به معنی پذیرفتن اعتقادات کاربران نیست .به امید ازادی و ابادی ایران,ارزوی من دیدن شهبانو فرح پهلویست .فیو و ریتوئیت به معنی پذیرفتن اعتقادات کاربران نیست .به امید ازادی و ابادی ایران,2019-12-07T17:55:05+00:00,6188.0,3854.0,107699.0,4.0,4344.0,25229.0,25229.0,0.0,6188.0,1946.0,3.179856,1.980473,1.0,False,0.0,True,False,False,False,0.0,0.0,none,100.0,1.0,5.0,1.016529,13.63636,4.0,1.140496,367.6364,938318.6,12.96454,0.0,0.0,6.0,8.0,16.0,0.041322,0.066116,251.23,25123.0,65.60331,114,1.6056045666839647,0,0,0,bot(1),1.0,1,1,1,1,0
9.84193e+17,etelaf10,etelaf10,ائتلاف ۱۰ ꪜ 👀,"#Breaking international news and headlines  

رسانه ای دیدبان از اتفاقات ایران و جهان
https://t.co/xgn4R1lAKg","Breaking international news and headlines 
 
 رسانه ای دیدبان از اتفاقات ایران و جهان",2018-04-11T22:16:11+00:00,34086.0,308.0,116211.0,171.0,11403.0,32994.0,32994.0,0.0,34086.0,2551.0,13.36182,0.120737,1.0,False,0.0,True,False,False,False,1.0,1.0,none,135.0,4.0,5.0,0.73125,27.0,2.0,2.4375,222.5688,673769.6,12.93375,0.0,0.0,5.0,8.0,17.0,0.0,0.0,243.3333333,32850.0,45.1375,109,110.66883116883118,2,2,1,News Agent(3),,1,1,1,1,1
3164609911.0,AliEbrahimzade_,aliebrahimzade_,Ali Ebrahimzadeh,General Contractor #زندگی_نرمال #ایجاد_شرمساری 0018182017068📞,General Contractor زندگی_نرمال ایجاد_شرمساری 0018182017068,2015-04-20T00:09:11+00:00,19550.0,728.0,207269.0,86.0,3752.0,47011.0,47011.0,0.0,19550.0,3638.0,5.373832,0.20011,1.0,False,0.0,True,False,False,False,1.0,1.0,none,6.0,0.0,0.0,1.166667,29.0,1.0,1.166667,942.3333,361066.2,12.92221,0.0,0.0,1.0,2.0,1.0,0.0,0.0,7834.166667,47005.0,142.3333,61,26.854395604395606,0,0,0,human(2),0.0,1,1,1,1,1
7.24709e+17,R0tterdamer,r0tterdamer,روتردامر‌™,"52Hz whale 🐳,if there's no multiverse im gonna be really disappointed🙄 آن ""خط سوم"" منم که اسنیف‌ می‌کنی","52Hz whale ,if there's no multiverse im gonna be really disappointed آن ""خط سوم"" منم که اسنیف‌ می‌کنی",2016-04-25T21:18:58+00:00,3138.0,185.0,101739.0,7.0,3057.0,42150.0,42150.0,0.0,3138.0,3267.0,0.960514,0.056627,1.0,False,0.0,True,False,False,False,0.0,1.0,none,1.0,1.0,0.0,0.5,41.0,1.0,2.0,103.5,834440.5,12.90174,0.0,0.0,1.0,1.0,1.0,0.0,0.0,42148.0,42148.0,9.0,103,16.962162162162162,0,1,0,human(2),0.0,1,1,1,1,0
1.10578e+18,KalavaniSamad,kalavanisamad,Samad kalavani 🤾‍♂️,Iranian Former Handbal army team بازیکن سابق تیم هندبال نیروی زمینی آرتش ایران. خاک میخوریم اما خاک نمیدهیم #مشروطه_خواه #سرباز_ایران🫡,Iranian Former Handbal army team بازیکن سابق تیم هندبال نیروی زمینی آرتش ایران. خاک میخوریم اما خاک نمیدهیم مشروطه_خواه سرباز_ایران,2019-03-13T10:30:11+00:00,14787.0,330.0,55761.0,14.0,832.0,28553.0,28553.0,0.0,14787.0,2215.0,6.675847,0.148984,1.0,False,0.0,True,False,False,False,1.0,0.0,none,59.0,2.0,0.0,0.967742,16.75806,2.0,1.354839,274.4516,1191112.0,12.89074,0.0,0.0,2.0,2.0,2.0,0.112903,0.112903,482.9152542,28492.0,59.6129,134,44.80909090909091,0,0,0,human(2),0.0,1,1,1,1,0
1.61543e+18,saeed_akbari39,saeed_akbari39,شاهزاده چاکرتم,"گزینه من تا پای جان ،
فقط و فقط و فقط 
شاهنشاه رضا پهلوی 
برای ایران فردا","گزینه من تا پای جان ،
 فقط و فقط و فقط 
 شاهنشاه رضا پهلوی 
 برای ایران فردا",2023-01-17T19:19:20+00:00,5066.0,7505.0,15949.0,1.0,1784.0,10348.0,10348.0,0.0,5066.0,809.0,6.262052,9.276885,1.0,False,0.0,False,False,False,False,0.0,0.0,none,34.0,58.0,0.0,0.364583,30.32292,1.0,2.385417,39.34375,267141.9,12.7911,0.0,0.0,9.0,13.0,5.0,0.0,0.0,301.6470588,10256.0,6.333333,73,0.675016655562958,0,2,0,bot(1),1.0,1,1,1,1,0
1.55491e+18,Mayekhal,mayekhal,مایه خال,در تلاش برای آزادی ایران از چنگ مهاجمان اسلامی🤏,در تلاش برای آزادی ایران از چنگ مهاجمان اسلامی,2022-08-03T19:02:13+00:00,6033.0,2027.0,143693.0,5.0,2108.0,12480.0,12480.0,0.0,6033.0,976.0,6.181352,2.076844,1.0,False,0.0,False,False,False,False,0.0,0.0,none,54.0,0.0,4.0,1.081967,18.86885,1.0,1.114754,903.2459,795059.6,12.78689,0.0,0.0,2.0,3.0,4.0,0.098361,0.098361,230.037037,12422.0,107.2295,47,2.9763196842624566,0,0,0,human(2),0.0,1,1,1,1,0
1.33775e+18,wilma890,wilma890,Wilma 👑,دختر ايران خانم. #نه_به_جمهورى_اسلامى -#مهسا_امینی فالو بک میکنم.,دختر ايران خانم. نه_به_جمهورى_اسلامى -مهسا_امینی فالو بک میکنم.,2020-12-12T13:20:19+00:00,13145.0,13381.0,26064.0,5.0,717.0,20127.0,20127.0,0.0,13145.0,1575.0,8.346032,8.495873,1.0,False,0.0,True,False,False,False,1.0,0.0,none,2.0,0.0,0.0,1.0,16.5,1.0,1.0,303.5,3457117.0,12.77905,0.0,0.0,1.0,1.0,1.0,0.0,0.0,10062.5,20125.0,81.5,65,0.9823630520887826,0,3,0,unverified(4),,1,1,1,1,1
9.34679e+17,Arman1828ex,arman1828ex,Arman,"Just Blue Sky and Taj Tehran
Club Atlético Boca Juniors
The next director of cinema
Like and retweet does not mean approval","Just Blue Sky and Taj Tehran
 Club Atlético Boca Juniors
 The next director of cinema
 Like and retweet does not mean approval",2017-11-26T07:02:01+00:00,3913.0,3886.0,193468.0,2.0,1730.0,34290.0,34290.0,0.0,3913.0,2687.0,1.456271,1.446223,0.0,False,0.0,False,False,False,False,0.0,0.0,none,1.0,0.0,1.0,0.5,27.5,1.0,1.0,10.0,161845.0,12.76144,0.0,0.0,1.0,1.0,1.0,0.0,1.0,34288.0,34288.0,0.5,123,1.0069480185280495,0,4,0,human(2),0.0,1,1,1,1,1
601176054.0,AmirTaheri4,amirtaheri4,Amir Taheri,"International columnist and author. Was Executive Editor-in Chief of the daily Kayhan, Iran's main newspaper for seven years. Author of 13 books.","International columnist and author. Was Executive Editor-in Chief of the daily Kayhan, Iran's main newspaper for seven years. Author of 13 books.",2012-06-06T16:22:05+00:00,146003.0,2026.0,75495.0,599.0,1228.0,59795.0,59795.0,0.0,146003.0,4686.0,31.15728,0.432352,1.0,False,0.0,True,False,False,False,0.0,1.0,none,1.0,0.0,0.0,0.0,50.0,1.0,1.0,419.0,0.0,12.76035,1.0,1.0,1.0,1.0,1.0,0.0,0.0,59794.0,59794.0,150.0,145,72.06465942744323,0,1,0,can’t find,,1,1,1,1,1
7.84715e+17,javid_EPir,javid_epir,yootab,و ،وظیفه ی من  بازگشت شاهم به ایران است,و ،وظیفه ی من بازگشت شاهم به ایران است,2016-10-08T11:19:37+00:00,5360.0,20.0,33920.0,0.0,1233.0,39569.0,39569.0,0.0,5360.0,3101.0,1.728475,0.00645,1.0,False,0.0,True,False,False,False,0.0,0.0,none,0.0,0.0,2.0,0.0,22.0,1.0,1.0,0.333333,570681.0,12.76008,0.0,0.0,2.0,2.0,2.0,0.0,2.0,39567.0,39567.0,0.0,39,268.0,0,0,0,unverified(4),,1,1,1,1,0
2452000663.0,NaghmeL,naghmel,𝐍𝐚𝐠𝐡𝐦𝐞 𝐋,🤍 #KingRezaPahlavi🩵 #Trump❤️ #bibi💙,KingRezaPahlavi Trump bibi,2014-04-18T22:10:35+00:00,3087.0,799.0,135240.0,6.0,5141.0,51040.0,51040.0,0.0,3087.0,4005.0,0.770787,0.199501,1.0,False,0.0,False,False,False,False,1.0,0.0,none,26.0,14.0,122.0,0.437158,27.12022,6.0,1.89071,23.6776,472439.7,12.74407,0.0,0.0,11.0,31.0,22.0,0.453552,1.087432,1956.846154,50878.0,3.759563,35,3.8635794743429286,0,0,0,bot(1),1.0,1,1,1,1,0
197483174.0,FarbodArian,farbodarian,𝓯𝓪𝓻𝓫𝓸𝓭 𝓐𝓻𝓲𝓪𝓷,"Islam is the most ☪︎vil cult in the world.
#Islamophobic #AfD #MAGA
#IraniansStandWithIsrael
#ConstitutionalMonarchist #JavidShah #جاویدشاه #KingRezaPahlavi","Islam is the most vil cult in the world.
 Islamophobic AfD MAGA
 IraniansStandWithIsrael
 ConstitutionalMonarchist JavidShah جاویدشاه KingRezaPahlavi",2010-10-01T16:33:30+00:00,5994.0,2839.0,138955.0,21.0,3502.0,67282.0,67282.0,0.0,5994.0,5300.0,1.130943,0.53566,1.0,False,0.0,True,False,False,False,1.0,0.0,none,18.0,3.0,4.0,1.121951,14.5122,4.0,2.04878,2.414634,135063.6,12.69472,0.0,0.0,6.0,16.0,17.0,0.121951,0.268293,3736.5,67257.0,0.292683,156,2.111306798168369,0,0,0,human(2),0.0,1,1,1,1,1
1.48938e+18,Queenaurora209,queenaurora209,👑 👑Aurora+2👑 👑,درمن انقلابی شکل گرفت که حاصل آن کودکی شکست ناپذیرشد،ماگرزسره بریده میترسیدم درمحفل عاشقان نمیرقصیدیم میجنگم کُردپادشاهی خواه  #KingRezaPahlavi #جانم_فدای_ایران,درمن انقلابی شکل گرفت که حاصل آن کودکی شکست ناپذیرشد،ماگرزسره بریده میترسیدم درمحفل عاشقان نمیرقصیدیم میجنگم کُردپادشاهی خواه KingRezaPahlavi جانم_فدای_ایران,2022-02-03T23:40:01+00:00,4326.0,1975.0,57090.0,7.0,924.0,14564.0,14564.0,0.0,4326.0,1157.0,3.73898,1.707001,1.0,False,0.0,True,False,False,False,1.0,0.0,none,37.0,18.0,4.0,1.333333,30.74242,3.0,2.590909,147.303,902404.6,12.58773,0.0,0.0,2.0,2.0,8.0,0.151515,0.363636,392.027027,14505.0,49.37879,160,2.190379746835443,1,3,0,can’t find,,1,1,1,1,0
1.64764e+18,kaykhosrow5,kaykhosrow5,KayKhosrow,اصحاب ۵۷ چکیده رذایل تاریخ این سرزمین‌اند,اصحاب ۵۷ چکیده رذایل تاریخ این سرزمین‌اند,2023-04-16T16:32:48+00:00,3354.0,64.0,54874.0,11.0,1097.0,9047.0,9047.0,0.0,3354.0,720.0,4.658333,0.088889,1.0,False,0.0,False,False,False,False,0.0,1.0,none,201.0,8.0,0.0,0.961722,23.77512,1.0,2.287081,433.1053,105372.3,12.56528,0.0,0.0,2.0,5.0,2.0,0.019139,0.038278,43.97014925,8838.0,105.3732,41,52.40625,0,1,0,human(2),0.0,1,1,1,1,1
1.74336e+18,adam_hesabi1,adam_hesabi1,♣️adamhesabi 2♣️,"باز اَر چه گاه گاهی بر سر نَهد کلاهی / 
مرغانِ قاف دانند آئین پادشاهی 👑
اکانت اصلی 👈 @adam_hesabi","باز اَر چه گاه گاهی بر سر نَهد کلاهی / 
 مرغانِ قاف دانند آئین پادشاهی 
 اکانت اصلی @adam_hesabi",2024-01-05T19:39:21+00:00,4719.0,391.0,11755.0,7.0,178.0,5696.0,5696.0,0.0,4719.0,456.0,10.34868,0.857456,1.0,False,0.0,False,False,False,False,0.0,0.0,none,7.0,0.0,1.0,0.666667,32.66667,1.0,2.333333,879.0,4592413.0,12.49123,0.0,0.0,2.0,2.0,2.0,0.333333,0.333333,812.5714286,5688.0,148.7778,97,12.069053708439897,1,1,0,human(2),0.0,1,1,1,1,0
1.58215e+18,GreatIran2023,greatiran2023,ایران مهر,"پادشاهی خواه
آنتی‌ چپ و تجزیه طلب","پادشاهی خواه
 آنتی‌ چپ و تجزیه طلب",2022-10-17T23:28:26+00:00,3842.0,907.0,102530.0,4.0,966.0,11221.0,11221.0,0.0,3842.0,901.0,4.264151,1.006659,1.0,False,0.0,True,False,False,False,0.0,0.0,none,79.0,0.0,4.0,0.965517,33.62069,2.0,2.747126,224.1839,879243.2,12.45394,0.0,0.0,4.0,4.0,5.0,0.034483,0.16092,140.9873418,11138.0,43.47126,33,4.2359426681367145,0,4,0,can’t find,,1,1,1,1,0
1.02779e+18,amir41355273,amir41355273,Amir 👑,I believe in a constitutional kingdom,I believe in a constitutional kingdom,2018-08-10T05:43:31+00:00,4072.0,2251.0,49627.0,2.0,2617.0,30105.0,30105.0,0.0,4072.0,2430.0,1.67572,0.926337,1.0,False,0.0,True,False,False,False,0.0,0.0,none,60.0,0.0,0.0,1.133333,28.85,1.0,1.25,386.8,775949.2,12.38889,0.0,0.0,2.0,3.0,1.0,0.0,0.0,500.75,30045.0,105.3333,37,1.8089737894269213,0,8,0,bot(1),1.0,1,1,1,1,1
1.59103e+18,itsgisou,itsgisou,gisou,ذات الناطقین,ذات الناطقین,2022-11-11T11:16:57+00:00,7534.0,704.0,20094.0,20.0,748.0,10836.0,10836.0,0.0,7534.0,876.0,8.600457,0.803653,1.0,False,0.0,False,False,False,False,0.0,0.0,none,1.0,0.0,0.0,2.0,10.0,1.0,0.0,1256.0,0.0,12.36986,1.0,1.0,1.0,1.0,1.0,0.0,0.0,10835.0,10835.0,43.0,12,10.701704545454545,0,0,0,human(2),0.0,1,1,1,1,0
2377612094.0,KayhanLondon,kayhanlondon,KayhanLondon کیهان لندن,"https://t.co/HMO0SRC3hR
|کیهان لندن با ۸۰ سال پیشینه تاریخی، چشم و گوش و زبان مردم است| 
Publisher & Managing Editor: Nazenin Ansari |
Editor In Chief: Ellahe Bograt","|کیهان لندن با ۸۰ سال پیشینه تاریخی، چشم و گوش و زبان مردم است| 
 Publisher & Managing Editor: Nazenin Ansari |
 Editor In Chief: Ellahe Bograt",2014-03-07T20:24:15+00:00,238908.0,46.0,3335.0,573.0,37659.0,49649.0,49649.0,0.0,238908.0,4047.0,59.03336,0.011366,0.0,False,0.0,False,False,False,False,0.0,1.0,none,25.0,0.0,0.0,1.125,184.5938,1.0,1.0,1609.625,3532421.0,12.2681,0.0,0.0,2.0,4.0,8.0,0.28125,1.09375,1984.96,49624.0,328.75,165,5193.652173913043,0,0,1,News Agent(3),,1,1,1,1,1
9.72367e+17,Ali49781135,ali49781135,Ali دیروز Arash امروز 𓃬 ☼,تصمیم گرفتم نام تازی خود را حذف نموده و از نام پادشاهان ایران برای خود نامی انتخاب کنم امیدوارم این حرکت میهن پرستانه در ایران و دنیا رایج شود.#جاویدشاه ✌️✌️,تصمیم گرفتم نام تازی خود را حذف نموده و از نام پادشاهان ایران برای خود نامی انتخاب کنم امیدوارم این حرکت میهن پرستانه در ایران و دنیا رایج شود.جاویدشاه,2018-03-10T07:03:53+00:00,3676.0,1914.0,45221.0,8.0,10571.0,31679.0,31679.0,0.0,3676.0,2583.0,1.423151,0.740999,1.0,False,0.0,True,False,False,False,1.0,0.0,none,51.0,6.0,8.0,1.103896,36.33766,3.0,1.571429,76.87013,1541211.0,12.26442,0.0,0.0,4.0,8.0,13.0,0.116883,0.116883,619.8823529,31614.0,18.37662,157,1.9205851619644723,0,8,0,bot(1),1.0,1,1,1,1,1
2460678915.0,marytabanejad,marytabanejad,tabatabaei,دندانپزشك، عاشق شعر و ادبيات پارسى، كمى نقاش، مفتخر به ایران، سرباز ایرانزمین.........اینجا حرف‌هام به تلخی حقیقته اگه قهوه دوست نداری نیا,دندانپزشك، عاشق شعر و ادبيات پارسى، كمى نقاش، مفتخر به ایران، سرباز ایرانزمین.........اینجا حرف‌هام به تلخی حقیقته اگه قهوه دوست نداری نیا,2014-04-04T19:35:26+00:00,16727.0,687.0,51066.0,70.0,7799.0,49103.0,49103.0,0.0,16727.0,4019.0,4.161981,0.170938,1.0,False,0.0,True,False,False,False,0.0,0.0,none,1.0,0.0,0.0,0.0,16.0,1.0,1.0,62.0,0.0,12.21772,2.0,2.0,2.0,2.0,2.0,0.0,0.0,49102.0,49102.0,3.0,138,24.347889374090247,0,0,0,human(2),0.0,1,1,1,1,0
1.28527e+18,RealAliJalali,realalijalali,Ali Jalali علی جلالی,"Analyst, journalist, and media and communications expert with over 36 years of professional experience.","Analyst, journalist, and media and communications expert with over 36 years of professional experience.",2020-07-20T17:39:49+00:00,3514.0,409.0,17437.0,7.0,1466.0,20991.0,20991.0,0.0,3514.0,1720.0,2.043023,0.237791,1.0,False,0.0,True,False,False,False,0.0,1.0,none,27.0,2.0,3.0,0.666667,32.54545,1.0,2.151515,321.3636,2012131.0,12.20407,0.0,0.0,2.0,2.0,2.0,0.151515,0.272727,776.2592593,20959.0,83.30303,103,8.591687041564793,0,0,0,News Agent(3),,1,1,1,1,0
1.57464e+18,Vatanamk,vatanamk,Arman,,,2022-09-27T05:47:52+00:00,940.0,567.0,24264.0,1.0,2336.0,11223.0,11223.0,0.0,940.0,921.0,1.02063,0.615635,1.0,False,0.0,False,False,False,False,0.0,0.0,none,22.0,3.0,2.0,0.837209,23.30233,2.0,1.186047,147.6512,476991.3,12.18567,0.0,0.0,4.0,10.0,17.0,0.069767,0.069767,508.9090909,11196.0,18.48837,0,1.657848324514991,0,0,0,can’t find,,1,1,0,1,0
2981615891.0,eliiranabad,eliiranabad,Eli. Iran✝️👑,درد من درد میهن است، آرزویم آبادی میهن، و تلاشم رهایی میهن عاشق خاندان ایرانساز پهلوی و سامانه پادشاهی و متعصب بر پرچم شیرو خورشید پادشاهی #جاوید_شاه,درد من درد میهن است، آرزویم آبادی میهن، و تلاشم رهایی میهن عاشق خاندان ایرانساز پهلوی و سامانه پادشاهی و متعصب بر پرچم شیرو خورشید پادشاهی جاوید_شاه,2015-01-16T19:38:27+00:00,3759.0,1446.0,42049.0,3.0,968.0,45385.0,45385.0,0.0,3759.0,3732.0,1.007235,0.38746,1.0,False,0.0,True,False,False,False,1.0,0.0,none,1.0,2.0,14.0,0.285714,32.60714,3.0,2.035714,2.642857,222941.1,12.16104,0.0,0.0,6.0,12.0,12.0,0.642857,1.142857,45368.0,45368.0,0.035714,149,2.599585062240664,0,0,0,bot(1),1.0,1,1,1,1,0
1416128503.0,safarazlilipoot,safarazlilipoot,مسافرى از لى لى پوت,#من_وكالت_ميدهم براى شرافت و و وطنپرستى خاندان پهلوى خالق هشتگ #MasihAlinejad_blood_dealer,من_وكالت_ميدهم براى شرافت و و وطنپرستى خاندان پهلوى خالق هشتگ MasihAlinejad_blood_dealer,2013-05-09T17:59:37+00:00,3132.0,1359.0,115774.0,8.0,2652.0,52817.0,52817.0,0.0,3132.0,4349.0,0.720166,0.312486,1.0,False,0.0,True,False,False,False,1.0,0.0,none,2.0,0.0,0.0,1.0,17.5,2.0,2.0,10.5,221647.5,12.14463,0.0,0.0,2.0,2.0,3.0,0.0,0.0,26407.5,52815.0,0.0,90,2.3046357615894038,0,0,0,can’t find,,1,1,1,1,0
860332880.0,amin1917,amin1917,amin sadeghi nejad,"رای من پادشاهی مشروطه👑  #جاویدشاه #من_وکالت_میدهم

بیزارم از دین شما نفرین به آیین شما،،،
از پینه پیشانی و دل های سنگین شما

❤عاشق شعر❤
✏ کمی دست به قلم✏","رای من پادشاهی مشروطه جاویدشاه من_وکالت_میدهم
 
 بیزارم از دین شما نفرین به آیین شما،،،
 از پینه پیشانی و دل های سنگین شما
 
 عاشق شعر
  کمی دست به قلم",2012-10-03T20:58:20+00:00,3275.0,4092.0,157142.0,0.0,4927.0,55453.0,55453.0,0.0,3275.0,4567.0,0.717101,0.895993,1.0,False,0.0,True,False,False,False,1.0,0.0,none,3.0,4.0,1.0,1.25,14.625,1.0,2.125,72.5,1876545.0,12.14211,0.0,0.0,1.0,1.0,1.0,0.25,0.25,18481.66667,55445.0,23.625,153,0.8003421309872922,0,4,0,human(2),0.0,1,1,1,1,0
2836424228.0,off734,off734,OFF,از ایران بگوکه همه جانم فدای ایران /وفادار به رضا شاه دوم,از ایران بگوکه همه جانم فدای ایران /وفادار به رضا شاه دوم,2014-10-01T08:33:21+00:00,7614.0,1357.0,334884.0,10.0,2024.0,46575.0,46575.0,0.0,7614.0,3839.0,1.983329,0.353477,0.0,False,0.0,True,False,False,False,0.0,0.0,none,63.0,0.0,0.0,0.681818,21.66667,1.0,1.30303,422.1212,1592897.0,12.13207,0.0,0.0,3.0,3.0,4.0,0.075758,0.075758,738.2857143,46512.0,81.56061,57,5.610906411201179,0,3,0,bot(1),1.0,1,1,1,1,1
383347285.0,realfarid7,realfarid7,Farid,تراپیست تجربی™ 👑🇺🇸,تراپیست تجربی,2011-10-01T18:25:47+00:00,4322.0,280.0,112119.0,7.0,7371.0,59754.0,59754.0,0.0,4322.0,4935.0,0.875785,0.056738,0.0,False,0.0,True,False,False,False,0.0,0.0,none,1.0,0.0,0.0,1.0,17.0,1.0,1.0,268.0,0.0,12.10821,1.0,1.0,1.0,1.0,1.0,0.0,0.0,59753.0,59753.0,29.0,18,15.435714285714285,0,1,0,human(2),0.0,1,1,1,1,0
8.72001e+17,NR2OH,nr2oh,آمینواسید,اینجا جهان آرام است,اینجا جهان آرام است,2017-06-06T08:02:27+00:00,26282.0,5159.0,115839.0,53.0,5435.0,34474.0,34474.0,0.0,26282.0,2860.0,9.18951,1.803846,0.0,False,0.0,True,False,False,False,0.0,0.0,none,1.0,0.0,1.0,1.0,21.0,1.0,0.0,5120.0,483.5,12.05385,2.0,2.0,2.0,2.0,1.0,0.0,0.0,34472.0,34472.0,241.0,19,5.094398139174259,0,1,0,human(2),0.0,1,1,1,1,0
1.34563e+18,samirkh1389,samirkh1389,👑کاکاشی👑❤️mra❤️,"ادم خوبی باش دوست من میشی
👩‍❤️‍👨💍👑
دین من انسانیت است
رضاشاه دوم پهلوی سوم شاه من است

#جاویدشاه","ادم خوبی باش دوست من میشی
 
 دین من انسانیت است
 رضاشاه دوم پهلوی سوم شاه من است
 
 جاویدشاه",2021-01-03T07:09:14+00:00,3325.0,1487.0,18978.0,4.0,680.0,18706.0,18706.0,0.0,3325.0,1553.0,2.141017,0.957502,1.0,False,0.0,False,False,False,False,1.0,0.0,none,6.0,0.0,0.0,0.5,20.16667,1.0,1.833333,403.6667,5230380.0,12.04507,0.0,0.0,1.0,1.0,1.0,0.0,0.0,3116.666667,18700.0,78.66667,96,2.2360457296570275,0,4,0,bot(1),1.0,1,1,1,1,0
1.2323e+18,UomoMees,uomomees,Libertad 🜲,Galaxy rust & Star dust.,Galaxy rust & Star dust.,2020-02-25T13:45:19+00:00,10483.0,221.0,61798.0,35.0,6095.0,22437.0,22437.0,0.0,10483.0,1866.0,5.617899,0.118435,1.0,False,0.0,True,False,False,False,0.0,0.0,none,46.0,4.0,3.0,0.91358,31.82716,2.0,1.037037,632.4198,2028019.0,12.02412,0.0,0.0,4.0,12.0,29.0,0.0,0.0,486.6086957,22384.0,96.92593,24,47.43438914027149,0,0,0,human(2),0.0,1,1,1,1,1
1.59615e+18,Nemiphos,nemiphos,Nemiphos 𝕏,Iran | Persia | History | General information | Fun | Art | Architecture | Traditional Music | Video Game | Dr Manouchehri lover,Iran | Persia | History | General information | Fun | Art | Architecture | Traditional Music | Video Game | Dr Manouchehri lover,2022-11-25T14:22:41+00:00,3143.0,718.0,62900.0,5.0,2335.0,10362.0,10362.0,0.0,3143.0,862.0,3.646172,0.832947,1.0,False,0.0,False,False,False,False,0.0,0.0,none,1.0,0.0,0.0,1.0,3.0,1.0,0.0,38.0,0.0,12.02088,1.0,1.0,1.0,1.0,1.0,0.0,0.0,10361.0,10361.0,1.0,128,4.3774373259052926,0,0,0,human(2),0.0,1,1,1,1,0
1.4007e+18,Nickkhoo_arash,nickkhoo_arash,Arash Nickkhoo,حافظ زاگرس، نگران ایران، علاقمند به محیط زیست، فلسفه و عکاسی,حافظ زاگرس، نگران ایران، علاقمند به محیط زیست، فلسفه و عکاسی,2021-06-04T06:05:57+00:00,4177.0,923.0,106311.0,15.0,1597.0,16716.0,16716.0,0.0,4177.0,1401.0,2.981442,0.658815,1.0,False,0.0,False,False,False,False,0.0,0.0,none,1.0,0.0,0.0,1.0,58.0,1.0,0.0,3023.0,0.0,11.93148,2.0,2.0,2.0,2.0,2.0,0.0,0.0,16715.0,16715.0,293.0,60,4.52546045503792,0,0,0,human(2),0.0,1,1,1,1,0
1.07457e+18,FarhadiIvar,farhadiivar,Ivar Farhadi,"عضو جبهه هفت آبان @7aban_h
.فالو و فالوبک به معنی موافقت با تمام مواضع افراد نیست. ایوار فرهادی","عضو جبهه هفت آبان @7aban_h
 .فالو و فالوبک به معنی موافقت با تمام مواضع افراد نیست. ایوار فرهادی",2018-12-17T07:35:01+00:00,23739.0,4074.0,59785.0,75.0,1764.0,27450.0,27450.0,0.0,23739.0,2301.0,10.31682,1.770535,1.0,False,0.0,True,False,False,False,0.0,1.0,none,1.0,0.0,0.0,1.0,45.0,1.0,0.0,1798.0,0.0,11.9296,1.0,1.0,1.0,1.0,1.0,0.0,0.0,27449.0,27449.0,477.0,95,5.826951399116347,0,0,0,human(2),0.0,1,1,1,1,0
19002586.0,Goftaniha,goftaniha,AmirFarshad Ebrahimi,"Journalist and Senior Researcher Defense,Security,Policy and Elections at ""Global Institute for Democracy and Strategic Studies""(GIDSS)","Journalist and Senior Researcher Defense,Security,Policy and Elections at ""Global Institute for Democracy and Strategic Studies""(GIDSS)",2009-01-15T00:01:53+00:00,40813.0,855.0,59477.0,170.0,7472.0,70000.0,70000.0,0.0,40813.0,5924.0,6.889433,0.144328,0.0,False,0.0,True,False,False,False,0.0,0.0,regular,1.0,0.0,0.0,1.0,79.0,1.0,3.0,415.0,0.0,11.81634,1.0,1.0,1.0,1.0,1.0,0.0,0.0,69999.0,69999.0,140.0,135,47.734502923976606,0,0,0,human(2),0.0,1,1,1,1,0
1.1432e+18,Nasim_zephyr,nasim_zephyr,Nasim Behrouz | نسیم بهروز,is king of Iran @pahlavireza | راه در جهان یکی‌ست، و آن راه راستی‌ست | #جاویدشاه 👑💎 #KingRezaPahlavi #IraniansForTrump,is king of Iran @pahlavireza | راه در جهان یکی‌ست، و آن راه راستی‌ست | جاویدشاه KingRezaPahlavi IraniansForTrump,2019-06-24T16:43:56+00:00,14733.0,843.0,64279.0,39.0,2196.0,24896.0,24896.0,0.0,14733.0,2112.0,6.975852,0.399148,1.0,False,0.0,True,False,False,False,1.0,0.0,none,69.0,22.0,1.0,1.021739,29.8913,4.0,1.576087,439.0652,767310.7,11.78788,0.0,0.0,2.0,2.0,1.0,0.0,0.021739,359.4782609,24804.0,96.78261,118,17.476868327402133,0,0,0,bot(1),1.0,1,1,1,1,0
1.09611e+18,Mohamad43059166,mohamad43059166,پیجر,"📚فهمیدن جرم است وعذاب آور📖
❤وطن پرست❤      
⛔مزدوران احمق رژیم که رهبرشون نوکر پوتین باشه، ارزش بحث کردن ندارن⛔","فهمیدن جرم است وعذاب آور
 وطن پرست 
 مزدوران احمق رژیم که رهبرشون نوکر پوتین باشه، ارزش بحث کردن ندارن",2019-02-14T18:29:11+00:00,4300.0,4232.0,77451.0,1.0,2110.0,26423.0,26423.0,0.0,4300.0,2242.0,1.91793,1.8876,1.0,False,0.0,True,False,False,False,0.0,0.0,none,5.0,0.0,0.0,2.625,16.125,1.0,3.0,3.875,601156.8,11.78546,0.0,0.0,2.0,4.0,4.0,0.0,0.0,5283.6,26418.0,1.25,111,1.0160680529300568,0,8,0,bot(1),1.0,1,1,1,1,0
1.64369e+18,IraniMamoka,iranimamoka,Maamoo,"ایران
💎
پادشاهی، سکولاریسم

اگنوستیک","ایران
 
 پادشاهی، سکولاریسم
 
 اگنوستیک",2023-04-05T18:58:08+00:00,3101.0,3020.0,45986.0,4.0,855.0,8597.0,8597.0,0.0,3101.0,731.0,4.242134,4.131327,1.0,False,0.0,False,False,False,False,0.0,0.0,none,33.0,3.0,3.0,1.142857,16.59524,3.0,0.97619,308.5238,1530360.0,11.7606,0.0,0.0,2.0,2.0,4.0,0.071429,0.142857,259.3333333,8558.0,57.0,36,1.0268211920529802,0,0,0,human(2),0.0,1,1,1,1,0
8.00459e+17,partneremma,partneremma,همسر آینده اِما واتسون,‏‏‏در این کادر چیزی ننویسید,‏‏‏در این کادر چیزی ننویسید,2016-11-20T22:00:25+00:00,3277.0,1210.0,155545.0,6.0,261.0,35939.0,35939.0,0.0,3277.0,3058.0,1.071615,0.395683,1.0,False,0.0,True,False,False,False,0.0,0.0,none,0.0,0.0,1.0,0.0,8.0,1.0,1.0,0.0,0.0,11.75245,1.0,1.0,1.0,1.0,1.0,0.0,2.0,35938.0,35938.0,0.0,27,2.7082644628099173,0,0,0,human(2),0.0,1,1,1,1,1
1.58192e+18,arthorfmorgan,arthorfmorgan,‏آرتور,"freedom fighter
صدای بچه های #جبهه_گیلان.
جبهه گیلان فریاد میزند ، #جاویدشاه👑","freedom fighter
 صدای بچه های جبهه_گیلان.
 جبهه گیلان فریاد میزند ، جاویدشاه",2022-10-17T07:59:06+00:00,3389.0,1794.0,23236.0,2.0,60.0,10576.0,10576.0,0.0,3389.0,901.0,3.761376,1.991121,1.0,False,0.0,False,False,False,False,1.0,0.0,none,1.0,0.0,0.0,0.0,18.0,1.0,1.0,125.0,0.0,11.73807,1.0,1.0,1.0,1.0,1.0,0.0,0.0,10575.0,10575.0,23.0,77,1.8890746934225195,0,0,0,unverified(4),,1,1,1,1,0
3161558040.0,SaamGivrad,saamgivrad,سام گیوراد,,,2015-04-17T21:57:35+00:00,51177.0,783.0,233403.0,125.0,3951.0,42721.0,42721.0,0.0,51177.0,3641.0,14.05575,0.215051,1.0,False,0.0,True,False,False,False,0.0,0.0,none,1.0,0.0,0.0,1.0,51.0,1.0,2.0,736.0,0.0,11.73332,1.0,1.0,1.0,1.0,1.0,0.0,0.0,42720.0,42720.0,59.0,0,65.36015325670498,0,0,0,unverified(4),,1,1,0,1,1
1.12721e+18,saraghavamian,saraghavamian,Sara_Ghavamian,"When power cannot be changed at the ballot box,it will, sooner or later be changed on the streets.#regimechangeforiran.secular democracy#constitutionalmonarchy","When power cannot be changed at the ballot box,it will, sooner or later be changed on the streets.regimechangeforiran.secular democracyconstitutionalmonarchy",2019-05-11T13:48:40+00:00,5121.0,2072.0,67893.0,21.0,3912.0,25252.0,25252.0,0.0,5121.0,2156.0,2.375232,0.961039,1.0,False,0.0,True,False,False,False,1.0,0.0,none,19.0,2.0,2.0,0.875,23.83333,2.0,1.125,309.9583,3030538.0,11.71243,0.0,0.0,2.0,3.0,2.0,0.166667,0.25,1327.842105,25229.0,67.25,159,2.4715250965250966,0,0,0,human(2),0.0,1,1,1,1,0
1.39792e+18,Hosein_Golzar75,hosein_golzar75,حسین گلزار,"مهندس صنایع ولی کارگر مایکروسافت🧵💻
مسلط به CCNA & MCSA🌐
حاوی متن های زننده با خط فکری بدون تعصب✌😉","مهندس صنایع ولی کارگر مایکروسافت
 مسلط به CCNA & MCSA
 حاوی متن های زننده با خط فکری بدون تعصب",2021-05-27T14:22:43+00:00,21505.0,21319.0,44598.0,5.0,1253.0,16495.0,16495.0,0.0,21505.0,1409.0,15.2626,15.13059,1.0,False,0.0,True,False,False,False,0.0,0.0,none,1.0,0.0,0.0,1.0,22.0,1.0,1.0,196.0,0.0,11.70688,1.0,1.0,1.0,1.0,1.0,0.0,0.0,16494.0,16494.0,7.0,97,1.0087246118485858,0,2,0,bot(1),1.0,1,1,1,1,0
1.17991e+18,FarashgardFdn,farashgardfdn,Farashgard Foundation,"Our goal is to support the Iranian people’s fundamental rights to liberty and pursuit of democracy.
اکانت رسمی بنیاد فرشگرد که در آمریکا به ثبت قانونی رسیده است","Our goal is to support the Iranian people’s fundamental rights to liberty and pursuit of democracy.
 اکانت رسمی بنیاد فرشگرد که در آمریکا به ثبت قانونی رسیده است",2019-10-04T00:14:37+00:00,4946.0,51.0,256.0,41.0,16856.0,23403.0,23403.0,0.0,4946.0,2010.0,2.460697,0.025373,1.0,False,0.0,True,False,False,False,0.0,0.0,none,3.0,0.0,0.0,1.0,27.33333,1.0,2.0,165.0,1221851.0,11.64328,0.0,0.0,1.0,1.0,1.0,0.333333,0.333333,7800.0,23400.0,47.33333,160,96.98039215686275,0,0,0,unverified(4),,1,1,1,1,1
1.52467e+18,Arash87kamangir,arash87kamangir,شیردل☘️,از خاکستر‌های پرسپولیس نسلی برمیخیزد و عظمت #ایران را به دوران طلایی خود بازمیگرداند، سرباز ملی گارد #جاویدان، از تبار #شاهنشاهی,از خاکستر‌های پرسپولیس نسلی برمیخیزد و عظمت ایران را به دوران طلایی خود بازمیگرداند، سرباز ملی گارد جاویدان، از تبار شاهنشاهی,2022-05-12T08:38:31+00:00,3392.0,372.0,74574.0,1.0,2183.0,12273.0,12273.0,0.0,3392.0,1059.0,3.203022,0.351275,1.0,False,0.0,True,False,False,False,1.0,0.0,none,69.0,2.0,30.0,0.982609,25.46087,3.0,2.278261,100.4957,481318.2,11.58924,0.0,0.0,4.0,6.0,15.0,0.469565,0.886957,176.4057971,12172.0,31.7913,128,9.118279569892474,0,2,0,human(2),0.0,1,1,1,1,0
1.15897e+18,twittbirds7,twittbirds7,"bird ,𝕏","من، خالی از عاطفه و خشم...   
لینک توییتام:
https://t.co/vUlre532mX","من، خالی از عاطفه و خشم... 
 لینک توییتام:",2019-08-07T05:19:30+00:00,3713.0,3693.0,96315.0,1.0,1087.0,23965.0,23965.0,0.0,3713.0,2068.0,1.795455,1.785783,1.0,False,0.0,True,False,False,False,0.0,1.0,none,0.0,0.0,9.0,0.0,12.44444,3.0,1.555556,0.0,148182.3,11.58849,0.0,0.0,5.0,8.0,1.0,0.555556,1.222222,23956.0,23956.0,0.0,67,1.0054156512320607,0,1,1,bot(1),1.0,1,1,1,1,0
47642994.0,RFI_Fa,rfi_fa,ار.اف.ای / RFI فارسی,تازه‌ترین خبر‌ها و گزارش‌ها. اخبار سیاسی، اقتصادی، فرهنگی و ورزشی را از ار.اف.ای (https://t.co/J9fE0qCUCp) دنبال کنید.,تازه‌ترین خبر‌ها و گزارش‌ها. اخبار سیاسی، اقتصادی، فرهنگی و ورزشی را از ار.اف.ای ( دنبال کنید.,2009-06-16T14:55:22+00:00,233793.0,7.0,1.0,555.0,23788.0,66241.0,66241.0,0.0,233793.0,5772.0,40.50468,0.001213,0.0,False,0.0,False,False,False,False,0.0,1.0,regular,1.0,0.0,0.0,1.0,15.0,1.0,0.0,98.0,0.0,11.47626,1.0,1.0,1.0,1.0,1.0,0.0,0.0,66240.0,66240.0,8.0,118,33399.0,0,0,1,News Agent(3),,1,1,1,1,1
1.00692e+18,faraaaz21_,faraaaz21_,فراز,"آزادگی کنیم... 

دوست #براندازم اگه بک ندادم حتما یادآوری کن.","آزادگی کنیم... 
 
 دوست براندازم اگه بک ندادم حتما یادآوری کن.",2018-06-13T15:42:58+00:00,4198.0,3766.0,134947.0,5.0,884.0,28526.0,28526.0,0.0,4198.0,2488.0,1.687299,1.513666,1.0,False,0.0,True,False,False,False,1.0,0.0,none,0.0,1.0,0.0,0.0,49.0,1.0,1.0,2.0,0.0,11.46543,1.0,1.0,1.0,1.0,1.0,0.0,0.0,28525.0,28525.0,2.0,61,1.1147105682421667,0,2,0,unverified(4),,1,1,1,1,0
52425236.0,abornaei,abornaei,Ali Bornaei,"دانشجوی ابدی جامعه شناسی، روزنامه نگار و تحلیلگر سیاسی، 
مبتلا به سیاست و نگران ایران

In Relationship","دانشجوی ابدی جامعه شناسی، روزنامه نگار و تحلیلگر سیاسی، 
 مبتلا به سیاست و نگران ایران
 
 In Relationship",2009-06-30T15:32:16+00:00,7578.0,478.0,85783.0,28.0,6363.0,65935.0,65935.0,0.0,7578.0,5758.0,1.316082,0.083015,1.0,False,0.0,True,False,False,False,0.0,0.0,none,0.0,1.0,1.0,0.666667,39.66667,1.0,0.666667,54.0,4224509.0,11.45102,0.0,0.0,2.0,2.0,2.0,0.0,1.0,65933.0,65933.0,4.666667,102,15.853556485355648,0,0,0,human(2),0.0,1,1,1,1,0
18336608.0,mollah,mollah,Robert,( Blogger since 2001 )- وبلاگ نویس سابق,( Blogger since 2001 )- وبلاگ نویس سابق,2008-12-23T16:45:39+00:00,36766.0,190.0,377594.0,69.0,5090.0,68047.0,68047.0,0.0,36766.0,5947.0,6.182277,0.031949,0.0,False,0.0,True,False,False,False,0.0,1.0,none,6.0,1.0,1.0,0.125,24.625,2.0,0.625,1815.375,5864512.0,11.44224,0.0,0.0,1.0,2.0,1.0,0.125,0.125,11339.83333,68039.0,174.625,39,193.50526315789475,0,0,0,human(2),0.0,1,1,1,1,0
9.97341e+17,kalaq666,kalaq666,كلاغ سفيد,تنها و يكتاترين راه حل ايران فردا #رضاشاه_پهلوي مي باشدتنها الترناتيو ما پادشاه پهلوي ميباشد،نه يك كلمه بيشتر نه كمتر/خودتونو چس نكنيد فالو ميكنم بك بديد,تنها و يكتاترين راه حل ايران فردا رضاشاه_پهلوي مي باشدتنها الترناتيو ما پادشاه پهلوي ميباشد،نه يك كلمه بيشتر نه كمتر/خودتونو چس نكنيد فالو ميكنم بك بديد,2018-05-18T05:01:04+00:00,3016.0,2417.0,46921.0,2.0,149.0,28695.0,28695.0,0.0,3016.0,2514.0,1.199682,0.961416,1.0,False,0.0,True,False,False,False,1.0,0.0,none,8.0,0.0,6.0,0.0,15.78571,3.0,1.214286,34.57143,796010.5,11.41408,0.0,0.0,2.0,3.0,1.0,0.285714,0.428571,3585.125,28681.0,6.214286,153,1.2478278858088538,0,3,0,bot(1),1.0,1,1,1,1,0
50516018.0,fereshtehgilaki,fereshtehgilaki,👑Fereshteh Gilaki,"Bank branch executive, app developer, designer, art, PhD, comedian, own 1000 books.","Bank branch executive, app developer, designer, art, PhD, comedian, own 1000 books.",2009-06-25T01:57:31+00:00,21178.0,6402.0,62938.0,48.0,20617.0,65288.0,65288.0,0.0,21178.0,5763.0,3.674822,1.11088,0.0,False,0.0,True,False,False,False,0.0,1.0,none,89.0,5.0,63.0,1.291667,28.10119,7.0,2.535714,192.125,569679.2,11.32882,0.0,0.0,4.0,6.0,12.0,0.285714,0.434524,731.8089888,65131.0,34.11905,83,3.3080287410184317,0,0,0,human(2),0.0,1,1,1,1,0
171200086.0,netvand,netvand,sahar morgen,,,2010-07-26T20:12:34+00:00,4647.0,423.0,69457.0,24.0,10896.0,60426.0,60426.0,0.0,4647.0,5367.0,0.865847,0.078815,0.0,True,0.0,True,False,False,False,0.0,0.0,none,2.0,0.0,1.0,0.666667,8.0,2.0,1.333333,254.0,69375.33,11.2588,0.0,2.0,2.0,2.0,4.0,0.0,0.0,30211.5,60423.0,38.0,0,10.98581560283688,0,0,0,human(2),0.0,1,1,0,1,0
1.41831e+18,Mhrdadbarandaz3,mhrdadbarandaz3,👑Mehrdad👑,"ایران سرای پهلوی نه جای شیخ و اجنبی

عضو هیچ باند و گروهی نیستم

سرباز رضا شاه دوم

وطن پرست 

دو اکانت قبلی ام رو از دست دادم","ایران سرای پهلوی نه جای شیخ و اجنبی
 
 عضو هیچ باند و گروهی نیستم
 
 سرباز رضا شاه دوم
 
 وطن پرست 
 
 دو اکانت قبلی ام رو از دست دادم",2021-07-22T21:00:17+00:00,6208.0,4790.0,37181.0,2.0,692.0,15199.0,15199.0,0.0,6208.0,1353.0,4.588322,3.540281,1.0,False,0.0,False,False,False,False,0.0,0.0,none,95.0,0.0,1.0,0.96875,8.552083,2.0,1.260417,336.6563,1036905.0,11.23356,0.0,0.0,1.0,3.0,1.0,0.0,0.125,158.9789474,15103.0,55.48958,126,1.2960334029227558,0,1,0,bot(1),1.0,1,1,1,1,1
1.24309e+18,RealPersianGod,realpersiangod,Persian God,"• هیچ اگر خایه پذیرد، منم آن خایه هیچ
• مهاجم حقوق حشر","• هیچ اگر خایه پذیرد، منم آن خایه هیچ
 • مهاجم حقوق حشر",2020-03-26T08:12:53+00:00,216224.0,368.0,118470.0,244.0,2185.0,20611.0,20611.0,0.0,216224.0,1836.0,117.7691,0.200436,1.0,False,0.0,True,False,False,False,0.0,0.0,none,17.0,1.0,16.0,0.609756,23.65854,2.0,1.292683,3121.488,1341859.0,11.22603,0.0,0.0,4.0,8.0,8.0,0.195122,0.487805,1210.411765,20577.0,411.9756,54,587.5652173913044,0,0,0,human(2),0.0,1,1,1,1,1
1.42067e+18,myfootkin,myfootkin,پامکین☣️,یوسف گم گشته‌ای هستم که بازگشتم به کنعان. سلام,یوسف گم گشته‌ای هستم که بازگشتم به کنعان. سلام,2021-07-29T08:59:01+00:00,140450.0,84.0,66767.0,246.0,1338.0,15039.0,15039.0,0.0,140450.0,1346.0,104.3462,0.062407,1.0,False,0.0,True,False,False,False,0.0,0.0,none,1.0,0.0,0.0,1.0,5.0,1.0,1.0,1161.0,0.0,11.17311,2.0,2.0,2.0,2.0,2.0,0.0,0.0,15038.0,15038.0,125.0,46,1672.0238095238096,0,0,0,unverified(4),,1,1,1,1,0
8.62372e+17,DarGoldan2,dargoldan2,Goli_dar_goldan2👑🩵 ☼ 𓄂𓆃 𓃬,ایران دوست و طرفدار شاهزاده رضا پهلوی 👑، عاشق فرهنگ سیمرغی ایران🌱🕊. عاشق طبیعت و موسیقی و هنر و تاریخ,ایران دوست و طرفدار شاهزاده رضا پهلوی ، عاشق فرهنگ سیمرغی ایران. عاشق طبیعت و موسیقی و هنر و تاریخ,2017-05-10T18:22:38+00:00,5125.0,4809.0,62589.0,6.0,3795.0,32034.0,32034.0,0.0,5125.0,2887.0,1.775199,1.665743,1.0,False,0.0,True,False,False,False,0.0,0.0,none,5.0,3.0,10.0,0.555556,34.77778,3.0,1.444444,66.38889,4798802.0,11.09595,0.0,0.0,2.0,2.0,1.0,0.388889,0.777778,6403.2,32016.0,16.27778,101,1.065710126845498,1,1,0,human(2),0.0,1,1,1,1,0
1.26358e+18,salarvan_vahid,salarvan_vahid,وحیدسالاروند,"هیچ درهیچم.
از  #ایل_بختیاری.😎
به شرط لیاقت سربازرهبر.😎
خدابعدازخلقت وحید(انسان) بخودش گفت: فتبارک الله احسن الخالقین.😎
لینک ناشناس:https://t.co/r0ltjAFRrj…","هیچ درهیچم.
 از ایل_بختیاری.
 به شرط لیاقت سربازرهبر.
 خدابعدازخلقت وحید(انسان) بخودش گفت: فتبارک الله احسن الخالقین.
 لینک ناشناس:",2020-05-21T21:01:13+00:00,7496.0,6805.0,49148.0,4.0,1465.0,19750.0,19750.0,0.0,7496.0,1780.0,4.211236,3.823034,1.0,False,0.0,True,False,False,False,1.0,1.0,none,1.0,0.0,0.0,1.0,19.0,1.0,2.0,0.0,0.0,11.09551,1.0,1.0,1.0,1.0,1.0,0.0,0.0,19749.0,19749.0,0.0,156,1.1015429831006613,0,0,1,human(2),0.0,1,1,1,1,0
1.02036e+18,hadint83,hadint83,هادی #اللهم_عجل_لولیک_الفرج,‏‏‏‏‏‏‏‏‏‏‏‏‏‏‏‏‏‏‏‏‏‏‏‏‏‏‏غریب.... منتظر ....وامیدوار,‏‏‏‏‏‏‏‏‏‏‏‏‏‏‏‏‏‏‏‏‏‏‏‏‏‏‏غریب.... منتظر ....وامیدوار,2018-07-20T17:42:20+00:00,2614.0,3243.0,50125.0,6.0,2439.0,27043.0,27043.0,0.0,2614.0,2451.0,1.066503,1.323133,1.0,False,0.0,True,False,False,False,0.0,0.0,none,1.0,0.0,0.0,1.0,53.0,1.0,2.0,5.0,0.0,11.03346,2.0,2.0,2.0,2.0,2.0,0.0,0.0,27042.0,27042.0,5.0,54,0.8060437866173297,0,2,0,human(2),0.0,1,1,1,1,1
3417419656.0,nav11dd,nav11dd,David 🇮🇱,David 🕎🇮🇱⚡,David,2015-08-12T08:54:28+00:00,6454.0,158.0,150383.0,8.0,1887.0,38448.0,38448.0,0.0,6454.0,3524.0,1.831442,0.044835,1.0,False,0.0,True,False,False,False,0.0,0.0,none,3.0,0.0,1.0,0.0,15.5,2.0,1.333333,4.166667,930648.3,10.91033,0.0,0.0,2.0,2.0,3.0,0.166667,0.166667,12814.66667,38444.0,0.0,10,40.848101265822784,0,2,0,bot(1),1.0,1,1,1,1,1
1.39074e+18,Malin54449388,malin54449388,Mina,ایران بدون پهلوی یعنی سرای اجنبی 🦁 #جاویدشاه 👑وطن یعنی سرای ترک تا پارس#وطن یعنی خلیج تا ابد فارس 👑,ایران بدون پهلوی یعنی سرای اجنبی جاویدشاه وطن یعنی سرای ترک تا پارسوطن یعنی خلیج تا ابد فارس,2021-05-07T18:59:23+00:00,4264.0,2792.0,77449.0,5.0,6552.0,15528.0,15528.0,0.0,4264.0,1429.0,2.983905,1.953814,1.0,False,0.0,True,False,False,False,1.0,0.0,none,157.0,3.0,10.0,0.988304,23.85965,3.0,2.912281,208.6725,312188.2,10.86634,0.0,0.0,2.0,13.0,2.0,0.052632,0.064327,97.82165605,15358.0,57.0117,99,1.527220630372493,0,8,0,human(2),0.0,1,1,1,1,1
1.62031e+18,Ttp0088,ttp0088,The Tehran Post,تهران پست رسانه مستقل بوده و به هیچ حزب شخص ، ارگان یا سازمانی وابستگی ندارد.پوشش اخبار ایران،خاورمیانه و جهان #پاینده_ایران,تهران پست رسانه مستقل بوده و به هیچ حزب شخص ، ارگان یا سازمانی وابستگی ندارد.پوشش اخبار ایران،خاورمیانه و جهان پاینده_ایران,2023-01-31T06:45:28+00:00,8387.0,1760.0,955.0,24.0,195.0,8516.0,8516.0,0.0,8387.0,795.0,10.54969,2.213836,1.0,False,0.0,True,False,False,False,1.0,0.0,none,8.0,0.0,0.0,0.0,28.15385,1.0,0.0,1498.308,449394.1,10.71195,0.0,0.0,2.0,2.0,6.0,0.0,0.0,1063.5,8508.0,73.15385,124,4.765340909090909,0,4,0,News Agent(3),,1,1,1,1,0
1.46046e+18,Aramofen,aramofen,خان داداش 👑,بر مزارم بنویسید که او … جان به فدای وطنش کرد و برفت,بر مزارم بنویسید که او … جان به فدای وطنش کرد و برفت,2021-11-16T04:03:56+00:00,4118.0,1398.0,27179.0,8.0,1186.0,13208.0,13208.0,0.0,4118.0,1236.0,3.331715,1.131068,1.0,False,0.0,True,False,False,False,0.0,0.0,none,66.0,14.0,11.0,0.907216,72.16495,3.0,1.701031,157.4742,679227.5,10.68608,0.0,0.0,2.0,3.0,7.0,0.195876,0.402062,198.7424242,13117.0,64.89691,52,2.9456366237482117,0,0,0,human(2),0.0,1,1,1,1,0
1.48219e+18,estemnayi1,estemnayi1,آیت‌الله اِستمنایی Ayatollah Estemnayi,"بچه هفت حوض تهران.
براندازم
ریدن به بیت رهبری از وظایف دینی میباشد","بچه هفت حوض تهران.
 براندازم
 ریدن به بیت رهبری از وظایف دینی میباشد",2022-01-15T03:27:05+00:00,19230.0,419.0,21290.0,22.0,2207.0,12529.0,12529.0,0.0,19230.0,1176.0,16.35204,0.356293,1.0,False,0.0,True,False,False,False,0.0,0.0,none,1.0,0.0,0.0,0.0,19.0,1.0,1.0,1450.0,0.0,10.65391,1.0,1.0,1.0,1.0,1.0,0.0,0.0,12528.0,12528.0,114.0,66,45.894988066825775,0,1,0,human(2),0.0,1,1,1,1,0
50259717.0,Ehsanism,ehsanism,Ehsan Norouzi,Stardust | Tech journalist | Politically Non-Binary | Ex @DW_Persian | Censorship-Resistant by Design | دادخواه و دادستان,Stardust | Tech journalist | Politically Non-Binary | Ex @DW_Persian | Censorship-Resistant by Design | دادخواه و دادستان,2009-06-24T09:16:47+00:00,39430.0,5755.0,107019.0,170.0,4707.0,60648.0,60648.0,0.0,39430.0,5764.0,6.840736,0.998439,0.0,False,0.0,True,False,False,False,0.0,0.0,regular,1.0,0.0,0.0,1.0,7.0,1.0,1.0,211.0,0.0,10.52186,1.0,1.0,1.0,1.0,1.0,0.0,0.0,60647.0,60647.0,35.0,121,6.851433536055604,0,0,0,human(2),0.0,1,1,1,1,0
1.24294e+18,Majidirani99,majidirani99,👑 PATRIOT 👑,اکانت سوم 👑 ایران معبد ماست 👑,اکانت سوم ایران معبد ماست,2020-03-25T22:38:10+00:00,4553.0,3995.0,27307.0,1.0,1209.0,19256.0,19256.0,0.0,4553.0,1837.0,2.478498,2.174741,1.0,False,0.0,True,False,False,False,0.0,0.0,none,10.0,6.0,30.0,0.457627,20.61017,4.0,2.474576,29.05085,1341963.0,10.48231,0.0,0.0,6.0,8.0,14.0,0.508475,1.050847,1921.0,19210.0,5.372881,29,1.139674593241552,0,2,0,human(2),0.0,1,1,1,1,0
1.73482e+18,MardomakOnline,mardomakonline,مردمک,بین سطور مکث کن,بین سطور مکث کن,2023-12-13T06:35:44+00:00,8282.0,4.0,670.0,35.0,190.0,4990.0,4990.0,0.0,8282.0,479.0,17.29019,0.008351,1.0,False,0.0,False,False,False,False,0.0,0.0,none,0.0,0.0,10.0,0.0,36.875,1.0,10.1875,5.8125,363295.5,10.41754,0.0,0.0,2.0,2.0,7.0,0.0,0.0,4980.0,4980.0,1.5625,15,2070.5,0,0,0,human(2),0.0,1,1,1,1,0
8.93444e+17,ImNotMarsh,imnotmarsh,Marsh,WomanLifeFreedom,WomanLifeFreedom,2017-08-04T12:10:14+00:00,2713.0,391.0,44053.0,18.0,1738.0,29113.0,29113.0,0.0,2713.0,2801.0,0.968583,0.139593,1.0,False,0.0,True,False,False,False,0.0,0.0,none,1.0,0.0,0.0,1.0,7.0,1.0,1.0,78.0,0.0,10.39379,1.0,1.0,1.0,1.0,1.0,0.0,0.0,29112.0,29112.0,0.0,16,6.938618925831202,0,0,0,bot(1),1.0,1,1,1,1,0
1.54827e+18,Trdigrade,trdigrade,Saeid T.,جاویدشاه؛ بازگشت به مشروطه؛ ایرانشهر.,جاویدشاه؛ بازگشت به مشروطه؛ ایرانشهر.,2022-07-16T11:35:53+00:00,3644.0,168.0,77204.0,13.0,1624.0,10148.0,10148.0,0.0,3644.0,994.0,3.665996,0.169014,1.0,False,0.0,True,False,False,False,0.0,0.0,none,3.0,0.0,1.0,1.5,20.66667,2.0,1.666667,121.5,3564437.0,10.20926,0.0,0.0,2.0,2.0,3.0,0.0,0.666667,3381.333333,10144.0,38.83333,37,21.69047619047619,0,0,0,human(2),0.0,1,1,1,1,0
3122109020.0,amoopoya,amoopoya,poya🔞,"#جاویدشاه شعار ما ملت ایران نیست ، جاوید شاه هویت ماست__
اگه آنفالو شدی بیا دلیلشو بگم","جاویدشاه شعار ما ملت ایران نیست ، جاوید شاه هویت ماست__
 اگه آنفالو شدی بیا دلیلشو بگم",2015-03-31T23:43:45+00:00,22024.0,3204.0,62431.0,23.0,1091.0,37088.0,37088.0,0.0,22024.0,3658.0,6.020776,0.875888,1.0,False,0.0,True,False,False,False,1.0,0.0,none,38.0,1.0,3.0,0.5,29.83333,1.0,1.52381,256.5476,2316366.0,10.13887,0.0,0.0,1.0,2.0,1.0,0.119048,0.166667,974.8947368,37046.0,50.11905,86,6.8739076154806495,0,0,0,human(2),0.0,1,1,1,1,0
1.31931e+18,prime_factor_,prime_factor_,Prime,π(x) ~ x /  log(x),π(x) ~ x / log(x),2020-10-22T16:04:58+00:00,7107.0,275.0,10255.0,22.0,748.0,16443.0,16443.0,0.0,7107.0,1626.0,4.370849,0.169127,1.0,False,0.0,True,False,False,False,0.0,0.0,none,1.0,1.0,0.0,0.0,19.5,1.0,1.5,136.0,6069448.0,10.11255,0.0,0.0,1.0,1.0,1.0,0.0,0.0,16441.0,16441.0,7.0,18,25.843636363636364,0,0,0,human(2),0.0,1,1,1,1,0
428064493.0,saba_khoi,saba_khoi,SabaKhoi سباخويى,Senior Researcher and Journalist تنها صفحه شخصی و هر آنچه مینویسم یا به اشتراک میگذارم ممکن است همخوانی بادیدگاه رسانه ای که در آن هستم نداشته باشد @pahlavireza,Senior Researcher and Journalist تنها صفحه شخصی و هر آنچه مینویسم یا به اشتراک میگذارم ممکن است همخوانی بادیدگاه رسانه ای که در آن هستم نداشته باشد @pahlavireza,2011-12-04T09:10:33+00:00,12797.0,3418.0,74543.0,44.0,3561.0,48760.0,48760.0,0.0,12797.0,4871.0,2.627181,0.701704,0.0,False,0.0,True,False,False,False,0.0,0.0,none,40.0,52.0,33.0,0.972414,90.82069,5.0,2.910345,277.5655,454476.6,10.01026,0.0,0.0,18.0,20.0,21.0,0.282759,2.4,1215.875,48635.0,66.58621,160,3.744002340550029,0,0,0,human(2),0.0,1,1,1,1,1
2572636867.0,drkopii,drkopii,DR.KOPI,شاهنشاه آریامهر:این کشور که ایران نام دارد و مقدّر بوده‌ که در تاریخ جهان مشعل‌دار یکی از پُرافتخارترین و درخشان‌ترین تمدّن‌های روی زمین باشد، باید جاوید بماند.,شاهنشاه آریامهر:این کشور که ایران نام دارد و مقدّر بوده‌ که در تاریخ جهان مشعل‌دار یکی از پُرافتخارترین و درخشان‌ترین تمدّن‌های روی زمین باشد، باید جاوید بماند.,2014-06-17T09:54:17+00:00,4811.0,1713.0,59196.0,5.0,604.0,39486.0,39486.0,0.0,4811.0,3945.0,1.219518,0.434221,0.0,False,0.0,True,False,False,False,0.0,0.0,none,30.0,8.0,13.0,0.370968,33.03226,3.0,1.290323,114.0806,240945.2,10.00913,0.0,0.0,3.0,6.0,12.0,0.177419,0.354839,1314.5,39435.0,36.25806,160,2.8085230589608874,0,0,0,human(2),0.0,1,1,1,1,1
1.47937e+18,mahrokh19726311,mahrokh19726311,Mahrokh,من يك ايرانيم وكيل من شاهنشاه سيروس رضا شاه دوم پهلوى سوم وراي من شخص شخيص ايشان است,من يك ايرانيم وكيل من شاهنشاه سيروس رضا شاه دوم پهلوى سوم وراي من شخص شخيص ايشان است,2022-01-07T08:42:53+00:00,2649.0,2095.0,48987.0,3.0,482.0,11814.0,11814.0,0.0,2649.0,1184.0,2.237331,1.769426,1.0,False,0.0,True,False,False,False,0.0,0.0,none,35.0,0.0,336.0,0.115108,6.980815,4.0,1.906475,44.03357,117397.0,9.978041,0.0,0.0,21.0,30.0,47.0,0.647482,1.270983,326.9428571,11443.0,9.227818,84,1.264439140811456,0,8,0,human(2),0.0,1,1,1,1,0
2330215110.0,nasrinraj,nasrinraj,Nasrin Rajabi,نه از رومم نه از زنگم! فقط ایران عزیز❤️ ویران کنندگان دیروز، سازندگان فردا نمیتوانند بود! «شجاع‌الدین‌شفا»,نه از رومم نه از زنگم! فقط ایران عزیز ویران کنندگان دیروز، سازندگان فردا نمیتوانند بود! «شجاع‌الدین‌شفا»,2014-02-06T12:25:11+00:00,7907.0,3047.0,98432.0,15.0,4143.0,40357.0,40357.0,0.0,7907.0,4076.0,1.939892,0.747547,1.0,False,0.0,True,False,False,False,0.0,0.0,none,0.0,1.0,1.0,0.0,24.0,1.0,1.0,54.5,12386.0,9.901129,0.0,2.0,1.0,2.0,1.0,0.5,0.5,40355.0,40355.0,12.0,106,2.5950114867082377,0,0,0,human(2),0.0,1,1,1,1,0
728816316.0,rezatorkamand,rezatorkamand,reza torkamand,دلتنگي ات را آواز كن اگر چه خاموشي لبانت حكايت تلخ حادثه اي را ورق مي زند ...,دلتنگي ات را آواز كن اگر چه خاموشي لبانت حكايت تلخ حادثه اي را ورق مي زند ...,2012-07-31T17:12:37+00:00,3841.0,3005.0,94174.0,5.0,2006.0,45836.0,45836.0,0.0,3841.0,4631.0,0.82941,0.648888,1.0,False,0.0,True,False,False,False,0.0,0.0,none,30.0,7.0,9.0,0.891304,39.21739,2.0,2.630435,180.9783,2094088.0,9.897646,0.0,0.0,2.0,3.0,1.0,0.152174,0.195652,1526.333333,45790.0,53.15217,77,1.2782029950083196,0,0,0,human(2),0.0,1,1,1,1,0
1.55725e+18,AminBehroozi2,aminbehroozi2,aminbehroozi_2,"فعال ومبارزسیاسی ملی گرا
پاینده ایران
ازبازماندگانم","فعال ومبارزسیاسی ملی گرا
 پاینده ایران
 ازبازماندگانم",2022-08-10T06:19:49+00:00,3532.0,4949.0,38816.0,1.0,563.0,9579.0,9579.0,0.0,3532.0,969.0,3.644995,5.107327,1.0,False,0.0,False,False,False,False,0.0,0.0,none,7.0,6.0,130.0,0.032558,3.209302,4.0,1.074419,6.167442,115870.3,9.885449,0.0,0.0,10.0,28.0,73.0,0.87907,1.027907,1348.0,9436.0,1.948837,51,0.713679531218428,1,1,0,human(2),0.0,1,1,1,1,0
1.21304e+18,Angel71as,angel71as,🧚🏻‍♀️فرشته زمینی🇮🇷,مهندس💻 آرایشگر 🎭 نقاش 🎨 مردادی🦁 دهه هفتادی، منتظر ظهور🏳️,مهندس آرایشگر نقاش مردادی دهه هفتادی، منتظر ظهور,2020-01-03T10:28:11+00:00,9220.0,5831.0,85634.0,4.0,468.0,18943.0,18943.0,0.0,9220.0,1919.0,4.804586,3.038562,1.0,False,0.0,True,False,False,False,0.0,0.0,none,1.0,0.0,0.0,1.0,11.0,1.0,1.0,31.0,0.0,9.871287,1.0,1.0,1.0,1.0,1.0,0.0,0.0,18942.0,18942.0,2.0,56,1.5812039101354827,0,2,0,human(2),0.0,1,1,1,1,0
1.08226e+18,ARHAMEL2,arhamel2,Benyamin بنیامین,"پژوهش گر تاریخ،فعال سیاسی شدیم #KingRezaPahlavi 
پرچم شیروخورشید تاجدار
پادشاهی خواه سکولار دموکراسی رضاشاه پهلوی🇺🇸 🇮🇱🇩🇰دو ملت ایران و اسرائیل #Ukraine","پژوهش گر تاریخ،فعال سیاسی شدیم KingRezaPahlavi 
 پرچم شیروخورشید تاجدار
 پادشاهی خواه سکولار دموکراسی رضاشاه پهلوی دو ملت ایران و اسرائیل Ukraine",2019-01-07T12:48:53+00:00,16306.0,5174.0,62350.0,20.0,11899.0,22300.0,22300.0,0.0,16306.0,2280.0,7.151754,2.269298,1.0,False,0.0,True,False,False,False,1.0,0.0,none,872.0,35.0,67.0,1.098882,25.96131,4.0,2.44368,442.2003,96704.56,9.780702,0.0,0.0,10.0,30.0,190.0,0.048151,0.226999,24.45642202,21326.0,92.18745,151,3.1515268650947044,0,1,0,human(2),0.0,1,1,1,1,1
1.32188e+18,ALBORZ_ANJOMAN,alborz_anjoman,👑 انجمن مشروطه البرز,که یزدان پاک از میان گروه / برانگیخت ما را ز البرز کوه,که یزدان پاک از میان گروه / برانگیخت ما را ز البرز کوه,2020-10-29T18:07:23+00:00,6629.0,1142.0,73676.0,13.0,845.0,15792.0,15792.0,0.0,6629.0,1619.0,4.094503,0.705374,1.0,False,0.0,True,False,False,False,0.0,0.0,none,33.0,7.0,5.0,1.066667,30.55556,3.0,1.822222,299.8,1791199.0,9.754169,0.0,0.0,1.0,2.0,1.0,0.133333,0.177778,477.1818182,15747.0,88.73333,54,5.804728546409807,0,0,0,can’t find,,1,1,1,1,0
1.15343e+18,LadyJusticeIran,ladyjusticeiran,Shima B-شیما بزرگی,Alumna of @UnivofTehran @GWtweets & S.J.D. National Security & Law @AUWCL. Views are my own. RePost/Follow/Likes are Not Endorsement. 🇺🇸💚🤍♥️🦁🌞,Alumna of @UnivofTehran @GWtweets & S.J.D. National Security & Law @AUWCL. Views are my own. RePost/Follow/Likes are Not Endorsement.,2019-07-22T22:12:09+00:00,8875.0,2149.0,163537.0,31.0,1750.0,20293.0,20293.0,0.0,8875.0,2084.0,4.258637,1.03119,1.0,False,0.0,True,False,False,False,0.0,0.0,none,7.0,3.0,0.0,0.533333,54.4,2.0,0.933333,488.8,465590.9,9.737524,0.0,0.0,2.0,2.0,6.0,0.133333,3.2,2897.571429,20283.0,93.8,142,4.129827826896231,0,0,0,human(2),0.0,1,1,1,1,0
1.21967e+18,BeniSabti,benisabti,BenSabti,"יהודי-איראני, מרצה, חוקר ופרשן, 
מנחה פודקאסט 'קולות מאיראן' במכון  @inssisrael פאנליסט אצל אילה חסון, instagram: benisabti
یهودی-ایرانی، سخنگوی سابق اسراییل","יהודי-איראני, מרצה, חוקר ופרשן, 
 מנחה פודקאסט 'קולות מאיראן' במכון @inssisrael פאנליסט אצל אילה חסון, instagram: benisabti
 یهودی-ایرانی، سخنگوی سابق اسراییل",2020-01-21T17:03:44+00:00,13859.0,2647.0,5370.0,114.0,2723.0,18474.0,18474.0,0.0,13859.0,1901.0,7.290373,1.392425,1.0,False,0.0,False,False,False,False,0.0,0.0,none,1.0,2.0,0.0,0.4,16.8,1.0,0.0,1053.4,13146491.0,9.718043,0.0,0.0,2.0,2.0,3.0,0.4,0.4,18471.0,18471.0,141.0,157,5.235738571968266,0,0,0,human(2),0.0,1,1,1,1,0
1.23046e+18,APasserby12,apasserby12,‎‎1984 𓃬‏‎‎☼,هدف از کتاب «۱۹۸۴» یک هشدار بود، نه دستورالعملی برای استفاده دیکتاتورها (از جمله جمهوری اسلامی),هدف از کتاب «۱۹۸۴» یک هشدار بود، نه دستورالعملی برای استفاده دیکتاتورها (از جمله جمهوری اسلامی),2020-02-20T12:05:18+00:00,9788.0,215.0,70485.0,26.0,4151.0,18113.0,18113.0,0.0,9788.0,1871.0,5.231427,0.114912,1.0,False,0.0,True,False,False,False,0.0,1.0,none,66.0,16.0,2.0,0.923077,25.73626,3.0,2.769231,361.4176,1114752.0,9.680919,0.0,0.0,4.0,8.0,8.0,0.0,0.0,273.1666667,18029.0,72.34066,95,45.52558139534884,4,2,0,human(2),0.0,1,1,1,1,0
1.05448e+18,Moriyarty1,moriyarty1,Moriarty,"لشکر توران به قلب سرزمین ما رسید

رستم و گودرز کو ، اسفندیاران را چه شد","لشکر توران به قلب سرزمین ما رسید
 
 رستم و گودرز کو ، اسفندیاران را چه شد",2018-10-22T20:57:11+00:00,12899.0,1.0,58450.0,71.0,2915.0,22730.0,22730.0,0.0,12899.0,2357.0,5.472635,0.000424,1.0,False,0.0,True,False,False,False,0.0,0.0,none,3.0,44.0,1.0,0.979167,29.79167,2.0,1.229167,236.7708,2924792.0,9.643615,0.0,0.0,2.0,3.0,1.0,0.645833,0.791667,7560.666667,22682.0,32.6875,71,12899.0,0,1,0,can’t find,,1,1,1,1,1
100866996.0,Ariamehhr,ariamehhr,☼ Piruz 𓄂𓆃,وطنم دربند و من دربند وطن❤️,وطنم دربند و من دربند وطن,2010-01-01T00:04:22+00:00,3820.0,2929.0,114669.0,2.0,2657.0,53690.0,53690.0,0.0,3820.0,5573.0,0.685448,0.52557,0.0,False,0.0,True,False,False,False,0.0,0.0,none,1.0,0.0,2.0,1.666667,7.666667,3.0,1.0,5.333333,17195.67,9.633949,0.0,3.0,1.0,3.0,1.0,0.666667,0.666667,53687.0,53687.0,2.666667,27,1.304199385455787,0,0,0,human(2),0.0,1,1,1,1,0
2619590547.0,boss_big666,boss_big666,Big Boss,#News #اخبار #فرزندان_پرچم,News اخبار فرزندان_پرچم,2014-06-18T09:33:58+00:00,4971.0,435.0,7062.0,14.0,13664.0,37849.0,37849.0,0.0,4971.0,3944.0,1.260396,0.110294,1.0,False,0.0,False,False,False,False,1.0,0.0,none,8.0,2.0,0.0,1.071429,19.78571,1.0,0.357143,177.5,3067342.0,9.596602,0.0,0.0,2.0,4.0,5.0,0.0,0.0,4729.875,37839.0,17.5,26,11.427586206896551,0,3,0,can’t find,,1,1,1,1,1
1.00036e+18,2TOSgzCFJ8VtSJK,2tosgzcfj8vtsjk,مهرداد المان,ایرانی برانداز و منتظر آزاد دیدن ملت و کشورش,ایرانی برانداز و منتظر آزاد دیدن ملت و کشورش,2018-05-26T13:15:58+00:00,494.0,346.0,204945.0,0.0,281.0,23740.0,23740.0,0.0,494.0,2506.0,0.197127,0.138069,1.0,False,0.0,True,False,False,False,0.0,0.0,none,0.0,0.0,4.0,0.2,48.4,2.0,1.0,0.4,618522.3,9.473264,0.0,0.0,2.0,3.0,2.0,0.0,8.0,23736.0,23736.0,0.0,44,1.4277456647398843,0,2,0,human(2),0.0,1,1,1,1,0
1962373033.0,kiaAbi444,kiaabi444,KiA...,💙💙💙💙⭐👑⭐,,2013-10-15T10:05:44+00:00,2901.0,1946.0,108341.0,7.0,1135.0,39672.0,39672.0,0.0,2901.0,4190.0,0.692363,0.464439,1.0,False,0.0,True,False,False,False,0.0,0.0,none,1.0,0.0,0.0,0.0,40.0,1.0,1.0,6.0,0.0,9.468258,2.0,2.0,2.0,2.0,2.0,0.0,0.0,39671.0,39671.0,0.0,7,1.4907502569373072,0,3,0,human(2),0.0,1,1,1,1,0
7.87009e+17,Bachejirjirak,bachejirjirak,بچه جیرجیرک👑,مهندسی کنترل و ابزار دقیق ⛔️ عرزشی جماعت⛔️,مهندسی کنترل و ابزار دقیق عرزشی جماعت,2016-10-14T19:16:57+00:00,3530.0,2637.0,85245.0,1.0,544.0,29218.0,29218.0,0.0,3530.0,3095.0,1.140549,0.852019,1.0,False,0.0,True,False,False,False,0.0,0.0,none,9.0,1.0,88.0,0.125,4.946429,3.0,1.223214,0.660714,39570.28,9.440388,0.0,0.0,67.0,69.0,15.0,0.794643,0.946429,3235.555556,29120.0,0.017857,42,1.3386423966628744,0,0,0,human(2),0.0,1,1,1,1,1
3230939541.0,Silmaethdante,silmaethdante,سیلمائث👁️,"شب تار جوینده کین منم
🔥 همان آتش تیز برزین منم","شب تار جوینده کین منم
  همان آتش تیز برزین منم",2015-05-03T16:27:36+00:00,5029.0,501.0,24466.0,8.0,5308.0,34196.0,34196.0,0.0,5029.0,3625.0,1.38731,0.138207,1.0,False,0.0,True,False,False,False,0.0,0.0,none,0.0,1.0,0.0,0.0,56.0,1.0,0.0,66.0,0.0,9.433379,1.0,1.0,1.0,1.0,1.0,0.0,0.0,34195.0,34195.0,2.0,46,10.037924151696608,0,0,0,human(2),0.0,1,1,1,1,0
2414979296.0,siamakfarid,siamakfarid,Siamak Farid سیامک فرید,سیامک فرید شغلم تکنیسین برق صنعتی ، برای آزادی و عدالت اجتماعی و رفاه مبارزه می کنم. زن،زندگی،آزادی,سیامک فرید شغلم تکنیسین برق صنعتی ، برای آزادی و عدالت اجتماعی و رفاه مبارزه می کنم. زن،زندگی،آزادی,2014-03-27T22:40:10+00:00,2846.0,1933.0,81674.0,15.0,2886.0,37969.0,37969.0,0.0,2846.0,4027.0,0.70673,0.48001,1.0,False,0.0,False,False,False,False,0.0,0.0,none,1.0,0.0,0.0,0.0,51.0,1.0,2.0,95.0,0.0,9.428607,1.0,1.0,1.0,1.0,1.0,0.0,0.0,37968.0,37968.0,11.0,99,1.4723228142783238,0,0,0,human(2),0.0,1,1,1,1,0
34209496.0,manototv,manototv,تلویزیون منوتو,WhatsApp/Telegram/Signal: +44 7590 899 999 #گزارشگرمنوتو,WhatsApp/Telegram/Signal: +44 7590 899 999 گزارشگرمنوتو,2009-04-22T06:47:53+00:00,1198748.0,28.0,457.0,1240.0,34153.0,54262.0,54262.0,0.0,1198748.0,5827.0,205.723,0.004805,0.0,False,0.0,True,False,False,False,1.0,1.0,regular,3.0,0.0,0.0,1.0,41.0,1.0,1.0,3415.333,4466137.0,9.312167,0.0,0.0,1.0,1.0,1.0,0.0,0.666667,18086.33333,54259.0,991.0,56,42812.42857142857,0,0,0,News Agent(3),,1,1,1,1,0
1.18335e+18,bernoam,bernoam,Berno,"وقتی فالوتون میکنم آدم باشید  بک بدید.
فالو= فالو💯💯💯💯💯💯💯💯💯💯💯💯💯💯","وقتی فالوتون میکنم آدم باشید بک بدید.
 فالو= فالو",2019-10-13T11:45:56+00:00,6752.0,7149.0,72554.0,2.0,504.0,18609.0,18609.0,0.0,6752.0,2001.0,3.374313,3.572714,1.0,False,0.0,True,False,False,False,0.0,0.0,none,0.0,0.0,2.0,0.0,12.5,1.0,1.0,1.0,79.0,9.29985,4.0,4.0,4.0,4.0,3.0,0.5,1.5,18607.0,18607.0,0.0,63,0.9444677577283536,0,0,0,human(2),0.0,1,1,1,1,0
1.0479e+18,Cowboy_datoboy,cowboy_datoboy,گاوچرون آمریکای شمالی,,,2018-10-04T17:39:33+00:00,54743.0,360.0,63586.0,6.0,270.0,21999.0,21999.0,0.0,54743.0,2375.0,23.04968,0.151579,1.0,False,0.0,True,False,False,False,0.0,0.0,none,1.0,0.0,0.0,0.0,56.0,1.0,1.0,1561.0,0.0,9.262737,1.0,1.0,1.0,1.0,1.0,0.0,0.0,21998.0,21998.0,60.0,0,152.0638888888889,0,0,0,human(2),0.0,1,1,0,1,1
1.32167e+18,AppleFarsii,applefarsii,🍏 اپل فارسی,دنیای اپل به زبان فارسی | اخبار بروزرسانی محصولات #اپل | اخبار #تکنولوژی | #آیفون #مک #ایرپاد #مکبوک #اپل_واچ #آیمک #هوش_مصنوعی #فناوری #گجت #میم,دنیای اپل به زبان فارسی | اخبار بروزرسانی محصولات اپل | اخبار تکنولوژی | آیفون مک ایرپاد مکبوک اپل_واچ آیمک هوش_مصنوعی فناوری گجت میم,2020-10-29T04:23:23+00:00,13058.0,2201.0,13566.0,17.0,4162.0,14953.0,14953.0,0.0,13058.0,1619.0,8.065473,1.359481,1.0,False,0.0,True,False,False,False,1.0,0.0,none,0.0,0.0,1.0,0.0,15.0,1.0,0.0,0.0,0.0,9.235948,1.0,1.0,1.0,1.0,1.0,1.0,1.0,14952.0,14952.0,0.0,145,5.932757837346661,0,0,0,News Agent(3),,1,1,1,1,0
1.64536e+18,PersianGW,persiangw,𝐀𝐓𝐇𝐄𝐈𝐒𝐓 آتئــیـسـت 𝕏,"«زن مرد آزادی شاه میهن آبادی» پاينده ایران
#StandWithIsrael 🇮🇱","«زن مرد آزادی شاه میهن آبادی» پاينده ایران
 StandWithIsrael",2023-04-10T09:26:17+00:00,25954.0,21626.0,95004.0,12.0,4229.0,6668.0,6668.0,0.0,25954.0,726.0,35.74931,29.78788,1.0,False,0.0,False,False,False,False,1.0,0.0,none,426.0,4.0,4.0,0.985325,17.31656,4.0,1.733753,1657.218,138595.0,9.184573,0.0,0.0,6.0,14.0,44.0,0.15304,0.178197,14.63380282,6234.0,217.8449,62,1.2001294737815593,0,0,0,human(2),0.0,1,1,1,1,0
1.41064e+18,shahdadh59,shahdadh59,🎗️shahdad👑,"#براندازم بساط ظلم ظالم را/
برچینم بساط جور حاکم را

#جاوید_شاه","براندازم بساط ظلم ظالم را/
 برچینم بساط جور حاکم را
 
 جاوید_شاه",2021-07-01T16:30:39+00:00,5315.0,5861.0,17291.0,4.0,2107.0,12598.0,12598.0,0.0,5315.0,1374.0,3.868268,4.265648,1.0,False,0.0,True,False,False,False,1.0,0.0,none,20.0,6.0,8.0,0.65,25.8,2.0,1.65,105.775,976195.3,9.16885,0.0,0.0,4.0,6.0,7.0,0.6,1.4,628.2,12564.0,18.25,63,0.906841835864187,0,2,0,human(2),0.0,1,1,1,1,0
2198392879.0,persepolis78,persepolis78,PERSEPOLIS 🏴,با من از ایران بگو,با من از ایران بگو,2013-11-16T20:46:05+00:00,3991.0,3182.0,115425.0,3.0,1184.0,38029.0,38029.0,0.0,3991.0,4158.0,0.959836,0.765272,0.0,False,0.0,True,False,False,False,0.0,0.0,none,1.0,0.0,4.0,0.4,5.0,3.0,1.6,52.4,1330854.0,9.145984,0.0,0.0,1.0,1.0,1.0,0.8,0.8,38024.0,38024.0,20.4,18,1.254242614707731,0,2,0,human(2),0.0,1,1,1,1,0
1.02585e+18,ariyaii_rahjoo,ariyaii_rahjoo,rahjoo ariyaii👑👑👑,"لائیک.درشرایط فعلی اگه سیاسی و #برانداز نیستی فالونکن.بک نمیدم
فالوکردی حتمابگو بک میدم👑
تجزیه طلب ⛔ مجاهدین ⛔","لائیک.درشرایط فعلی اگه سیاسی و برانداز نیستی فالونکن.بک نمیدم
 فالوکردی حتمابگو بک میدم
 تجزیه طلب مجاهدین",2018-08-04T20:49:07+00:00,4740.0,3314.0,16180.0,3.0,678.0,22271.0,22271.0,0.0,4740.0,2436.0,1.945813,1.360427,1.0,False,0.0,True,False,False,False,1.0,0.0,none,9.0,0.0,2.0,0.454545,18.45455,3.0,1.363636,5.727273,8678789.0,9.142447,0.0,0.0,2.0,2.0,1.0,0.090909,0.454545,2473.333333,22260.0,0.909091,110,1.4302957151478575,0,0,0,human(2),0.0,1,1,1,1,0
1.00122e+18,Safa_8863,safa_8863,safa,🦂,,2018-05-28T22:02:03+00:00,6510.0,6158.0,37846.0,0.0,1922.0,22700.0,22700.0,0.0,6510.0,2504.0,2.59984,2.459265,1.0,False,0.0,False,False,False,False,0.0,0.0,none,22.0,2.0,93.0,0.398693,13.54248,3.0,1.326797,81.04575,357646.0,9.065495,0.0,0.0,7.0,29.0,37.0,0.48366,1.163399,1026.5,22583.0,14.80392,1,1.0571614160441702,0,4,0,human(2),0.0,1,1,1,1,1
1.61127e+18,iran33k,iran33k,👑 iran 👑,"درود بر خاندان ایرانساز پهلوی
من سرباز پادشاهم","درود بر خاندان ایرانساز پهلوی
 من سرباز پادشاهم",2023-01-06T07:50:49+00:00,5368.0,1697.0,12184.0,1.0,22.0,7426.0,7426.0,0.0,5368.0,820.0,6.546341,2.069512,1.0,False,0.0,False,False,False,False,0.0,0.0,none,3.0,1.0,1.0,0.2,19.4,1.0,1.2,85.2,4187955.0,9.056098,0.0,0.0,1.0,2.0,1.0,0.0,0.4,2473.666667,7421.0,25.0,46,3.163229228049499,0,2,0,human(2),0.0,1,1,1,1,0
25033880.0,AkhoondeMorde,akhoondemorde,آخوندِ مرده,"بی تعارف و تند مینویسم اگر دلنازکی فالو نکن...

سرگشته و مستیم و نظرباز
آنکس که چو ما نیست در این شهر کدام است؟

#برانداز
#شاهنشاه_روحت_شاد","بی تعارف و تند مینویسم اگر دلنازکی فالو نکن...
 
 سرگشته و مستیم و نظرباز
 آنکس که چو ما نیست در این شهر کدام است؟
 
 برانداز
 شاهنشاه_روحت_شاد",2009-03-18T05:31:47+00:00,35450.0,71.0,150050.0,43.0,9952.0,52815.0,52815.0,0.0,35450.0,5862.0,6.047424,0.012112,0.0,False,0.0,True,False,False,False,1.0,0.0,none,39.0,3.0,0.0,0.619048,28.45238,3.0,1.404762,746.4524,1277919.0,9.009724,0.0,0.0,2.0,3.0,1.0,0.02381,0.02381,1353.153846,52773.0,160.7857,139,499.2957746478873,0,0,0,human(2),0.0,1,1,1,1,1
1.25849e+18,MuradyDiako,muradydiako,Diako Muradyaliabady,*Journalist *Human Rights Activist - Member of: *NJ (Norwegian association of Journalists) & *IFJ (International Federation of Journalists),*Journalist *Human Rights Activist - Member of: *NJ (Norwegian association of Journalists) & *IFJ (International Federation of Journalists),2020-05-07T20:29:52+00:00,9412.0,1877.0,55263.0,38.0,5315.0,16159.0,16159.0,0.0,9412.0,1794.0,5.246377,1.046265,1.0,False,0.0,True,False,False,False,0.0,0.0,none,2.0,1.0,0.0,1.0,82.66667,1.0,1.666667,423.3333,12964792.0,9.007246,0.0,0.0,1.0,2.0,1.0,0.0,0.0,8078.0,16156.0,55.33333,139,5.014384656366542,0,0,0,human(2),0.0,1,1,1,1,1
1.09669e+18,JananKhorram,janankhorram,janan Khorramجانان خرم ☼𓃬,☮️👑https://t.co/QdXLMsU3e5 با افتخار پادشاهی خواهم و با جمهوری اسلامی و مسببین شورش ۵٧ پدرکشتگی دارم. اینها یک مملکت و یک زندگی آروم به ما بدهکارن.,با افتخار پادشاهی خواهم و با جمهوری اسلامی و مسببین شورش ۵٧ پدرکشتگی دارم. اینها یک مملکت و یک زندگی آروم به ما بدهکارن.,2019-02-16T08:24:56+00:00,19812.0,619.0,66341.0,35.0,1117.0,20119.0,20119.0,0.0,19812.0,2240.0,8.844643,0.276339,1.0,False,0.0,True,False,False,False,0.0,1.0,none,54.0,8.0,5.0,0.373134,28.9403,3.0,2.955224,450.9851,1731474.0,8.981696,0.0,0.0,2.0,2.0,1.0,0.0,0.0,371.3333333,20052.0,79.19403,147,32.0064620355412,0,0,1,human(2),0.0,1,1,1,1,1
8.31526e+17,KFravahar,kfravahar,Khosro Fravahar,"مبتکر اصطلاح پهلویسم
 Iranian TV & Radio Host, Political Analyst & Freedom Activist -in Exile 
#پهلویسم
https://t.co/tGVFdieqRC
  https://t.co/B4tmGvzQRP","مبتکر اصطلاح پهلویسم
  Iranian TV & Radio Host, Political Analyst & Freedom Activist -in Exile 
 پهلویسم",2017-02-14T15:30:19+00:00,35985.0,472.0,54094.0,66.0,4815.0,26670.0,26670.0,0.0,35985.0,2972.0,12.10801,0.158816,0.0,False,0.0,True,False,False,False,1.0,1.0,none,46.0,15.0,3.0,0.296875,32.42188,2.0,1.40625,748.2031,1530274.0,8.973755,0.0,0.0,3.0,5.0,1.0,0.078125,0.078125,578.3913043,26606.0,167.0625,153,76.23940677966101,0,0,1,human(2),0.0,1,1,1,1,1
1189524954.0,Sheina__,sheina__,𝐒𝐡𝐞𝐢𝐧𝐚 𝐕𝐨𝐣𝐨𝐮𝐝𝐢,"God, Love, My Iran 021✝️✡️Royalist👑I’m advocating for the Iranians to finally attain the freedom & prosperity they deserve, which has long been denied to them.","God, Love, My Iran 021RoyalistI’m advocating for the Iranians to finally attain the freedom & prosperity they deserve, which has long been denied to them.",2013-02-17T13:32:25+00:00,6219.0,256.0,96905.0,16.0,3762.0,39591.0,39591.0,0.0,6219.0,4430.0,1.403837,0.057788,0.0,False,0.0,False,False,False,False,0.0,1.0,none,1.0,0.0,0.0,1.0,42.0,1.0,2.0,0.0,0.0,8.93702,1.0,1.0,1.0,1.0,1.0,0.0,0.0,39590.0,39590.0,0.0,159,24.29296875,0,0,0,human(2),0.0,1,1,1,1,0
1.29143e+18,Iranaryan2579,iranaryan2579,بزرگمهر |👑|,❁|طراح گرافیک و پژوهشگر هنر|❁|ناسیونالیست|❁|پادشاهی مشروطه|❁|Graphic Designer And Art Researcher Nationalist|Constitutional kingdom|,❁|طراح گرافیک و پژوهشگر هنر|❁|ناسیونالیست|❁|پادشاهی مشروطه|❁|Graphic Designer And Art Researcher Nationalist|Constitutional kingdom|,2020-08-06T17:33:44+00:00,11708.0,3935.0,38380.0,13.0,3226.0,15207.0,15207.0,0.0,11708.0,1703.0,6.874927,2.310628,1.0,False,0.0,False,False,False,False,0.0,0.0,none,76.0,1.0,8.0,0.965116,24.66279,2.0,1.186047,184.593,966152.4,8.929536,0.0,0.0,2.0,2.0,2.0,0.0,0.0,198.9736842,15122.0,37.48837,132,2.975349428208386,0,4,0,human(2),0.0,1,1,1,1,1
1.57345e+18,trollsiasi,trollsiasi,ترول 🗿,میم - ترول 🗿 دهه هشتادی، پادشاهی‌خواه، ملی‌گرا افراطی، شاه یعنی ایران، ایران یعنی شاه ☀️🦁,میم - ترول دهه هشتادی، پادشاهی‌خواه، ملی‌گرا افراطی، شاه یعنی ایران، ایران یعنی شاه,2022-09-23T23:20:15+00:00,6684.0,2230.0,42617.0,12.0,2552.0,8241.0,8241.0,0.0,6684.0,925.0,7.225946,2.410811,1.0,False,0.0,True,False,False,False,0.0,0.0,none,53.0,1.0,3.0,1.0,21.64912,2.0,1.508772,773.5965,409916.8,8.909189,0.0,0.0,3.0,4.0,1.0,0.105263,0.105263,154.4150943,8184.0,99.73684,89,2.9973094170403587,0,0,0,human(2),0.0,1,1,1,1,0
9.85173e+17,matador_khaste,matador_khaste,👑matador👑,"سرباز رضا شاه دوم👑، (فریادم: جاویدشاه👑) (خواسته‌ام: آزادی) (راهم: مبارزه با سه فاسد) 
مرگ بر ، ملا ، چپی ، مجاهد .","سرباز رضا شاه دوم، (فریادم: جاویدشاه) (خواسته‌ام: آزادی) (راهم: مبارزه با سه فاسد) 
 مرگ بر ، ملا ، چپی ، مجاهد .",2018-04-14T15:08:02+00:00,4209.0,1390.0,25775.0,3.0,2462.0,22566.0,22566.0,0.0,4209.0,2548.0,1.651884,0.545526,1.0,False,0.0,True,False,False,False,0.0,0.0,none,18.0,4.0,2.0,0.791667,19.25,2.0,1.791667,159.0,109829.1,8.856358,0.0,0.0,6.0,7.0,1.0,0.125,0.208333,1252.333333,22542.0,10.0,114,3.0280575539568346,0,0,0,human(2),0.0,1,1,1,1,0
1.0478e+18,TheNorth_A,thenorth_a,The North,M.E. Breaking News and Articles #WeRemember #NeverAgain,M.E. Breaking News and Articles WeRemember NeverAgain,2018-10-04T10:36:06+00:00,10281.0,369.0,73145.0,100.0,4178.0,21008.0,21008.0,0.0,10281.0,2375.0,4.328842,0.155368,1.0,False,0.0,True,False,False,False,1.0,0.0,none,2.0,0.0,0.0,1.0,19.0,1.0,0.0,138.0,34836512.0,8.845474,0.0,0.0,1.0,1.0,1.0,0.0,0.0,10503.0,21006.0,11.0,55,27.86178861788618,0,0,0,News Agent(3),,1,1,1,1,0
2380755230.0,NilaBehzadi,nilabehzadi,Nila Behzadi,''There is no etiquette for women in power''*classical liberal* “We are what we believe we are.” #Trump2024 #سردار_تیمور Unwissenheit ist Glückseligkeit.,'There is no etiquette for women in power''*classical liberal* “We are what we believe we are.” Trump2024 سردار_تیمور Unwissenheit ist Glückseligkeit.,2014-03-09T17:11:52+00:00,4317.0,737.0,61063.0,11.0,2822.0,35699.0,35699.0,0.0,4317.0,4045.0,1.067244,0.1822,0.0,False,0.0,True,False,False,False,1.0,1.0,none,2.0,2.0,0.0,0.714286,29.85714,1.0,1.285714,113.2857,8511475.0,8.825464,0.0,0.0,2.0,2.0,4.0,0.0,0.0,17847.5,35695.0,14.85714,153,5.85753052917232,0,0,0,human(2),0.0,1,1,1,1,1
1.15455e+18,Arrested_voice,arrested_voice,мιlad,"The voice of the detainees of the Iranian 
revolution 
 ی شهروند عادی مشروطه خواه","The voice of the detainees of the Iranian 
 revolution 
  ی شهروند عادی مشروطه خواه",2019-07-26T00:17:42+00:00,17937.0,3511.0,16891.0,16.0,1461.0,18294.0,18294.0,0.0,17937.0,2080.0,8.623558,1.687981,1.0,False,0.0,True,False,False,False,0.0,0.0,none,87.0,5.0,4.0,1.0,27.3125,2.0,1.822917,348.4792,436808.9,8.795192,0.0,0.0,2.0,6.0,1.0,0.145833,0.145833,209.1724138,18198.0,62.27083,81,5.108800911421247,0,0,0,human(2),0.0,1,1,1,1,1
1.33239e+18,rezayyyyyyy,rezayyyyyyy,rezayyyy1,ورودعرزشی🚫مجاهدین🚫ری استارتی🚫ایرانارشیستها🚫اصلاح طلب🚫ممنوع,ورودعرزشیمجاهدینری استارتیایرانارشیستهااصلاح طلبممنوع,2020-11-27T18:07:41+00:00,7892.0,7530.0,24576.0,6.0,287.0,13978.0,13978.0,0.0,7892.0,1590.0,4.963522,4.735849,1.0,False,0.0,True,False,False,False,0.0,0.0,none,0.0,0.0,9.0,0.0,21.90909,1.0,2.272727,0.181818,300985.0,8.791195,0.0,0.0,3.0,3.0,3.0,0.818182,1.272727,13969.0,13969.0,0.0,58,1.048074369189907,1,0,0,human(2),0.0,1,1,1,1,0
2166352618.0,SepehriHamed,sepehrihamed,Hamed Sepehri,متنفر از {ماله کش،اصلاح طلب و جمهوری اسلامی، چپول}.با افتخار پادشاهی خواهم.آتییست.متعهد❤️,متنفر از {ماله کش،اصلاح طلب و جمهوری اسلامی، چپول}.با افتخار پادشاهی خواهم.آتییست.متعهد,2013-11-03T13:28:36+00:00,23038.0,1672.0,199277.0,37.0,2788.0,36593.0,36593.0,0.0,23038.0,4171.0,5.523376,0.400863,1.0,False,0.0,True,False,False,False,0.0,0.0,none,6.0,1.0,0.0,0.75,39.875,1.0,0.75,1676.125,10414135.0,8.773196,0.0,0.0,2.0,2.0,2.0,0.0,0.0,6097.666667,36586.0,257.125,89,13.778708133971293,0,0,0,human(2),0.0,1,1,1,1,0
1.48569e+18,Tanha59977799,tanha59977799,👑𓄂𓆃 آق بهمن𓃬👑,"به نام انسان های بخشنده و مهربان🌹

#جاوید_شاه

#برانداز

#آتئیست

عرزشی🚫مجاهد🚫تجزیه طلب🚫

@iranazad123342i

اکانت قبلی","به نام انسان های بخشنده و مهربان
 
 جاوید_شاه
 
 برانداز
 
 آتئیست
 
 عرزشیمجاهدتجزیه طلب
 
 @iranazad123342i
 
 اکانت قبلی",2022-01-24T19:21:34+00:00,16266.0,8173.0,63263.0,8.0,508.0,10236.0,10236.0,0.0,16266.0,1167.0,13.9383,7.003428,1.0,False,0.0,True,False,False,False,1.0,1.0,none,3.0,0.0,0.0,0.666667,15.66667,1.0,1.666667,326.3333,5602741.0,8.771208,0.0,0.0,1.0,1.0,1.0,0.0,0.0,3411.0,10233.0,42.66667,118,1.9902116725804477,0,8,0,bot(1),1.0,1,1,1,1,1
1.46155e+18,Akhis_pakhis2,akhis_pakhis2,منجم,❤️👑اکانت سوم,اکانت سوم,2021-11-19T04:08:07+00:00,4322.0,3392.0,42105.0,0.0,2003.0,10726.0,10726.0,0.0,4322.0,1233.0,3.505272,2.751014,1.0,False,0.0,False,False,False,False,0.0,0.0,none,22.0,10.0,4.0,0.585366,18.17073,2.0,1.682927,8.609756,413676.1,8.699108,0.0,0.0,3.0,5.0,6.0,0.146341,0.146341,485.9090909,10690.0,1.170732,12,1.2741745283018868,0,1,0,human(2),0.0,1,1,1,1,0
1.35161e+18,F7_Arash,f7_arash,Arash Forouhar,نخستين روحانى، نخستين شيادى بود كه نخستين احمق را ديدار كرد!,نخستين روحانى، نخستين شيادى بود كه نخستين احمق را ديدار كرد!,2021-01-19T19:28:37+00:00,13679.0,12140.0,45670.0,3.0,1144.0,13263.0,13263.0,0.0,13679.0,1537.0,8.899805,7.898504,1.0,False,0.0,False,False,False,False,0.0,0.0,none,1.0,0.0,1.0,0.5,10.5,1.0,2.0,237.5,66427.5,8.629148,0.0,2.0,2.0,2.0,3.0,0.5,0.5,13261.0,13261.0,20.0,60,1.1267710049423394,0,1,0,human(2),0.0,1,1,1,1,0
1.69811e+18,drpezeshkian2,drpezeshkian2,pezeshkian,صفحه اخبار و هواداری نهمین رئیس جمهوری اسلامی ایران🍀 صفحه اطلاع رسانی در انتخابات,صفحه اخبار و هواداری نهمین رئیس جمهوری اسلامی ایران صفحه اطلاع رسانی در انتخابات,2023-09-02T23:05:36+00:00,23652.0,29.0,12789.0,28.0,1727.0,5005.0,5005.0,0.0,23652.0,581.0,40.70912,0.049914,1.0,False,0.0,False,False,False,False,0.0,0.0,none,1.0,0.0,0.0,0.0,49.0,1.0,0.0,1867.0,0.0,8.614458,2.0,2.0,2.0,2.0,2.0,0.0,0.0,5004.0,5004.0,93.0,81,815.5862068965517,0,1,0,News Agent(3),,1,1,1,1,0
8.12271e+17,ab_ganji,ab_ganji,عبدالله گنجی,دانش آموخته علم سیاست(دانشگاه علامه طباطبایی) فَمِنۡهُم مَّن قَضَىٰ نَحۡبَهُۥ وَمِنۡهُم مَّن يَنتَظِرُۖ وَمَا بَدَّلُواْ تَبۡدِيلٗا.نظرات شخصی است,دانش آموخته علم سیاست(دانشگاه علامه طباطبایی) فَمِنۡهُم مَّن قَضَىٰ نَحۡبَهُۥ وَمِنۡهُم مَّن يَنتَظِرُۖ وَمَا بَدَّلُواْ تَبۡدِيلٗا.نظرات شخصی است,2016-12-23T12:16:36+00:00,137742.0,188.0,83655.0,436.0,2073.0,25985.0,25985.0,0.0,137742.0,3025.0,45.53455,0.062149,1.0,False,0.0,True,False,False,False,0.0,0.0,none,0.0,1.0,0.0,0.0,54.0,1.0,0.0,749.0,0.0,8.590083,1.0,1.0,1.0,1.0,1.0,0.0,0.0,25984.0,25984.0,78.0,146,732.6702127659574,0,0,0,human(2),0.0,1,1,1,1,1
7.58191e+17,cafeandisheh,cafeandisheh,Mahmoud Rezaei,"ایرانی ، مهاجر، پادشاهی خواهم ولی مثل تو تنها یک رای دارم.
آدرس کانال یوتیوبم 
https://t.co/w5J9iHB0kg","ایرانی ، مهاجر، پادشاهی خواهم ولی مثل تو تنها یک رای دارم.
 آدرس کانال یوتیوبم",2016-07-27T06:42:26+00:00,7373.0,3457.0,93132.0,7.0,1982.0,26885.0,26885.0,0.0,7373.0,3174.0,2.322936,1.089162,1.0,False,0.0,True,False,False,False,0.0,1.0,none,2.0,1.0,0.0,0.333333,23.33333,2.0,2.0,4.666667,42361.0,8.470384,0.0,1.0,1.0,2.0,1.0,0.0,0.666667,13441.0,26882.0,2.0,102,2.132774081573619,0,0,1,human(2),0.0,1,1,1,1,0
1.44978e+18,Cheguevara_Amir,cheguevara_amir,▪︎ ꜱᴀʟᴠᴀᴅᴏʀ,اِلـآ ♥️,اِلـآ,2021-10-17T16:50:05+00:00,4376.0,108.0,92430.0,6.0,306.0,10675.0,10675.0,0.0,4376.0,1266.0,3.456556,0.085308,1.0,False,0.0,True,False,False,False,0.0,0.0,none,0.0,0.0,1.0,1.0,9.0,1.0,0.0,53.0,0.0,8.43207,1.0,1.0,1.0,1.0,1.0,1.0,1.0,10674.0,10674.0,0.0,8,40.51851851851852,0,0,0,human(2),0.0,1,1,1,1,0
540140962.0,Klaus70268175,klaus70268175,𝒦𝓁𝒶𝓊𝓈,In every moment a choice exists. We can cling to the past or embrace the inevitability of change and allow a brighter future to unfold before us,In every moment a choice exists. We can cling to the past or embrace the inevitability of change and allow a brighter future to unfold before us,2012-03-29T17:25:43+00:00,6493.0,5228.0,509116.0,8.0,1579.0,39760.0,39760.0,0.0,6493.0,4755.0,1.36551,1.099474,0.0,False,0.0,True,False,False,False,0.0,0.0,none,12.0,1.0,4.0,1.0,36.63158,2.0,1.315789,193.6316,5704861.0,8.361725,0.0,0.0,2.0,2.0,3.0,0.263158,1.421053,3311.916667,39743.0,48.52632,144,1.2419663351185921,0,8,0,human(2),0.0,1,1,1,1,0
47722134.0,LisaDaftari,lisadaftari,Lisa Daftari,TV/Radio Commentator | Podcast Host 📺 ForeignPolicy/MidEast Analyst EIC:@ForeignDeskNews | Iranian | 4-lingual | piano | soprano |Media@ForeignDeskNews.com,TV/Radio Commentator | Podcast Host ForeignPolicy/MidEast Analyst EIC:@ForeignDeskNews | Iranian | 4-lingual | piano | soprano |Media@ForeignDeskNews.com,2009-06-16T19:40:42+00:00,64541.0,1064.0,9667.0,663.0,7628.0,48227.0,48227.0,0.0,64541.0,5772.0,11.18174,0.184338,0.0,False,0.0,True,False,False,False,0.0,1.0,none,2.0,1.0,0.0,0.666667,72.0,2.0,1.0,2601.333,27386.33,8.355336,0.0,2.0,2.0,4.0,4.0,0.666667,1.333333,24112.0,48224.0,947.6667,155,60.65883458646616,0,0,0,human(2),0.0,1,1,1,1,0
1.43165e+18,Hosein40122106,hosein40122106,👑hosein,"رمز پیروزی ما در همبستگی ملیست ،تنها آلترناتیو #شاهنشاه رضا پهلوی عزیز،
  پادشاهی خواه
 #جاویدشاه 
#برانداز","رمز پیروزی ما در همبستگی ملیست ،تنها آلترناتیو شاهنشاه رضا پهلوی عزیز،
  پادشاهی خواه
  جاویدشاه 
 برانداز",2021-08-28T16:14:05+00:00,3189.0,1183.0,44565.0,3.0,608.0,10976.0,10976.0,0.0,3189.0,1316.0,2.423252,0.898936,1.0,False,0.0,True,False,False,False,1.0,0.0,none,1.0,1.0,5.0,0.888889,5.0,3.0,1.0,5.333333,528990.3,8.340426,0.0,0.0,2.0,2.0,3.0,0.222222,1.777778,10969.0,10969.0,0.888889,107,2.6956889264581574,0,8,0,human(2),0.0,1,1,1,1,0
1.73174e+18,Maj_mohammadi,maj_mohammadi,Majid Mohammadi مجید محمدی,"Analyst/Sociologist
Intellectual philosophy: critical rationalism
Descriptive style: analytical/compara.
مشی فکری: عقلگرایی انتقادی
سبک توصیفی: تحلیلی-مقایسه ای","Analyst/Sociologist
 Intellectual philosophy: critical rationalism
 Descriptive style: analytical/compara.
 مشی فکری: عقلگرایی انتقادی
 سبک توصیفی: تحلیلی-مقایسه ای",2023-12-04T18:10:17+00:00,6932.0,0.0,1089.0,15.0,2429.0,4055.0,4055.0,0.0,6932.0,488.0,14.20492,0.0,1.0,False,0.0,False,False,False,False,0.0,0.0,none,1.0,0.0,0.0,1.0,58.0,1.0,0.0,223.0,0.0,8.309426,1.0,1.0,1.0,1.0,1.0,0.0,0.0,4054.0,4054.0,13.0,160,6932.0,0,0,0,bot(1),1.0,1,1,1,1,0
167307876.0,nazanin7,nazanin7,Nazanin,کنون ای‌هموطن ای‌جان‌جانان - بیا بامن بگو پاینده‌ایران The return of Pahlavi for Iran 𓄂𓆃 #KingRezaPahlavi #PPC,کنون ای‌هموطن ای‌جان‌جانان - بیا بامن بگو پاینده‌ایران The return of Pahlavi for Iran 𓄂𓆃 KingRezaPahlavi PPC,2010-07-16T07:16:28+00:00,19646.0,1020.0,105044.0,28.0,3694.0,44219.0,44219.0,0.0,19646.0,5377.0,3.65371,0.189697,0.0,False,0.0,True,False,False,False,1.0,0.0,none,210.0,23.0,14.0,0.935223,28.36032,2.0,1.769231,579.1053,290229.5,8.223731,0.0,0.0,2.0,7.0,3.0,0.089069,0.117409,209.3904762,43972.0,125.0202,110,19.26078431372549,0,1,0,human(2),0.0,1,1,1,1,0
9.51627e+17,JashniMitra,jashnimitra,Mitra Jashni ☼𓃬 - میترا جشنی,"Artist & Expert in Iran. Studied in Art philosophy and history, painting & modern Middle East study. Retweet doesn’t imply endorsement.","Artist & Expert in Iran. Studied in Art philosophy and history, painting & modern Middle East study. Retweet doesn’t imply endorsement.",2018-01-12T01:28:08+00:00,18389.0,746.0,47794.0,87.0,3556.0,21683.0,21683.0,0.0,18389.0,2640.0,6.96553,0.282576,1.0,False,0.0,True,False,False,False,0.0,0.0,none,34.0,0.0,1.0,0.945946,35.24324,2.0,1.459459,616.8378,2651247.0,8.213258,0.0,0.0,2.0,2.0,3.0,0.054054,0.162162,636.7058824,21648.0,119.3784,135,24.65013404825737,0,0,0,human(2),0.0,1,1,1,1,0
1.40524e+18,Tondbad3,tondbad3,شیخ مفید,مشروطه خواه شاهنشاهی #پیمان_نوین #وکالت_میدهیم بیزار از ۵۷تی @PahlaviReza را فالو داشته باشید #kingRezaPahlavi,مشروطه خواه شاهنشاهی پیمان_نوین وکالت_میدهیم بیزار از ۵۷تی @PahlaviReza را فالو داشته باشید kingRezaPahlavi,2021-06-16T18:52:21+00:00,5642.0,5195.0,46331.0,0.0,11.0,11397.0,11397.0,0.0,5642.0,1389.0,4.061915,3.740101,1.0,False,0.0,True,False,False,False,1.0,1.0,none,0.0,0.0,3.0,0.0,16.33333,1.0,3.0,1.0,204178.7,8.205184,0.0,0.0,2.0,2.0,1.0,0.333333,1.666667,11394.0,11394.0,0.0,110,1.0860442733397497,0,1,0,bot(1),1.0,1,1,1,1,1
1.02491e+18,searusM,searusm,30rus ♛ 𓄂𖤓 ♟,میهن پرست #جاوید_رضاشاه_دوم,میهن پرست جاوید_رضاشاه_دوم,2018-08-02T06:59:06+00:00,3741.0,1241.0,35031.0,5.0,916.0,19856.0,19856.0,0.0,3741.0,2438.0,1.534454,0.509024,1.0,False,0.0,True,False,False,False,1.0,0.0,none,3.0,0.0,2.0,1.4,40.6,1.0,1.6,414.0,2932308.0,8.144381,0.0,0.0,2.0,2.0,1.0,0.2,0.2,6617.0,19851.0,96.4,27,3.0145044319097503,2,0,0,human(2),0.0,1,1,1,1,0
1.50215e+18,ybensnkr888,ybensnkr888,Ben Behnam M,"Proud ( Iranian / American)          
پادشاهی مشروطه پهلوی","Proud ( Iranian / American) 
 پادشاهی مشروطه پهلوی",2022-03-11T05:22:02+00:00,11880.0,382.0,30521.0,12.0,1872.0,9126.0,9126.0,0.0,11880.0,1121.0,10.59768,0.340767,1.0,False,0.0,True,False,False,False,0.0,0.0,none,61.0,38.0,4.0,0.990654,32.74766,5.0,2.35514,332.7757,531862.7,8.140946,0.0,0.0,2.0,5.0,5.0,0.224299,0.785047,147.9180328,9023.0,77.63551,58,31.099476439790575,0,3,0,human(2),0.0,1,1,1,1,0
9.46807e+17,iranovsky,iranovsky,☼𓃬 ایرانوفسکی 🜲,"ﻣﺎ ﺣﺮﻑ ﻣﯽﮐﻨﯿﻢ، ﺑﺎ ﺫﻫﻦﻫﺎﯼ ﺑﺎﺯﺗﺮ ﺍﺯ ﻻﯼ ﭘـﺎﯾﺘﺎﻥ

#بچه‌ی_رضا

#جاویدشاه","ﻣﺎ ﺣﺮﻑ ﻣﯽﮐﻨﯿﻢ، ﺑﺎ ﺫﻫﻦﻫﺎﯼ ﺑﺎﺯﺗﺮ ﺍﺯ ﻻﯼ ﭘـﺎﯾﺘﺎﻥ
 
 بچه‌ی_رضا
 
 جاویدشاه",2017-12-29T18:14:16+00:00,9650.0,1466.0,100281.0,18.0,1676.0,21591.0,21591.0,0.0,9650.0,2654.0,3.636021,0.552374,1.0,False,0.0,True,False,False,False,1.0,0.0,none,17.0,2.0,5.0,1.054054,21.91892,2.0,0.432432,2134.514,3098182.0,8.135268,0.0,0.0,2.0,6.0,14.0,0.081081,0.297297,1268.647059,21567.0,240.2162,67,6.582537517053206,0,0,0,human(2),0.0,1,1,1,1,0
1.68193e+18,antipantork1,antipantork1,کمپین ضد پانترکیسم,گرچه تُرکی بس عزیز است و زبان مادری ، لیک اگر ایران نگوید لال بادا این زبان,گرچه تُرکی بس عزیز است و زبان مادری ، لیک اگر ایران نگوید لال بادا این زبان,2023-07-20T07:34:44+00:00,9818.0,106.0,1.0,8.0,1361.0,5013.0,5013.0,0.0,9818.0,625.0,15.7088,0.1696,1.0,False,0.0,False,False,False,False,0.0,0.0,none,2.0,0.0,0.0,0.5,9.0,1.0,1.0,2545.0,42869.5,8.0208,0.0,2.0,2.0,2.0,3.0,0.0,0.0,2505.5,5011.0,134.0,75,92.62264150943396,0,1,0,bot(1),1.0,1,1,1,1,0
8.94177e+17,AliAlimartin893,alialimartin893,🕶alimartin(سرباز گارد جاویدان پهلوی )🕶,اعلیحضرت سیروس رضا شاه دوم . ایران یعنی پهلوی ،پهلوی یعنی ایران. #زنده_وجاوید_باد_سلسله_پهلوی #پاینده_ایران_یکپارچه #جاویدشاه   https://t.co/OCEa5qJOHB,اعلیحضرت سیروس رضا شاه دوم . ایران یعنی پهلوی ،پهلوی یعنی ایران. زنده_وجاوید_باد_سلسله_پهلوی پاینده_ایران_یکپارچه جاویدشاه,2017-08-06T12:44:14+00:00,7802.0,810.0,23599.0,9.0,2082.0,22442.0,22442.0,0.0,7802.0,2799.0,2.787424,0.289389,1.0,False,0.0,False,False,False,False,1.0,1.0,none,202.0,1.0,6.0,1.028708,29.99522,2.0,3.167464,198.445,435615.4,8.017864,0.0,0.0,2.0,4.0,1.0,0.15311,0.172249,110.0643564,22233.0,63.32057,151,9.632098765432099,0,3,1,human(2),0.0,1,1,1,1,0
1.67598e+18,pesarrrr,pesarrrr,عن چهره,"اینجا هیچی مقدس نیست،
زور الکی نزن👌🏼 این اکانت مناسب همه سنین نیست🤞🏻","اینجا هیچی مقدس نیست،
 زور الکی نزن این اکانت مناسب همه سنین نیست",2023-07-03T21:28:19+00:00,12660.0,452.0,8984.0,1.0,287.0,5136.0,5136.0,0.0,12660.0,642.0,19.71963,0.70405,1.0,False,0.0,False,False,False,False,0.0,0.0,none,6.0,6.0,27.0,0.666667,12.66667,1.0,0.0,1910.333,150041.3,8.0,0.0,0.0,2.0,2.0,2.0,0.0,0.0,492.1666667,2953.0,93.66667,68,28.008849557522122,0,0,0,bot(1),1.0,1,1,1,1,0
8.09557e+17,shortfairy809,shortfairy809,👑لیلیث LiLiTh🇺🇸,هر طایفه‌ای به من گمانی دارد، من زانِ خودم، چُنان‌که هستم هستم. ورود جدایی طلب، عرزشی، موزاهدین ممنوع.,هر طایفه‌ای به من گمانی دارد، من زانِ خودم، چُنان‌که هستم هستم. ورود جدایی طلب، عرزشی، موزاهدین ممنوع.,2016-12-16T00:34:26+00:00,11661.0,1079.0,189302.0,15.0,1680.0,24209.0,24209.0,0.0,11661.0,3032.0,3.845976,0.355871,1.0,False,0.0,True,False,False,False,0.0,0.0,none,4.0,0.0,4.0,0.625,12.375,2.0,1.0,140.0,7812830.0,7.984499,0.0,0.0,2.0,2.0,1.0,0.625,0.625,6050.25,24201.0,17.625,102,10.80722891566265,0,3,0,human(2),0.0,1,1,1,1,1
1.47051e+18,kouli2017,kouli2017,kouli𓄂𖤓,نور بر تاریکی پیروز است. دشمن ۵۷ی #نیکا_شاکرمی,نور بر تاریکی پیروز است. دشمن ۵۷ی نیکا_شاکرمی,2021-12-13T21:46:36+00:00,7009.0,682.0,29972.0,7.0,1349.0,9613.0,9613.0,0.0,7009.0,1209.0,5.797353,0.564103,1.0,False,0.0,True,False,False,False,1.0,1.0,none,5.0,3.0,4.0,0.538462,13.46154,3.0,1.230769,594.2308,1096125.0,7.951199,0.0,0.0,2.0,4.0,2.0,0.230769,0.769231,1920.2,9601.0,60.23077,46,10.277126099706745,0,4,0,human(2),0.0,1,1,1,1,0
1.20449e+18,rahaaaman,rahaaaman,Raha,Just be beautiful in your sins,Just be beautiful in your sins,2019-12-10T20:04:48+00:00,6111.0,334.0,34951.0,8.0,1285.0,15391.0,15391.0,0.0,6111.0,1943.0,3.145136,0.171899,1.0,False,0.0,True,False,False,False,0.0,0.0,none,1.0,0.0,0.0,0.0,26.0,1.0,1.0,74.0,0.0,7.921256,2.0,2.0,2.0,2.0,2.0,0.0,0.0,15390.0,15390.0,4.0,30,18.29640718562874,0,0,0,human(2),0.0,1,1,1,1,0
1.40446e+18,007mi00,007mi00,👑صخره👑,به نام ایران,به نام ایران,2021-06-14T15:21:49+00:00,3489.0,2762.0,22942.0,1.0,1129.0,10976.0,10976.0,0.0,3489.0,1391.0,2.508267,1.985622,1.0,False,0.0,False,False,False,False,0.0,0.0,none,20.0,1.0,0.0,1.047619,23.38095,1.0,1.857143,585.9048,3307958.0,7.890726,0.0,0.0,1.0,1.0,1.0,0.095238,0.095238,547.75,10955.0,136.8095,12,1.2632150615496018,0,5,0,human(2),0.0,1,1,1,1,0
2172631.0,nimania,nimania,Nima Afshar Naderi,Personalized Public Journal,Personalized Public Journal,2007-03-25T12:57:57+00:00,9512.0,2743.0,92654.0,58.0,6405.0,51857.0,51857.0,0.0,9512.0,6586.0,1.444276,0.41649,0.0,False,0.0,True,False,False,False,0.0,0.0,none,2.0,0.0,1.0,0.8,48.6,1.0,0.0,1060.8,12525212.0,7.873823,0.0,0.0,4.0,4.0,3.0,0.0,0.0,25927.0,51854.0,118.8,27,3.4677360554137806,0,0,0,human(2),0.0,1,1,1,1,0
1.64176e+18,mahsa8659,mahsa8659,☞ღ Mαhsα ღ☜,"👑پادشاهی پهلوی_پاینده ایران_جاوید شاه👑
                          👈مرگ بر سه فاسد ملا چپی مجاهد👉","پادشاهی پهلوی_پاینده ایران_جاوید شاه
  مرگ بر سه فاسد ملا چپی مجاهد",2023-03-31T11:06:54+00:00,5429.0,4565.0,23051.0,0.0,1465.0,5782.0,5782.0,0.0,5429.0,736.0,7.376359,6.202446,1.0,False,0.0,False,False,False,False,0.0,0.0,none,0.0,2.0,68.0,1.02381,6.72619,5.0,1.52381,21.04762,623398.1,7.855978,0.0,0.0,6.0,20.0,15.0,0.690476,1.559524,5712.0,5712.0,6.547619,95,1.1892661555312158,0,4,0,human(2),0.0,1,1,1,1,0
1.18659e+18,Bahar__Bahari,bahar__bahari,Bahar Bahari,Dentist 🦷 /Instagram: @drbahar_bahari /MissintercontinentalIran /دبیر دفتر جوانان حزب ایرانیان کرد میهن پرست/👑,Dentist /Instagram: @drbahar_bahari /MissintercontinentalIran /دبیر دفتر جوانان حزب ایرانیان کرد میهن پرست/,2019-10-22T10:29:49+00:00,11270.0,496.0,26774.0,22.0,1921.0,15639.0,15639.0,0.0,11270.0,1992.0,5.657631,0.248996,1.0,False,0.0,True,False,False,False,0.0,0.0,none,40.0,13.0,2.0,0.732143,30.28571,6.0,1.571429,560.5179,1559541.0,7.850904,0.0,0.0,2.0,3.0,2.0,0.053571,0.053571,389.6,15584.0,106.9286,110,22.721774193548388,0,0,0,human(2),0.0,1,1,1,1,0
1.24725e+18,ImErmia,imermia,Ermia|اِرمیا,شعر کتاب قهوه بارون سوار کاری موسیقی نقاشی  روانشناسی گیتار,شعر کتاب قهوه بارون سوار کاری موسیقی نقاشی روانشناسی گیتار,2020-04-06T19:32:22+00:00,4923.0,5309.0,13111.0,0.0,145.0,14279.0,14279.0,0.0,4923.0,1825.0,2.697534,2.909041,1.0,False,0.0,True,False,False,False,0.0,0.0,none,1.0,0.0,0.0,1.0,34.0,1.0,1.0,62.0,0.0,7.82411,1.0,1.0,1.0,1.0,1.0,0.0,0.0,14278.0,14278.0,0.0,59,0.9272932755697871,0,0,0,can’t find,,1,1,1,1,0
1.50816e+18,Mmlekate,mmlekate,مملکته_داریم؟,"در کشوری زندگی میکنیم که مردمش ۲۰سال ریاضی فیزیک میخونن ولی موقع استخدام باید امتحان توضیح المسائل بدهند 
#مملکته_داریم","در کشوری زندگی میکنیم که مردمش ۲۰سال ریاضی فیزیک میخونن ولی موقع استخدام باید امتحان توضیح المسائل بدهند 
 مملکته_داریم",2022-03-27T19:20:19+00:00,4500.0,326.0,12984.0,5.0,747.0,8591.0,8591.0,0.0,4500.0,1105.0,4.072398,0.295023,1.0,False,0.0,True,False,False,False,1.0,1.0,none,4.0,0.0,1.0,0.6,24.6,1.0,2.4,348.0,7776904.0,7.774661,0.0,0.0,1.0,1.0,1.0,0.2,0.2,2146.5,8586.0,95.0,119,13.803680981595091,0,0,0,human(2),0.0,1,1,1,1,1
1.49435e+18,Dokhi_sag,dokhi_sag,رقیب زید قبلیت,به یاد زیبا ترین دختر دنیا #نیکا_شاکرمی🖤                                                      (تبلیغات و همکاری پذیرفته میشود),به یاد زیبا ترین دختر دنیا نیکا_شاکرمی (تبلیغات و همکاری پذیرفته میشود),2022-02-17T16:37:01+00:00,108307.0,75710.0,18746.0,41.0,1203.0,8870.0,8870.0,0.0,108307.0,1143.0,94.75678,66.23797,1.0,False,0.0,True,False,False,False,1.0,0.0,none,2.0,0.0,1.0,1.0,28.33333,1.0,1.333333,1645.0,3370569.0,7.76028,0.0,0.0,1.0,1.0,1.0,0.0,0.0,4433.5,8867.0,105.3333,126,1.4305507858935411,0,0,0,human(2),0.0,1,1,1,1,1
1.45834e+18,LightofRev,lightofrev,Nico Robin,We can't afford to lose this battle...‌ No matter what! @LightofRev2 : اکانت دوم جهت احتیاط,We can't afford to lose this battle...‌ No matter what! @LightofRev2 : اکانت دوم جهت احتیاط,2021-11-10T07:36:36+00:00,5829.0,131.0,65507.0,16.0,3297.0,9631.0,9631.0,0.0,5829.0,1242.0,4.693237,0.105475,1.0,False,0.0,True,False,False,False,0.0,1.0,none,1.0,0.0,0.0,1.0,48.0,1.0,1.0,450.0,0.0,7.754428,1.0,1.0,1.0,1.0,1.0,0.0,0.0,9630.0,9630.0,281.0,91,44.49618320610687,0,0,0,human(2),0.0,1,1,1,1,0
1.13293e+18,zhina2019,zhina2019,Zhina,,,2019-05-27T08:34:44+00:00,5618.0,6971.0,79748.0,1.0,76.0,16569.0,16569.0,0.0,5618.0,2140.0,2.625234,3.257477,1.0,False,0.0,False,False,False,False,0.0,0.0,none,1.0,0.0,0.0,0.0,13.0,1.0,3.0,106.0,0.0,7.742523,1.0,1.0,1.0,1.0,1.0,0.0,0.0,16568.0,16568.0,21.0,0,0.805910199397504,0,4,0,bot(1),1.0,1,1,0,1,0
1.02601e+18,Haleh_Panzer,haleh_panzer,Haleh👑,,,2018-08-05T07:53:57+00:00,4034.0,3868.0,67487.0,1.0,679.0,18684.0,18684.0,0.0,4034.0,2435.0,1.656674,1.588501,1.0,False,0.0,False,False,False,False,0.0,0.0,none,7.0,1.0,39.0,0.327869,18.42623,3.0,1.163934,15.77049,994575.4,7.673101,0.0,0.0,12.0,12.0,15.0,0.540984,1.245902,2662.428571,18637.0,5.737705,0,1.0429162357807653,0,0,0,human(2),0.0,1,1,0,1,0
9.50268e+17,AsgharSepehri,asgharsepehri,Asghar Sepehri,,,2018-01-08T07:26:50+00:00,40331.0,941.0,85283.0,106.0,2834.0,20076.0,20076.0,0.0,40331.0,2644.0,15.25378,0.3559,1.0,False,0.0,True,False,False,False,0.0,0.0,none,3.0,3.0,0.0,0.857143,142.2857,1.0,1.857143,3864.571,7616212.0,7.593041,0.0,0.0,2.0,2.0,2.0,0.142857,0.142857,6690.0,20070.0,1047.0,0,42.85972369819341,0,0,0,human(2),0.0,1,1,0,1,1
1.29098e+18,MbShahnaz,mbshahnaz,Shahnaz M👑,One of the first female police officers in Iran (60ies)| Msc,One of the first female police officers in Iran (60ies)| Msc,2020-08-05T12:00:00+00:00,4461.0,4223.0,35349.0,5.0,1275.0,12933.0,12933.0,0.0,4461.0,1704.0,2.617958,2.478286,1.0,False,0.0,True,False,False,False,0.0,1.0,none,1.0,17.0,42.0,0.052632,26.5,2.0,2.289474,5.289474,64548.42,7.589789,0.0,0.0,6.0,10.0,17.0,0.5,1.407895,12873.0,12873.0,1.328947,60,1.0563580393085483,0,0,0,human(2),0.0,1,1,1,1,0
1.63949e+18,AliZolg85051503,alizolg85051503,Ali Zolghadr,,,2023-03-25T04:46:40+00:00,3691.0,4933.0,136805.0,0.0,630.0,5625.0,5625.0,0.0,3691.0,742.0,4.974394,6.648248,1.0,False,0.0,False,False,False,False,0.0,0.0,none,0.0,0.0,30.0,0.941176,14.23529,2.0,2.0,5.352941,123237.6,7.580863,0.0,0.0,5.0,7.0,5.0,0.676471,1.588235,5595.0,5595.0,0.705882,0,0.7482262315021285,0,8,0,bot(1),1.0,1,1,0,1,0
1.33859e+18,iman_inj,iman_inj,IMAN. SHiT FliP,"Let's dive into the exciting world of crypto projects that could transform your financial future!.       
اموزش ها سنجاق شده","Let's dive into the exciting world of crypto projects that could transform your financial future!. 
 اموزش ها سنجاق شده",2020-12-14T20:49:11+00:00,5406.0,847.0,26884.0,0.0,1410.0,11906.0,11906.0,0.0,5406.0,1573.0,3.436745,0.538462,1.0,False,0.0,True,False,False,False,0.0,0.0,none,3.0,0.0,1.0,1.5,45.0,1.0,2.0,20.75,585913.3,7.568976,0.0,0.0,2.0,2.0,1.0,0.0,0.0,3967.333333,11902.0,1.0,124,6.382526564344746,0,0,0,human(2),0.0,1,1,1,1,0
7.15302e+17,_Hassan_sabbah_,_hassan_sabbah_,حسن صباح - Hassan Sabbah,"Konstantin Tsiolkovsky: The Earth is the cradle of humanity, but mankind cannot stay in the cradle forever.","Konstantin Tsiolkovsky: The Earth is the cradle of humanity, but mankind cannot stay in the cradle forever.",2016-03-30T22:17:50+00:00,5552.0,971.0,12367.0,35.0,6705.0,24826.0,24826.0,0.0,5552.0,3293.0,1.686001,0.294868,1.0,False,0.0,True,False,False,False,0.0,0.0,none,0.0,1.0,0.0,0.0,403.0,1.0,0.0,12.0,0.0,7.539022,1.0,1.0,1.0,1.0,1.0,0.0,0.0,24825.0,24825.0,5.0,107,5.717816683831102,0,0,0,human(2),0.0,1,1,1,1,0
1.46134e+18,GhoreishiR,ghoreishir,انتخابات ریاست جمهوری آمریکا 2024,تحلیل گر انتخابات آمریکا، ساکن ایالات متحده، فعال سیاسی از حزب جمهوری خواه آمریکا,تحلیل گر انتخابات آمریکا، ساکن ایالات متحده، فعال سیاسی از حزب جمهوری خواه آمریکا,2021-11-18T14:25:02+00:00,5070.0,30.0,100.0,9.0,8652.0,9290.0,9290.0,0.0,5070.0,1234.0,4.10859,0.024311,1.0,False,0.0,True,False,False,False,0.0,0.0,none,4.0,0.0,0.0,1.0,19.75,1.0,0.75,954.75,78897.0,7.528363,0.0,0.0,2.0,4.0,5.0,0.0,0.0,2321.5,9286.0,54.25,81,169.0,4,0,0,bot(1),1.0,1,1,1,1,0
1073323008.0,LadiKhanom,ladikhanom,Ladan Boroumand,"Co-founder of Abdorrahman Boroumand Center for Human Rights in Iran. Honorary Professor of History, University of Parma, Italy.
 فحش و افترا بلاک میشود","Co-founder of Abdorrahman Boroumand Center for Human Rights in Iran. Honorary Professor of History, University of Parma, Italy.
  فحش و افترا بلاک میشود",2013-01-09T09:47:41+00:00,19347.0,1158.0,46606.0,96.0,384.0,33482.0,33482.0,0.0,19347.0,4469.0,4.329156,0.259118,1.0,False,0.0,False,False,False,False,0.0,0.0,none,0.0,1.0,0.0,0.0,32.0,1.0,0.0,879.0,0.0,7.492056,1.0,1.0,1.0,1.0,1.0,0.0,0.0,33481.0,33481.0,102.0,151,16.707253886010363,0,0,0,human(2),0.0,1,1,1,1,1
9.69985e+17,dariush25371,dariush25371,#زن_زندگی_آزادی,خامنه ای درونمون رو بکشیم به راحتی حکومت تروریستی اسلامی رو در گورستان تاریخ دفن میکنیم و به  زن _زندگی _ آزادی  میرسیم,خامنه ای درونمون رو بکشیم به راحتی حکومت تروریستی اسلامی رو در گورستان تاریخ دفن میکنیم و به زن _زندگی _ آزادی میرسیم,2018-03-03T17:15:39+00:00,3086.0,2983.0,177160.0,2.0,2456.0,19342.0,19342.0,0.0,3086.0,2590.0,1.191506,1.151737,1.0,False,0.0,True,False,False,False,0.0,0.0,none,1.0,0.0,0.0,1.0,17.0,1.0,1.0,0.0,0.0,7.467954,1.0,1.0,1.0,1.0,1.0,0.0,0.0,19341.0,19341.0,0.0,119,1.0345289976533691,0,5,0,human(2),0.0,1,1,1,1,0
1.55809e+18,0mhp037,0mhp037,یکی بود یکی نبود 📖,"یه آدم ساده پر از سوال‌های سخت!

/اکانت قبلی قربانی آزادی بیان دروغین شد/","یه آدم ساده پر از سوال‌های سخت!
 
 /اکانت قبلی قربانی آزادی بیان دروغین شد/",2022-08-12T14:00:00+00:00,5185.0,4942.0,13660.0,4.0,414.0,7206.0,7206.0,0.0,5185.0,967.0,5.361944,5.110651,1.0,False,0.0,False,False,False,False,0.0,0.0,none,1.0,0.0,0.0,1.0,56.0,1.0,1.0,2126.0,0.0,7.451913,2.0,2.0,2.0,2.0,2.0,0.0,0.0,7205.0,7205.0,197.0,73,1.0491703763658438,0,4,0,human(2),0.0,1,1,1,1,0
1.59103e+18,ayazi_kamran,ayazi_kamran,Kamran Ayazi,"Dentist, musician, poet, blogger, satirist and former political prisoner in Iran.","Dentist, musician, poet, blogger, satirist and former political prisoner in Iran.",2022-11-11T11:40:55+00:00,3948.0,205.0,47668.0,8.0,1609.0,6459.0,6459.0,0.0,3948.0,876.0,4.506849,0.234018,1.0,False,0.0,False,False,False,False,0.0,0.0,none,11.0,6.0,1.0,0.421053,36.68421,2.0,1.473684,465.9474,3296127.0,7.373288,0.0,0.0,2.0,3.0,2.0,0.105263,0.105263,585.5454545,6441.0,71.52632,81,19.258536585365853,0,0,0,bot(1),1.0,1,1,1,1,0
1.57772e+18,sepiedhia,sepiedhia,Sepideh | سپیده بانو,بانوی ایران زمین؛ کنجکاو و جستجوگر | پوزش بابت اشتباهات تایپی,بانوی ایران زمین؛ کنجکاو و جستجوگر | پوزش بابت اشتباهات تایپی,2022-10-05T17:39:52+00:00,24540.0,595.0,67519.0,63.0,1381.0,6630.0,6630.0,0.0,24540.0,913.0,26.87842,0.651698,1.0,False,0.0,True,False,False,False,0.0,0.0,none,27.0,1.0,2.0,1.064516,28.67742,1.0,1.612903,1811.484,2021054.0,7.261774,0.0,0.0,2.0,2.0,2.0,0.032258,0.032258,244.4444444,6600.0,385.6452,61,41.2436974789916,0,0,0,human(2),0.0,1,1,1,1,1
7.25728e+17,lilireyyy,lilireyyy,Leyli,چو ایران نباشد، تن من مباد... #جاوید_شاه 👑,چو ایران نباشد، تن من مباد... جاوید_شاه,2016-04-28T16:46:24+00:00,4694.0,2815.0,50605.0,6.0,806.0,23695.0,23695.0,0.0,4694.0,3264.0,1.438113,0.862439,0.0,False,0.0,True,False,False,False,1.0,0.0,none,0.0,0.0,1.0,1.0,3.0,1.0,0.0,211.0,0.0,7.259498,1.0,1.0,1.0,1.0,1.0,0.0,0.0,23694.0,23694.0,50.0,42,1.6674955595026644,0,0,0,unverified(4),,1,1,1,1,0
9.96061e+17,Bahram2541,bahram2541,👑Bahram,"#پاینده_ایران
#جاویدشاه","پاینده_ایران
 جاویدشاه",2018-05-14T16:15:42+00:00,4473.0,239.0,79025.0,2.0,561.0,18267.0,18267.0,0.0,4473.0,2518.0,1.77641,0.094917,1.0,False,0.0,True,False,False,False,1.0,0.0,none,0.0,0.0,9.0,0.0,26.23077,3.0,1.615385,2.769231,403940.2,7.254567,0.0,0.0,4.0,4.0,5.0,0.692308,1.307692,18258.0,18258.0,0.384615,23,18.715481171548117,0,4,0,human(2),0.0,1,1,1,1,0
9.89887e+17,mahboubeh_mdi,mahboubeh_mdi,Mahboubeh Moradi,"Master langue, littérature et civilisation @inalco 
patriote

#No2IR
معتقد به پادشاهی مشروطه","Master langue, littérature et civilisation @inalco 
 patriote
 
 No2IR
 معتقد به پادشاهی مشروطه",2018-04-27T15:21:08+00:00,8689.0,595.0,86385.0,27.0,1727.0,18371.0,18371.0,0.0,8689.0,2535.0,3.427613,0.234714,1.0,False,0.0,True,False,False,False,1.0,1.0,none,15.0,2.0,0.0,1.086957,64.0,1.0,1.391304,1611.87,4324510.0,7.246943,0.0,0.0,2.0,4.0,7.0,0.0,0.0,1223.6,18354.0,219.2609,92,14.603361344537815,0,0,0,human(2),0.0,1,1,1,1,0
1.04004e+18,arsh9933,arsh9933,arsh🎗️,"🌹❤️فرزند پرچم هستم🌹❤️

👑عاشق رضاشاه دوم 👑
جاوید شاه❤️❤️","فرزند پرچم هستم
 
 عاشق رضاشاه دوم 
 جاوید شاه",2018-09-13T00:55:03+00:00,3383.0,4003.0,65145.0,7.0,4813.0,17354.0,17354.0,0.0,3383.0,2396.0,1.411937,1.670701,1.0,False,0.0,True,False,False,False,0.0,0.0,none,1.0,120.0,26.0,0.97449,30.91837,3.0,3.52551,124.0663,250012.2,7.242905,0.0,0.0,14.0,20.0,50.0,0.127551,0.392857,17207.0,17207.0,22.65816,55,0.8451161628778416,0,4,0,human(2),0.0,1,1,1,1,0
156677595.0,hzarkesh,hzarkesh,Houman Zarkesh,"Iranian-Canadian, monarchist, common sense, against the wokeism, left, socialism and gender ideology. member of CCFR","Iranian-Canadian, monarchist, common sense, against the wokeism, left, socialism and gender ideology. member of CCFR",2010-06-17T15:57:31+00:00,6392.0,2411.0,80517.0,5.0,847.0,39047.0,39047.0,0.0,6392.0,5406.0,1.18239,0.445986,1.0,False,0.0,True,False,False,False,0.0,0.0,none,4.0,0.0,0.0,0.5,32.0,2.0,0.75,145.5,17137771.0,7.2229,0.0,0.0,1.0,1.0,1.0,0.0,0.0,9760.75,39043.0,26.0,116,2.6511820821236003,0,0,0,human(2),0.0,1,1,1,1,0
4894308634.0,ardeshiramiri,ardeshiramiri,اردشیر,,,2016-02-10T07:00:44+00:00,5132.0,13.0,96990.0,22.0,2535.0,23928.0,23928.0,0.0,5132.0,3342.0,1.535607,0.00389,0.0,False,0.0,False,False,False,False,0.0,0.0,none,1.0,1.0,0.0,0.333333,5.333333,1.0,0.333333,271.6667,33044044.0,7.159785,0.0,0.0,2.0,2.0,2.0,0.0,0.0,23926.0,23926.0,39.33333,0,394.7692307692308,0,0,0,human(2),0.0,1,1,0,1,0
620393146.0,SalmanSima,salmansima,Salman Sima,"Fighting Dictatorships and Corrupt Regimes | Fled Iran after imprisonment, torture and hunger strikes | Working for a better tomorrow.","Fighting Dictatorships and Corrupt Regimes | Fled Iran after imprisonment, torture and hunger strikes | Working for a better tomorrow.",2012-06-27T22:11:12+00:00,54246.0,1632.0,189364.0,217.0,3242.0,33357.0,33357.0,0.0,54246.0,4665.0,11.6283,0.349839,0.0,False,0.0,True,False,False,False,0.0,0.0,none,8.0,2.0,0.0,0.818182,50.18182,2.0,2.181818,396.3636,6091093.0,7.150482,0.0,0.0,2.0,2.0,2.0,0.090909,0.090909,4168.375,33347.0,91.72727,134,33.2389705882353,0,0,0,human(2),0.0,1,1,1,1,0
1.26451e+18,Parvin965631051,parvin965631051,صدف,@Parvin9656310,@Parvin9656310,2020-05-24T11:06:10+00:00,4890.0,3602.0,52949.0,4.0,3043.0,12620.0,12620.0,0.0,4890.0,1777.0,2.751829,2.027012,1.0,False,0.0,False,False,False,False,0.0,1.0,none,4.0,0.0,0.0,1.0,20.25,1.0,4.25,107.0,2830381.0,7.101857,0.0,0.0,1.0,1.0,1.0,0.0,0.0,3154.0,12616.0,32.5,14,1.3575791227096057,0,9,0,bot(1),1.0,1,1,1,1,1
1.40703e+18,Pahlavi3vom,pahlavi3vom,👑جوانان شیک پاسارگادی👑,👑هر آنکس که بر پادشاه دشمن است// روانش  گرفتار اهریمن است 👑                                   👑نیابد زبان جز بدین نکته راه///که همواره جاوید و پاینده شاه👑,هر آنکس که بر پادشاه دشمن است// روانش گرفتار اهریمن است نیابد زبان جز بدین نکته راه///که همواره جاوید و پاینده شاه,2021-06-21T17:46:42+00:00,3791.0,1800.0,11042.0,3.0,900.0,9825.0,9825.0,0.0,3791.0,1384.0,2.739162,1.300578,1.0,False,0.0,True,False,False,False,0.0,0.0,none,0.0,2.0,0.0,0.0,30.0,1.0,3.0,12.0,193059.5,7.098988,0.0,0.0,1.0,1.0,1.0,0.0,0.0,9823.0,9823.0,4.5,154,2.1061111111111113,0,1,0,bot(1),1.0,1,1,1,1,0
1.10112e+18,ParthianE,parthiane,👑آرتمیس👑,از آن روز ایران ویرانه شد که نان آورش تازی بیگانه شد. جاوید شاه,از آن روز ایران ویرانه شد که نان آورش تازی بیگانه شد. جاوید شاه,2019-02-28T13:46:21+00:00,6511.0,3797.0,45684.0,7.0,2714.0,15797.0,15797.0,0.0,6511.0,2228.0,2.922352,1.704219,1.0,False,0.0,False,False,False,False,0.0,0.0,none,9.0,0.0,0.0,0.888889,21.88889,1.0,2.0,347.3333,3654617.0,7.090215,0.0,0.0,1.0,1.0,1.0,0.0,0.0,1754.222222,15788.0,65.66667,63,1.7147748222280748,0,0,0,can’t find,,1,1,1,1,0
4420207816.0,kasrakarimi3,kasrakarimi3,(مُحارب) Kasra,"From KermanSHAH. | Freedom fighter| مهندس ساختمان - Construction Engineer | 𝕏’ing in Persian,English, Danish&Kurdish. Host of “@NasleAkhar” podcast","From KermanSHAH. | Freedom fighter| مهندس ساختمان - Construction Engineer | 𝕏’ing in Persian,English, Danish&Kurdish. Host of “@NasleAkhar” podcast",2015-12-08T22:23:06+00:00,21046.0,1978.0,59823.0,37.0,6577.0,24129.0,24129.0,0.0,21046.0,3406.0,6.179096,0.58074,1.0,False,0.0,True,False,False,False,0.0,0.0,none,56.0,8.0,3.0,0.985075,24.23881,4.0,1.850746,768.7164,531088.9,7.084263,0.0,0.0,4.0,7.0,2.0,0.208955,0.208955,429.6785714,24062.0,139.5075,147,10.640040444893833,0,1,0,human(2),0.0,1,1,1,1,0
9.83369e+17,mirakh838,mirakh838,mirakh,برانداز #جمهوریخواه/مخالف بت سازی از هرچیز و هرکس/اينجا علیه ارزشی، اصلاح‌طلب، سلطنت‌طلب و مجاهد توييت ميشود/فقط کسانیکه فحش میدن بلاک میشن/ایران❤️,برانداز جمهوریخواه/مخالف بت سازی از هرچیز و هرکس/اينجا علیه ارزشی، اصلاح‌طلب، سلطنت‌طلب و مجاهد توييت ميشود/فقط کسانیکه فحش میدن بلاک میشن/ایران,2018-04-09T15:39:51+00:00,3319.0,562.0,60769.0,8.0,2938.0,18055.0,18055.0,0.0,3319.0,2553.0,1.300039,0.220133,1.0,False,0.0,True,False,False,False,1.0,0.0,none,0.0,1.0,0.0,1.0,37.0,1.0,1.0,206.0,0.0,7.072072,1.0,1.0,1.0,1.0,1.0,0.0,0.0,18054.0,18054.0,49.0,147,5.905693950177936,0,3,0,human(2),0.0,1,1,1,1,0
1.0612e+18,niko123niki,niko123niki,م.ص.درویش,"درویش چو یارِ #پادشاهی شاهی👑
 @PahlaviReza 👑👑👑","درویش چو یارِ پادشاهی شاهی
  @PahlaviReza",2018-11-10T09:54:52+00:00,16611.0,9567.0,93953.0,7.0,4844.0,16518.0,16518.0,0.0,16611.0,2338.0,7.10479,4.091959,1.0,False,0.0,False,False,False,False,1.0,0.0,none,544.0,0.0,26.0,0.961598,43.17204,2.0,2.0,126.298,176056.2,7.065013,0.0,0.0,8.0,12.0,87.0,0.010753,0.010753,29.31617647,15948.0,34.37327,46,1.7362809658200062,0,3,0,human(2),0.0,1,1,1,1,0
8.91902e+17,DeTahmineh,detahmineh,Tahmineh Dehbozorgi,⚖️ Attorney @IJ Fighting for Free Minds & Free Markets | Speaker @DissidentProj | 🇺🇸 American Dream Enjoyer | Metalhead | views are mine,Attorney @IJ Fighting for Free Minds & Free Markets | Speaker @DissidentProj | American Dream Enjoyer | Metalhead | views are mine,2017-07-31T06:04:59+00:00,14045.0,2959.0,25956.0,99.0,2122.0,19791.0,19791.0,0.0,14045.0,2805.0,5.00713,1.054902,0.0,False,0.0,True,False,False,False,0.0,0.0,none,1.0,1.0,1.0,0.666667,38.0,2.0,0.0,11.33333,72831.0,7.055615,0.0,0.0,1.0,2.0,1.0,0.0,0.666667,19788.0,19788.0,1.333333,136,4.746535991889152,0,0,0,human(2),0.0,1,1,1,1,0
1.22115e+18,KingMaziyar,kingmaziyar,👑KING♠️,راه درجهان یکیست وآن راه  پادشاهیست ،درفش شیر وخورشید از بس زندگی نکردیم ترس از مُردن نداریم، کرماشان کرمانشاهان با جاویدشاه به دروازه های تمدن بزرگ میرسیم,راه درجهان یکیست وآن راه پادشاهیست ،درفش شیر وخورشید از بس زندگی نکردیم ترس از مُردن نداریم، کرماشان کرمانشاهان با جاویدشاه به دروازه های تمدن بزرگ میرسیم,2020-01-25T19:08:38+00:00,3547.0,1556.0,197917.0,7.0,1450.0,13265.0,13265.0,0.0,3547.0,1897.0,1.869794,0.820242,1.0,False,0.0,True,False,False,False,0.0,0.0,none,3.0,1.0,38.0,0.192308,17.40385,2.0,1.884615,11.69231,2331181.0,6.99262,0.0,0.0,4.0,10.0,11.0,0.615385,1.25,4407.666667,13223.0,2.134615,155,2.2795629820051415,0,0,0,bot(1),1.0,1,1,1,1,0
1.57977e+18,barayeiran9,barayeiran9,جِِسی بی خدا,کارما آدرس همتونو داره; حتی اگر بی خانمان باشید..!,کارما آدرس همتونو داره; حتی اگر بی خانمان باشید..!,2022-10-11T09:30:04+00:00,12641.0,2891.0,189866.0,9.0,1233.0,6329.0,6329.0,0.0,12641.0,907.0,13.93716,3.187431,1.0,False,0.0,False,False,False,False,0.0,0.0,none,93.0,0.0,0.0,1.125,19.39583,2.0,1.104167,1176.604,312314.1,6.977949,0.0,0.0,2.0,5.0,4.0,0.0,0.0,67.05376344,6236.0,178.3854,50,4.37253545485991,0,1,0,human(2),0.0,1,1,1,1,0
1.27733e+18,Airf0rArts,airf0rarts,Air,Art of Iraninan Revolution,Art of Iraninan Revolution,2020-06-28T19:59:52+00:00,39106.0,11232.0,46906.0,19.0,82.0,12134.0,12134.0,0.0,39106.0,1742.0,22.44891,6.447761,1.0,False,0.0,True,False,False,False,0.0,0.0,none,2.0,0.0,0.0,1.0,5.5,2.0,1.5,62.5,335853.5,6.965557,0.0,0.0,2.0,2.0,3.0,0.0,0.0,6066.0,12132.0,13.5,26,3.481659544159544,0,1,0,News Agent(3),,1,1,1,1,1
48692711.0,green_Amir,green_amir,Amir_A,"لب گود نشستم میگم لنگش کن. Mehr als die Vergangenheit interessiert mich die Zukunft, denn in ihr gedenke ich zu leben","لب گود نشستم میگم لنگش کن. Mehr als die Vergangenheit interessiert mich die Zukunft, denn in ihr gedenke ich zu leben",2009-06-19T12:33:28+00:00,5263.0,1115.0,87507.0,8.0,1997.0,40173.0,40173.0,0.0,5263.0,5769.0,0.91229,0.193274,1.0,False,0.0,True,False,False,False,0.0,0.0,none,11.0,0.0,0.0,1.454545,18.81818,1.0,1.545455,318.9091,4266512.0,6.963599,0.0,0.0,1.0,1.0,1.0,0.0,0.0,3651.090909,40162.0,51.09091,117,4.720179372197309,0,0,0,human(2),0.0,1,1,1,1,0
1485824444.0,BobbyHeravi,bobbyheravi,خبربین,"Babak Heravi, Journalist & Political Analyst - Middle East & Iran
فالو بک به معنای تایید نیست","Babak Heravi, Journalist & Political Analyst - Middle East & Iran
 فالو بک به معنای تایید نیست",2013-06-05T19:28:37+00:00,29071.0,4218.0,112032.0,40.0,1700.0,30082.0,30082.0,0.0,29071.0,4322.0,6.726284,0.975937,1.0,False,0.0,True,False,False,False,0.0,0.0,none,5.0,0.0,1.0,0.333333,22.66667,1.0,1.0,524.3333,12427469.0,6.960204,0.0,0.0,1.0,1.0,1.0,0.0,0.5,6015.2,30076.0,154.6667,93,6.89212897107634,0,0,0,human(2),0.0,1,1,1,1,0
1.42553e+18,Siavashshahy,siavashshahy,👑Siavash,"‏‏‏‏‏طرفدار سر سخت خاندان بزرگ پهلوی 

دشمن آخوند","‏‏‏‏‏طرفدار سر سخت خاندان بزرگ پهلوی 
 
 دشمن آخوند",2021-08-11T18:34:10+00:00,6609.0,4282.0,24886.0,7.0,106.0,9254.0,9254.0,0.0,6609.0,1333.0,4.957989,3.212303,1.0,False,0.0,False,False,False,False,0.0,0.0,none,2.0,0.0,1.0,0.333333,21.66667,1.0,1.666667,400.6667,3709058.0,6.942236,0.0,0.0,1.0,1.0,1.0,0.333333,0.333333,4625.5,9251.0,51.33333,49,1.5434376459598318,0,0,0,bot(1),1.0,1,1,1,1,0
4782551.0,Vahid,vahid,Vahid Online,"Netizen, News Lover, Media Watcher, Social Media Observer, #Iran, #ایران, Iranian,Persian,Farsi
وحید آنلاین، شهروند کنجکاو اینترنت","Netizen, News Lover, Media Watcher, Social Media Observer, Iran, ایران, Iranian,Persian,Farsi
 وحید آنلاین، شهروند کنجکاو اینترنت",2007-04-15T17:59:06+00:00,507471.0,6987.0,121751.0,1156.0,4349.0,45420.0,45420.0,0.0,507471.0,6565.0,77.29947,1.06428,0.0,False,0.0,True,False,False,False,1.0,0.0,regular,1.0,0.0,0.0,1.0,8.0,1.0,1.0,4324.0,0.0,6.918507,1.0,1.0,1.0,1.0,1.0,0.0,0.0,45419.0,45419.0,811.0,130,72.63074280807213,0,0,0,News Agent(3),,1,1,1,1,1
1239655549.0,proudlypersian1,proudlypersian1,Alfred || 👑 ||,پادشاهی‌خواه |◼️| هوادار رضاشاه دوم |◼️| آگنوستیک,پادشاهی‌خواه || هوادار رضاشاه دوم || آگنوستیک,2013-03-03T19:23:08+00:00,3320.0,1739.0,46157.0,3.0,3369.0,30204.0,30204.0,0.0,3320.0,4416.0,0.751812,0.393795,1.0,False,0.0,True,False,False,False,0.0,0.0,none,301.0,20.0,8.0,0.908571,19.76857,3.0,1.66,251.3857,169663.5,6.839674,0.0,0.0,4.0,14.0,22.0,0.048571,0.082857,99.25249169,29875.0,48.39429,49,1.9091431857389305,0,1,0,human(2),0.0,1,1,1,1,0
1.29868e+18,shirkhaan69,shirkhaan69,شیرخان 🎩,ماچت کنم ده تا بخیه میخوری,ماچت کنم ده تا بخیه میخوری,2020-08-26T17:54:01+00:00,9284.0,4024.0,20325.0,13.0,2674.0,11334.0,11334.0,0.0,9284.0,1683.0,5.51634,2.390969,1.0,False,0.0,True,False,False,False,0.0,0.0,none,14.0,0.0,0.0,1.0,12.78571,1.0,1.0,366.7857,659008.0,6.734403,0.0,0.0,2.0,3.0,1.0,0.0,0.0,808.5714286,11320.0,49.57143,26,2.3071570576540754,0,2,0,human(2),0.0,1,1,1,1,0
2992558792.0,esmailpour_m,esmailpour_m,Morteza Esmailpour مرتضی اسماعیل‌پور,FREEDOM IS NOT FREE. Expert in strategic political Affairs (Middle East) / Analyst and Researcher https://t.co/aHdolg4RWj,FREEDOM IS NOT FREE. Expert in strategic political Affairs (Middle East) / Analyst and Researcher,2015-01-22T17:00:29+00:00,111557.0,260.0,22652.0,200.0,3895.0,25055.0,25055.0,0.0,111557.0,3726.0,29.94015,0.06978,0.0,False,0.0,True,False,False,False,0.0,1.0,none,2.0,0.0,0.0,1.0,35.0,1.0,0.333333,2138.333,20885640.0,6.724369,0.0,0.0,2.0,2.0,2.0,0.0,0.0,12526.5,25053.0,255.0,121,429.06538461538463,0,0,1,human(2),0.0,1,1,1,1,1
9.75495e+17,zhiyan_shah,zhiyan_shah,zhiyan,یک ایرانی کُرد، ایران پرست هستم. #پاینده_ایران #پهلویسم #جاویدشاه,یک ایرانی کُرد، ایران پرست هستم. پاینده_ایران پهلویسم جاویدشاه,2018-03-18T22:10:17+00:00,4251.0,696.0,62421.0,5.0,2130.0,17250.0,17250.0,0.0,4251.0,2575.0,1.650874,0.270291,1.0,False,0.0,True,False,False,False,1.0,0.0,none,68.0,31.0,67.0,0.946429,20.77976,5.0,2.434524,189.131,393057.1,6.699029,0.0,0.0,5.0,10.0,3.0,0.303571,0.666667,251.2352941,17084.0,43.23214,65,6.107758620689655,0,0,0,human(2),0.0,1,1,1,1,0
1.19599e+18,secular_d,secular_d,secular democracy,"Political activist، supporter of human rights
زن زندگی آزادی","Political activist، supporter of human rights
 زن زندگی آزادی",2019-11-17T08:53:46+00:00,4311.0,170.0,24611.0,22.0,5797.0,13068.0,13068.0,0.0,4311.0,1966.0,2.192777,0.08647,1.0,False,0.0,True,False,False,False,0.0,0.0,none,2.0,0.0,0.0,1.0,387.0,1.0,0.5,812.0,134861.5,6.646999,0.0,0.0,2.0,2.0,3.0,0.0,0.0,6533.0,13066.0,123.0,60,25.358823529411765,0,0,0,human(2),0.0,1,1,1,1,0
2545462433.0,AriaOmid,ariaomid,Omid Aria ©️™️,Median and Persian Heritages,Median and Persian Heritages,2014-05-13T17:45:17+00:00,5138.0,1604.0,34764.0,20.0,1039.0,26332.0,26332.0,0.0,5138.0,3980.0,1.290955,0.403015,1.0,False,0.0,True,False,False,False,0.0,0.0,none,2.0,0.0,1.0,0.0,40.33333,1.0,1.0,1.333333,257476.0,6.61608,0.0,0.0,2.0,2.0,1.0,0.0,0.0,13164.5,26329.0,0.0,28,3.2032418952618453,0,0,0,human(2),0.0,1,1,1,1,0
1.0331e+18,EghbaliBabak,eghbalibabak,👑 Babak 👑,"تاج و تخت شاهی برازنده اعلیحضرت رضاشاه دوم
👑رضاشاه روحت شاد👑
👑شاهنشاه روحت شاد👑
👑جاویدشاه👑","تاج و تخت شاهی برازنده اعلیحضرت رضاشاه دوم
 رضاشاه روحت شاد
 شاهنشاه روحت شاد
 جاویدشاه",2018-08-24T21:01:46+00:00,6711.0,4432.0,95756.0,8.0,1904.0,15825.0,15825.0,0.0,6711.0,2416.0,2.777732,1.834437,1.0,False,0.0,True,False,False,False,0.0,0.0,none,1.0,0.0,3.0,1.0,9.2,2.0,1.0,18.6,5098526.0,6.550083,0.0,0.0,2.0,2.0,2.0,0.2,1.4,15821.0,15821.0,5.8,90,1.5142148014440433,0,0,0,human(2),0.0,1,1,1,1,0
1.03343e+18,FAZEL_TWT,fazel_twt,پوریا فاضل | pouriya fazel,"سرباز وطن/ پسر خاک /محافظ دریا/
بدون مرز...
#وارثین","سرباز وطن/ پسر خاک /محافظ دریا/
 بدون مرز...
 وارثین",2018-08-25T18:54:22+00:00,7879.0,388.0,26156.0,12.0,1963.0,15784.0,15784.0,0.0,7879.0,2415.0,3.262526,0.160663,1.0,False,0.0,True,False,False,False,1.0,0.0,none,1.0,0.0,0.0,1.0,10.0,1.0,1.0,336.0,0.0,6.535818,1.0,1.0,1.0,1.0,1.0,0.0,0.0,15783.0,15783.0,37.0,51,20.306701030927837,0,0,0,human(2),0.0,1,1,1,1,0
1252857842.0,FardadFarahzad,fardadfarahzad,Fardad Farahzad | فرداد فرحزاد,"Journalist | روزنامه‌نگار | Host of 24 with Fardad Farahzad on @IranIntl 

fardad@farahzad.com
‌","Journalist | روزنامه‌نگار | Host of 24 with Fardad Farahzad on @IranIntl 
 
 fardad@farahzad.com
 ‌",2013-03-08T22:13:18+00:00,607588.0,9314.0,106092.0,755.0,22447.0,28730.0,28730.0,0.0,607588.0,4411.0,137.7438,2.111539,1.0,False,0.0,True,False,False,False,0.0,1.0,regular,1.0,0.0,0.0,1.0,15.0,1.0,0.0,1855.0,0.0,6.513262,1.0,1.0,1.0,1.0,1.0,0.0,0.0,28729.0,28729.0,107.0,96,65.23384152888126,0,0,0,can’t find,,1,1,1,1,1
1.37173e+18,MasoudSlii,masoudslii,Masoud ‌Salehi,باورمند به حاکمیت ملی و توسعه پایدار,باورمند به حاکمیت ملی و توسعه پایدار,2021-03-16T07:41:37+00:00,3467.0,286.0,54572.0,19.0,984.0,9587.0,9587.0,0.0,3467.0,1481.0,2.340986,0.193113,1.0,False,0.0,True,False,False,False,0.0,0.0,none,0.0,1.0,0.0,1.0,46.0,1.0,0.0,279.0,0.0,6.473329,1.0,1.0,1.0,1.0,1.0,0.0,0.0,9586.0,9586.0,59.0,36,12.122377622377622,0,0,0,human(2),0.0,1,1,1,1,0
1.09468e+18,GIV2021,giv2021,👑GIV2019👑,پادشاهی خواه,پادشاهی خواه,2019-02-10T19:12:12+00:00,3778.0,2964.0,66406.0,3.0,936.0,14504.0,14504.0,0.0,3778.0,2246.0,1.682102,1.319679,1.0,False,0.0,True,False,False,False,0.0,0.0,none,1.0,0.0,12.0,0.555556,10.05556,2.0,1.166667,19.77778,7432615.0,6.457703,0.0,0.0,6.0,8.0,6.0,0.722222,1.222222,14491.0,14491.0,3.222222,12,1.2746288798920378,4,4,0,bot(1),1.0,1,1,1,1,1
1.40929e+18,potypto,potypto,Potypto ᛋ,جانم فدای ایران.,جانم فدای ایران.,2021-06-27T23:25:59+00:00,11953.0,865.0,62032.0,78.0,1121.0,8804.0,8804.0,0.0,11953.0,1378.0,8.674165,0.627721,1.0,False,0.0,True,False,False,False,0.0,0.0,none,1.0,0.0,0.0,1.0,18.0,1.0,1.0,293.0,0.0,6.38897,1.0,1.0,1.0,1.0,1.0,0.0,0.0,8803.0,8803.0,23.0,16,13.81849710982659,0,0,0,human(2),0.0,1,1,1,1,1
9.35702e+17,HeKasrehCrisis,hekasrehcrisis,ـــه,اینا تا شب عید رفتنی‌ان,اینا تا شب عید رفتنی‌ان,2017-11-29T02:47:33+00:00,41446.0,368.0,164587.0,126.0,2173.0,17145.0,17145.0,0.0,41446.0,2684.0,15.44188,0.137109,1.0,False,0.0,True,False,False,False,0.0,0.0,none,1.0,0.0,0.0,1.0,30.0,1.0,0.0,1151.0,0.0,6.387854,1.0,1.0,1.0,1.0,1.0,0.0,0.0,17144.0,17144.0,182.0,23,112.625,0,0,0,human(2),0.0,1,1,1,1,0
8.08471e+17,kouresh_kabir,kouresh_kabir,Kouresh Kabir,👑تنها تابع قوانین کشور پادشاهی ایرانم ‌و ایمان دارم ایران تنها با ادامه سلسله پهلوی دوباره باز سازی خواهد شد و به شکوه و اقتدار گزشته خود باز خواهد گشت.👑,تنها تابع قوانین کشور پادشاهی ایرانم ‌و ایمان دارم ایران تنها با ادامه سلسله پهلوی دوباره باز سازی خواهد شد و به شکوه و اقتدار گزشته خود باز خواهد گشت.,2016-12-13T00:39:07+00:00,6603.0,5201.0,47799.0,6.0,4692.0,19132.0,19132.0,0.0,6603.0,3035.0,2.175618,1.713674,1.0,False,0.0,True,False,False,False,0.0,0.0,none,85.0,0.0,13.0,0.885965,26.27193,3.0,3.061404,342.9825,627524.6,6.303789,0.0,0.0,4.0,14.0,17.0,0.192982,0.377193,223.9294118,19034.0,82.28947,153,1.2695635454720247,0,0,0,human(2),0.0,1,1,1,1,1
1.01856e+18,xBx73mOl77qBATH,xbx73mol77qbath,بهار آریامهر 💙👑💙,ترقی، تمدن، فرهنگ و اخلاق هر جامعه بستگی بوجود افراد معدودی دارد که نوک پیکان تمدند و باقی مردمان، همه مقلدند. #پهلویسم تنها راه نجات ⛔️ارتجاع سرخ و سیاه⛔️,ترقی، تمدن، فرهنگ و اخلاق هر جامعه بستگی بوجود افراد معدودی دارد که نوک پیکان تمدند و باقی مردمان، همه مقلدند. پهلویسم تنها راه نجات ارتجاع سرخ و سیاه,2018-07-15T17:56:56+00:00,3595.0,2501.0,53245.0,3.0,7411.0,15417.0,15417.0,0.0,3595.0,2456.0,1.463762,1.018322,1.0,False,0.0,True,False,False,False,1.0,0.0,none,206.0,7.0,201.0,0.754167,20.775,6.0,2.172917,33.05625,180510.4,6.27728,0.0,0.0,14.0,30.0,67.0,0.320833,0.6375,72.83009709,15003.0,7.672917,155,1.4374250299880047,0,4,0,human(2),0.0,1,1,1,1,0
9.28746e+17,Milad_Aghai1,milad_aghai1,میلاد آقایی,"#شهروندسرباز
در جستجوی شهری‌گری و پیشرفت.
جمهوری بربرهای اسلامی تجاوز به حاکمیت ملی مشروطه است.
اگر با هر بهانه از هر بخش فتنه خمینی پشتیبانی می‌کنی، دشمنی.","شهروندسرباز
 در جستجوی شهری‌گری و پیشرفت.
 جمهوری بربرهای اسلامی تجاوز به حاکمیت ملی مشروطه است.
 اگر با هر بهانه از هر بخش فتنه خمینی پشتیبانی می‌کنی، دشمنی.",2017-11-09T22:06:09+00:00,11481.0,1861.0,101100.0,30.0,1150.0,16864.0,16864.0,0.0,11481.0,2704.0,4.245932,0.68824,0.0,False,0.0,True,False,False,False,1.0,0.0,none,0.0,1.0,0.0,0.0,43.0,1.0,1.0,63.0,0.0,6.236686,1.0,1.0,1.0,1.0,1.0,0.0,0.0,16863.0,16863.0,19.0,156,6.169263836646964,0,1,0,human(2),0.0,1,1,1,1,0
224480032.0,EELKHAN1,eelkhan1,ایلجـــــان | EELJAAN,آنسوی میدان دشمن هموطنمان را گروگان گرفته است هشتگ #به_رسم_آمریکا را دنبال کنید,آنسوی میدان دشمن هموطنمان را گروگان گرفته است هشتگ به_رسم_آمریکا را دنبال کنید,2010-12-09T03:30:44+00:00,18150.0,359.0,94328.0,68.0,2933.0,32463.0,32463.0,0.0,18150.0,5231.0,3.4697,0.068629,1.0,False,0.0,True,False,False,False,1.0,0.0,none,1.0,0.0,0.0,2.0,11.0,1.0,1.0,424.0,0.0,6.205888,1.0,1.0,1.0,1.0,1.0,0.0,0.0,32462.0,32462.0,42.0,79,50.55710306406685,0,1,0,human(2),0.0,1,1,1,1,1
48643614.0,LawdanBazargan,lawdanbazargan,Lawdan Bazargan,"#IRGCterrorist, #1988Massacre #Aban98 #PS752 #Atheist #WomenLifeFreedom, #Democrat, #FireMousavian 🇺🇦🏳️‍🌈, https://t.co/ztaKUeSvZl https://t.co/ji9kbgKUZT","IRGCterrorist, 1988Massacre Aban98 PS752 Atheist WomenLifeFreedom, Democrat, FireMousavian ,",2009-06-19T07:43:44+00:00,6705.0,1934.0,82494.0,26.0,2805.0,35588.0,35588.0,0.0,6705.0,5769.0,1.162246,0.33524,0.0,False,0.0,True,False,False,False,1.0,1.0,none,0.0,1.0,0.0,1.0,44.0,1.0,1.0,156.0,0.0,6.168833,1.0,1.0,1.0,1.0,1.0,1.0,1.0,35587.0,35587.0,35.0,154,3.466907962771458,0,0,1,bot(1),1.0,1,1,1,1,0
1955124895.0,ElhamOmidvari,elhamomidvari,Ellie Omidvari,"Independent Social Activist |  
Advocate for Freedom and Justice in Iran | #WomanLifeFreedom❤️🤍💚","Independent Social Activist | 
 Advocate for Freedom and Justice in Iran | WomanLifeFreedom",2013-10-11T21:07:57+00:00,10399.0,757.0,98560.0,48.0,3953.0,25857.0,25857.0,0.0,10399.0,4194.0,2.479495,0.180496,1.0,False,0.0,False,False,False,False,1.0,0.0,none,4.0,0.0,0.0,1.0,144.0,1.0,1.0,1215.0,10161069.0,6.165236,0.0,0.0,2.0,2.0,3.0,0.0,0.0,6463.25,25853.0,145.1667,96,13.737120211360635,0,0,0,human(2),0.0,1,1,1,1,0
7.3432e+17,Iran_Mehr_2016,iran_mehr_2016,IranMehr (ایران مهر),"A proud anti-regime Iranian,
In favor of constitutional monarchy 
مشروطه خواه","A proud anti-regime Iranian,
 In favor of constitutional monarchy 
 مشروطه خواه",2016-05-22T09:47:19+00:00,2694.0,4722.0,61780.0,3.0,804.0,19922.0,19922.0,0.0,2694.0,3240.0,0.831481,1.457407,1.0,False,0.0,True,False,False,False,0.0,0.0,none,0.0,0.0,1.0,0.0,5.0,1.0,1.0,0.0,0.0,6.148765,1.0,1.0,1.0,1.0,1.0,1.0,1.0,19921.0,19921.0,0.0,77,0.5705209656925032,0,4,0,human(2),0.0,1,1,1,1,0
1.63973e+18,Leila_Arya2,leila_arya2,Leila_Arya2👑,"تنها راه نجات ایران رضا شاه دوم است،جاویدشاه،لینک اینستاگرام ما👈
https://t.co/lJpeuUcVwe",تنها راه نجات ایران رضا شاه دوم است،جاویدشاه،لینک اینستاگرام ما,2023-03-25T20:59:40+00:00,7021.0,679.0,23303.0,10.0,2907.0,4547.0,4547.0,0.0,7021.0,742.0,9.462264,0.915094,1.0,False,0.0,False,False,False,False,0.0,0.0,none,871.0,3.0,8.0,1.01875,20.42083,2.0,1.510417,432.0229,70026.97,6.128032,0.0,0.0,4.0,11.0,72.0,0.0125,0.014583,4.207807118,3665.0,88.39896,88,10.34020618556701,1,1,1,bot(1),1.0,1,1,1,1,0
9.88505e+17,MadariSarzamin,madarisarzamin,Nasim 👑💙👑,نه به سرو تکیه کردم نه به سایه صنوبر به تو تکیه کردم ای شه که سایه خدایی فالو بک بمعنای تایید نیست.#پیمان_نوین #جاویدشاه,نه به سرو تکیه کردم نه به سایه صنوبر به تو تکیه کردم ای شه که سایه خدایی فالو بک بمعنای تایید نیست.پیمان_نوین جاویدشاه,2018-04-23T19:48:01+00:00,6257.0,1589.0,50115.0,5.0,2015.0,15542.0,15542.0,0.0,6257.0,2539.0,2.464356,0.625837,1.0,False,0.0,True,False,False,False,1.0,0.0,none,4.0,1.0,0.0,1.666667,32.66667,2.0,3.166667,210.8333,18116148.0,6.121308,0.0,0.0,2.0,2.0,2.0,0.333333,0.333333,3884.25,15537.0,77.66667,120,3.9376966645689113,0,0,0,human(2),0.0,1,1,1,1,0
1.54136e+18,aokurucz,aokurucz,Andor Otto Kurucz,"Unconditionally royalist!
Supporter of the Pahlevi dynasty!
Fond of Iran and the Iranians!
زنده باد ایران و ایرانی، پاینده باد خاندان ایرانساز پهلوی!","Unconditionally royalist!
 Supporter of the Pahlevi dynasty!
 Fond of Iran and the Iranians!
 زنده باد ایران و ایرانی، پاینده باد خاندان ایرانساز پهلوی!",2022-06-27T09:42:48+00:00,6116.0,3864.0,14122.0,0.0,1939.0,6177.0,6177.0,0.0,6116.0,1013.0,6.037512,3.814413,1.0,False,0.0,False,False,False,False,0.0,0.0,none,253.0,2.0,29.0,0.909385,8.038835,6.0,1.449838,333.5081,262867.0,6.09773,0.0,0.0,4.0,8.0,26.0,0.02589,0.333333,23.29249012,5893.0,57.08414,149,1.5828157349896481,0,0,0,bot(1),1.0,1,1,1,1,0
7.75067e+17,IranImmortals,iranimmortals,گارد جاویدان,Opinions shared here originated from my cat. Advocate for human rights in Iran. کمپین مبارزه مشروع -- خدا شاه میهن,Opinions shared here originated from my cat. Advocate for human rights in Iran. کمپین مبارزه مشروع -- خدا شاه میهن,2016-09-11T20:23:49+00:00,9373.0,2192.0,46350.0,10.0,1008.0,19029.0,19029.0,0.0,9373.0,3128.0,2.996483,0.700767,1.0,False,0.0,True,False,False,False,0.0,0.0,none,7.0,0.0,0.0,1.0,32.28571,2.0,1.571429,1224.429,4192310.0,6.08344,0.0,0.0,1.0,2.0,1.0,0.0,0.0,2717.428571,19022.0,190.4286,114,4.276003649635037,0,0,0,human(2),0.0,1,1,1,1,1
1.02935e+18,IranNovinParty,irannovinparty,Iran Novin Party | صفحه رسمی حزب ایران نوین,The official news and updates on the Iran Novin Party (INP) along with everything that drives liberal conservatives.,The official news and updates on the Iran Novin Party (INP) along with everything that drives liberal conservatives.,2018-08-14T12:42:46+00:00,78547.0,60.0,345.0,226.0,5311.0,14715.0,14715.0,0.0,78547.0,2426.0,32.37716,0.024732,1.0,False,0.0,True,False,False,False,0.0,0.0,none,3.0,0.0,1.0,1.0,71.75,1.0,1.75,495.0,32943004.0,6.06554,0.0,0.0,1.0,1.0,1.0,0.25,0.25,4903.666667,14711.0,79.25,116,1309.1166666666666,0,0,0,News Agent(3),,1,1,1,1,1
4157145260.0,satggin,satggin,Satggin Jalali💎👑 ساتگين جلالى,"Iranian Political Activist, Supporter of Constitutional Monarchy with His Imperial Majesty Reza Pahlavi👑, #Shah #شاه #KingRezaPahlavi","Iranian Political Activist, Supporter of Constitutional Monarchy with His Imperial Majesty Reza Pahlavi, Shah شاه KingRezaPahlavi",2015-11-07T12:42:32+00:00,8720.0,1377.0,82887.0,19.0,4458.0,20791.0,20791.0,0.0,8720.0,3437.0,2.537096,0.40064,1.0,False,0.0,True,False,False,False,1.0,0.0,none,212.0,15.0,7.0,1.187234,21.99149,4.0,2.548936,307.3021,764846.1,6.049171,0.0,0.0,4.0,7.0,2.0,0.025532,0.025532,96.96698113,20557.0,70.48085,133,6.332607116920842,0,0,0,human(2),0.0,1,1,1,1,0
1.22475e+18,Amardiyamm,amardiyamm,آمارد,"براندازم. خداناباور. 
دشمن جمهوری اسلامی.","براندازم. خداناباور. 
 دشمن جمهوری اسلامی.",2020-02-04T17:59:53+00:00,4726.0,3198.0,269106.0,4.0,296.0,11405.0,11405.0,0.0,4726.0,1887.0,2.504505,1.694754,1.0,False,0.0,True,False,False,False,0.0,0.0,none,1.0,0.0,0.0,0.0,17.0,1.0,2.0,131.0,0.0,6.043985,1.0,1.0,1.0,1.0,1.0,0.0,0.0,11404.0,11404.0,17.0,41,1.4777986241400876,0,0,0,human(2),0.0,1,1,1,1,0
3384942070.0,fuzakeruna16,fuzakeruna16,👑River,"جاوید شاه

با افتخار طاغوتی‌ام","جاوید شاه
 
 با افتخار طاغوتی‌ام",2015-07-20T19:55:14+00:00,3172.0,320.0,575805.0,13.0,852.0,21416.0,21416.0,0.0,3172.0,3547.0,0.894277,0.090217,1.0,False,0.0,True,False,False,False,0.0,0.0,none,2.0,2.0,0.0,0.5,33.5,2.0,1.0,160.0,13041040.0,6.037778,0.0,0.0,1.0,1.0,1.0,0.0,0.0,10706.0,21412.0,23.25,30,9.9125,0,2,0,human(2),0.0,1,1,1,1,0
9.90504e+17,Iran_Farda1,iran_farda1,Irane Farda 🇳🇱 👑,"Proud Monarchist. Anti, Islamic Criminal Regime. Love King Reza Pahlavi and Willem-Alexander, The King Of The Netherlands.RPINEN #جاوید_رضاشاه_دوم_پهلوی_سوم","Proud Monarchist. Anti, Islamic Criminal Regime. Love King Reza Pahlavi and Willem-Alexander, The King Of The Netherlands.RPINEN جاوید_رضاشاه_دوم_پهلوی_سوم",2018-04-29T08:13:23+00:00,3164.0,1340.0,36680.0,3.0,773.0,15244.0,15244.0,0.0,3164.0,2533.0,1.249112,0.529017,1.0,False,0.0,True,False,False,False,1.0,0.0,none,3.0,6.0,4.0,0.307692,18.46154,2.0,1.153846,18.76923,6522580.0,6.01816,0.0,0.0,2.0,3.0,1.0,0.307692,0.846154,5077.0,15231.0,5.538462,156,2.361194029850746,0,1,0,human(2),0.0,1,1,1,1,0
924991790.0,matmat1389,matmat1389,matmat,"#براندازم 
#میهن_پرست
ورود گلوبالیست، مزاحمین خلق، ملی منقلی و مصدقی چی قجری ممنوع 
دشمن شماره یک چپول ها!","براندازم 
 میهن_پرست
 ورود گلوبالیست، مزاحمین خلق، ملی منقلی و مصدقی چی قجری ممنوع 
 دشمن شماره یک چپول ها!",2012-11-04T09:16:08+00:00,5175.0,2094.0,153131.0,10.0,1520.0,27136.0,27136.0,0.0,5175.0,4535.0,1.141125,0.461742,1.0,False,0.0,True,False,False,False,1.0,0.0,none,4.0,1.0,2.0,0.857143,44.42857,1.0,2.142857,267.5714,4147427.0,5.983682,0.0,0.0,1.0,2.0,1.0,0.285714,0.285714,6782.25,27129.0,71.14286,106,2.4713467048710602,0,4,0,human(2),0.0,1,1,1,1,0
47749263.0,hambastegi,hambastegi,همبســـتگی,"Darius 2B Great —synergising the 🌍 to be from the «Resistance cult» & #IRGCterrorists | 

و #همبستگی = منِ‌من، با توِتو؛ #بریم_تا_سرنگونی! #تنها_نیستی","Darius 2B Great —synergising the to be from the «Resistance cult» & IRGCterrorists | 
 
 و همبستگی = منِ‌من، با توِتو؛ بریم_تا_سرنگونی! تنها_نیستی",2009-06-16T22:04:40+00:00,3732.0,3185.0,69814.0,10.0,2925.0,34490.0,34490.0,0.0,3732.0,5772.0,0.64657,0.551802,0.0,False,0.0,True,False,False,False,1.0,1.0,none,0.0,1.0,4.0,0.2,15.0,3.0,2.8,16.8,397927.2,5.975398,0.0,0.0,1.0,1.0,1.0,0.4,1.0,34485.0,34485.0,6.4,150,1.1717425431711146,0,0,0,human(2),0.0,1,1,1,1,0
1.40983e+18,Awat_Baggio,awat_baggio,Awat 𓃬☼,سەبر,سەبر,2021-06-29T10:53:11+00:00,6331.0,1700.0,14568.0,6.0,1021.0,8110.0,8110.0,0.0,6331.0,1376.0,4.601017,1.235465,1.0,False,0.0,True,False,False,False,0.0,0.0,none,9.0,1.0,0.0,0.7,27.2,1.0,1.4,921.7,2852470.0,5.893895,0.0,0.0,1.0,2.0,1.0,0.0,0.0,900.0,8100.0,215.3,4,3.7241176470588235,0,0,0,human(2),0.0,1,1,1,1,0
9.19726e+17,ArianArian00,arianarian00,ئاریان - Aryan,Photographer // Electrical Power  Engineer// لیبرتارین سوسیالیست #جمهوری_فدرال #ژن_ژیان_ئازادی writing: - Farsi - Kurdish,Photographer // Electrical Power Engineer// لیبرتارین سوسیالیست جمهوری_فدرال ژن_ژیان_ئازادی writing: - Farsi - Kurdish,2017-10-16T00:45:20+00:00,5506.0,1844.0,48327.0,31.0,3638.0,16072.0,16072.0,0.0,5506.0,2728.0,2.018328,0.675953,1.0,False,0.0,True,False,False,False,1.0,0.0,none,6.0,0.0,0.0,1.0,27.25,2.0,0.625,672.25,4409064.0,5.891496,0.0,0.0,2.0,2.0,3.0,0.25,0.25,2677.666667,16066.0,56.75,121,2.9859002169197395,0,2,0,human(2),0.0,1,1,1,1,0
103771233.0,nooralitoon,nooralitoon,نورعلی,ایران دوست / پارودی نویس / دگوری ستیز / کارآفرین و تولید کننده برتر حوزه میم/ کارشناسی ارشد دارک کمدی/ راننده کامیون یخچالدار شرکت میهن/ پاکیستان زینده باد🇵🇰,ایران دوست / پارودی نویس / دگوری ستیز / کارآفرین و تولید کننده برتر حوزه میم/ کارشناسی ارشد دارک کمدی/ راننده کامیون یخچالدار شرکت میهن/ پاکیستان زینده باد,2010-01-11T05:46:55+00:00,4187.0,307.0,84758.0,19.0,2990.0,32640.0,32640.0,0.0,4187.0,5563.0,0.752651,0.055186,1.0,False,0.0,False,False,False,False,0.0,0.0,none,1.0,0.0,1.0,1.0,32.5,1.0,1.0,139.5,17495071.0,5.867338,0.0,0.0,1.0,1.0,1.0,0.5,0.5,32638.0,32638.0,7.5,157,13.63843648208469,0,0,0,human(2),0.0,1,1,1,1,1
1.62322e+18,Diiyako_ir,diiyako_ir,𓄂𝐃 𝐈 𝐘 𝐀 𝐊 𝐎دیـــاکــــو𓆃,مرا هیچ از وطن محبوب تر نیست,مرا هیچ از وطن محبوب تر نیست,2023-02-08T07:15:35+00:00,9119.0,1809.0,12091.0,2.0,1462.0,4574.0,4574.0,0.0,9119.0,787.0,11.58704,2.298602,1.0,False,0.0,False,False,False,False,0.0,0.0,none,41.0,0.0,0.0,1.0,15.80488,1.0,1.073171,701.6829,1134700.0,5.811944,0.0,0.0,5.0,12.0,1.0,0.02439,0.02439,110.5609756,4533.0,85.73171,28,5.040906578220011,0,0,0,human(2),0.0,1,1,1,1,0
1.31341e+18,ItsKouroshKabir,itskouroshkabir,Kourosh,"پاینده باد رضا شاه دوم؛پهلوی سوم.
زنده باد خاندان ایرانساز پهلوی.
ورود عرزشی،سایبری،اصلاحطلب،مجاهد و تجزیه طلب ممنوع.","پاینده باد رضا شاه دوم؛پهلوی سوم.
 زنده باد خاندان ایرانساز پهلوی.
 ورود عرزشی،سایبری،اصلاحطلب،مجاهد و تجزیه طلب ممنوع.",2020-10-06T09:34:56+00:00,5339.0,2352.0,60489.0,2.0,10.0,9542.0,9542.0,0.0,5339.0,1642.0,3.251523,1.4324,1.0,False,0.0,True,False,False,False,0.0,0.0,none,2.0,1.0,2.0,0.2,19.6,1.0,1.8,22.8,9016132.0,5.811206,0.0,0.0,2.0,2.0,1.0,0.4,0.4,4768.5,9537.0,8.2,117,2.269982993197279,0,0,0,bot(1),1.0,1,1,1,1,0
1.49032e+18,kamangir77,kamangir77,Arash🏹,رضاشاه روحت شاد,رضاشاه روحت شاد,2022-02-06T13:52:52+00:00,4233.0,3506.0,33733.0,5.0,593.0,6625.0,6625.0,0.0,4233.0,1154.0,3.668111,3.038128,1.0,False,0.0,False,False,False,False,0.0,0.0,none,1.0,0.0,0.0,1.0,13.0,1.0,2.0,431.0,0.0,5.740901,1.0,1.0,1.0,1.0,1.0,0.0,0.0,6624.0,6624.0,118.0,15,1.2073588134626354,0,2,0,can’t find,,1,1,1,1,0
1.03622e+18,soozi2244,soozi2244,👑🤫زاغ مقلد 🤫👑,سالها بعد در مورد ما خواهند نوشت؛مردمانی بی‌تصمیم در حاشیه جهان خویش گران زندگی می‌کردند،اما ارزان می‌مردند,سالها بعد در مورد ما خواهند نوشت؛مردمانی بی‌تصمیم در حاشیه جهان خویش گران زندگی می‌کردند،اما ارزان می‌مردند,2018-09-02T11:51:14+00:00,3832.0,1698.0,29110.0,7.0,1747.0,13744.0,13744.0,0.0,3832.0,2407.0,1.592023,0.705442,1.0,False,0.0,True,False,False,False,0.0,0.0,none,1.0,0.0,0.0,1.0,32.0,1.0,2.0,182.0,0.0,5.710012,1.0,1.0,1.0,1.0,1.0,0.0,0.0,13743.0,13743.0,19.0,107,2.2567726737338045,0,4,0,human(2),0.0,1,1,1,1,0
1.64038e+18,Mitra_Jashni,mitra_jashni,Mitra Jashni ☼𓃬 - میترا جشنی,"Iranian-Kurdish artist Studied in Art philosophy and history, painting & modern Middle East study. Retweet doesn’t imply endorsement.","Iranian-Kurdish artist Studied in Art philosophy and history, painting & modern Middle East study. Retweet doesn’t imply endorsement.",2023-03-27T15:35:07+00:00,10860.0,340.0,9799.0,17.0,840.0,4222.0,4222.0,0.0,10860.0,740.0,14.67568,0.459459,1.0,False,0.0,True,False,False,False,0.0,0.0,none,13.0,0.0,0.0,1.0,31.76923,1.0,1.153846,746.0769,1416912.0,5.705405,0.0,0.0,1.0,1.0,1.0,0.0,0.0,323.7692308,4209.0,158.0,133,31.941176470588236,0,0,0,human(2),0.0,1,1,1,1,1
2572902906.0,vahid__bahman,vahid__bahman,Vahid Bahman وحید بهمن,"دانش‌آموخته‌ی تاریخ،
پژوهشگر تاریخ

Research Historian","دانش‌آموخته‌ی تاریخ،
 پژوهشگر تاریخ
 
 Research Historian",2014-06-17T13:30:27+00:00,70739.0,1.0,51580.0,177.0,5105.0,22145.0,22145.0,0.0,70739.0,3945.0,17.93131,0.000253,1.0,False,0.0,True,False,False,False,0.0,0.0,none,6.0,0.0,0.0,1.142857,112.7143,1.0,0.0,3754.571,9175267.0,5.613435,0.0,0.0,2.0,2.0,2.0,0.0,0.0,3689.833333,22139.0,807.7143,54,70739.0,0,0,0,human(2),0.0,1,1,1,1,1
1.48884e+18,Arad60292050,arad60292050,🎗شیروخورشید,"پاینده ایران❤️
جاویدشاه👑","پاینده ایران
 جاویدشاه",2022-02-02T11:25:06+00:00,14416.0,2380.0,148035.0,4.0,2201.0,6493.0,6493.0,0.0,14416.0,1158.0,12.44905,2.055268,1.0,False,0.0,True,False,False,False,0.0,0.0,none,985.0,2.0,14.0,1.023563,11.90198,5.0,1.976437,794.7191,62227.6,5.607081,0.0,0.0,6.0,16.0,61.0,0.016965,0.027333,5.575634518,5492.0,140.2658,24,6.057142857142857,0,8,0,bot(1),1.0,1,1,1,1,0
3319677806.0,Achaemenid2582,achaemenid2582,pouya,"پادشاهی خواه / ناسیونالیست 
#جاویدشاه
🟩🟩🟩🟩🟩
⬜️👑🦁🌞⬜️
🟥🟥🟥🟥🟥","پادشاهی خواه / ناسیونالیست 
 جاویدشاه",2015-08-19T05:46:53+00:00,6524.0,5155.0,28318.0,5.0,246.0,19664.0,19664.0,0.0,6524.0,3517.0,1.85499,1.465738,0.0,False,0.0,True,False,False,False,1.0,0.0,none,16.0,0.0,1.0,0.941176,37.11765,1.0,2.411765,302.3529,634310.4,5.591129,0.0,0.0,1.0,2.0,1.0,0.294118,0.294118,1227.9375,19647.0,84.58824,57,1.2655674102812804,0,4,0,human(2),0.0,1,1,1,1,0
9.48016e+17,MayraYazdari,mayrayazdari,Mayra K. Yazdari,Content Creator. Journalist. Views expressed here are my own! likes/RT not endorsements. “Truth will ultimately prevail”,Content Creator. Journalist. Views expressed here are my own! likes/RT not endorsements. “Truth will ultimately prevail”,2018-01-02T02:19:28+00:00,14853.0,377.0,46655.0,32.0,1556.0,14806.0,14806.0,0.0,14853.0,2650.0,5.604906,0.142264,1.0,False,0.0,True,False,False,False,0.0,0.0,none,3.0,0.0,0.0,0.666667,38.66667,1.0,1.333333,431.6667,7045087.0,5.58717,0.0,0.0,1.0,1.0,1.0,0.333333,0.333333,4934.333333,14803.0,89.0,120,39.39787798408488,0,0,0,human(2),0.0,1,1,1,1,1
1.09431e+18,ZananFirouzehie,zananfirouzehie,Turquoise Women of Iran زنان فیروزه‌ای,Iranian women who seek freedom and want to revive their country زنان فیروزه‌ای,Iranian women who seek freedom and want to revive their country زنان فیروزه‌ای,2019-02-09T19:07:53+00:00,5204.0,64.0,1079.0,33.0,6872.0,12505.0,12505.0,0.0,5204.0,2247.0,2.315977,0.028482,0.0,False,0.0,True,False,False,False,0.0,0.0,none,9.0,1.0,0.0,0.9,22.0,1.0,2.4,219.0,4077683.0,5.565198,0.0,0.0,1.0,2.0,1.0,0.2,0.2,1388.333333,12495.0,64.1,78,81.3125,0,0,0,bot(1),1.0,1,1,1,1,0
909512912.0,FattahiFarzad,fattahifarzad,Farzad Fattahi,"Producer @iranintl News | Musician | BFA, Albertina Academy, Turin | London","Producer @iranintl News | Musician | BFA, Albertina Academy, Turin | London",2012-10-28T04:31:22+00:00,35261.0,1799.0,23505.0,101.0,8891.0,25176.0,25176.0,0.0,35261.0,4542.0,7.76332,0.396081,0.0,False,0.0,True,False,False,False,0.0,0.0,none,1.0,0.0,0.0,1.0,56.0,1.0,0.0,2240.0,0.0,5.542933,2.0,2.0,2.0,2.0,2.0,0.0,0.0,25175.0,25175.0,257.0,75,19.600333518621458,0,0,0,human(2),0.0,1,1,1,1,0
8.27012e+17,hashemy_ir,hashemy_ir,سِیّد امیرحسین هاشمی,| برادرِ شما هستم 🤍 | https://t.co/cn4MWC0kiq,| برادرِ شما هستم |,2017-02-02T04:32:24+00:00,10843.0,959.0,144049.0,50.0,1986.0,16504.0,16504.0,0.0,10843.0,2984.0,3.633713,0.321381,1.0,False,0.0,False,False,False,False,0.0,1.0,none,0.0,1.0,0.0,1.0,28.0,1.0,1.0,112.0,0.0,5.530831,1.0,1.0,1.0,1.0,1.0,0.0,0.0,16503.0,16503.0,21.0,45,11.306569343065693,0,0,1,can’t find,,1,1,1,1,1
9.39381e+17,777Masiha,777masiha,👑 Masiha 👑 𓄂𓆃 🎗️🐦,"Passionate Iranian standing up for Justice and freedom. Fighting for a better tomorrow 
🕊💪🏻
#womanLifeFreedom 
#KingRezaPahlavi
 #مهسا_امینی","Passionate Iranian standing up for Justice and freedom. Fighting for a better tomorrow 
 
 womanLifeFreedom 
 KingRezaPahlavi
  مهسا_امینی",2017-12-09T06:25:56+00:00,6956.0,4738.0,20620.0,0.0,229.0,14743.0,14743.0,0.0,6956.0,2674.0,2.601346,1.771877,1.0,False,0.0,True,False,False,False,1.0,0.0,none,3.0,0.0,1.0,0.833333,23.0,1.0,2.333333,4.0,285928.8,5.513463,0.0,0.0,4.0,4.0,3.0,0.166667,0.166667,4913.0,14739.0,1.5,140,1.4681300126635712,0,3,0,bot(1),1.0,1,1,1,1,0
1.67061e+18,ShawnaAzad2,shawnaazad2,Shawna (شانا) Azad,(اکانت دوم)هیچ دینی بهتر از انسانیت نیست! جانم فدای ایران,(اکانت دوم)هیچ دینی بهتر از انسانیت نیست! جانم فدای ایران,2023-06-19T01:56:41+00:00,5573.0,1067.0,13156.0,11.0,951.0,3614.0,3614.0,0.0,5573.0,656.0,8.495427,1.626524,1.0,False,0.0,False,False,False,False,0.0,0.0,none,2.0,2.0,4.0,0.363636,60.63636,3.0,2.090909,19.36364,449093.3,5.509146,0.0,0.0,2.0,2.0,4.0,0.727273,0.909091,1803.0,3606.0,5.363636,57,5.223055295220243,0,1,0,human(2),0.0,1,1,1,1,0
188850199.0,shgolzarfar,shgolzarfar,Sh.Golzarfar,"اولویتم فقط ایران و ایرانی است!
کانت: یگانه محافظ راستین حقوق مردم، آزادی قلم است. مهندس، DBA ،MBA.
به فیک و سایبری پاسخ نمی‌دهم، هتاک و فحاش ⛔","اولویتم فقط ایران و ایرانی است!
 کانت: یگانه محافظ راستین حقوق مردم، آزادی قلم است. مهندس، DBA ،MBA.
 به فیک و سایبری پاسخ نمی‌دهم، هتاک و فحاش",2010-09-09T18:57:51+00:00,6229.0,275.0,196618.0,28.0,8050.0,29276.0,29276.0,0.0,6229.0,5322.0,1.170425,0.051672,0.0,False,0.0,True,False,False,False,0.0,0.0,none,1.0,0.0,0.0,0.0,21.0,1.0,0.0,5547.0,0.0,5.500939,1.0,1.0,1.0,1.0,1.0,0.0,0.0,29275.0,29275.0,70.0,143,22.650909090909092,0,0,0,can’t find,,1,1,1,1,0
1.57602e+18,arezoubehrang_,arezoubehrang_,Arezou Behrang 👑,"Artist🎨

to see artworks for sale visit the link below","Artist
 
 to see artworks for sale visit the link below",2022-10-01T01:23:54+00:00,5281.0,1976.0,41667.0,4.0,690.0,5034.0,5034.0,0.0,5281.0,917.0,5.758997,2.154853,1.0,False,0.0,False,False,False,False,0.0,0.0,none,335.0,25.0,15.0,0.916883,18.82078,4.0,2.519481,584.2416,164784.7,5.48964,0.0,0.0,4.0,6.0,12.0,0.080519,0.119481,13.90746269,4659.0,147.8649,54,2.6725708502024292,0,0,0,human(2),0.0,1,1,1,1,0
1.59579e+18,AzadChakavak,azadchakavak,chakavak azad,"آشیانه ای میخواهم  به وسعت ایران 
آزاد ، رها ، و بی آلایش و بی دغدغه
همراه با صلح و صفاو امنیت 

#بازگشت_پادشاهی_پهلوی 
#پهلوی_امید_ملت
#پاینده_ایران
#جاوید_شاه","آشیانه ای میخواهم به وسعت ایران 
 آزاد ، رها ، و بی آلایش و بی دغدغه
 همراه با صلح و صفاو امنیت 
 
 بازگشت_پادشاهی_پهلوی 
 پهلوی_امید_ملت
 پاینده_ایران
 جاوید_شاه",2022-11-24T14:24:28+00:00,3646.0,7078.0,14193.0,0.0,1157.0,4735.0,4735.0,0.0,3646.0,863.0,4.224797,8.201622,1.0,False,0.0,True,False,False,False,1.0,0.0,none,113.0,24.0,38.0,0.760369,30.22581,5.0,2.870968,138.8894,64342.62,5.486674,0.0,0.0,7.0,14.0,43.0,0.152074,0.539171,40.3539823,4560.0,24.80645,160,0.5151172647640576,0,0,0,human(2),0.0,1,1,1,1,0
2269814823.0,oshtb,oshtb,☀︎𓃬آریوبرزنꕥ🎗,"زمان آن نیز فرا خواهد رسید.
رضاشاه روحت شاد
شاهنشاه روحت شاد
جاویدشاه
جاویدرضاشاه دوم پهلوی سوم
بازمانده دی و آبان و...
بچه محل  #مجیدرضا_رهنورد","زمان آن نیز فرا خواهد رسید.
 رضاشاه روحت شاد
 شاهنشاه روحت شاد
 جاویدشاه
 جاویدرضاشاه دوم پهلوی سوم
 بازمانده دی و آبان و...
 بچه محل مجیدرضا_رهنورد",2014-01-09T00:19:32+00:00,4865.0,3217.0,65286.0,3.0,1448.0,22471.0,22471.0,0.0,4865.0,4104.0,1.185429,0.783869,1.0,False,0.0,True,False,False,False,1.0,0.0,none,101.0,14.0,28.0,0.717514,29.98305,1.0,1.870056,277.1582,381211.2,5.47539,0.0,0.0,6.0,8.0,35.0,0.231638,0.355932,221.0693069,22328.0,50.33898,144,1.5122785203605844,0,0,0,human(2),0.0,1,1,1,1,0
2581408111.0,SunLight__White,sunlight__white,SunLight,♛𓄂 Sun𖤓Light𓆃♛,♛𓄂 Sun𖤓Light𓆃♛,2014-06-22T02:07:53+00:00,6708.0,562.0,50096.0,14.0,1760.0,21512.0,21512.0,0.0,6708.0,3940.0,1.702538,0.14264,1.0,False,0.0,True,False,False,False,0.0,0.0,none,144.0,66.0,46.0,0.90566,38.15849,3.0,1.966038,332.9472,267977.9,5.459898,0.0,0.0,5.0,8.0,10.0,0.158491,0.332075,147.6111111,21256.0,68.44906,14,11.935943060498222,0,0,0,human(2),0.0,1,1,1,1,0
2894661244.0,MrHiccup42,mrhiccup42,آقای سکسکه 👑,انقلاب تنها راهیه که داریم,انقلاب تنها راهیه که داریم,2014-11-27T13:47:58+00:00,9901.0,4942.0,136112.0,8.0,2078.0,20608.0,20608.0,0.0,9901.0,3782.0,2.617927,1.306716,1.0,False,0.0,True,False,False,False,0.0,0.0,none,309.0,7.0,6.0,1.133929,29.55357,1.0,1.547619,450.7946,214877.3,5.448969,0.0,0.0,2.0,5.0,15.0,0.02381,0.02381,65.65048544,20286.0,83.80655,26,2.0034399028733305,0,2,0,human(2),0.0,1,1,1,1,0
2766340924.0,amirmoghadam_ir,amirmoghadam_ir,Amir Moghadam,روزنامه نگار، مدیر روابط عمومی و رابط پارلمانی معاونت اجرایی ریاستجمهوری دولت ۱۱م/از مسولین ستاد موسوی ۸۸/یک ریزشی و افشاگر، علیه #کاسبان_فراموشی,روزنامه نگار، مدیر روابط عمومی و رابط پارلمانی معاونت اجرایی ریاستجمهوری دولت ۱۱م/از مسولین ستاد موسوی ۸۸/یک ریزشی و افشاگر، علیه کاسبان_فراموشی,2014-09-10T13:24:47+00:00,1.0,95.0,61395.0,0.0,5058.0,21033.0,21033.0,0.0,1.0,3860.0,0.000259,0.024611,1.0,False,0.0,True,False,False,False,1.0,1.0,none,0.0,0.0,1.0,2.0,48.0,1.0,0.0,644.0,0.0,5.448964,1.0,1.0,1.0,1.0,1.0,0.0,0.0,21032.0,21032.0,82.0,145,0.010526315789473684,0,0,0,human(2),0.0,1,1,1,1,0
1.00006e+18,Arsalan_shizi,arsalan_shizi,🎗👑Arsalan👑,#پهلوی  ورود چپول، مجاهد، عرزشی و گرفتار و دربند عقاید مذهبی ممنوع🚫 #رضاشاه_دوم,پهلوی ورود چپول، مجاهد، عرزشی و گرفتار و دربند عقاید مذهبی ممنوع رضاشاه_دوم,2018-05-25T17:22:34+00:00,628.0,332.0,51955.0,1.0,335.0,13425.0,13425.0,0.0,628.0,2507.0,0.250499,0.132429,1.0,False,0.0,False,False,False,False,1.0,0.0,none,0.0,0.0,1.0,0.0,7.0,1.0,2.0,2.0,0.0,5.355006,2.0,2.0,2.0,2.0,2.0,1.0,1.0,13424.0,13424.0,0.0,79,1.891566265060241,0,0,0,can’t find,,1,1,1,1,0
1.53069e+18,ANUBIS_GOD2,anubis_god2,"آنوبیس ""خدای مرگ""","خالق هشتگ:
#توئیت_مرگ 
اعلان منو روشن کنید چون فقط توئیت مرگ میزنم. نه کامنت نه جر و بحث!","خالق هشتگ:
 توئیت_مرگ 
 اعلان منو روشن کنید چون فقط توئیت مرگ میزنم. نه کامنت نه جر و بحث!",2022-05-28T23:35:38+00:00,10185.0,8678.0,57816.0,8.0,2111.0,5576.0,5576.0,0.0,10185.0,1043.0,9.765101,8.32023,1.0,False,0.0,True,False,False,False,1.0,0.0,none,76.0,1.0,0.0,1.363636,30.45455,1.0,2.415584,282.5455,973827.1,5.346117,0.0,0.0,2.0,4.0,1.0,0.0,0.0,72.35526316,5499.0,50.44156,89,1.1736575247752938,0,1,0,human(2),0.0,1,1,1,1,1
1.44244e+18,ariafarpoori,ariafarpoori,Aria.Farpoori,"آریا فرپوری(عشقی پور)،
دانش آموخته رشته مهندسی صنایع،
کنشگر سیاسی حامی پادشاهی مشروطه،
بی دین آگنوستیک،
حامی خاندان ایرانساز پهلوی،
 دشمن صفر تا صد ۵۷","آریا فرپوری(عشقی پور)،
 دانش آموخته رشته مهندسی صنایع،
 کنشگر سیاسی حامی پادشاهی مشروطه،
 بی دین آگنوستیک،
 حامی خاندان ایرانساز پهلوی،
  دشمن صفر تا صد ۵۷",2021-09-27T11:04:09+00:00,17847.0,357.0,4162.0,23.0,2594.0,6858.0,6858.0,0.0,17847.0,1286.0,13.87792,0.277605,1.0,False,0.0,False,False,False,False,0.0,1.0,none,185.0,0.0,5.0,1.020619,24.96907,5.0,1.71134,568.9588,378439.2,5.332815,0.0,0.0,3.0,7.0,5.0,0.103093,0.164948,36.04324324,6668.0,123.6392,150,49.99159663865546,0,0,0,human(2),0.0,1,1,1,1,1
444681948.0,Haghgooie,haghgooie,یاشار حقگوئی,ایرانشهر آرمانشهر من نیست هویت من است,ایرانشهر آرمانشهر من نیست هویت من است,2011-12-23T14:31:08+00:00,5016.0,3352.0,16429.0,10.0,2468.0,25748.0,25748.0,0.0,5016.0,4852.0,1.0338,0.690849,0.0,False,0.0,True,False,False,False,0.0,0.0,none,0.0,1.0,0.0,1.0,23.0,1.0,2.0,3304.0,0.0,5.306678,2.0,2.0,2.0,2.0,2.0,0.0,0.0,25747.0,25747.0,256.0,37,1.496420047732697,0,0,0,human(2),0.0,1,1,1,1,1
9.47831e+17,mojtabanikoo,mojtabanikoo,mojtaba,نوشته هایی از جنس گذر ذهنی /  ارزش هام با عرزشی ها در تضاد است,نوشته هایی از جنس گذر ذهنی / ارزش هام با عرزشی ها در تضاد است,2018-01-01T14:03:38+00:00,3967.0,264.0,56288.0,2.0,920.0,13885.0,13885.0,0.0,3967.0,2651.0,1.496416,0.099585,1.0,False,0.0,True,False,False,False,0.0,0.0,none,1.0,0.0,0.0,1.0,9.0,1.0,0.0,2747.0,0.0,5.237646,2.0,2.0,2.0,2.0,2.0,0.0,0.0,13884.0,13884.0,188.0,62,15.026515151515152,0,0,0,human(2),0.0,1,1,1,1,0
48641155.0,Tymsar2578,tymsar2578,👑🏴 (به یاد شاه),"سرباز #رضاشاه
مشروطه خواه 
#پاینده_ایران #جاویدشاه","سرباز رضاشاه
 مشروطه خواه 
 پاینده_ایران جاویدشاه",2009-06-19T07:28:43+00:00,3541.0,785.0,61866.0,7.0,586.0,30029.0,30029.0,0.0,3541.0,5769.0,0.613798,0.136072,1.0,False,0.0,True,False,False,False,1.0,0.0,none,1.0,0.0,0.0,1.0,19.0,1.0,3.0,263.0,0.0,5.205235,1.0,1.0,1.0,1.0,1.0,0.0,0.0,30028.0,30028.0,77.0,50,4.510828025477707,0,4,0,bot(1),1.0,1,1,1,1,0
2960042892.0,Ivar_lathbrug2,ivar_lathbrug2,آیوار ۲,باورمند به نظام پادشاهی مشروطه با @PahlaviReza #جاویدشاه @PhoenixprjIran ⁦ https://t.co/p2MF86jYSo,باورمند به نظام پادشاهی مشروطه با @PahlaviReza جاویدشاه @PhoenixprjIran ⁦,2015-01-05T21:49:35+00:00,18292.0,358.0,79313.0,40.0,5139.0,19352.0,19352.0,0.0,18292.0,3743.0,4.886989,0.095645,1.0,False,0.0,True,False,False,False,1.0,1.0,none,1892.0,265.0,244.0,1.033456,28.41534,7.0,2.465524,823.1444,25891.91,5.170184,0.0,0.0,20.0,30.0,51.0,0.416157,0.607099,8.959302326,16951.0,213.9796,98,51.09497206703911,1,1,1,human(2),0.0,1,1,1,1,0
1295021016.0,D0wn_Under,d0wn_under,☼𓃬داون آندر,"I identify as King 👑 and my pronouns are His Majesty, First of his name.","I identify as King and my pronouns are His Majesty, First of his name.",2013-03-24T12:11:26+00:00,16738.0,416.0,69177.0,70.0,2281.0,22715.0,22715.0,0.0,16738.0,4395.0,3.808419,0.094653,0.0,False,0.0,True,False,False,False,0.0,0.0,none,0.0,0.0,1.0,0.0,52.0,1.0,2.0,874.0,0.0,5.168373,1.0,1.0,1.0,1.0,1.0,0.0,0.0,22714.0,22714.0,145.0,72,40.23557692307692,0,1,0,human(2),0.0,1,1,1,1,1
1.21614e+18,tomasshellllby,tomasshellllby,tomas shelby,وطن پرست,وطن پرست,2020-01-11T23:18:06+00:00,4407.0,3658.0,41403.0,2.0,453.0,9872.0,9872.0,0.0,4407.0,1911.0,2.306122,1.914181,1.0,False,0.0,False,False,False,False,0.0,0.0,none,8.0,8.0,16.0,0.243243,7.918919,4.0,1.054054,0.324324,117297.6,5.165882,0.0,0.0,4.0,5.0,6.0,0.243243,0.621622,1230.0,9840.0,0.0,8,1.2047566976489885,0,0,0,human(2),0.0,1,1,1,1,0
1.439e+18,RADOCLUB,radoclub, مرد مشکی پوش,«وقتی شیر و خورشید دوباره طلوع کند، جهان طلوعی نو از صلح را خواهد دید.»,«وقتی شیر و خورشید دوباره طلوع کند، جهان طلوعی نو از صلح را خواهد دید.»,2021-09-17T23:00:49+00:00,32099.0,10193.0,33577.0,49.0,2827.0,6663.0,6663.0,0.0,32099.0,1296.0,24.76775,7.864969,1.0,False,0.0,True,False,False,False,0.0,0.0,none,18.0,0.0,12.0,0.878049,17.02439,4.0,1.634146,1285.927,1827178.0,5.141204,0.0,0.0,2.0,6.0,12.0,0.146341,0.878049,368.5,6633.0,239.7073,71,3.149121946433827,0,0,0,human(2),0.0,1,1,1,1,0
8.43178e+17,unikador,unikador,Unika News,"رسانه خبری تحلیلی یونیکا

https://t.co/oHCM4Cxxqo",رسانه خبری تحلیلی یونیکا,2017-03-18T19:09:23+00:00,24251.0,31.0,671.0,76.0,13286.0,15051.0,15051.0,0.0,24251.0,2940.0,8.248639,0.010544,1.0,False,0.0,False,False,False,False,0.0,1.0,none,36.0,0.0,0.0,0.861111,84.11111,1.0,2.361111,735.3611,2642517.0,5.119388,0.0,0.0,1.0,3.0,1.0,0.305556,1.638889,417.0833333,15015.0,262.8611,49,782.2903225806451,0,0,1,human(2),0.0,1,1,1,1,0
1169100552.0,MonarchyLondon,monarchylondon,S.AFSHAR,"Political Analyst, Academic,Factual but not always neutral, Consultant at Law.Have big Faith in Monarchy4 Iran @PahlaviReza","Political Analyst, Academic,Factual but not always neutral, Consultant at Law.Have big Faith in Monarchy4 Iran @PahlaviReza",2013-02-11T14:50:15+00:00,7821.0,5201.0,38902.0,9.0,2817.0,22573.0,22573.0,0.0,7821.0,4436.0,1.763075,1.172453,1.0,False,0.0,True,False,False,False,0.0,1.0,none,116.0,4.0,10.0,0.868966,34.1931,2.0,2.57931,229.3172,764440.4,5.088593,0.0,0.0,4.0,6.0,16.0,0.151724,0.351724,193.4741379,22443.0,69.48966,123,1.5037492789848106,0,0,0,can’t find,,1,1,1,1,1
338949202.0,HosseiniRouzbeh,hosseinirouzbeh,Rouzbeh Hosseini,Tweets are my own opinion | Patriot | Nationalist | Monarchist | Property Consultant | Football Fan |,Tweets are my own opinion | Patriot | Nationalist | Monarchist | Property Consultant | Football Fan |,2011-07-20T10:35:47+00:00,5840.0,528.0,348763.0,11.0,3833.0,25440.0,25440.0,0.0,5840.0,5008.0,1.166134,0.105431,1.0,False,0.0,False,False,False,False,0.0,0.0,none,15.0,3.0,12.0,1.142857,24.22449,2.0,1.571429,434.449,1553846.0,5.079872,0.0,0.0,2.0,10.0,20.0,0.326531,0.612245,1694.0,25410.0,65.30612,101,11.06060606060606,0,0,0,human(2),0.0,1,1,1,1,1
1.20501e+18,RageAndHope,rageandhope,Rage and Hope!,Each tree / one mullah,Each tree / one mullah,2019-12-12T06:31:03+00:00,2827.0,2291.0,41639.0,2.0,593.0,9847.0,9847.0,0.0,2827.0,1941.0,1.456466,1.180319,1.0,False,0.0,False,False,False,False,0.0,0.0,none,1.0,0.0,1.0,0.0,7.5,2.0,2.0,2.0,122655.5,5.073158,0.0,0.0,1.0,1.0,1.0,0.5,0.5,9845.0,9845.0,0.0,22,1.2339589698821476,0,0,0,human(2),0.0,1,1,1,1,0
460243602.0,Homan_You,homan_you,هومن یوسفی Homan,"برای دنیا، ایران مرکز جهان نیست, برای من هست. ایران دگر خانه من نیست، اما همیشه وطنم هست. #پاینده_ایران #جاویدشاه","برای دنیا، ایران مرکز جهان نیست, برای من هست. ایران دگر خانه من نیست، اما همیشه وطنم هست. پاینده_ایران جاویدشاه",2012-01-10T15:02:45+00:00,3316.0,605.0,118704.0,11.0,1649.0,24514.0,24514.0,0.0,3316.0,4834.0,0.685974,0.125155,0.0,False,0.0,True,False,False,False,1.0,0.0,none,18.0,8.0,1.0,0.580645,41.96774,1.0,1.258065,335.4516,3532543.0,5.071163,0.0,0.0,2.0,2.0,5.0,0.0,0.064516,1360.388889,24487.0,54.45161,113,5.48099173553719,0,0,0,human(2),0.0,1,1,1,1,0
1.50075e+18,pegah_shirazi,pegah_shirazi,پگاه شیرازی,"با افتخار تمام اعلام میکنم هویت و اعتبار هر ایرانی شاهنشاه رضا پهلوی دوم هستند.

#شاه_میهن_آبادی
 
(ورود عرزشی های دهن گشاد ممنوع)","با افتخار تمام اعلام میکنم هویت و اعتبار هر ایرانی شاهنشاه رضا پهلوی دوم هستند.
 
 شاه_میهن_آبادی
  
 (ورود عرزشی های دهن گشاد ممنوع)",2022-03-07T08:33:23+00:00,6099.0,4844.0,16621.0,2.0,507.0,5658.0,5658.0,0.0,6099.0,1125.0,5.421333,4.305778,1.0,False,0.0,True,False,False,False,1.0,0.0,none,8.0,0.0,2.0,1.1,28.1,2.0,2.2,599.6,63447.8,5.029333,0.0,0.0,6.0,6.0,11.0,0.1,0.1,706.0,5648.0,65.0,130,1.2590834021469859,0,0,0,human(2),0.0,1,1,1,1,0
1465495776.0,BehzadZara,behzadzara,👑Behzad. Zara,نخواب وقتی که هم بغضت به زنجیره . . با افتخار تمام اعلام میکنم هویت و اعتبار هر ایرانی شاهزاده رضا پهلوی,نخواب وقتی که هم بغضت به زنجیره . . با افتخار تمام اعلام میکنم هویت و اعتبار هر ایرانی شاهزاده رضا پهلوی,2013-05-28T19:38:55+00:00,6859.0,1252.0,29788.0,12.0,2220.0,21659.0,21659.0,0.0,6859.0,4330.0,1.584065,0.289145,0.0,False,0.0,True,False,False,False,0.0,0.0,none,32.0,0.0,5.0,0.864865,65.21622,2.0,4.432432,269.7297,1904322.0,5.002079,0.0,0.0,2.0,3.0,1.0,0.324324,0.486486,675.6875,21622.0,64.13514,104,5.478434504792332,0,0,0,bot(1),1.0,1,1,1,1,0
1.26361e+18,IranianPlateau,iranianplateau,فلات ایران,پاینده ایران.,پاینده ایران.,2020-05-21T23:37:05+00:00,160056.0,11.0,1.0,217.0,5473.0,8879.0,8879.0,0.0,160056.0,1780.0,89.9191,0.00618,1.0,False,0.0,False,False,False,False,0.0,0.0,none,3.0,1.0,0.0,1.0,388.25,2.0,0.0,7675.0,12920569.0,4.988202,0.0,0.0,1.0,2.0,1.0,0.0,0.0,2958.333333,8875.0,245.25,13,14550.545454545454,0,0,0,human(2),0.0,1,1,1,1,0
9.78997e+17,BabakShekarabi,babakshekarabi,Babak Shekarabi,Politics,Politics,2018-03-28T14:07:00+00:00,39761.0,205.0,144309.0,78.0,1682.0,12776.0,12776.0,0.0,39761.0,2565.0,15.50136,0.079922,1.0,False,0.0,False,False,False,False,0.0,0.0,none,23.0,8.0,0.0,1.2,79.82857,1.0,1.971429,978.1429,4220982.0,4.980897,0.0,0.0,2.0,4.0,5.0,0.142857,0.142857,554.1304348,12745.0,245.5714,8,193.95609756097562,0,0,0,human(2),0.0,1,1,1,1,0
9.97171e+17,cpiparty,cpiparty,حزب مشروطه ايران(لیبرال دمکرات),صفحه رسمی حزب مشروطه ایران (لیبرال دمکرات) | The official Twitter page for the Constitutionalist Party of Iran (Liberal Democrat),صفحه رسمی حزب مشروطه ایران (لیبرال دمکرات) | The official Twitter page for the Constitutionalist Party of Iran (Liberal Democrat),2018-05-17T17:44:27+00:00,10984.0,18.0,2829.0,40.0,8868.0,12331.0,12331.0,0.0,10984.0,2515.0,4.367396,0.007157,1.0,False,0.0,True,False,False,False,0.0,0.0,none,1.0,1.0,0.0,1.0,49.0,1.0,2.5,38.5,25211852.0,4.902982,0.0,0.0,1.0,1.0,1.0,0.0,0.0,12329.0,12329.0,11.0,129,610.2222222222222,0,0,0,human(2),0.0,1,1,1,1,1
2860791416.0,majidazarpey,majidazarpey,مجید آذرپی 🏴,آن میر غوغا را بگو...,آن میر غوغا را بگو...,2014-10-17T17:01:25+00:00,16812.0,680.0,49239.0,41.0,1662.0,18615.0,18615.0,0.0,16812.0,3823.0,4.397594,0.177871,1.0,False,0.0,True,False,False,False,0.0,0.0,none,1.0,0.0,0.0,0.0,45.0,1.0,2.0,224.0,0.0,4.869213,1.0,1.0,1.0,1.0,1.0,0.0,0.0,18614.0,18614.0,22.0,21,24.723529411764705,0,0,0,human(2),0.0,1,1,1,1,1
7.1162e+17,mnz1033,mnz1033,مسعود نقدی زاده1975,"‏‏‏‏‏‏برخرمن صدزاهدعاقل زندآتش
این داغ که مابردل دیوانه نهادیم
فالو=حتما بک","‏‏‏‏‏‏برخرمن صدزاهدعاقل زندآتش
 این داغ که مابردل دیوانه نهادیم
 فالو=حتما بک",2016-03-20T18:25:04+00:00,6609.0,7491.0,51324.0,0.0,158.0,16017.0,16017.0,0.0,6609.0,3303.0,2.000908,2.267938,1.0,False,0.0,False,False,False,False,0.0,0.0,none,0.0,1.0,0.0,0.0,13.0,1.0,0.0,4949.0,0.0,4.849228,1.0,1.0,1.0,1.0,1.0,0.0,0.0,16016.0,16016.0,892.0,75,0.882258710452543,4,4,0,human(2),0.0,1,1,1,1,1
1.62926e+18,_Jese_Pinkman,_jese_pinkman,Pinkman,"برای کف خیابون آماده شو 🔥 نزدیکه
#انقلاب_ملی_ایران
#ما_ملت_کبیریم_ایران_رو_پس_میگیریم","برای کف خیابون آماده شو نزدیکه
 انقلاب_ملی_ایران
 ما_ملت_کبیریم_ایران_رو_پس_میگیریم",2023-02-24T23:05:59+00:00,7664.0,5944.0,6131.0,1.0,306.0,3732.0,3732.0,0.0,7664.0,771.0,9.940337,7.709468,1.0,False,0.0,False,False,False,False,1.0,0.0,none,2.0,0.0,0.0,0.5,28.5,1.0,1.5,378.0,59269.0,4.840467,0.0,1.0,1.0,1.0,1.0,0.0,0.0,1865.0,3730.0,63.0,85,1.2893674293405115,0,0,0,human(2),0.0,1,1,1,1,0
1.20604e+18,ShDelfan,shdelfan,Shahdel,آزاده و مستقل بدون وابستگی به گروه خاصی هیچ عقیده ایی برایم محترم نیست فقط انسان برام محترمه .معتقد به دموکراسی و حقوق برابر اقوام و البته عاشق خاندان پهلوی,آزاده و مستقل بدون وابستگی به گروه خاصی هیچ عقیده ایی برایم محترم نیست فقط انسان برام محترمه .معتقد به دموکراسی و حقوق برابر اقوام و البته عاشق خاندان پهلوی,2019-12-15T02:38:17+00:00,10266.0,8411.0,32716.0,3.0,1606.0,9199.0,9199.0,0.0,10266.0,1938.0,5.297214,4.340041,1.0,False,0.0,True,False,False,False,0.0,0.0,none,9.0,4.0,3.0,0.521739,29.30435,3.0,2.173913,52.43478,4183573.0,4.746646,0.0,0.0,4.0,6.0,8.0,0.173913,0.173913,1020.333333,9183.0,8.391304,156,1.2205445250267506,0,0,0,human(2),0.0,1,1,1,1,0
9.74533e+17,Matinkhaledii,matinkhaledii,𓃬☼حجرالاسقط 𓃬☼,#چه_ناگوارا,چه_ناگوارا,2018-03-16T06:30:19+00:00,6042.0,524.0,13913.0,1.0,1031.0,12154.0,12154.0,0.0,6042.0,2577.0,2.344587,0.203337,1.0,False,0.0,True,False,False,False,1.0,0.0,none,43.0,4.0,1.0,0.764706,29.66176,2.0,1.382353,1202.5,1100254.0,4.716337,0.0,0.0,6.0,10.0,21.0,0.029412,0.058824,281.5348837,12106.0,157.8676,11,11.530534351145038,0,0,0,human(2),0.0,1,1,1,1,0
1.28318e+18,Im_zhozefin,im_zhozefin,ژوزفین,عاشق حیوانات بخصوص پرندگان ؛ اهل مطالعه,عاشق حیوانات بخصوص پرندگان ؛ اهل مطالعه,2020-07-14T23:29:53+00:00,3237.0,2884.0,60375.0,3.0,12.0,8080.0,8080.0,0.0,3237.0,1726.0,1.875435,1.670915,1.0,False,0.0,True,False,False,False,0.0,0.0,none,1.0,0.0,3.0,0.0,10.5,1.0,1.0,2.0,330491.8,4.681344,0.0,0.0,1.0,2.0,1.0,0.75,0.75,8076.0,8076.0,0.0,39,1.1223994452149793,0,0,0,human(2),0.0,1,1,1,1,0
2555010592.0,aalchaa,aalchaa,ال چ,"ROYALIST, NATIONALIST, MONARCHIST, PAHLAVI PARLIAMENTARY MONARCHY proponent #پادشاهی_پارلمانی_پهلوی","ROYALIST, NATIONALIST, MONARCHIST, PAHLAVI PARLIAMENTARY MONARCHY proponent پادشاهی_پارلمانی_پهلوی",2014-05-20T06:13:48+00:00,8473.0,3891.0,146452.0,11.0,2752.0,18554.0,18554.0,0.0,8473.0,3973.0,2.132645,0.979361,1.0,False,0.0,True,False,False,False,1.0,0.0,none,3.0,1.0,1.0,1.2,19.0,1.0,1.6,160.8,7973832.0,4.670023,0.0,0.0,1.0,1.0,1.0,0.2,0.2,6183.0,18549.0,32.4,99,2.1775893086610125,0,0,0,human(2),0.0,1,1,1,1,0
3504378795.0,ryaniran,ryaniran,ایران، سرزمین شاهان 👑,🟩🦁⬜️🌞🟥 جاوید نهاد پادشاهی از اساطیر پیشدادی تا ابرمردان پهلوی 👑 پادشاهی ایرانمان، دوباره از آتش مهر ایران به پهلوی وخاکستر عقده‌داران پهلوی، برخواهد خاست,جاوید نهاد پادشاهی از اساطیر پیشدادی تا ابرمردان پهلوی پادشاهی ایرانمان، دوباره از آتش مهر ایران به پهلوی وخاکستر عقده‌داران پهلوی، برخواهد خاست,2015-08-31T18:32:26+00:00,3926.0,2153.0,61180.0,5.0,1216.0,16362.0,16362.0,0.0,3926.0,3505.0,1.120114,0.614265,1.0,False,0.0,True,False,False,False,0.0,0.0,none,1.0,0.0,0.0,1.0,31.0,1.0,2.0,870.0,0.0,4.668188,1.0,1.0,1.0,1.0,1.0,0.0,0.0,16361.0,16361.0,149.0,153,1.8235020901068277,0,0,0,human(2),0.0,1,1,1,1,1
1.60055e+18,pirouzimm,pirouzimm,پیروز مدیا,"پیروز، رسانه فارسی زبان
مستقل","پیروز، رسانه فارسی زبان
 مستقل",2022-12-07T18:15:30+00:00,7630.0,0.0,146.0,13.0,3958.0,3964.0,3964.0,0.0,7630.0,850.0,8.976471,0.0,1.0,False,0.0,False,False,False,False,0.0,0.0,none,2.0,0.0,0.0,1.0,6.0,1.0,1.0,205.5,10080.5,4.663529,0.0,4.0,2.0,4.0,3.0,0.0,0.0,1981.0,3962.0,35.0,29,7630.0,0,0,0,human(2),0.0,1,1,1,1,0
1.64083e+18,ahmad_313m,ahmad_313m,احمد مروارید,کوچکترین سرباز انقلاب,کوچکترین سرباز انقلاب,2023-03-28T21:27:42+00:00,5293.0,5.0,1157.0,35.0,434.0,3426.0,3426.0,0.0,5293.0,739.0,7.162382,0.006766,1.0,False,0.0,False,False,False,False,0.0,0.0,none,1.0,0.0,0.0,0.0,55.0,1.0,0.0,30.0,0.0,4.635995,1.0,1.0,1.0,1.0,1.0,0.0,0.0,3425.0,3425.0,3.0,21,1058.6,0,3,0,human(2),0.0,1,1,1,1,0
1.24762e+18,MohajranIran,mohajraniran,Mohajran Iran,"تختگاه و سکوی مستقل که جدیدترین و تازه ترین ها را برای همه افرادی که در خارج و داخل کشور زندگی می کنند، ارائه می دهد.

#براندازم #پیمان_نوین","تختگاه و سکوی مستقل که جدیدترین و تازه ترین ها را برای همه افرادی که در خارج و داخل کشور زندگی می کنند، ارائه می دهد.
 
 براندازم پیمان_نوین",2020-04-07T20:28:22+00:00,3286.0,4035.0,20138.0,3.0,1509.0,8442.0,8442.0,0.0,3286.0,1824.0,1.801535,2.212171,1.0,False,0.0,True,False,False,False,1.0,0.0,none,16.0,0.0,0.0,1.0,22.625,2.0,1.6875,144.375,6123662.0,4.628289,0.0,0.0,1.0,1.0,1.0,0.1875,0.1875,526.625,8426.0,34.125,140,0.8143742255266418,0,0,0,human(2),0.0,1,1,1,1,1
1.53335e+18,Delban_Sa,delban_sa,sara,من حاضرم برای عشق بجنگم، همیشه بوده‌ام. اما قبل از ثبت نام برای جنگ، باید بدانم که در کنار یک جنگجوی واقعی، نه یک فراری، خواهم جنگید.,من حاضرم برای عشق بجنگم، همیشه بوده‌ام. اما قبل از ثبت نام برای جنگ، باید بدانم که در کنار یک جنگجوی واقعی، نه یک فراری، خواهم جنگید.,2022-06-05T07:15:37+00:00,3710.0,1380.0,7082.0,4.0,297.0,4729.0,4729.0,0.0,3710.0,1035.0,3.584541,1.333333,1.0,False,0.0,False,False,False,False,0.0,0.0,none,4.0,0.0,2.0,0.714286,33.71429,2.0,1.714286,374.0,1513656.0,4.569082,0.0,0.0,2.0,2.0,2.0,0.428571,0.428571,1180.75,4723.0,39.42857,133,2.6884057971014492,0,0,0,human(2),0.0,1,1,1,1,0
1.25339e+18,5anazazana5,5anazazana5,🙄❄️SANAZ ll❄️🙄,⚔️I'm a Patriot⚔️/🌷Human Rights🌷/🔥 #IranRevolution2023 latest news🔥/💣Exposing The Globalists/Leftist/Dems crimes in the #MiddleEast💣/👑Javid Shah👑,I'm a Patriot/Human Rights/ IranRevolution2023 latest news/Exposing The Globalists/Leftist/Dems crimes in the MiddleEast/Javid Shah,2020-04-23T18:38:48+00:00,3628.0,1759.0,17041.0,2.0,824.0,8228.0,8228.0,0.0,3628.0,1808.0,2.006637,0.972898,1.0,False,0.0,True,False,False,False,1.0,1.0,none,5.0,1.0,0.0,1.0,32.0,1.0,3.833333,403.0,2460860.0,4.550885,0.0,0.0,1.0,2.0,1.0,0.166667,0.166667,1644.4,8222.0,138.5,145,2.0625355315520184,0,2,0,human(2),0.0,1,1,1,1,0
3434070501.0,RustaMasoud,rustamasoud,masoud rasta👑,"وقتی به محمدرضاشاه فکر میکنم ،بغض م میگیره 
از انسانیت و بزرگیش","وقتی به محمدرضاشاه فکر میکنم ،بغض م میگیره 
 از انسانیت و بزرگیش",2015-08-21T12:17:10+00:00,3298.0,3403.0,97629.0,1.0,41.0,15757.0,15757.0,0.0,3298.0,3515.0,0.938265,0.968137,1.0,False,0.0,True,False,False,False,0.0,0.0,none,0.0,0.0,31.0,0.0,7.235294,3.0,1.088235,1.294118,114219.1,4.482788,0.0,0.0,2.0,5.0,4.0,0.705882,1.558824,15726.0,15726.0,0.264706,63,0.9691448721716133,0,0,0,human(2),0.0,1,1,1,1,1
470388164.0,DDSBobby,ddsbobby,𝐵𝑜𝒷𝒷𝓎 𝒜𝒻𝓇𝑜𝑜𝓏,"Husband, Father, Proud🇺🇸, @LAMag 2020 Top Dentist, Thinking out loud my #RandomThoughts🤔, @UCLA alum,@UBDentalAlumni ,humor,fitness enthusiast,Iran Politics","Husband, Father, Proud, @LAMag 2020 Top Dentist, Thinking out loud my RandomThoughts, @UCLA alum,@UBDentalAlumni ,humor,fitness enthusiast,Iran Politics",2012-01-21T18:15:04+00:00,7628.0,2931.0,174103.0,29.0,3494.0,21614.0,21614.0,0.0,7628.0,4823.0,1.581588,0.607713,1.0,False,0.0,False,False,False,False,1.0,1.0,none,14.0,0.0,2.0,0.944444,23.5,3.0,1.0,204.0,3188459.0,4.481443,0.0,0.0,2.0,2.0,3.0,0.277778,0.277778,1542.714286,21598.0,27.44444,156,2.6025247355851246,0,0,0,human(2),0.0,1,1,1,1,0
1.20236e+18,memar1982,memar1982,مِـعـ🐍ـمار,ما کهنه‌ترین زخمیِ این جنگلِ خشکیم/ تیغ و تبری نیست که ما را نشناسد...,ما کهنه‌ترین زخمیِ این جنگلِ خشکیم/ تیغ و تبری نیست که ما را نشناسد...,2019-12-04T22:55:51+00:00,8170.0,365.0,84074.0,16.0,596.0,8630.0,8630.0,0.0,8170.0,1949.0,4.191893,0.187276,1.0,False,0.0,False,False,False,False,0.0,0.0,none,0.0,0.0,1.0,1.0,34.0,1.0,1.0,430.0,0.0,4.427912,1.0,1.0,1.0,1.0,1.0,1.0,1.0,8629.0,8629.0,40.0,70,22.383561643835616,0,4,0,human(2),0.0,1,1,1,1,0
1.53426e+18,BParnian1,bparnian1,B-Parnian,"Math teacher, Philosophy,History and Literature researcher.
دانش آموخته ریاضیات محض در مقطع دکترا ، عاشق ادبیات ، تاریخ ایران باستان و پادشاهیخواه مشروطه گرا","Math teacher, Philosophy,History and Literature researcher.
 دانش آموخته ریاضیات محض در مقطع دکترا ، عاشق ادبیات ، تاریخ ایران باستان و پادشاهیخواه مشروطه گرا",2022-06-07T19:50:45+00:00,3735.0,136.0,13039.0,1.0,1239.0,4512.0,4512.0,0.0,3735.0,1033.0,3.615682,0.131655,1.0,False,0.0,False,False,False,False,0.0,0.0,none,7.0,5.0,22.0,0.1875,46.8125,3.0,1.729167,13.66667,1208679.0,4.367861,0.0,0.0,4.0,10.0,15.0,0.458333,1.166667,639.7142857,4478.0,3.5,157,27.46323529411765,0,1,0,human(2),0.0,1,1,1,1,1
1.0969e+18,thetwelfth_Imam,thetwelfth_imam,امام زمان (عج),‏‏‏‏‏‏تنها اکانت رسمی بنده         یکی از همین جمعه‌های ۲۵سال آینده,‏‏‏‏‏‏تنها اکانت رسمی بنده یکی از همین جمعه‌های ۲۵سال آینده,2019-02-16T22:33:55+00:00,11246.0,276.0,131077.0,15.0,584.0,9695.0,9695.0,0.0,11246.0,2240.0,5.020536,0.123214,1.0,False,0.0,True,False,False,False,0.0,1.0,none,3.0,0.0,0.0,0.0,14.33333,1.0,0.0,2035.667,126755.7,4.328125,0.0,0.0,2.0,4.0,4.0,0.0,0.0,3230.666667,9692.0,120.6667,67,40.7463768115942,0,0,0,unverified(4),,1,1,1,1,0
1.3396e+18,AmiriySara,amiriysara,sara amiriy,جاويد شاه عشق مني 👑 پهلوي صبح آزادی ماست...دوستانم فالو =بک🔄,جاويد شاه عشق مني پهلوي صبح آزادی ماست...دوستانم فالو =بک,2020-12-17T15:42:38+00:00,8478.0,6804.0,15549.0,6.0,1553.0,6779.0,6779.0,0.0,8478.0,1570.0,5.4,4.333758,1.0,False,0.0,True,False,False,False,0.0,0.0,none,0.0,0.0,2.0,0.0,2.5,1.0,1.0,0.0,7.5,4.317834,2.0,2.0,2.0,2.0,1.0,0.5,1.5,6777.0,6777.0,0.0,60,1.246031746031746,0,0,0,human(2),0.0,1,1,1,1,1
1.50028e+18,Gmod_irian,gmod_irian,غزال,"برای افشای مستند آپوزیسیون نیابتی می کوشم!  
Instagram : https://t.co/qVXUxJWStW
Telegram: https://t.co/Qnu637qQlT","برای افشای مستند آپوزیسیون نیابتی می کوشم! 
 Instagram : 
 Telegram:",2022-03-06T01:31:32+00:00,18924.0,1334.0,11963.0,50.0,1118.0,4858.0,4858.0,0.0,18924.0,1126.0,16.80639,1.184725,1.0,False,0.0,True,False,False,False,0.0,1.0,none,1.0,1.0,0.0,2.0,280.0,1.0,0.0,1826.5,186241.5,4.314387,0.0,0.0,2.0,2.0,3.0,0.5,0.5,4856.0,4856.0,411.5,114,14.185907046476762,0,0,1,can’t find,,1,1,1,1,0
1.28697e+18,iranaxis,iranaxis,👑گرافیست🦁☀️👑,"همه عالم تن است ایران دل 
نیست گوینده زین گفته خجل
#جاویدشاه","همه عالم تن است ایران دل 
 نیست گوینده زین گفته خجل
 جاویدشاه",2020-07-25T10:13:52+00:00,239.0,99.0,30742.0,0.0,119.0,7366.0,7366.0,0.0,239.0,1715.0,0.139359,0.057726,1.0,False,0.0,True,False,False,False,1.0,0.0,none,1.0,0.0,0.0,1.0,9.0,1.0,2.0,322.0,0.0,4.295044,1.0,1.0,1.0,1.0,1.0,0.0,0.0,7365.0,7365.0,56.0,60,2.414141414141414,0,0,0,human(2),0.0,1,1,1,1,1
222187991.0,kshahrooz,kshahrooz,Kaveh Shahrooz کاوه شهروز,"Lawyer. @MLInstitute Sr. Fellow. Of no party or clique. Anti-authoritarian. Tweets mostly on Iran, Canada, free speech, and the fight for liberal democracy.","Lawyer. @MLInstitute Sr. Fellow. Of no party or clique. Anti-authoritarian. Tweets mostly on Iran, Canada, free speech, and the fight for liberal democracy.",2010-12-02T18:12:50+00:00,36541.0,1591.0,37963.0,203.0,3308.0,22477.0,22477.0,0.0,36541.0,5238.0,6.976136,0.303742,0.0,False,0.0,True,False,False,False,0.0,0.0,none,4.0,0.0,0.0,1.285714,40.42857,1.0,0.285714,1059.857,339377.3,4.291142,0.0,0.0,2.0,2.0,4.0,0.0,0.0,5618.25,22473.0,95.42857,156,22.967316153362663,0,0,0,human(2),0.0,1,1,1,1,0
9.93539e+17,israelrouydad,israelrouydad,ISRAEL ROUYDADگُلدا مَکابی,"ISRAEL ROUYDAD provides you with the latest updates from 🇮🇱 and the ME.
I support the return of the Pahlavi monarchy in Iran. My slogan: Man created God.😉","ISRAEL ROUYDAD provides you with the latest updates from and the ME.
 I support the return of the Pahlavi monarchy in Iran. My slogan: Man created God.",2018-05-07T17:12:27+00:00,15507.0,335.0,42020.0,33.0,4149.0,10825.0,10825.0,0.0,15507.0,2525.0,6.141386,0.132673,1.0,False,0.0,True,False,False,False,0.0,0.0,none,369.0,34.0,13.0,1.008677,24.43167,7.0,3.062907,706.1085,143892.9,4.287129,0.0,0.0,4.0,12.0,46.0,0.548807,0.993492,28.20867209,10409.0,120.6117,154,46.28955223880597,0,0,0,human(2),0.0,1,1,1,1,0
51434437.0,naderifar,naderifar,𝐇𝐨𝐦𝐚𝐲𝐨𝐮𝐧 𝐍𝐚𝐝𝐞𝐫𝐢𝐟𝐚𝐫,𝐏𝐨𝐥𝐢𝐭𝐢𝐜𝐚𝐥 𝐚𝐜𝐭𝐢𝐯𝐢𝐬𝐭,𝐏𝐨𝐥𝐢𝐭𝐢𝐜𝐚𝐥 𝐚𝐜𝐭𝐢𝐯𝐢𝐬𝐭,2009-06-27T13:16:02+00:00,26905.0,217.0,53336.0,48.0,3723.0,24569.0,24569.0,0.0,26905.0,5761.0,4.670196,0.037667,0.0,False,0.0,True,False,False,False,0.0,0.0,none,2.0,1.0,2.0,1.4,30.2,2.0,2.2,1087.4,5687228.0,4.264711,0.0,0.0,1.0,1.0,1.0,0.4,0.8,12282.0,24564.0,280.0,18,123.98617511520737,0,0,0,human(2),0.0,1,1,1,1,1
1.53983e+18,DrShehabP,drshehabp,"Shehab Parnianchi, MD","Iranian-American citizen who values democracy, the Constitution, and freedom of speech. Opinions expressed are my own.","Iranian-American citizen who values democracy, the Constitution, and freedom of speech. Opinions expressed are my own.",2022-06-23T04:54:30+00:00,4076.0,717.0,15104.0,6.0,270.0,4326.0,4326.0,0.0,4076.0,1017.0,4.007866,0.705015,1.0,False,0.0,False,False,False,False,0.0,0.0,none,24.0,8.0,2.0,0.617647,29.11765,3.0,2.323529,284.3529,2081099.0,4.253687,0.0,0.0,2.0,3.0,1.0,0.058824,0.147059,178.8333333,4292.0,68.38235,118,5.684797768479777,0,0,0,human(2),0.0,1,1,1,1,1
470477933.0,runykeyoldpics,runykeyoldpics,runykey,"I'm Sick and Tired of Being Sick and Tired
And Justice for All
#J4ALL","I'm Sick and Tired of Being Sick and Tired
 And Justice for All
 J4ALL",2012-01-21T20:15:14+00:00,3240.0,4.0,333178.0,15.0,1374.0,20488.0,20488.0,0.0,3240.0,4823.0,0.671781,0.000829,0.0,False,0.0,True,False,False,False,1.0,1.0,none,3.0,0.0,0.0,0.5,31.25,1.0,1.5,8.25,1070649.0,4.247978,0.0,0.0,2.0,2.0,2.0,0.0,0.0,6828.333333,20485.0,1.0,69,810.0,0,0,0,human(2),0.0,1,1,1,1,0
8.54101e+17,AAzadian2005,aazadian2005,آریا سرباز ایران♟IRAN,مردمی نیکو چو ایرانی نیابی در جهان // مردمی خوش قلب و شاد و مهربان // مردمی نیکو سرشت پرزدانش خوش زبان // مردمی دانا سخنگو خوش بیان //,مردمی نیکو چو ایرانی نیابی در جهان // مردمی خوش قلب و شاد و مهربان // مردمی نیکو سرشت پرزدانش خوش زبان // مردمی دانا سخنگو خوش بیان //,2017-04-17T22:36:25+00:00,2949.0,3248.0,4005.0,1.0,1752.0,12349.0,12349.0,0.0,2949.0,2910.0,1.013402,1.116151,1.0,False,0.0,True,False,False,False,0.0,0.0,none,0.0,0.0,1.0,1.0,8.0,1.0,1.0,0.0,0.0,4.243643,1.0,1.0,1.0,1.0,1.0,0.0,2.0,12348.0,12348.0,0.0,134,0.9079433497536946,0,4,0,bot(1),1.0,1,1,1,1,0
1.59123e+18,hosseintajik07,hosseintajik07,hossein t,https://t.co/sLuAdLno6Q,,2022-11-12T00:57:27+00:00,3782.0,816.0,8087.0,10.0,268.0,3685.0,3685.0,0.0,3782.0,875.0,4.322286,0.932571,1.0,False,0.0,False,False,False,False,0.0,1.0,none,10.0,4.0,1.0,0.8125,42.875,1.0,2.5,375.4375,4888747.0,4.211429,0.0,0.0,2.0,2.0,2.0,0.0,0.0,367.0,3670.0,110.3125,23,4.634803921568627,0,2,1,bot(1),1.0,1,1,1,1,0
8.64041e+17,sasanrahimpour1,sasanrahimpour1,Sasan Rahimpour,"Iranian Christianity,

 با افتخار یک براندازم . 
طرفدار پادشاهی پارلمانی (مشروطه)
#جاوید_شاه_راه_نجات_ایران
#خاندان_ایرانساز_پهلوی
♥️👑♥️","Iranian Christianity,
 
  با افتخار یک براندازم . 
 طرفدار پادشاهی پارلمانی (مشروطه)
 جاوید_شاه_راه_نجات_ایران
 خاندان_ایرانساز_پهلوی",2017-05-15T08:53:30+00:00,4097.0,1099.0,117585.0,0.0,977.0,12058.0,12058.0,0.0,4097.0,2882.0,1.421582,0.381332,1.0,False,0.0,False,False,False,False,1.0,0.0,none,89.0,38.0,112.0,1.020339,46.50847,4.0,3.650847,160.6305,95147.2,4.1839,0.0,0.0,8.0,16.0,58.0,0.328814,1.071186,132.7977528,11819.0,39.8678,136,3.7279344858962693,0,1,0,bot(1),1.0,1,1,1,1,1
62855930.0,amiretemadi,amiretemadi,Amir Etemadi | امیرحسین اعتمادی,"#ایران_را_پس_میگیریم

https://t.co/DMBPHNvuCr",ایران_را_پس_میگیریم,2009-08-04T16:11:39+00:00,91859.0,309.0,65220.0,254.0,1959.0,23924.0,23924.0,0.0,91859.0,5723.0,16.05085,0.053993,1.0,False,0.0,False,False,False,False,1.0,0.0,none,0.0,0.0,2.0,0.0,24.0,1.0,0.5,410.5,56691145.0,4.180325,0.0,0.0,1.0,1.0,1.0,0.5,0.5,23922.0,23922.0,38.5,45,297.27831715210357,0,0,1,human(2),0.0,1,1,1,1,1
1.57291e+18,JavidanIranema,javidaniranema,Iran,به امید ایرانی آزاد، ایرانی آباد,به امید ایرانی آزاد، ایرانی آباد,2022-09-22T11:19:07+00:00,4255.0,4181.0,10450.0,1.0,53.0,3812.0,3812.0,0.0,4255.0,926.0,4.595032,4.515119,1.0,False,0.0,True,False,False,False,0.0,0.0,none,0.0,0.0,2.0,0.0,22.0,2.0,3.5,4.0,49139.5,4.116631,0.0,2.0,2.0,2.0,3.0,0.0,14.5,3810.0,3810.0,0.0,32,1.0176991150442478,0,0,0,human(2),0.0,1,1,1,1,0
1.58955e+18,HosseinGhatib,hosseinghatib,Hossein Ghatib حسین قتیب,همه کارها را سراندر نشیب / مگر دست گیرد حسین قتیب! #فردوسی,همه کارها را سراندر نشیب / مگر دست گیرد حسین قتیب! فردوسی,2022-11-07T09:46:37+00:00,6322.0,542.0,18770.0,22.0,418.0,3618.0,3618.0,0.0,6322.0,880.0,7.184091,0.615909,1.0,False,0.0,True,False,False,False,1.0,0.0,none,0.0,1.0,0.0,1.0,48.0,1.0,0.0,86.0,0.0,4.111364,1.0,1.0,1.0,1.0,1.0,0.0,0.0,3617.0,3617.0,16.0,58,11.664206642066421,0,0,0,human(2),0.0,1,1,1,1,0
46919036.0,memarsadeghi,memarsadeghi,Mariam Memarsadeghi,"Iran democracy activist #براندازم 🇺🇦 🇮🇱 
writer, artist  

1 of 43 🇺🇸 immigrants profiled by President Bush in 
Out of Many, One  

@CyrusForum","Iran democracy activist براندازم 
 writer, artist 
 
 1 of 43 immigrants profiled by President Bush in 
 Out of Many, One 
 
 @CyrusForum",2009-06-13T16:51:34+00:00,15538.0,238.0,49940.0,152.0,1184.0,23719.0,23719.0,0.0,15538.0,5775.0,2.690563,0.041212,0.0,False,0.0,True,False,False,False,1.0,1.0,none,1.0,0.0,0.0,0.0,37.0,1.0,0.0,21.0,0.0,4.107186,1.0,1.0,1.0,1.0,1.0,0.0,3.0,23718.0,23718.0,8.0,143,65.28571428571429,0,0,0,human(2),0.0,1,1,1,1,0
1.33955e+18,AhmadySetareh,ahmadysetareh,setareh ahmady,عاشق ايران🇮🇷جاويد شاه🌹رضا شاه🌹 برندازم,عاشق ايرانجاويد شاهرضا شاه برندازم,2020-12-17T12:17:32+00:00,5119.0,4468.0,17405.0,5.0,1516.0,6442.0,6442.0,0.0,5119.0,1570.0,3.26051,2.84586,1.0,False,0.0,True,False,False,False,0.0,0.0,none,2.0,1.0,1.0,0.4,14.2,2.0,1.4,1.8,811748.5,4.103185,0.0,0.0,2.0,2.0,2.0,0.0,0.0,3219.0,6438.0,0.4,38,1.1457027752909579,0,0,0,human(2),0.0,1,1,1,1,0
1.57295e+18,Chahdortt,chahdortt,Chahdortt Djavann,"نویسنده فرانسوی، ۱۵ کتاب. ادبیات، روانشناسی اجتماعی...هرگز فریب اصلاحطلبان را نخوردم.
French writer. 15 books. Literature, social psychology and psychoanalysis","نویسنده فرانسوی، ۱۵ کتاب. ادبیات، روانشناسی اجتماعی...هرگز فریب اصلاحطلبان را نخوردم.
 French writer. 15 books. Literature, social psychology and psychoanalysis",2022-09-22T14:19:19+00:00,5053.0,51.0,23016.0,8.0,234.0,3797.0,3797.0,0.0,5053.0,926.0,5.456803,0.055076,1.0,False,0.0,True,False,False,False,0.0,1.0,none,5.0,3.0,0.0,0.5,61.75,2.0,2.0,316.5,4173526.0,4.100432,0.0,0.0,1.0,1.0,1.0,0.125,0.375,757.8,3789.0,61.625,159,99.07843137254902,0,0,0,human(2),0.0,1,1,1,1,0
1.6036e+18,JoOldooz,jooldooz,جوالدوز 🇨🇦,ای پادشه خوبان داد از غم تنهایی دل بی تو به جان آمد وقت است که بازآیی #جاویدشاه,ای پادشه خوبان داد از غم تنهایی دل بی تو به جان آمد وقت است که بازآیی جاویدشاه,2022-12-16T04:14:46+00:00,3857.0,3884.0,8942.0,0.0,361.0,3411.0,3411.0,0.0,3857.0,841.0,4.586207,4.618312,1.0,False,0.0,False,False,False,False,1.0,0.0,none,6.0,1.0,3.0,0.714286,45.14286,2.0,1.428571,213.1429,600350.1,4.055886,0.0,0.0,2.0,3.0,5.0,0.142857,0.142857,566.8333333,3401.0,26.78571,79,0.993048403707518,0,0,0,human(2),0.0,1,1,1,1,0
1.41988e+18,iran_vdt,iran_vdt,ashkan vahdat,فعال اجتماعى سياسى مستقل . حامى تماميت ارضى كشورم ،دموكراسى و سكولاريسم. علاقمند به خاندان ايرانساز پهلوى🫡👑,فعال اجتماعى سياسى مستقل . حامى تماميت ارضى كشورم ،دموكراسى و سكولاريسم. علاقمند به خاندان ايرانساز پهلوى,2021-07-27T04:51:40+00:00,8203.0,110.0,13934.0,7.0,1335.0,5355.0,5355.0,0.0,8203.0,1348.0,6.085312,0.081602,1.0,False,0.0,True,False,False,False,0.0,0.0,none,95.0,1.0,1.0,1.108911,30.57426,2.0,1.732673,915.9703,699060.1,3.972552,0.0,0.0,2.0,4.0,5.0,0.118812,0.158416,55.34736842,5258.0,190.5446,107,74.57272727272728,0,0,0,human(2),0.0,1,1,1,1,0
1.28498e+18,LibertyIranian,libertyiranian,Iranian Americans for Liberty,"Bipartisan Iranian Americans working to strengthen & support US foreign policy & natsec solutions that bring democracy, human rights & freedom of speech to Iran","Bipartisan Iranian Americans working to strengthen & support US foreign policy & natsec solutions that bring democracy, human rights & freedom of speech to Iran",2020-07-19T22:52:33+00:00,7136.0,339.0,6147.0,60.0,1513.0,6818.0,6818.0,0.0,7136.0,1721.0,4.146426,0.196979,1.0,False,0.0,False,False,False,False,0.0,0.0,none,2.0,2.0,1.0,1.857143,152.2857,2.0,0.285714,270.8571,19940729.0,3.96165,0.0,0.0,4.0,4.0,3.0,0.285714,2.0,3406.5,6813.0,62.57143,160,21.050147492625367,0,0,0,human(2),0.0,1,1,1,1,1
2601628980.0,miladpoureisa,miladpoureisa,میلاد پورعیسی,journalist,journalist,2014-07-03T13:13:18+00:00,5143.0,1584.0,76213.0,22.0,1397.0,15488.0,15488.0,0.0,5143.0,3929.0,1.308984,0.403156,1.0,False,0.0,True,False,False,False,0.0,0.0,none,1.0,0.0,0.0,0.0,40.0,1.0,0.0,1309.0,0.0,3.94197,1.0,1.0,1.0,1.0,1.0,0.0,0.0,15487.0,15487.0,102.0,10,3.2468434343434343,0,0,0,human(2),0.0,1,1,1,1,0
1.54619e+18,HistoryInPik,historyinpik,History In Pics,در اینجا شاهد روایت زیست روزمره مردم در تاریخ هستیم .,در اینجا شاهد روایت زیست روزمره مردم در تاریخ هستیم .,2022-07-10T18:04:59+00:00,9073.0,80.0,3313.0,9.0,2547.0,3937.0,3937.0,0.0,9073.0,1000.0,9.073,0.08,1.0,False,0.0,True,False,False,False,0.0,0.0,none,0.0,0.0,2.0,0.5,5.5,2.0,0.0,19.0,49596.5,3.937,0.0,1.0,1.0,1.0,1.0,0.0,0.0,3935.0,3935.0,1.5,53,113.4125,0,0,0,human(2),0.0,1,1,1,1,0
1408312021.0,pouriazeraati,pouriazeraati,Pouria Zeraati,Journalist روزنامه‌نگار,Journalist روزنامه‌نگار,2013-05-06T17:40:54+00:00,910052.0,272.0,25207.0,1030.0,7132.0,17133.0,17133.0,0.0,910052.0,4352.0,209.1112,0.0625,1.0,False,0.0,False,False,False,False,0.0,0.0,none,3.0,0.0,0.0,0.666667,29.0,1.0,2.666667,962.6667,3883059.0,3.936811,0.0,0.0,1.0,1.0,1.0,0.333333,0.333333,5710.0,17130.0,96.33333,23,3345.779411764706,0,0,0,human(2),0.0,1,1,1,1,0
9.63425e+17,RadmehrSiavash,radmehrsiavash,Siavash Radmehr,Advocate Of A Secular Liberal Democracy For Iran | Conservative | Agnostic | Constitutional Monarchy,Advocate Of A Secular Liberal Democracy For Iran | Conservative | Agnostic | Constitutional Monarchy,2018-02-13T14:51:42+00:00,4168.0,305.0,317041.0,6.0,181.0,10234.0,10234.0,0.0,4168.0,2608.0,1.59816,0.116948,1.0,False,0.0,True,False,False,False,0.0,0.0,none,1.0,0.0,0.0,0.0,22.0,1.0,1.0,155.0,0.0,3.92408,1.0,1.0,1.0,1.0,1.0,0.0,0.0,10233.0,10233.0,16.0,100,13.665573770491804,0,0,0,human(2),0.0,1,1,1,1,0
1.59287e+18,king_Sarab47,king_sarab47,👑King Pahlavi👑,چراغی را که ایزد برفروزد هر آنکس پف کند ریشش بسوزد🔥تا ابد💯 #جاويدشاه👑,چراغی را که ایزد برفروزد هر آنکس پف کند ریشش بسوزدتا ابد جاويدشاه,2022-11-16T13:11:26+00:00,3845.0,3684.0,23946.0,0.0,41.0,3372.0,3372.0,0.0,3845.0,871.0,4.414466,4.229621,1.0,False,0.0,False,False,False,False,1.0,0.0,none,0.0,0.0,1.0,0.0,34.0,1.0,1.0,26.0,0.0,3.871412,2.0,2.0,2.0,2.0,2.0,0.0,29.0,3371.0,3371.0,17.0,69,1.043702497285559,0,2,0,human(2),0.0,1,1,1,1,0
2313967902.0,KambizGhafouri,kambizghafouri,Kambiz Ghafouri,"Journalist. Former @RFERL. Member of @journ_liitto. Human Rights @IHRights. Founder of KGM Media Oy.
کثیر البلاک و دست به ماشه","Journalist. Former @RFERL. Member of @journ_liitto. Human Rights @IHRights. Founder of KGM Media Oy.
 کثیر البلاک و دست به ماشه",2014-01-27T16:56:11+00:00,56331.0,1662.0,70141.0,209.0,1130.0,15705.0,15705.0,0.0,56331.0,4086.0,13.78634,0.406755,1.0,False,0.0,True,False,False,False,0.0,0.0,none,1.0,0.0,0.0,1.0,224.0,1.0,2.0,2780.0,0.0,3.843612,1.0,1.0,1.0,1.0,1.0,0.0,0.0,15704.0,15704.0,501.0,126,33.89350180505415,0,0,0,human(2),0.0,1,1,1,1,1
1.33799e+18,Mard62881776,mard62881776,حضرت عشق,"‏‏‏‏‏‏‏‏‏‏‏‏‏‏‏‏‏‏‏کز دیو و دد ملولم و انسانم آرزوست. برانداز. دوستدار خاندان پهلوی

Environmentalist, Researcher, and Instructor (PHD)","‏‏‏‏‏‏‏‏‏‏‏‏‏‏‏‏‏‏‏کز دیو و دد ملولم و انسانم آرزوست. برانداز. دوستدار خاندان پهلوی
 
 Environmentalist, Researcher, and Instructor (PHD)",2020-12-13T05:15:05+00:00,4201.0,506.0,12258.0,4.0,819.0,5976.0,5976.0,0.0,4201.0,1574.0,2.668996,0.321474,1.0,False,0.0,False,False,False,False,0.0,0.0,none,25.0,1.0,4.0,0.9375,21.46875,2.0,1.28125,105.875,2312919.0,3.796696,0.0,0.0,2.0,3.0,3.0,0.15625,0.15625,237.84,5946.0,37.6875,135,8.302371541501977,0,8,0,human(2),0.0,1,1,1,1,1
1.45476e+18,Lilium52709755,lilium52709755,Lilium,جاوید شاه,جاوید شاه,2021-10-31T10:21:08+00:00,599.0,640.0,57165.0,1.0,510.0,4741.0,4741.0,0.0,599.0,1252.0,0.478435,0.511182,1.0,False,0.0,False,False,False,False,0.0,0.0,none,0.0,0.0,1.0,0.0,22.0,1.0,1.0,1.0,0.0,3.786741,1.0,1.0,1.0,1.0,1.0,1.0,1.0,4740.0,4740.0,0.0,9,0.9359375,0,8,0,human(2),0.0,1,1,1,1,1
1552286509.0,EpochTimesPer,epochtimesper,اپک تایمز فارسی,اپک‌تایمز، در۳۵کشور و به۲۱زبان، به صورت چاپی و آنلاین https://t.co/z0YiGM826V    |   از حمایت مالی شما سپاسگزاریم:  ⁦ https://t.co/cNwqBj9iNc⁩,اپک‌تایمز، در۳۵کشور و به۲۱زبان، به صورت چاپی و آنلاین | از حمایت مالی شما سپاسگزاریم: ⁦,2013-06-28T05:14:09+00:00,39885.0,14.0,695.0,105.0,10006.0,16221.0,16221.0,0.0,39885.0,4299.0,9.277739,0.003257,0.0,False,0.0,True,False,False,False,0.0,1.0,regular,1.0,0.0,0.0,1.0,51.0,1.0,3.0,745.0,0.0,3.773203,1.0,1.0,1.0,1.0,1.0,0.0,0.0,16220.0,16220.0,152.0,142,2848.9285714285716,0,0,1,News Agent(3),,1,1,1,1,0
1.39019e+18,History_Wall,history_wall,The WALL,"تحلیل گر سیاسی و امنیتی 
شاگرد اول کلاس مانوک

پادشاهی خواه/ناسیونالیست انقلابی/#ایرانشهری/جانم فدای میهن

**فالو کنید  قطعا بک میدم**","تحلیل گر سیاسی و امنیتی 
 شاگرد اول کلاس مانوک
 
 پادشاهی خواه/ناسیونالیست انقلابی/ایرانشهری/جانم فدای میهن
 
 **فالو کنید قطعا بک میدم**",2021-05-06T06:33:01+00:00,2595.0,686.0,43047.0,2.0,282.0,5331.0,5331.0,0.0,2595.0,1430.0,1.814685,0.47972,1.0,False,0.0,False,False,False,False,1.0,0.0,none,10.0,2.0,3.0,0.789474,40.10526,1.0,1.631579,426.8421,5011650.0,3.727972,0.0,0.0,4.0,4.0,5.0,0.210526,0.421053,531.6,5316.0,42.26316,134,3.782798833819242,0,0,0,human(2),0.0,1,1,1,1,1
1.08463e+18,MohammadSigari,mohammadsigari,ممد سیگاری 🚬,"برانداز طرفدار دمکراسی ریبرالیسم و شاهزاده👑
دشمن اسلام ملا چپی مجاهد.   
فالو=بک🤝
بک مال دادنه🫂
 عرزشی بسیجی و سپاهی ولایی تجزیه طلب بیشرف ورود ممنوع ⛔","برانداز طرفدار دمکراسی ریبرالیسم و شاهزاده
 دشمن اسلام ملا چپی مجاهد. 
 فالو=بک
 بک مال دادنه
  عرزشی بسیجی و سپاهی ولایی تجزیه طلب بیشرف ورود ممنوع",2019-01-14T01:42:31+00:00,7810.0,8135.0,20589.0,1.0,1536.0,8464.0,8464.0,0.0,7810.0,2273.0,3.435988,3.578971,1.0,False,0.0,True,False,False,False,0.0,0.0,none,0.0,0.0,1.0,0.0,9.0,1.0,1.0,9.0,0.0,3.723713,1.0,1.0,1.0,1.0,1.0,1.0,1.0,8463.0,8463.0,0.0,151,0.9600491702519975,0,0,0,human(2),0.0,1,1,1,1,0
1.71643e+18,AjaNews_persian,ajanews_persian,الجزیره به فارسی,روایت؛ بدون توقف,روایت؛ بدون توقف,2023-10-23T12:33:00+00:00,6296.0,11.0,0.0,18.0,1972.0,1973.0,1973.0,0.0,6296.0,530.0,11.87925,0.020755,1.0,False,0.0,False,False,False,False,0.0,0.0,none,1.0,0.0,0.0,1.0,11.0,1.0,0.0,8.0,0.0,3.722642,1.0,1.0,1.0,1.0,1.0,0.0,0.0,1972.0,1972.0,3.0,16,572.3636363636364,0,0,0,News Agent(3),,1,1,1,1,0
226928166.0,IsraelPersian,israelpersian,اسرائیل به فارسی,صفحه رسمی وزارت امور خارجه اسرائیل,صفحه رسمی وزارت امور خارجه اسرائیل,2010-12-15T13:02:20+00:00,577381.0,373.0,23008.0,1000.0,8029.0,18968.0,18968.0,0.0,577381.0,5225.0,110.5035,0.071388,0.0,False,0.0,True,False,False,False,0.0,0.0,none,2.0,1.0,0.0,0.666667,23.33333,1.0,0.333333,7557.333,8177568.0,3.630239,0.0,0.0,1.0,1.0,1.0,0.0,0.0,9482.5,18965.0,1070.0,34,1547.9383378016087,0,0,0,News Agent(3),,1,1,1,1,1
219026000.0,SamanArbabi,samanarbabi,Saman Arbabi,💚🤍❤️Woman Life Freedom💛💙,Woman Life Freedom,2010-11-23T18:48:21+00:00,153296.0,338.0,15118.0,325.0,4799.0,18964.0,18964.0,0.0,153296.0,5247.0,29.21593,0.064418,0.0,False,0.0,True,False,False,False,0.0,0.0,regular,1.0,0.0,0.0,2.0,28.0,1.0,0.0,2423.0,0.0,3.614256,1.0,1.0,1.0,1.0,1.0,0.0,0.0,18963.0,18963.0,505.0,24,453.53846153846155,0,0,0,human(2),0.0,1,1,1,1,0
2880366888.0,hesamorouji,hesamorouji,Hesam Orouji,هموند حزب ایران نوین.ایرانگرایی. سکولار دموکراسی. لیبرالیسم. پادشاهی پارلمانی مشروطه. ایران معبد ماست.,هموند حزب ایران نوین.ایرانگرایی. سکولار دموکراسی. لیبرالیسم. پادشاهی پارلمانی مشروطه. ایران معبد ماست.,2014-10-28T06:03:35+00:00,5293.0,732.0,64719.0,8.0,1100.0,13767.0,13767.0,0.0,5293.0,3812.0,1.38851,0.192025,1.0,False,0.0,True,False,False,False,0.0,0.0,none,37.0,14.0,11.0,0.761905,29.39683,4.0,1.730159,279.3651,597220.1,3.61149,0.0,0.0,2.0,3.0,2.0,0.190476,0.253968,370.4054054,13705.0,48.8254,102,7.23087431693989,0,0,0,human(2),0.0,1,1,1,1,0
475317365.0,SasanAmjadi,sasanamjadi,Sasan Amjadi,"Jin, Jiyan, Azadî","Jin, Jiyan, Azadî",2012-01-26T22:46:24+00:00,28277.0,2120.0,19582.0,59.0,1468.0,17320.0,17320.0,0.0,28277.0,4818.0,5.869033,0.440017,1.0,False,0.0,True,False,False,False,0.0,0.0,none,1.0,0.0,0.0,0.0,31.0,1.0,1.0,1099.0,0.0,3.594853,1.0,1.0,1.0,1.0,1.0,0.0,0.0,17319.0,17319.0,161.0,17,13.33820754716981,0,0,0,human(2),0.0,1,1,1,1,1
1.2624e+18,khalaji_mehdi,khalaji_mehdi,Mehdi Khalaji,"طلبه‌ی دین، ادبیات، فلسفه و سیاست interested in religion, literature, philosophy,and politics","طلبه‌ی دین، ادبیات، فلسفه و سیاست interested in religion, literature, philosophy,and politics",2020-05-18T14:56:44+00:00,12876.0,228.0,2275.0,72.0,198.0,6391.0,6391.0,0.0,12876.0,1783.0,7.221537,0.127874,1.0,False,0.0,False,False,False,False,0.0,0.0,none,1.0,0.0,0.0,0.0,47.0,1.0,0.0,37.0,0.0,3.584408,1.0,1.0,1.0,1.0,1.0,0.0,0.0,6390.0,6390.0,4.0,93,56.473684210526315,0,0,0,human(2),0.0,1,1,1,1,1
295601268.0,honarparvar2020,honarparvar2020,هنرپرور ( یک برانداز )♕︎♕︎ 𓄂✺,"کسی کو هوای فریدون کند💚🤍❤دل از بند ضحاک بیرون کند
#جاویدشاه رمز ماست
#نه_به_جمهوری_اسلامی  هدف ماست
#آزادی مقصد ماست","کسی کو هوای فریدون کنددل از بند ضحاک بیرون کند
 جاویدشاه رمز ماست
 نه_به_جمهوری_اسلامی هدف ماست
 آزادی مقصد ماست",2011-05-09T10:24:40+00:00,3536.0,3598.0,25929.0,4.0,745.0,18041.0,18041.0,0.0,3536.0,5080.0,0.696063,0.708268,0.0,False,0.0,False,False,False,False,1.0,0.0,none,0.0,1.0,2.0,0.666667,29.0,2.0,2.333333,108.6667,6934265.0,3.551378,0.0,0.0,1.0,1.0,1.0,0.0,0.666667,18038.0,18038.0,14.0,116,0.9827682045580878,0,4,0,human(2),0.0,1,1,1,1,1
470213087.0,hs_maryam,hs_maryam,maryam moghaddam👑,"براندازم و مشروطه خواه، حامی عملکرد سیاستهای پرزیدنت ترامپ در قبال فرقه تبهکارم 
به افراد ناشناس در دایرکت جواب نمیدهم هر سوالی هست در ریپلای بپرسید در خدمتم","براندازم و مشروطه خواه، حامی عملکرد سیاستهای پرزیدنت ترامپ در قبال فرقه تبهکارم 
 به افراد ناشناس در دایرکت جواب نمیدهم هر سوالی هست در ریپلای بپرسید در خدمتم",2012-01-21T12:59:58+00:00,3778.0,1543.0,40221.0,10.0,752.0,17124.0,17124.0,0.0,3778.0,4823.0,0.78333,0.319925,0.0,False,0.0,True,False,False,False,0.0,0.0,none,6.0,2.0,0.0,0.625,32.5,1.0,1.5,199.0,4509166.0,3.550487,0.0,0.0,1.0,1.0,1.0,0.25,0.875,2852.666667,17116.0,25.625,157,2.4484769928710306,0,0,0,human(2),0.0,1,1,1,1,1
1.15483e+18,ebrahimi_mazyar,ebrahimi_mazyar,Mazyar Ebrahimi مازیار ابراهیمی,Instagram & Clubhouse: ebrahimi_mazyar متهم پرونده ترور دانشمندان هسته ایی، دبیر نخست موقت حزب ایرانیان کرد میهن پرست #جاویدشاه_رمز_پیروزی,Instagram & Clubhouse: ebrahimi_mazyar متهم پرونده ترور دانشمندان هسته ایی، دبیر نخست موقت حزب ایرانیان کرد میهن پرست جاویدشاه_رمز_پیروزی,2019-07-26T19:19:18+00:00,27974.0,376.0,69428.0,44.0,588.0,7385.0,7385.0,0.0,27974.0,2080.0,13.44904,0.180769,1.0,False,0.0,True,False,False,False,1.0,0.0,none,56.0,13.0,31.0,0.264706,38.47059,4.0,1.95098,765.7941,876227.5,3.550481,0.0,0.0,2.0,4.0,3.0,0.196078,0.27451,130.0892857,7285.0,136.6373,138,74.39893617021276,0,0,0,human(2),0.0,1,1,1,1,0
1.63962e+18,omiddana19,omiddana19,Omid Dana2,"فعال ایرانگرا و سازنده برنامه رودست
اولین برنامه ساز سیاسی دارنده لوح نقره ای یوتیوب
https://t.co/oruGyB326c
کانال تلگرام
https://t.co/NhL1BSvb9j","فعال ایرانگرا و سازنده برنامه رودست
 اولین برنامه ساز سیاسی دارنده لوح نقره ای یوتیوب
 
 کانال تلگرام",2023-03-25T13:09:17+00:00,3735.0,2.0,1236.0,8.0,2176.0,2614.0,2614.0,0.0,3735.0,742.0,5.033693,0.002695,1.0,False,0.0,False,False,False,False,0.0,1.0,none,3.0,0.0,0.0,1.0,48.33333,1.0,0.333333,159.0,542645.0,3.522911,0.0,0.0,1.0,1.0,1.0,0.0,0.0,870.3333333,2611.0,8.666667,145,1867.5,1,2,1,human(2),0.0,1,1,1,1,0
1.67112e+18,nargesfnd,nargesfnd,Narges Mohammadi | نرگس محمدی,"Official Account of Narges Mohammadi Imprisoned Iranian Human Rights Defender, Nobel Peace Prize laureate 2023. Managed by her family. صفحه رسمی نرگس محمدی","Official Account of Narges Mohammadi Imprisoned Iranian Human Rights Defender, Nobel Peace Prize laureate 2023. Managed by her family. صفحه رسمی نرگس محمدی",2023-06-20T11:48:15+00:00,9113.0,183.0,2601.0,33.0,341.0,2305.0,2305.0,0.0,9113.0,655.0,13.91298,0.279389,1.0,False,0.0,False,False,False,False,0.0,1.0,none,1.0,0.0,0.0,1.0,1956.0,1.0,0.0,1309.0,0.0,3.519084,2.0,2.0,2.0,2.0,2.0,0.0,0.0,2304.0,2304.0,240.0,155,49.797814207650276,0,0,0,human(2),0.0,1,1,1,1,0
1.13802e+18,sanazazanas,sanazazanas,🍁🙄🍁SANAZ l🍁🙄🍁,🔥#IranianProtester / 📝Political activist / 🛡️#HumanRights / 📰The latest #IranRevolution #News,IranianProtester / Political activist / HumanRights / The latest IranRevolution News,2019-06-10T09:45:56+00:00,4571.0,1440.0,17177.0,11.0,706.0,7447.0,7447.0,0.0,4571.0,2126.0,2.150047,0.677328,1.0,False,0.0,True,False,False,False,1.0,0.0,none,9.0,2.0,0.0,1.0,40.81818,1.0,3.181818,448.0909,1565164.0,3.502822,0.0,0.0,1.0,2.0,1.0,0.0,0.0,826.2222222,7436.0,137.9091,93,3.1743055555555557,0,0,0,human(2),0.0,1,1,1,1,0
1.6389e+18,mard_meshki,mard_meshki,مرد مشکی پوش (۲) 𝕏,هرچی از یزید شنیدم از پیروان حسین دیدم🥷🏿,هرچی از یزید شنیدم از پیروان حسین دیدم,2023-03-23T13:28:44+00:00,4577.0,3832.0,2849.0,1.0,110.0,2602.0,2602.0,0.0,4577.0,744.0,6.151882,5.150538,1.0,False,0.0,False,False,False,False,0.0,0.0,none,4.0,0.0,0.0,1.25,17.0,2.0,1.75,158.75,4249964.0,3.497312,0.0,0.0,1.0,1.0,1.0,0.0,0.0,649.5,2598.0,29.75,40,1.1944154488517744,1,0,0,human(2),0.0,1,1,1,1,0
173506785.0,ViemonX,viemonx,VIÆ👑🌼monX🎗️,The Last of his name حالا که هدفتان ایران اعتبار تحلیل حمله اسرائیل تا ابد برای اکانت⬅️ @SamanthaIrani ⚠️ محفوظ خواهد ماند #StandUpToJewishHate #فرزندان_پرچم,The Last of his name حالا که هدفتان ایران اعتبار تحلیل حمله اسرائیل تا ابد برای اکانت @SamanthaIrani محفوظ خواهد ماند StandUpToJewishHate فرزندان_پرچم,2010-08-01T17:19:13+00:00,4219.0,940.0,22361.0,24.0,4195.0,18440.0,18440.0,0.0,4219.0,5361.0,0.78698,0.17534,0.0,False,0.0,True,False,False,False,1.0,0.0,none,0.0,17.0,69.0,1.681529,32.24204,4.0,2.165605,81.06369,668088.5,3.439657,0.0,0.0,14.0,42.0,72.0,0.656051,1.267516,18354.0,18354.0,23.99363,157,4.488297872340426,0,0,0,human(2),0.0,1,1,1,1,0
4910864747.0,roshangarnasl,roshangarnasl,روشنگر نسل سوخته,,,2016-02-14T23:13:30+00:00,4598.0,398.0,85264.0,12.0,1721.0,11416.0,11416.0,0.0,4598.0,3338.0,1.377472,0.119233,1.0,False,0.0,False,False,False,False,0.0,0.0,none,1.0,0.0,0.0,0.0,18.0,1.0,1.0,751.0,0.0,3.420012,1.0,1.0,1.0,1.0,1.0,1.0,1.0,11415.0,11415.0,112.0,0,11.552763819095478,0,0,0,human(2),0.0,1,1,0,1,0
23231946.0,mobarez_nastooh,mobarez_nastooh,Mehdi Mirghaderi 👑,"Blogger, Freedom fighter and Mellig Party Chairman
We are all one voice
We are all nationalists
telegram: https://t.co/v8mjbslaGp","Blogger, Freedom fighter and Mellig Party Chairman
 We are all one voice
 We are all nationalists
 telegram:",2009-03-07T20:39:27+00:00,16679.0,991.0,40468.0,55.0,5679.0,19815.0,19815.0,0.0,16679.0,5873.0,2.839946,0.168738,0.0,False,0.0,True,False,False,False,0.0,1.0,none,1.0,0.0,0.0,1.0,14.0,1.0,1.0,200.0,0.0,3.373915,1.0,1.0,1.0,1.0,1.0,0.0,0.0,19814.0,19814.0,31.0,129,16.830474268415742,0,0,1,human(2),0.0,1,1,1,1,1
2804605933.0,PnMd1982,pnmd1982,peyman,"پادشاهی خواه ، ایران دوست ، باورمند به 
پادشاهی پهلوی
#مرگ_بر_سه_فاسد_مولا_چپی_مجاهد
#پاینده_ایران 
#جاویدشاه","پادشاهی خواه ، ایران دوست ، باورمند به 
 پادشاهی پهلوی
 مرگ_بر_سه_فاسد_مولا_چپی_مجاهد
 پاینده_ایران 
 جاویدشاه",2014-09-12T00:04:07+00:00,6205.0,5407.0,54407.0,5.0,5135.0,13015.0,13015.0,0.0,6205.0,3858.0,1.608346,1.401503,1.0,False,0.0,True,False,False,False,1.0,0.0,none,189.0,3.0,25.0,0.925,26.22917,3.0,2.841667,147.3208,227148.2,3.37351,0.0,0.0,6.0,8.0,24.0,0.004167,0.004167,67.71428571,12798.0,32.5375,109,1.147586461993712,0,4,0,human(2),0.0,1,1,1,1,0
9.98914e+17,SooreBoz,sooreboz,سورِ بُز,"#جاویدشاه
#ایران_معبد_ماست
#شیروخورشید نماد ایران","جاویدشاه
 ایران_معبد_ماست
 شیروخورشید نماد ایران",2018-05-22T13:10:56+00:00,7980.0,7438.0,45456.0,1.0,394.0,8450.0,8450.0,0.0,7980.0,2510.0,3.179283,2.963347,1.0,False,0.0,True,False,False,False,1.0,0.0,none,4.0,0.0,6.0,0.615385,12.46154,2.0,1.692308,2.615385,338005.0,3.366534,0.0,0.0,2.0,4.0,4.0,0.230769,2.692308,2110.0,8440.0,0.230769,49,1.0728690508201129,0,0,0,human(2),0.0,1,1,1,1,0
151432312.0,Roshanaeii,roshanaeii,👑شاهزاده خانمي كه هميشه ناشناس ماند,مرا داد فرمود و خود داور است,مرا داد فرمود و خود داور است,2010-06-03T11:49:51+00:00,3115.0,1355.0,86151.0,8.0,3991.0,18066.0,18066.0,0.0,3115.0,5420.0,0.574723,0.25,1.0,False,0.0,True,False,False,False,0.0,0.0,none,9.0,1.0,2.0,0.846154,13.53846,2.0,1.538462,179.7692,4892765.0,3.33321,0.0,0.0,2.0,3.0,2.0,0.076923,0.307692,2006.0,18054.0,26.92308,28,2.2988929889298895,0,0,0,human(2),0.0,1,1,1,1,0
252131613.0,Fahimehkhezr,fahimehkhezr,Fahimeh KhezrHeidari,روزنامه‌نگار با تمرکز بر برابری جنسیتی، Iranian broadcast journalist. Literature is my country,روزنامه‌نگار با تمرکز بر برابری جنسیتی، Iranian broadcast journalist. Literature is my country,2011-02-14T15:18:09+00:00,29649.0,895.0,54434.0,129.0,814.0,17009.0,17009.0,0.0,29649.0,5164.0,5.741479,0.173315,0.0,False,0.0,True,False,False,False,0.0,0.0,none,1.0,0.0,0.0,1.0,315.0,1.0,8.0,1140.0,0.0,3.293765,1.0,1.0,1.0,1.0,1.0,0.0,0.0,17008.0,17008.0,129.0,94,33.12737430167598,0,0,0,human(2),0.0,1,1,1,1,1
47804581.0,IranianWoman,iranianwoman,Sheema Kalbasi شیما کلباسی,"Poet, Pushcart prize in poetry and PEN Award for Poetry in Translation nominee, Served in the Danish Defense, Worked for UNHCR and Center for Refugees","Poet, Pushcart prize in poetry and PEN Award for Poetry in Translation nominee, Served in the Danish Defense, Worked for UNHCR and Center for Refugees",2009-06-17T01:22:58+00:00,10100.0,854.0,20248.0,160.0,3429.0,18957.0,18957.0,0.0,10100.0,5771.0,1.75013,0.147981,0.0,False,0.0,False,False,False,False,0.0,0.0,none,1.0,0.0,0.0,0.0,496.0,1.0,0.0,948.0,0.0,3.284873,1.0,1.0,1.0,1.0,1.0,0.0,0.0,18956.0,18956.0,397.0,150,11.826697892271662,0,0,0,human(2),0.0,1,1,1,1,0
8.80818e+17,Hosseinla1,hosseinla1,Hossein,,,2017-06-30T16:00:40+00:00,3930.0,2799.0,8169.0,0.0,470.0,9253.0,9253.0,0.0,3930.0,2836.0,1.385755,0.986953,0.0,False,0.0,True,False,False,False,0.0,0.0,none,16.0,4.0,24.0,0.342857,24.64286,3.0,1.485714,90.65714,157880.0,3.262694,0.0,0.0,6.0,14.0,27.0,0.4,0.642857,575.5625,9209.0,24.42857,0,1.4040728831725617,0,1,0,human(2),0.0,1,1,0,1,0
494247906.0,MRYAZDAN,mryazdan,MR YAZDANPANAH,journalist,journalist,2012-02-16T17:52:54+00:00,37171.0,1383.0,57128.0,76.0,3327.0,15636.0,15636.0,0.0,37171.0,4797.0,7.748801,0.288305,1.0,False,0.0,True,False,False,False,0.0,0.0,none,7.0,1.0,1.0,1.083333,35.41667,2.0,1.083333,1042.833,8265251.0,3.259537,0.0,0.0,2.0,2.0,4.0,0.083333,0.083333,2232.428571,15627.0,173.1667,10,26.87707881417209,0,0,0,human(2),0.0,1,1,1,1,1
1.11285e+18,shino_sdch,shino_sdch,Nino,آزادی هرگز شایعه‌ای نیست که تکذیب شود. آزادی هدف والایی‌ست که برای آن می‌جنگیم و به دستش می‌آوریم. یقین داشته باشید.,آزادی هرگز شایعه‌ای نیست که تکذیب شود. آزادی هدف والایی‌ست که برای آن می‌جنگیم و به دستش می‌آوریم. یقین داشته باشید.,2019-04-01T23:04:00+00:00,5663.0,7452.0,32419.0,0.0,3108.0,7132.0,7132.0,0.0,5663.0,2196.0,2.57878,3.393443,1.0,False,0.0,False,False,False,False,0.0,0.0,none,27.0,0.0,1.0,0.888889,16.57407,3.0,1.185185,139.6481,92894.46,3.247723,0.0,0.0,6.0,14.0,27.0,0.037037,0.037037,263.1111111,7104.0,19.90741,116,0.7599302200751477,0,0,0,human(2),0.0,1,1,1,1,0
1.57411e+18,yebekhe,yebekhe,یه به خه | Ye Be Khe,"Pharmacist 🧑🏻‍⚕️, Retired PHP Programmer","Pharmacist , Retired PHP Programmer",2022-09-25T19:09:16+00:00,6375.0,73.0,2784.0,29.0,138.0,2989.0,2989.0,0.0,6375.0,923.0,6.906826,0.07909,1.0,False,0.0,False,False,False,False,0.0,0.0,none,1.0,0.0,1.0,0.5,31.5,1.0,0.5,8.0,975610.0,3.238353,0.0,0.0,1.0,1.0,1.0,0.5,0.5,2987.0,2987.0,0.0,40,87.32876712328768,0,0,0,human(2),0.0,1,1,1,1,0
1.20595e+18,Sheyda_RI,sheyda_ri,شیدا تهرانی,مشروطه‌خواه,مشروطه‌خواه,2019-12-14T20:26:33+00:00,3164.0,590.0,45250.0,6.0,562.0,6264.0,6264.0,0.0,3164.0,1939.0,1.631769,0.304281,1.0,False,0.0,True,False,False,False,0.0,0.0,none,4.0,1.0,0.0,1.2,94.8,1.0,2.6,129.8,13724885.0,3.230531,0.0,0.0,1.0,1.0,1.0,0.0,0.0,1564.75,6259.0,37.2,11,5.36271186440678,0,0,0,human(2),0.0,1,1,1,1,1
1.68446e+18,PsrAsfhan27734,psrasfhan27734,پسر اصفهان,خسته و کوفته از مسیرزندگی,خسته و کوفته از مسیرزندگی,2023-07-27T06:56:50+00:00,1466.0,7246.0,21835.0,0.0,238.0,1957.0,1957.0,0.0,1466.0,618.0,2.372168,11.72492,1.0,False,0.0,False,False,False,False,0.0,0.0,none,0.0,0.0,4.0,0.0,4.25,2.0,1.5,0.5,71222.75,3.166667,0.0,0.0,3.0,3.0,1.0,0.75,0.75,1953.0,1953.0,0.0,25,0.2023185205630693,0,5,0,human(2),0.0,1,1,1,1,0
1.04283e+18,mr_yousefi_,mr_yousefi_,Mohammadreza Yousefi,"Iranian Turk, PhD in English. Interested in Linguistics, lecturer at University of Tabriz & Sahand University of Technology","Iranian Turk, PhD in English. Interested in Linguistics, lecturer at University of Tabriz & Sahand University of Technology",2018-09-20T17:35:42+00:00,7992.0,577.0,77832.0,14.0,675.0,7489.0,7489.0,0.0,7992.0,2389.0,3.345333,0.241524,1.0,False,0.0,True,False,False,False,0.0,0.0,none,1.0,0.0,0.0,1.0,58.0,1.0,1.0,189.0,0.0,3.134784,1.0,1.0,1.0,1.0,1.0,0.0,0.0,7488.0,7488.0,11.0,123,13.850953206239168,0,0,0,human(2),0.0,1,1,1,1,0
1.53071e+18,sababagherii,sababagherii,Saba Bagheri ✡︎,"יְהוָה נִסִּי 🩵  
ישוע המשיח
✞
Dancer","יְהוָה נִסִּי 
 ישוע המשיח
 ✞
 Dancer",2022-05-29T00:19:47+00:00,12233.0,374.0,18550.0,18.0,481.0,3244.0,3244.0,0.0,12233.0,1042.0,11.73992,0.358925,1.0,False,0.0,True,False,False,False,0.0,0.0,none,3.0,1.0,0.0,0.833333,18.16667,2.0,1.0,170.5,10010947.0,3.113244,0.0,0.0,2.0,2.0,3.0,0.0,0.0,1080.0,3240.0,10.66667,37,32.70855614973262,0,0,0,human(2),0.0,1,1,1,1,0
1.11203e+18,HananyaPersian,hananyapersian,حنانیا نفتالی,من آن اسرائیلی هستم که در ایران دوستانی دارم. من دشمن شما نیستم ، رژیم دشمن شما میباشد. 🦁☀️,من آن اسرائیلی هستم که در ایران دوستانی دارم. من دشمن شما نیستم ، رژیم دشمن شما میباشد.,2019-03-30T16:14:18+00:00,42879.0,283.0,2983.0,119.0,4205.0,6833.0,6833.0,0.0,42879.0,2198.0,19.50819,0.128753,1.0,False,0.0,True,False,False,False,0.0,0.0,none,11.0,1.0,0.0,1.083333,25.91667,1.0,1.0,2920.333,2826502.0,3.108735,0.0,0.0,1.0,1.0,1.0,0.0,0.0,620.0909091,6821.0,409.0,91,151.51590106007066,0,0,0,human(2),0.0,1,1,1,1,0
1.07211e+18,morrysafi,morrysafi,Morry 🦁🌞,باورمندبه سامانه پادشاهی  @pahlaviReza,باورمندبه سامانه پادشاهی @pahlaviReza,2018-12-10T12:52:19+00:00,3819.0,693.0,64903.0,2.0,299.0,7138.0,7138.0,0.0,3819.0,2308.0,1.654679,0.30026,1.0,False,0.0,True,False,False,False,0.0,0.0,none,10.0,2.0,0.0,1.0,14.08333,1.0,1.25,388.9167,4606404.0,3.092721,0.0,0.0,1.0,1.0,1.0,0.75,0.916667,712.6,7126.0,117.5833,38,5.510822510822511,0,0,0,human(2),0.0,1,1,1,1,0
587281555.0,NaeimehDoustdar,naeimehdoustdar,Naeimeh Doustdar,"Journalist, Women Right's activist, writer and poet","Journalist, Women Right's activist, writer and poet",2012-05-22T09:12:41+00:00,10995.0,1510.0,43278.0,0.0,405.0,14503.0,14503.0,0.0,10995.0,4701.0,2.338864,0.321208,0.0,False,0.0,True,False,False,False,0.0,0.0,none,1.0,0.0,0.0,0.0,75.0,1.0,1.0,336.0,0.0,3.085088,1.0,1.0,1.0,1.0,1.0,0.0,0.0,14502.0,14502.0,63.0,51,7.281456953642384,0,0,0,human(2),0.0,1,1,1,1,1
1.4171e+18,Iranistics_UT,iranistics_ut,Iranistics - University of Tehran,"History, Literature, linguistics, Archeology, Culture, Politics at University of Tehran #Iranian_Studies

ایرانشناسی و ایرانشهر در دانشگاه تهران","History, Literature, linguistics, Archeology, Culture, Politics at University of Tehran Iranian_Studies
 
 ایرانشناسی و ایرانشهر در دانشگاه تهران",2021-07-19T12:43:47+00:00,9447.0,418.0,7800.0,22.0,2635.0,4160.0,4160.0,0.0,9447.0,1356.0,6.966814,0.30826,1.0,False,0.0,False,False,False,False,1.0,0.0,none,1.0,1.0,0.0,1.0,45.5,1.0,1.5,129.0,16545701.0,3.067847,0.0,0.0,1.0,1.0,1.0,0.0,0.0,4158.0,4158.0,15.5,144,22.60047846889952,0,0,0,human(2),0.0,1,1,1,1,0
97636248.0,moslehiali,moslehiali,علی مصلحی,"نویسنده، روزنامه‌نگار
https://t.co/VE0UEW3XKW",نویسنده، روزنامه‌نگار,2009-12-18T10:17:51+00:00,3976.0,1019.0,266249.0,16.0,1705.0,17099.0,17099.0,0.0,3976.0,5587.0,0.711652,0.182388,0.0,False,0.0,True,False,False,False,0.0,1.0,regular,1.0,0.0,0.0,1.0,38.0,1.0,2.0,288.0,0.0,3.060498,2.0,2.0,2.0,2.0,2.0,0.0,0.0,17098.0,17098.0,43.0,45,3.901864573110893,0,0,1,human(2),0.0,1,1,1,1,0
54877436.0,YepremKhann,yepremkhann,Yeprem Khan👑,"Եփրեմ Խան  - ناسیونالیست #جاویدشاه
Nationalist  یه آراراتی قدیمی
#ArmenianGenocide #KingRezaPahlavi‌ 🎗","Եփրեմ Խան - ناسیونالیست جاویدشاه
 Nationalist یه آراراتی قدیمی
 ArmenianGenocide KingRezaPahlavi‌",2009-07-08T12:14:35+00:00,3859.0,1088.0,36851.0,5.0,515.0,17595.0,17595.0,0.0,3859.0,5750.0,0.67113,0.189217,0.0,False,0.0,True,False,False,False,1.0,0.0,none,12.0,15.0,18.0,0.558824,17.86765,3.0,2.161765,57.67647,1307720.0,3.06,0.0,0.0,8.0,18.0,24.0,0.294118,0.588235,1462.5,17550.0,15.32353,102,3.546875,0,0,0,human(2),0.0,1,1,1,1,0
1.43103e+18,LakLak_Muzik,laklak_muzik,LakLak,Telegram: https://t.co/tG7jDXgCsn Youtube: https://t.co/ai1BSOJywv,Telegram: Youtube:,2021-08-26T22:51:26+00:00,5364.0,131.0,9722.0,11.0,131.0,4032.0,4032.0,0.0,5364.0,1318.0,4.069803,0.099393,1.0,False,0.0,True,False,False,False,0.0,1.0,none,1.0,0.0,0.0,1.0,26.0,1.0,2.0,1093.0,0.0,3.059181,2.0,2.0,2.0,2.0,2.0,0.0,0.0,4031.0,4031.0,288.0,66,40.94656488549618,0,0,1,human(2),0.0,1,1,1,1,0
1.5914e+18,mahsa_piraei,mahsa_piraei,Mahsa Piraei مهسا پیرایی,۲۹ شهریور ۱۴۰۱ مادرم، مینو مجیدی، توسط رژیم فاسد جمهوری اسلامی به قتل رسید و من دادخواه خونِ مادرم هستم. #زن_زندگی_آزادی #ژن_ژیان_ئازادی,۲۹ شهریور ۱۴۰۱ مادرم، مینو مجیدی، توسط رژیم فاسد جمهوری اسلامی به قتل رسید و من دادخواه خونِ مادرم هستم. زن_زندگی_آزادی ژن_ژیان_ئازادی,2022-11-12T11:43:43+00:00,7965.0,280.0,6165.0,33.0,336.0,2666.0,2666.0,0.0,7965.0,875.0,9.102857,0.32,1.0,False,0.0,False,False,False,False,1.0,1.0,none,1.0,0.0,0.0,1.0,5.0,1.0,2.0,810.0,0.0,3.046857,2.0,2.0,2.0,2.0,2.0,0.0,0.0,2665.0,2665.0,119.0,136,28.446428571428573,0,0,0,human(2),0.0,1,1,1,1,0
1668894091.0,RezaVaisi,rezavaisi,Morad Vaisi,تحلیل‌گر ارشد در تلویزیون۲۴ساعته ایران اینترنشنال. پژوهشگر تاریخ جنگ ایران و عراق و ساختار قدرت در ج.ا با تمرکز بر رهبر و نیروهای مسلح,تحلیل‌گر ارشد در تلویزیون۲۴ساعته ایران اینترنشنال. پژوهشگر تاریخ جنگ ایران و عراق و ساختار قدرت در ج.ا با تمرکز بر رهبر و نیروهای مسلح,2013-08-13T22:15:37+00:00,165253.0,2008.0,13940.0,340.0,592.0,12891.0,12891.0,0.0,165253.0,4253.0,38.85563,0.472137,1.0,False,0.0,True,False,False,False,0.0,1.0,none,1.0,0.0,0.0,0.0,14.0,1.0,0.0,577.0,0.0,3.031037,1.0,1.0,1.0,1.0,1.0,0.0,0.0,12890.0,12890.0,236.0,134,82.29731075697211,0,0,0,human(2),0.0,1,1,1,1,1
3132683170.0,mahdieh_golroo,mahdieh_golroo,مهدیه گلرو,فعال سیاسی،فمینیست و جمهوری خواه بودن را انتخاب کردم،در آخوندزاده،مهاجر،زندانی و محروم از تحصیل بودن حق انتخاب نداشتم.,فعال سیاسی،فمینیست و جمهوری خواه بودن را انتخاب کردم،در آخوندزاده،مهاجر،زندانی و محروم از تحصیل بودن حق انتخاب نداشتم.,2015-04-04T06:45:53+00:00,35981.0,1101.0,39860.0,133.0,917.0,11075.0,11075.0,0.0,35981.0,3654.0,9.847017,0.301314,0.0,False,0.0,True,False,False,False,0.0,0.0,none,0.0,0.0,1.0,0.0,46.0,1.0,1.0,56.0,0.0,3.030925,1.0,1.0,1.0,1.0,1.0,0.0,0.0,11074.0,11074.0,1.0,118,32.6802906448683,0,0,0,human(2),0.0,1,1,1,1,0
1.59691e+18,Sinnerlondon,sinnerlondon,ELIN LEWIS 🇬🇧,FarRight—Nationalist. Ex-Liberal. @ElinLewisUK,FarRight—Nationalist. Ex-Liberal. @ElinLewisUK,2022-11-27T17:11:00+00:00,9104.0,4741.0,5856.0,14.0,432.0,2596.0,2596.0,0.0,9104.0,860.0,10.58605,5.512791,1.0,False,0.0,False,False,False,False,0.0,0.0,none,6.0,0.0,0.0,1.0,24.36364,1.0,0.0,1351.818,475705.2,3.018605,0.0,0.0,2.0,4.0,6.0,0.181818,0.181818,431.6666667,2590.0,181.1818,46,1.9202699852351826,0,0,0,human(2),0.0,1,1,1,1,0
1.05628e+18,benyamin_aras,benyamin_aras,بنیامین 60,پارسی و آریایی  #رضاشاه_دوم #جاویدشاه.  #KingRezaPahlavi,پارسی و آریایی رضاشاه_دوم جاویدشاه. KingRezaPahlavi,2018-10-27T20:34:43+00:00,3378.0,2621.0,17113.0,0.0,14.0,6950.0,6950.0,0.0,3378.0,2352.0,1.436224,1.114371,1.0,False,0.0,False,False,False,False,1.0,0.0,none,0.0,0.0,1.0,0.0,4.0,1.0,2.0,2.0,0.0,2.954932,1.0,1.0,1.0,1.0,1.0,1.0,1.0,6949.0,6949.0,0.0,56,1.2888210606638688,2,0,0,human(2),0.0,1,1,1,1,1
9.59891e+17,hojjat_kalashi,hojjat_kalashi,حجت کلاشی,فعال سیاسی,فعال سیاسی,2018-02-03T20:48:15+00:00,51215.0,650.0,73386.0,113.0,210.0,7689.0,7689.0,0.0,51215.0,2618.0,19.56264,0.248281,0.0,False,0.0,True,False,False,False,0.0,0.0,none,13.0,3.0,6.0,0.181818,89.09091,1.0,0.818182,1143.909,6778921.0,2.936975,0.0,0.0,2.0,2.0,1.0,0.090909,0.090909,589.7692308,7667.0,311.2727,10,78.79230769230769,0,0,0,human(2),0.0,1,1,1,1,1
55220449.0,maanii_a,maanii_a,Mani,"Industrial Engineer (MCI / IUT) Working at Novartis / My roof , My rules !","Industrial Engineer (MCI / IUT) Working at Novartis / My roof , My rules !",2009-07-09T12:27:41+00:00,11556.0,5587.0,47127.0,11.0,1052.0,16808.0,16808.0,0.0,11556.0,5749.0,2.010089,0.971821,0.0,False,0.0,False,False,False,False,0.0,0.0,none,3.0,0.0,0.0,0.666667,34.0,1.0,1.0,119.6667,849880.3,2.923639,0.0,0.0,1.0,1.0,1.0,0.0,0.0,5601.666667,16805.0,12.33333,74,2.06837300877036,0,0,0,human(2),0.0,1,1,1,1,0
3171597977.0,afshari_aku,afshari_aku,Ali Afshari,"Ph.D., bioinformatics and medical device researcher,Iran political and social affair analyst ,Adjunct faculty in GWU,Trine university, and prodemocracy activist","Ph.D., bioinformatics and medical device researcher,Iran political and social affair analyst ,Adjunct faculty in GWU,Trine university, and prodemocracy activist",2015-04-15T23:47:42+00:00,24101.0,1218.0,9822.0,111.0,1167.0,10598.0,10598.0,0.0,24101.0,3643.0,6.615701,0.33434,1.0,False,0.0,True,False,False,False,0.0,0.0,none,4.0,0.0,0.0,0.0,44.0,1.0,0.0,419.75,4801693.0,2.909141,0.0,0.0,1.0,1.0,1.0,0.0,0.0,2648.5,10594.0,41.0,160,19.78735632183908,0,0,0,human(2),0.0,1,1,1,1,1
1.38408e+18,AliAghell,aliaghell,Ali_aghell علی عاقل,"مشروطه خواه
زندانی سیاسی سابق","مشروطه خواه
 زندانی سیاسی سابق",2021-04-19T09:26:18+00:00,10511.0,8271.0,56383.0,8.0,533.0,4186.0,4186.0,0.0,10511.0,1447.0,7.263994,5.715964,1.0,False,0.0,False,False,False,False,0.0,0.0,none,2.0,0.0,0.0,1.0,12.5,1.0,2.5,592.5,4538338.0,2.892882,0.0,0.0,1.0,1.0,1.0,0.5,0.5,2092.0,4184.0,142.5,29,1.2708257768105429,0,0,0,human(2),0.0,1,1,1,1,0
56961858.0,Maryam_Rajavi,maryam_rajavi,Maryam Rajavi,"The President-elect of the NCRI for the period to transfer sovereignty to the people of Iran
@Maryam_Rajavi_P @Maryam_Rajavi_A @Maryam_Rajavi_F","The President-elect of the NCRI for the period to transfer sovereignty to the people of Iran
 @Maryam_Rajavi_P @Maryam_Rajavi_A @Maryam_Rajavi_F",2009-07-15T08:12:23+00:00,85369.0,40.0,76.0,1332.0,4997.0,16561.0,16561.0,0.0,85369.0,5743.0,14.86488,0.006965,0.0,False,0.0,True,False,False,False,0.0,0.0,regular,2.0,0.0,0.0,1.0,83.5,1.0,1.0,964.5,121355.0,2.883684,0.0,0.0,2.0,2.0,3.0,0.0,0.0,8279.5,16559.0,958.5,143,2134.225,0,0,0,human(2),0.0,1,1,1,1,0
8.24916e+17,MehdiHajati,mehdihajati,Mehdi Hajati,"در تلاش برای وفاداری به دو چیز: به حقیقت و به ایران It brings loneliness, But the only thing a person has is the truth.","در تلاش برای وفاداری به دو چیز: به حقیقت و به ایران It brings loneliness, But the only thing a person has is the truth.",2017-01-27T09:46:31+00:00,100322.0,1831.0,47067.0,253.0,444.0,8520.0,8520.0,0.0,100322.0,2990.0,33.55251,0.612375,1.0,False,0.0,True,False,False,False,0.0,0.0,none,4.0,1.0,0.0,0.166667,40.33333,2.0,0.666667,1395.333,8565354.0,2.849498,0.0,0.0,2.0,3.0,2.0,0.166667,0.166667,2128.75,8515.0,348.8333,119,54.790824685963955,0,0,0,human(2),0.0,1,1,1,1,1
1.10657e+18,ketn7912,ketn7912,behna31152,طرفدار شاهزاده رضا پهلوی تا ابد جاوید شاه,طرفدار شاهزاده رضا پهلوی تا ابد جاوید شاه,2019-03-15T14:48:29+00:00,5189.0,6153.0,115322.0,4.0,4918.0,6272.0,6272.0,0.0,5189.0,2213.0,2.344781,2.780389,1.0,False,0.0,False,False,False,False,0.0,0.0,none,13.0,0.0,0.0,1.0,25.35714,1.0,0.928571,159.1429,7464831.0,2.834162,0.0,0.0,2.0,2.0,2.0,0.0,0.0,481.4615385,6259.0,35.5,41,0.8433284576629286,5,4,0,human(2),0.0,1,1,1,1,1
231180234.0,onlymuratt,onlymuratt,Murat ♕☼𓃬 ✡︎,"Odontoiatra- MBA - Anti Religioso - La Colonna di Milano - Retweet non è approvazione. 
#KingRezaPahlavi","Odontoiatra- MBA - Anti Religioso - La Colonna di Milano - Retweet non è approvazione. 
 KingRezaPahlavi",2010-12-27T20:42:58+00:00,7366.0,475.0,233531.0,29.0,1358.0,14614.0,14614.0,0.0,7366.0,5213.0,1.413006,0.091118,0.0,False,0.0,True,False,False,False,1.0,0.0,none,4.0,1.0,1.0,0.714286,15.71429,2.0,1.571429,185.4286,10569592.0,2.803376,0.0,0.0,2.0,2.0,2.0,0.285714,0.285714,3652.0,14608.0,20.42857,104,15.507368421052632,0,0,0,human(2),0.0,1,1,1,1,0
2651688830.0,Behrouzjt,behrouzjt,Behrouz Javid | بهروز جاوید,"زندانی سیاسی سابق

پژوهشگر اعدام

زن زندگی آزادی | مرد میهن آبادی

خواهان یک حکومت دموکراتیک مشروطه و بدون نفرت در آینده ایران

IT expert/Prop trader","زندانی سیاسی سابق
 
 پژوهشگر اعدام
 
 زن زندگی آزادی | مرد میهن آبادی
 
 خواهان یک حکومت دموکراتیک مشروطه و بدون نفرت در آینده ایران
 
 IT expert/Prop trader",2014-07-16T18:06:07+00:00,3705.0,490.0,20952.0,23.0,2153.0,10967.0,10967.0,0.0,3705.0,3916.0,0.946118,0.125128,0.0,False,0.0,False,False,False,False,0.0,0.0,none,4.0,0.0,0.0,0.75,58.75,1.0,1.25,47.0,125817.5,2.800562,0.0,0.0,2.0,2.0,5.0,0.0,0.0,2740.75,10963.0,5.0,149,7.561224489795919,0,0,0,human(2),0.0,1,1,1,1,0
1371454321.0,FarzanehAghaei,farzanehaghaei,Farzaneh Aghaei,,,2013-04-22T06:39:02+00:00,3972.0,288.0,38748.0,8.0,859.0,12220.0,12220.0,0.0,3972.0,4366.0,0.909757,0.065964,0.0,False,0.0,True,False,False,False,0.0,0.0,none,7.0,3.0,2.0,0.235294,11.29412,2.0,1.941176,142.8824,4812070.0,2.798901,0.0,0.0,2.0,2.0,6.0,0.0,0.470588,1744.0,12208.0,28.47059,0,13.791666666666666,0,0,0,human(2),0.0,1,1,0,1,0
2561057258.0,AmirHadiAnvari,amirhadianvari,AmirHadi Anvari,امیرهادی انواری➖ Journalist,امیرهادی انواری Journalist,2014-06-11T10:16:10+00:00,11234.0,242.0,11631.0,37.0,1485.0,11023.0,11023.0,0.0,11234.0,3951.0,2.843331,0.06125,0.0,False,0.0,True,False,False,False,0.0,0.0,none,2.0,0.0,0.0,0.0,53.0,1.0,1.0,4288.0,234314.5,2.789927,0.0,0.0,2.0,2.0,3.0,0.0,0.0,5510.5,11021.0,277.0,27,46.421487603305785,0,0,0,human(2),0.0,1,1,1,1,0
8.76785e+17,m_rahmanifar,m_rahmanifar,Mohammad Rahmanifar,Journalist Translator Researcher . Columnist on Apa news agency: https://t.co/qn6JnLc2P7,Journalist Translator Researcher . Columnist on Apa news agency:,2017-06-19T12:53:20+00:00,13940.0,538.0,62934.0,29.0,1028.0,7883.0,7883.0,0.0,13940.0,2847.0,4.896382,0.188971,1.0,False,0.0,True,False,False,False,0.0,1.0,none,1.0,0.0,0.0,0.0,38.0,1.0,1.0,348.0,0.0,2.76888,1.0,1.0,1.0,1.0,1.0,0.0,0.0,7882.0,7882.0,25.0,88,25.91078066914498,0,0,1,human(2),0.0,1,1,1,1,1
1.35003e+18,shahira60210003,shahira60210003,Sarbaz e IRAN 👑,به نام او که چون رفت، ایران رفت...,به نام او که چون رفت، ایران رفت...,2021-01-15T10:35:20+00:00,3486.0,3206.0,87698.0,2.0,1119.0,4255.0,4255.0,0.0,3486.0,1541.0,2.262167,2.080467,1.0,False,0.0,True,False,False,False,0.0,0.0,none,112.0,0.0,1.0,1.061947,18.36283,3.0,1.318584,579.0177,670832.5,2.761194,0.0,0.0,5.0,5.0,1.0,0.017699,0.017699,36.98214286,4142.0,89.25664,34,1.0873362445414847,0,8,0,bot(1),1.0,1,1,1,1,0
1.44533e+18,X4LIREZ4X,x4lirez4x,Λ L I Я Σ Z Λ,Λ.M 𝕏,Λ.M 𝕏,2021-10-05T10:05:42+00:00,7625.0,5896.0,116930.0,8.0,1129.0,3528.0,3528.0,0.0,7625.0,1278.0,5.966354,4.613459,1.0,False,0.0,True,False,False,False,0.0,0.0,none,1.0,0.0,0.0,1.0,4.0,1.0,0.0,11331.0,0.0,2.760563,2.0,2.0,2.0,2.0,2.0,0.0,0.0,3527.0,3527.0,1107.0,5,1.2932496607869741,0,2,0,human(2),0.0,1,1,1,1,0
2424418705.0,NUFDIran,nufdiran,National Union for Democracy in Iran,"Non-profit, non-partisan organization representing the Iranian-American community in pursuit of a US policy toward #Iran based on human rights and democracy","Non-profit, non-partisan organization representing the Iranian-American community in pursuit of a US policy toward Iran based on human rights and democracy",2014-04-02T22:23:44+00:00,41026.0,256.0,11433.0,197.0,2119.0,11080.0,11080.0,0.0,41026.0,4021.0,10.20293,0.063666,1.0,False,0.0,True,False,False,False,1.0,0.0,none,4.0,0.0,0.0,1.0,27.83333,2.0,0.5,630.8333,9159922.0,2.755533,0.0,0.0,2.0,2.0,3.0,0.166667,0.166667,2769.0,11076.0,195.1667,156,160.2578125,0,0,0,News Agent(3),,1,1,1,1,0
1.16731e+18,samsarbazvatan,samsarbazvatan,sam (ضد ا)🇮🇱🎗,"زندانی سیاسی سابق
 سرباز رضا شاه دوم پهلوی سوم  
#فرزندان_پرچم 
#پرچم_ملی_شیر_و_خورشید","زندانی سیاسی سابق
  سرباز رضا شاه دوم پهلوی سوم 
 فرزندان_پرچم 
 پرچم_ملی_شیر_و_خورشید",2019-08-30T05:55:04+00:00,3059.0,958.0,18550.0,16.0,464.0,5470.0,5470.0,0.0,3059.0,2045.0,1.495844,0.46846,1.0,False,0.0,True,False,False,False,1.0,0.0,none,2.0,3.0,0.0,0.6,18.0,1.0,1.0,31.0,121544.2,2.674817,0.0,0.0,2.0,3.0,1.0,0.0,0.0,2732.5,5465.0,5.6,86,3.193110647181628,0,0,0,bot(1),1.0,1,1,1,1,0
1.70931e+18,gohareshghi,gohareshghi,Gohareshghi گوهرعشقی,مادر ستار، محمدحسینی و تمام فرزندان آزادی خواه  ایران,مادر ستار، محمدحسینی و تمام فرزندان آزادی خواه ایران,2023-10-03T21:07:55+00:00,11322.0,0.0,87.0,23.0,417.0,1458.0,1458.0,0.0,11322.0,550.0,20.58545,0.0,1.0,False,0.0,False,False,False,False,0.0,0.0,none,1.0,0.0,0.0,1.0,12.0,1.0,2.0,2572.0,0.0,2.650909,2.0,2.0,2.0,2.0,2.0,0.0,0.0,1457.0,1457.0,271.0,53,11322.0,0,0,0,bot(1),1.0,1,1,1,1,0
9.47243e+17,AliHamid27,alihamid27,Ali Hamid,Documentary Filmmaker/@manototv,Documentary Filmmaker/@manototv,2017-12-30T23:07:07+00:00,29654.0,454.0,19463.0,35.0,2381.0,7029.0,7029.0,0.0,29654.0,2653.0,11.17753,0.171127,1.0,False,0.0,True,False,False,False,0.0,0.0,none,7.0,1.0,2.0,0.7,31.0,2.0,0.0,2118.4,8798275.0,2.649453,0.0,0.0,1.0,2.0,1.0,0.0,0.0,1002.714286,7019.0,279.3,31,65.31718061674009,0,2,0,human(2),0.0,1,1,1,1,1
1.38173e+18,AghayeThomas,aghayethomas,توماس,تاریخ، ما را زیر نظر دارد...,تاریخ، ما را زیر نظر دارد...,2021-04-12T22:07:30+00:00,4582.0,1680.0,6977.0,1.0,203.0,3804.0,3804.0,0.0,4582.0,1454.0,3.151307,1.155433,1.0,False,0.0,False,False,False,False,0.0,0.0,none,12.0,0.0,2.0,0.333333,27.88889,3.0,3.5,1.222222,247169.4,2.616231,0.0,0.0,2.0,4.0,5.0,0.111111,0.222222,315.8333333,3790.0,0.055556,28,2.7273809523809525,0,0,0,unverified(4),,1,1,1,1,1
7.6262e+17,Benyamin_SADR,benyamin_sadr,بنیامین صدر,به کلاغ گفتند حرف بزن، گفت: قار، قار، قار... و در قار کلاغ نبود هیچ؛ کلاغ حنجره‌اش زخمدارِ آوازی‌ست که پرندگان نمی‌خوانند…,به کلاغ گفتند حرف بزن، گفت: قار، قار، قار... و در قار کلاغ نبود هیچ؛ کلاغ حنجره‌اش زخمدارِ آوازی‌ست که پرندگان نمی‌خوانند…,2016-08-08T12:03:15+00:00,4951.0,1194.0,35567.0,9.0,1194.0,8234.0,8234.0,0.0,4951.0,3162.0,1.565781,0.377609,1.0,False,0.0,False,False,False,False,0.0,0.0,none,1.0,0.0,0.0,1.0,25.0,1.0,3.0,108.0,0.0,2.604048,2.0,2.0,2.0,2.0,2.0,0.0,0.0,8233.0,8233.0,9.0,122,4.146566164154104,0,0,0,human(2),0.0,1,1,1,1,0
2383455180.0,shooresh57,shooresh57,Faryad Khashm,I am in favor of establishing monarchy in Iran and want to overthrow the criminal regime in Iran,I am in favor of establishing monarchy in Iran and want to overthrow the criminal regime in Iran,2014-03-11T09:35:13+00:00,5514.0,1927.0,25813.0,4.0,1083.0,10525.0,10525.0,0.0,5514.0,4043.0,1.363839,0.476626,1.0,False,0.0,False,False,False,False,0.0,0.0,none,138.0,0.0,2.0,1.028571,29.24286,1.0,1.278571,533.9143,351661.3,2.603265,0.0,0.0,3.0,4.0,2.0,0.014286,0.035714,75.25362319,10385.0,89.60714,96,2.861442656979761,0,2,0,human(2),0.0,1,1,1,1,1
1113100093.0,SGhasseminejad,sghasseminejad,Saeed Ghasseminejad,"Senior Advisor & Financial Economist at @FDD, Finance PhD. Former engineer. Classical liberal & nonpartisan. Opinions mine/RT=FYI; Like=Archived.","Senior Advisor & Financial Economist at @FDD, Finance PhD. Former engineer. Classical liberal & nonpartisan. Opinions mine/RT=FYI; Like=Archived.",2013-01-23T01:17:31+00:00,116820.0,1626.0,20243.0,441.0,1624.0,11386.0,11386.0,0.0,116820.0,4455.0,26.22222,0.364983,0.0,False,0.0,True,False,False,False,0.0,0.0,none,11.0,2.0,0.0,0.923077,32.84615,2.0,1.692308,3571.231,7231957.0,2.55578,0.0,0.0,1.0,1.0,1.0,0.076923,0.076923,1033.909091,11373.0,713.0769,145,71.8450184501845,0,0,0,human(2),0.0,1,1,1,1,1
8.16911e+17,Charchism,charchism,چَرچی,"شما از ما می‌ترسید و ترستان را به ما شلیک می‌کنید.
به یاد جاویدنام پهلوان اصغر نحوی‌پور.","شما از ما می‌ترسید و ترستان را به ما شلیک می‌کنید.
 به یاد جاویدنام پهلوان اصغر نحوی‌پور.",2017-01-05T07:36:49+00:00,1783.0,414.0,35717.0,4.0,1233.0,7671.0,7671.0,0.0,1783.0,3012.0,0.591965,0.13745,1.0,False,0.0,True,False,False,False,0.0,0.0,none,0.0,0.0,1.0,0.0,30.0,1.0,1.0,9.0,0.0,2.546813,1.0,1.0,1.0,1.0,1.0,0.0,3.0,7670.0,7670.0,0.0,88,4.306763285024155,0,0,0,human(2),0.0,1,1,1,1,0
1.11425e+18,RezaAhmadi_Lion,rezaahmadi_lion,👑Reza Ahmadi👑,پادشاهی خواه و طرفدار دودمان ایران ساز و پرافتخار پهلوی,پادشاهی خواه و طرفدار دودمان ایران ساز و پرافتخار پهلوی,2019-04-05T19:43:41+00:00,1448.0,1262.0,50880.0,1.0,80.0,5564.0,5564.0,0.0,1448.0,2192.0,0.660584,0.57573,1.0,False,0.0,True,False,False,False,0.0,0.0,none,1.0,0.0,0.0,0.0,24.0,1.0,1.0,105.0,0.0,2.538321,1.0,1.0,1.0,1.0,1.0,0.0,0.0,5563.0,5563.0,26.0,55,1.1473851030110935,0,0,0,human(2),0.0,1,1,1,1,1
437780037.0,abdorezaahmadi,abdorezaahmadi,Abdolreza Ahmadi,Financial and Data Analyst,Financial and Data Analyst,2011-12-15T20:40:56+00:00,8720.0,775.0,58204.0,27.0,478.0,12323.0,12323.0,0.0,8720.0,4860.0,1.794239,0.159465,0.0,False,0.0,True,False,False,False,0.0,0.0,none,1.0,0.0,0.0,1.0,7.0,1.0,2.0,241.0,0.0,2.535597,1.0,1.0,1.0,1.0,1.0,0.0,0.0,12322.0,12322.0,52.0,26,11.251612903225807,0,0,0,human(2),0.0,1,1,1,1,1
1415210544.0,jalilparsi,jalilparsi,👑👑علی جهان👑👑,متولد تهران ساکن آلمان ، راننده اتوبوس و آگنوستیک ( ندانم گرا ) صد البته برانداز و طرفدار و جان نثار اعلیحضرت رضا شاه دوم پادشاه قانونی ایران زمین ، جاوید شاه,متولد تهران ساکن آلمان ، راننده اتوبوس و آگنوستیک ( ندانم گرا ) صد البته برانداز و طرفدار و جان نثار اعلیحضرت رضا شاه دوم پادشاه قانونی ایران زمین ، جاوید شاه,2013-05-09T10:54:08+00:00,3901.0,4548.0,32639.0,4.0,195.0,10895.0,10895.0,0.0,3901.0,4349.0,0.896988,1.045758,1.0,False,0.0,True,False,False,False,0.0,0.0,none,3.0,1.0,0.0,0.5,44.75,1.0,2.0,142.25,2732934.0,2.505174,0.0,0.0,2.0,2.0,1.0,0.0,0.0,3630.333333,10891.0,20.0,158,0.8577396657871592,0,0,0,human(2),0.0,1,1,1,1,0
2602233331.0,vahid_esmaeilii,vahid_esmaeilii,VAHID ESMAEILI,همی نالم که مادر در برم نیست😢 #زن_زندگی_آزادی #مرد_میهن_آبادی     #علی_کریمی #حمید_رضا_روحی #سید_محمد_حسینی,همی نالم که مادر در برم نیست زن_زندگی_آزادی مرد_میهن_آبادی علی_کریمی حمید_رضا_روحی سید_محمد_حسینی,2014-07-03T20:33:38+00:00,14283.0,238.0,40387.0,12.0,765.0,9789.0,9789.0,0.0,14283.0,3929.0,3.635276,0.060575,1.0,False,0.0,True,False,False,False,1.0,0.0,none,5.0,0.0,0.0,1.0,28.2,1.0,2.0,327.6,1659815.0,2.491474,0.0,0.0,1.0,1.0,1.0,0.2,0.2,1956.8,9784.0,52.2,107,60.01260504201681,0,0,0,human(2),0.0,1,1,1,1,1
386352604.0,SinaToossi,sinatoossi,Sina Toossi,"senior fellow @CIPolicy | tweets mostly on Iran, US foreign policy, Middle East | bylines in @ForeignAffairs, @ForeignPolicy, @Guardian, and elsewhere.","senior fellow @CIPolicy | tweets mostly on Iran, US foreign policy, Middle East | bylines in @ForeignAffairs, @ForeignPolicy, @Guardian, and elsewhere.",2011-10-07T03:17:55+00:00,22266.0,2565.0,47251.0,447.0,1652.0,12278.0,12278.0,0.0,22266.0,4929.0,4.517346,0.52039,0.0,False,0.0,True,False,False,False,0.0,0.0,regular,0.0,0.0,1.0,1.0,34.0,1.0,1.0,10.0,0.0,2.490972,1.0,1.0,1.0,1.0,1.0,0.0,0.0,12277.0,12277.0,2.0,151,8.680701754385964,0,0,0,human(2),0.0,1,1,1,1,1
161621589.0,javadsimin,javadsimin,Javad Simin,در این مکان به اعتقادات شما ممکن است چپ و راست توهین شود. لطفا قبل از ورود به پروفایل اعتقادات تان را پشت درب ورودی دربیاورید.,در این مکان به اعتقادات شما ممکن است چپ و راست توهین شود. لطفا قبل از ورود به پروفایل اعتقادات تان را پشت درب ورودی دربیاورید.,2010-07-01T09:19:08+00:00,3713.0,718.0,31111.0,4.0,1776.0,13391.0,13391.0,0.0,3713.0,5392.0,0.688613,0.13316,0.0,False,0.0,True,False,False,False,0.0,0.0,none,0.0,0.0,1.0,0.0,14.0,1.0,0.0,3731.0,0.0,2.483494,2.0,2.0,2.0,2.0,2.0,1.0,1.0,13390.0,13390.0,24.0,126,5.171309192200557,0,0,0,human(2),0.0,1,1,1,1,0
1949239616.0,fereidonfz,fereidonfz,Fereidon 👑,باورمند به نظام پادشاهی، راستگرا، میهن پرست، علاقه مند به تاریخ و سیاست #جاویدشاه,باورمند به نظام پادشاهی، راستگرا، میهن پرست، علاقه مند به تاریخ و سیاست جاویدشاه,2013-10-09T13:03:33+00:00,2981.0,2990.0,27155.0,1.0,469.0,10352.0,10352.0,0.0,2981.0,4196.0,0.710439,0.712583,1.0,False,0.0,False,False,False,False,1.0,0.0,none,1.0,0.0,4.0,0.8,10.0,3.0,1.0,1.8,506948.6,2.467112,0.0,0.0,1.0,2.0,1.0,0.6,1.2,10347.0,10347.0,0.0,81,0.9969899665551839,0,0,0,human(2),0.0,1,1,1,1,0
1.00205e+18,IamZeus6,iamzeus6,Iam Zeus,⚡️⚡️من زئوس هستم(خدای خدایان)⚡️ بیخدا(برای حذف باورهای خرافی)⚡️ پادشاهی خواه(برای ایران)⚡️⚡️,من زئوس هستم(خدای خدایان) بیخدا(برای حذف باورهای خرافی) پادشاهی خواه(برای ایران),2018-05-31T04:41:39+00:00,14682.0,112.0,50106.0,28.0,948.0,6113.0,6113.0,0.0,14682.0,2501.0,5.870452,0.044782,0.0,False,0.0,False,False,False,False,0.0,0.0,none,0.0,1.0,1.0,0.0,34.0,1.0,1.0,314.5,38337.0,2.444222,0.0,2.0,1.0,2.0,1.0,0.5,0.5,6111.0,6111.0,54.5,92,131.08928571428572,0,1,0,human(2),0.0,1,1,1,1,0
9.91318e+17,r_rahimpour,r_rahimpour,Rouhollah Rahimpour,آنچه را می‌شود شنید، باید گفت,آنچه را می‌شود شنید، باید گفت,2018-05-01T14:06:54+00:00,7904.0,2924.0,11587.0,19.0,956.0,6030.0,6030.0,0.0,7904.0,2531.0,3.122876,1.155275,1.0,False,0.0,True,False,False,False,0.0,0.0,none,1.0,0.0,0.0,1.0,6.0,1.0,0.0,1071.0,0.0,2.382458,2.0,2.0,2.0,2.0,2.0,0.0,0.0,6029.0,6029.0,37.0,29,2.7031463748290014,0,0,0,can’t find,,1,1,1,1,1
2177326935.0,Alighazizade,alighazizade,علی‌حسین قاضی‌زاده,Journalist & Political Commentator @IranIntl,Journalist & Political Commentator @IranIntl,2013-11-11T20:34:23+00:00,571939.0,234.0,7180.0,676.0,701.0,9902.0,9902.0,0.0,571939.0,4163.0,137.3863,0.056209,1.0,False,0.0,True,False,False,False,0.0,0.0,none,1.0,0.0,0.0,0.0,136.0,1.0,0.0,3633.0,0.0,2.378573,1.0,1.0,1.0,1.0,1.0,0.0,0.0,9901.0,9901.0,483.0,44,2444.1837606837607,0,0,0,human(2),0.0,1,1,1,1,0
7.03815e+17,Verethragnan,verethragnan,Bahram,Advocate for a Constitutional Monarchy in Iran with H.I.M. @PahlaviReza #KingRezaPahlavi #Shah4Iran جاوید شاه، پاینده ایران ///,Advocate for a Constitutional Monarchy in Iran with H.I.M. @PahlaviReza KingRezaPahlavi Shah4Iran جاوید شاه، پاینده ایران ///,2016-02-28T05:31:14+00:00,7589.0,1388.0,44909.0,12.0,2336.0,7895.0,7895.0,0.0,7589.0,3324.0,2.283093,0.417569,1.0,False,0.0,True,False,False,False,1.0,1.0,none,219.0,15.0,23.0,0.988327,29.15175,4.0,2.731518,499.1518,269069.1,2.37515,0.0,0.0,2.0,5.0,2.0,0.455253,0.603113,34.87671233,7638.0,159.2451,127,5.467579250720461,0,0,0,human(2),0.0,1,1,1,1,0
1.18551e+18,ba262626,ba262626,بخت یار,"ز پوچ جهان هیچ اگر دوست دارم .....
تو را ای کهن بوم و بر دوست دارم

.
.
.
جاوید شاه","ز پوچ جهان هیچ اگر دوست دارم .....
 تو را ای کهن بوم و بر دوست دارم
 
 .
 .
 .
 جاوید شاه",2019-10-19T11:06:59+00:00,604.0,783.0,33930.0,1.0,261.0,4728.0,4728.0,0.0,604.0,1995.0,0.302757,0.392481,1.0,False,0.0,False,False,False,False,0.0,0.0,none,2.0,0.0,3.0,0.666667,16.16667,2.0,1.5,80.33333,14440253.0,2.369925,0.0,0.0,2.0,2.0,2.0,0.333333,1.5,2361.5,4723.0,32.83333,83,0.7713920817369093,0,6,0,human(2),0.0,1,1,1,1,0
38220732.0,TaraMedric,taramedric,Tara Niazi,A proud mom,A proud mom,2009-05-06T16:48:49+00:00,13846.0,1548.0,60738.0,33.0,2348.0,13435.0,13435.0,0.0,13846.0,5813.0,2.381903,0.2663,0.0,False,0.0,True,False,False,False,0.0,0.0,none,23.0,6.0,0.0,0.655172,21.7931,2.0,1.62069,529.8621,730593.9,2.311199,0.0,0.0,1.0,2.0,1.0,0.034483,0.034483,582.8695652,13406.0,74.10345,11,8.944444444444445,0,0,0,human(2),0.0,1,1,1,1,1
545293473.0,farshidbabaei18,farshidbabaei18,Farshid Babaei,پادشاهی خواه، پایبند به تمامیت ارضی ایران، پرچم شیروخورشید، دموکراسی سکولار وحق مردم برای تعیین شکل نظام سیاسی از طریق یک انتخابات آزاد.,پادشاهی خواه، پایبند به تمامیت ارضی ایران، پرچم شیروخورشید، دموکراسی سکولار وحق مردم برای تعیین شکل نظام سیاسی از طریق یک انتخابات آزاد.,2012-04-04T15:25:24+00:00,9548.0,5981.0,60019.0,23.0,2241.0,10958.0,10958.0,0.0,9548.0,4749.0,2.010529,1.259423,1.0,False,0.0,True,False,False,False,0.0,0.0,none,14.0,0.0,5.0,0.923077,36.5,2.0,0.884615,2554.269,3823819.0,2.307433,0.0,0.0,2.0,6.0,8.0,0.230769,0.692308,781.3571429,10939.0,339.5,136,1.5963885637853201,0,2,0,human(2),0.0,1,1,1,1,0
3403978396.0,KamranMatin,kamranmatin,Kamran Matin,Into poetry. Inconsistent cook & jogger. Faculty @IRSussex. Opinions expressed are my own & don't reflect views of Sussex University.,Into poetry. Inconsistent cook & jogger. Faculty @IRSussex. Opinions expressed are my own & don't reflect views of Sussex University.,2015-08-05T08:55:38+00:00,22382.0,898.0,5887.0,74.0,1095.0,8146.0,8146.0,0.0,22382.0,3531.0,6.338714,0.254319,0.0,False,0.0,True,False,False,False,0.0,0.0,none,1.0,0.0,0.0,1.0,42.0,1.0,1.0,372.0,0.0,2.306995,1.0,1.0,1.0,1.0,1.0,0.0,0.0,8145.0,8145.0,59.0,133,24.924276169265035,0,0,0,human(2),0.0,1,1,1,1,0
9.9191e+17,k_Mostafavi,k_mostafavi,Khashayar Mostafavi,"Filmmaker:
The truth and nothing but the truth-122 Min-2021/

Dasein-92 Min-2017/

Fight me 90 Min- 2015/","Filmmaker:
 The truth and nothing but the truth-122 Min-2021/
 
 Dasein-92 Min-2017/
 
 Fight me 90 Min- 2015/",2018-05-03T05:19:14+00:00,17734.0,395.0,28152.0,61.0,2072.0,5808.0,5808.0,0.0,17734.0,2529.0,7.012258,0.156188,0.0,False,0.0,True,False,False,False,0.0,1.0,none,0.0,1.0,0.0,0.0,85.0,1.0,2.0,668.0,0.0,2.29656,1.0,1.0,1.0,1.0,1.0,0.0,0.0,5807.0,5807.0,218.0,105,44.89620253164557,0,0,0,human(2),0.0,1,1,1,1,1
2906216146.0,mabi182,mabi182,Mahboobeh Hosseinpour,,,2014-12-05T10:01:29+00:00,4188.0,529.0,31988.0,7.0,828.0,8653.0,8653.0,0.0,4188.0,3774.0,1.109698,0.14017,1.0,False,0.0,True,False,False,False,0.0,0.0,none,10.0,1.0,9.0,0.344828,53.24138,1.0,4.724138,46.89655,4364979.0,2.292793,0.0,0.0,2.0,6.0,10.0,0.310345,0.724138,863.3,8633.0,13.0,0,7.916824196597354,0,3,0,human(2),0.0,1,1,0,1,1
9.69537e+17,DPezeshkian1403,dpezeshkian1403,پایگاه خبری برای ایران,"#برای_ایران
#سلام_بر_ایران
#سلام_بر_اصلاحات 
#هر_شهروند_یک_رسانه 
#صداهای_خاموش","برای_ایران
 سلام_بر_ایران
 سلام_بر_اصلاحات 
 هر_شهروند_یک_رسانه 
 صداهای_خاموش",2018-03-02T11:36:41+00:00,15553.0,85.0,3825.0,36.0,3828.0,5898.0,5898.0,0.0,15553.0,2591.0,6.002702,0.032806,1.0,False,0.0,False,False,False,False,1.0,0.0,none,1.0,0.0,0.0,1.0,36.0,1.0,8.0,1450.0,0.0,2.276341,2.0,2.0,2.0,2.0,2.0,0.0,0.0,5897.0,5897.0,367.0,79,182.9764705882353,0,4,0,News Agent(3),,1,1,1,1,0
518873688.0,SedSia,sedsia,Siavash Safavi,"The terrible views here are mine alone. I don't represent any person, group, or
organization.","The terrible views here are mine alone. I don't represent any person, group, or
 organization.",2012-03-08T21:01:15+00:00,12318.0,688.0,38007.0,0.0,867.0,10853.0,10853.0,0.0,12318.0,4776.0,2.579146,0.144054,0.0,False,0.0,True,False,False,False,0.0,0.0,none,4.0,0.0,0.0,1.0,61.75,1.0,1.0,195.5,6481792.0,2.272404,0.0,0.0,1.0,1.0,1.0,0.0,0.0,2712.25,10849.0,58.25,93,17.90406976744186,0,0,0,human(2),0.0,1,1,1,1,0
1.03055e+18,Bob00033791,bob00033791,Bob. (مبارزان مشروطه),مرگ حقیرتر از انست که بخواهد مقابل ازادی قد علم کند .,مرگ حقیرتر از انست که بخواهد مقابل ازادی قد علم کند .,2018-08-17T20:16:43+00:00,4151.0,3904.0,23195.0,1.0,71.0,5485.0,5485.0,0.0,4151.0,2423.0,1.713165,1.611226,1.0,False,0.0,True,False,False,False,0.0,0.0,none,3.0,0.0,0.0,1.0,25.66667,1.0,2.0,231.6667,2943471.0,2.263723,0.0,0.0,1.0,1.0,1.0,0.0,0.0,1827.333333,5482.0,78.33333,53,1.0632684426229508,0,8,0,human(2),0.0,1,1,1,1,1
2221999644.0,Maryam_Rajavi_P,maryam_rajavi_p,مریم رجوی,"رئيس جمهور منتخب شورای ملی مقاومت ایران برای دوران انتقال حاكميت به مردم ايران
@Maryam_Rajavi @Maryam_Rajavi_A @Maryam_Rajavi_F","رئيس جمهور منتخب شورای ملی مقاومت ایران برای دوران انتقال حاكميت به مردم ايران
 @Maryam_Rajavi @Maryam_Rajavi_A @Maryam_Rajavi_F",2013-11-29T20:37:42+00:00,54536.0,11.0,0.0,771.0,5123.0,9374.0,9374.0,0.0,54536.0,4145.0,13.15706,0.002654,0.0,False,0.0,False,False,False,False,0.0,0.0,none,1.0,0.0,0.0,1.0,48.0,1.0,3.0,806.0,0.0,2.26152,1.0,1.0,1.0,1.0,1.0,0.0,0.0,9373.0,9373.0,744.0,127,4957.818181818182,0,0,0,human(2),0.0,1,1,1,1,0
82576359.0,kaveh_shirzad,kaveh_shirzad,Kaveh Shirzad کاوه شیرزاد,"لیبرال، جمهوریخواه، بی دین
علاقه مند به تاریخ، فلسفه و سیاست
از مدیران شهروندیار
#ما_جمهوریخواهان

Activist Iranien/exil en France

ایران عزیزم","لیبرال، جمهوریخواه، بی دین
 علاقه مند به تاریخ، فلسفه و سیاست
 از مدیران شهروندیار
 ما_جمهوریخواهان
 
 Activist Iranien/exil en France
 
 ایران عزیزم",2009-10-15T09:14:10+00:00,9080.0,610.0,40735.0,37.0,1132.0,12712.0,12712.0,0.0,9080.0,5651.0,1.606795,0.107945,0.0,False,0.0,True,False,False,False,1.0,0.0,none,1.0,0.0,1.0,0.0,62.66667,1.0,3.666667,408.3333,28368102.0,2.249513,0.0,0.0,2.0,2.0,2.0,0.0,0.0,12710.0,12710.0,55.0,143,14.885245901639344,0,0,0,human(2),0.0,1,1,1,1,0
913064262.0,leiluniran,leiluniran,Lei La,لیلایی مجنونِ ایران,لیلایی مجنونِ ایران,2012-10-29T19:22:36+00:00,10882.0,328.0,37981.0,55.0,2510.0,10210.0,10210.0,0.0,10882.0,4541.0,2.396388,0.072231,1.0,False,0.0,True,False,False,False,0.0,0.0,none,1.0,0.0,0.0,1.0,7.0,1.0,1.0,111.0,0.0,2.248403,1.0,1.0,1.0,1.0,1.0,0.0,0.0,10209.0,10209.0,10.0,19,33.176829268292686,0,0,0,human(2),0.0,1,1,1,1,0
1.51585e+18,Ariaroshangar,ariaroshangar,👑AriA👑,"!Anti NOVASAS نواساسها! نوکران روس حاکم بر 
ایران
https://t.co/rVdya2rpc5
@PahlaviReza
#روسیه_بزن_به_چاک
#جاوید_شاه","!Anti NOVASAS نواساسها! نوکران روس حاکم بر 
 ایران
 
 @PahlaviReza
 روسیه_بزن_به_چاک
 جاوید_شاه",2022-04-18T00:47:32+00:00,3162.0,1184.0,10505.0,5.0,199.0,2345.0,2345.0,0.0,3162.0,1083.0,2.919668,1.093259,1.0,False,0.0,False,False,False,False,1.0,1.0,none,15.0,0.0,0.0,0.933333,23.73333,2.0,2.066667,259.4667,4628215.0,2.165282,0.0,0.0,1.0,2.0,1.0,0.0,0.0,155.3333333,2330.0,71.73333,115,2.670608108108108,0,0,1,bot(1),1.0,1,1,1,1,0
1022646691.0,Far_yaddd,far_yaddd,روشنگر,"پادشاهی خواه 
#پاینده_ایران
#جاوید_شاه","پادشاهی خواه 
 پاینده_ایران
 جاوید_شاه",2012-12-19T18:38:16+00:00,3454.0,1541.0,100330.0,3.0,948.0,9716.0,9716.0,0.0,3454.0,4490.0,0.769265,0.343207,0.0,False,0.0,True,False,False,False,1.0,0.0,none,5.0,0.0,15.0,0.875,15.75,2.0,1.666667,67.91667,3401364.0,2.16392,0.0,0.0,4.0,5.0,5.0,0.458333,1.416667,1939.2,9696.0,16.16667,38,2.2414016872160936,0,0,0,human(2),0.0,1,1,1,1,0
1.47143e+18,balochestan1422,balochestan1422,شهسوار_بلوچ,بلوچستان صدای ندارد صدایش باشیم.,بلوچستان صدای ندارد صدایش باشیم.,2021-12-16T10:54:37+00:00,4351.0,701.0,20115.0,14.0,1368.0,2602.0,2602.0,0.0,4351.0,1206.0,3.607794,0.58126,1.0,False,0.0,False,False,False,False,0.0,0.0,none,2.0,0.0,0.0,1.5,18.0,1.0,1.0,2614.0,24239595.0,2.157546,0.0,0.0,1.0,1.0,1.0,0.0,0.0,1300.0,2600.0,381.0,32,6.206847360912981,0,4,0,human(2),0.0,1,1,1,1,0
115755595.0,interchapga,interchapga,anti 𝙄𝙕𝙇𝘼𝙈,"🇨🇭I AM SUPPORTING 👑King  @PahlaviReza /
ATHEIST 🌟 Religion & Communism are the Enemy of Humanity 🐶 Animal lovers 🐱 i stand with president Trump❤️","I AM SUPPORTING King @PahlaviReza /
 ATHEIST Religion & Communism are the Enemy of Humanity Animal lovers i stand with president Trump",2010-02-19T20:44:30+00:00,2961.0,703.0,54561.0,3.0,3064.0,11787.0,11787.0,0.0,2961.0,5524.0,0.536025,0.127263,1.0,False,0.0,False,False,False,False,0.0,0.0,none,10.0,0.0,0.0,0.9,24.5,1.0,2.1,313.5,1096408.0,2.13378,0.0,0.0,1.0,1.0,1.0,0.0,0.0,1177.7,11777.0,67.4,145,4.21194879089616,0,0,0,human(2),0.0,1,1,1,1,0
34001374.0,ArminNavabi,arminnavabi,Armin Navabi,"Ex-Muslim Iranian-Canadian Secular Activist
- Founder of @AtheistRepublic
- Author of https://t.co/fjNPodpi5Y
- Atheist, Liberal, Zionist, Capitalist","Ex-Muslim Iranian-Canadian Secular Activist
 - Founder of @AtheistRepublic
 - Author of 
 - Atheist, Liberal, Zionist, Capitalist",2009-04-21T19:01:36+00:00,55153.0,7978.0,10621.0,318.0,2316.0,12182.0,12182.0,0.0,55153.0,5828.0,9.463452,1.368909,0.0,False,0.0,True,False,False,False,0.0,1.0,none,1.0,0.0,0.0,0.0,40.0,1.0,1.0,217.0,0.0,2.090254,2.0,2.0,2.0,2.0,2.0,0.0,2.0,12181.0,12181.0,120.0,149,6.91313612434194,0,0,1,human(2),0.0,1,1,1,1,0
252258715.0,akhtar1989,akhtar1989,Akhtar Ghasemi,"Ich bin freie Journalistin und Fotografin,","Ich bin freie Journalistin und Fotografin,",2011-02-14T20:45:26+00:00,3810.0,462.0,23577.0,13.0,1504.0,10694.0,10694.0,0.0,3810.0,5164.0,0.7378,0.089466,1.0,False,0.0,True,False,False,False,0.0,0.0,none,4.0,2.0,1.0,0.75,26.25,3.0,2.166667,593.8333,381867.6,2.070875,0.0,0.0,2.0,4.0,6.0,0.25,1.0,2671.75,10687.0,102.6667,42,8.246753246753247,0,4,0,human(2),0.0,1,1,1,1,0
1.43854e+18,Shahinlooo,shahinlooo,Shahinlooo,,,2021-09-16T16:24:41+00:00,166913.0,35.0,345.0,108.0,2020.0,2678.0,2678.0,0.0,166913.0,1297.0,128.6916,0.026985,1.0,False,0.0,True,False,False,False,0.0,0.0,none,2.0,0.0,0.0,1.0,22.33333,1.0,0.666667,487.3333,5318882.0,2.064765,0.0,0.0,2.0,2.0,2.0,0.0,0.0,1338.0,2676.0,64.33333,0,4768.942857142857,0,0,0,can’t find,,1,1,0,1,1
187615843.0,mahistan,mahistan,Behnam Amini بهنام امینی,فَر ایران را می ستائیم Political Activist,فَر ایران را می ستائیم Political Activist,2010-09-06T18:25:20+00:00,15435.0,170.0,35294.0,28.0,2849.0,10879.0,10879.0,0.0,15435.0,5325.0,2.898592,0.031925,0.0,False,0.0,True,False,False,False,0.0,0.0,none,24.0,5.0,2.0,0.666667,65.66667,1.0,1.666667,1007.595,1796116.0,2.043005,0.0,0.0,4.0,6.0,12.0,0.071429,0.119048,452.0,10848.0,177.0952,41,90.79411764705883,0,0,0,human(2),0.0,1,1,1,1,1
254213445.0,AfshinEllian1,afshinellian1,Afshin Ellian,Columnist Elsevier en Telegraaf | Tweet op persoonlijke titel | Professor of Jurisprudence Leiden University | Poet |,Columnist Elsevier en Telegraaf | Tweet op persoonlijke titel | Professor of Jurisprudence Leiden University | Poet |,2011-02-18T21:07:04+00:00,41988.0,329.0,361.0,198.0,985.0,10499.0,10499.0,0.0,41988.0,5160.0,8.137209,0.06376,0.0,False,0.0,True,False,False,False,0.0,0.0,none,0.0,1.0,0.0,0.0,43.0,1.0,0.0,1549.0,0.0,2.03469,1.0,1.0,1.0,1.0,1.0,0.0,2.0,10498.0,10498.0,397.0,117,127.62310030395136,0,1,0,human(2),0.0,1,1,1,1,0
1.66527e+18,pahlavi_yasmine,pahlavi_yasmine,Yasmine Pahlavi Fanpage,صفحه انتشار محتوای نشر شده در حساب کاربری اینستاگرام شهبانو یاسمین پهلوی,صفحه انتشار محتوای نشر شده در حساب کاربری اینستاگرام شهبانو یاسمین پهلوی,2023-06-04T08:13:09+00:00,3827.0,1519.0,338.0,4.0,1330.0,1338.0,1338.0,0.0,3827.0,671.0,5.703428,2.263785,1.0,False,0.0,False,False,False,False,0.0,0.0,none,4.0,0.0,0.0,1.0,15.42857,1.0,1.285714,487.8571,259480.0,1.994039,0.0,0.0,2.0,4.0,4.0,0.0,0.0,333.5,1334.0,111.1429,72,2.5194206714944043,0,0,0,bot(1),1.0,1,1,1,1,1
1.21659e+18,RShemroon,rshemroon,Radio Shemroon-Artin Partovian,Comedin Of THE FIRST & BEST IRANIAN COMEDY RADIO,Comedin Of THE FIRST & BEST IRANIAN COMEDY RADIO,2020-01-13T05:03:21+00:00,9677.0,2345.0,3560.0,25.0,862.0,3805.0,3805.0,0.0,9677.0,1909.0,5.069146,1.228392,1.0,False,0.0,False,False,False,False,0.0,0.0,none,8.0,0.0,0.0,0.555556,26.11111,2.0,3.888889,227.1111,10954754.0,1.99319,0.0,0.0,2.0,2.0,2.0,0.111111,0.111111,474.625,3797.0,61.11111,48,4.126652452025587,0,0,0,can’t find,,1,1,1,1,1
1.12111e+18,OfficialSimin,officialsimin,Simin’s Official🎗️,"@SamanthaIrani Political Strategist, Human Rights Activist,Narrator of overthrowing t IRIran Inspired by words No Enemies by Mackay","@SamanthaIrani Political Strategist, Human Rights Activist,Narrator of overthrowing t IRIran Inspired by words No Enemies by Mackay",2019-04-24T17:34:29+00:00,12333.0,0.0,10798.0,46.0,209.0,4287.0,4287.0,0.0,12333.0,2173.0,5.675564,0.0,1.0,False,0.0,False,False,False,False,0.0,0.0,none,1.0,1.0,0.0,1.0,26.0,1.0,2.5,230.0,69696093.0,1.972849,0.0,0.0,1.0,1.0,1.0,0.0,0.0,4285.0,4285.0,59.0,131,12333.0,0,0,0,human(2),0.0,1,1,1,1,0
281306065.0,saiedshemirani,saiedshemirani,saied shemirani سعید شمیرانی,"Political and human rights activist for Freedom, Democracy for iran, and founder of Iran's Fadaeyan Movement. سعید شمیرانی فعال سیاسی
https://t.co/xO13aY5AF0","Political and human rights activist for Freedom, Democracy for iran, and founder of Iran's Fadaeyan Movement. سعید شمیرانی فعال سیاسی",2011-04-13T01:36:47+00:00,2928.0,306.0,781.0,6.0,1971.0,9917.0,9917.0,0.0,2928.0,5106.0,0.573443,0.059929,1.0,False,0.0,False,False,False,False,0.0,1.0,none,1.0,0.0,0.0,1.0,297.0,1.0,0.0,22.0,0.0,1.942225,1.0,1.0,1.0,1.0,1.0,0.0,0.0,9916.0,9916.0,5.0,157,9.568627450980392,0,0,1,human(2),0.0,1,1,1,1,0
8.15592e+17,BehrouzBoochani,behrouzboochani,Behrouz Boochani,Writer/ Kurd,Writer/ Kurd,2017-01-01T16:12:48+00:00,80798.0,2746.0,3537.0,407.0,373.0,5559.0,5559.0,0.0,80798.0,3016.0,26.78979,0.910477,1.0,False,0.0,True,False,False,False,0.0,0.0,none,1.0,0.0,0.0,0.0,53.0,1.0,0.0,3127.0,0.0,1.84317,1.0,1.0,1.0,1.0,1.0,0.0,0.0,5558.0,5558.0,609.0,12,29.423889293517846,0,0,0,human(2),0.0,1,1,1,1,1
1.65662e+18,Behzadhamrahi,behzadhamrahi,بهزاد همراهی,"آسیب دیده چشم👁️رستاخیز ملی 1401✌️ سرباز شاهنشاه رضا شاه دوم🩵👑ورود ملا چپی مجاهد فاند بگیر ممنوع⛔️
لینک گوفاندمیhttps://t.co/uw9vBNSm13","آسیب دیده چشمرستاخیز ملی 1401 سرباز شاهنشاه رضا شاه دومورود ملا چپی مجاهد فاند بگیر ممنوع
 لینک گوفاندمی",2023-05-11T11:38:19+00:00,4884.0,34.0,15279.0,5.0,566.0,1275.0,1275.0,0.0,4884.0,695.0,7.027338,0.048921,1.0,False,0.0,False,False,False,False,0.0,1.0,none,5.0,0.0,0.0,1.0,28.8,1.0,2.4,222.4,568036.8,1.834532,0.0,0.0,1.0,1.0,1.0,0.0,0.0,254.0,1270.0,49.8,134,143.64705882352942,0,0,1,human(2),0.0,1,1,1,1,0
7.75798e+17,Nilgonbanoo,nilgonbanoo,نیلگون🌊,"ما را هوس ناز کشیدن به جهان نیست...
* #Woman_Life_Freedom *","ما را هوس ناز کشیدن به جهان نیست...
 * Woman_Life_Freedom *",2016-09-13T20:47:24+00:00,2736.0,2715.0,16223.0,2.0,57.0,5637.0,5637.0,0.0,2736.0,3126.0,0.87524,0.868522,1.0,False,0.0,True,False,False,False,1.0,0.0,none,0.0,1.0,3.0,0.2,6.8,4.0,2.2,1.6,867491.0,1.803263,0.0,0.0,2.0,2.0,2.0,0.8,0.8,5633.0,5633.0,0.0,59,1.0077348066298342,0,0,0,human(2),0.0,1,1,1,1,0
57596040.0,A_Jafarzadeh,a_jafarzadeh,Alireza Jafarzadeh,"Dep Dir @ncrius; TEDx Speaker; Author, The Iran Threat (Palgrave Macmillan; NY); President, Strategic Policy Consulting; On IG & TRUTH Social @A_Jafarzadeh","Dep Dir @ncrius; TEDx Speaker; Author, The Iran Threat (Palgrave Macmillan; NY); President, Strategic Policy Consulting; On IG & TRUTH Social @A_Jafarzadeh",2009-07-17T09:07:35+00:00,44063.0,7425.0,3835.0,386.0,1131.0,10251.0,10251.0,0.0,44063.0,5741.0,7.675144,1.293329,0.0,False,0.0,True,False,False,False,0.0,0.0,none,1.0,0.0,0.0,0.0,88.0,1.0,1.0,590.0,0.0,1.785577,2.0,2.0,2.0,2.0,2.0,0.0,0.0,10250.0,10250.0,486.0,155,5.934410774410774,0,0,0,human(2),0.0,1,1,1,1,0
8.07183e+17,HSheibanyrad,hsheibanyrad,Hamed SHEIBANYRAD,"President of Iran Novin Party
دبیر نخست حزب ایران نوین

@IranNovinParty
https://t.co/DMB4YWSu0V","President of Iran Novin Party
 دبیر نخست حزب ایران نوین
 
 @IranNovinParty",2016-12-09T11:19:38+00:00,7521.0,1027.0,14556.0,34.0,195.0,5425.0,5425.0,0.0,7521.0,3039.0,2.474827,0.33794,0.0,False,0.0,False,False,False,False,0.0,1.0,none,2.0,3.0,2.0,0.0,59.375,1.0,0.25,332.125,18712670.0,1.785127,0.0,0.0,2.0,2.0,2.0,0.125,0.125,2709.0,5418.0,40.375,95,7.3232716650438165,0,0,1,human(2),0.0,1,1,1,1,0
2592412147.0,fardad200,fardad200,👑👑 فرداد 👑👑,««مدت زیادی در این جسم نخواهید بود، باشرف زندگی کنید »» فالو = بک,««مدت زیادی در این جسم نخواهید بود، باشرف زندگی کنید »» فالو = بک,2014-06-28T03:33:51+00:00,3545.0,3579.0,42935.0,2.0,640.0,6990.0,6990.0,0.0,3545.0,3934.0,0.901118,0.909761,1.0,False,0.0,False,False,False,False,0.0,0.0,none,21.0,1.0,51.0,0.337838,30.22973,4.0,1.756757,49.2973,356182.5,1.776817,0.0,0.0,5.0,11.0,2.0,0.391892,1.0,329.3809524,6917.0,9.162162,65,0.9905001397038279,0,3,0,human(2),0.0,1,1,1,1,0
37413528.0,Parpanchi,parpanchi,Mehdi Parpanchi,"Executive Editor, US @IranIntl TV, Former Iran Service Director @RFERL’s @RadioFarda_ , Former Lead Presenter @bbcpersian","Executive Editor, US @IranIntl TV, Former Iran Service Director @RFERL’s @RadioFarda_ , Former Lead Presenter @bbcpersian",2009-05-03T13:06:46+00:00,315550.0,2031.0,360.0,624.0,776.0,10248.0,10248.0,0.0,315550.0,5816.0,54.2555,0.349209,0.0,False,0.0,False,False,False,False,0.0,0.0,regular,1.0,0.0,0.0,0.0,48.0,1.0,0.0,7099.0,0.0,1.762036,1.0,1.0,1.0,1.0,1.0,0.0,0.0,10247.0,10247.0,1532.0,121,155.3668143771541,0,0,0,human(2),0.0,1,1,1,1,1
2261191638.0,Liberti2022,liberti2022,Milkan,"fully kurdish trader | RTM Technical analysis Method |Crypto-Forex-Xau ||

My Telegram Channel : https://t.co/plyuwz9Vd2 |

Crypto  analysis:
https://t.co/1FMkQIYOQx","fully kurdish trader | RTM Technical analysis Method |Crypto-Forex-Xau ||
 
 My Telegram Channel : |
 
 Crypto analysis:",2013-12-25T07:52:05+00:00,4154.0,1699.0,18667.0,57.0,1279.0,7126.0,7126.0,0.0,4154.0,4119.0,1.008497,0.412479,1.0,False,0.0,True,False,False,False,0.0,1.0,none,0.0,1.0,0.0,0.0,14.0,1.0,1.0,4.0,0.0,1.730032,2.0,2.0,2.0,2.0,2.0,0.0,0.0,7125.0,7125.0,0.0,165,2.4449676280164803,0,4,1,human(2),0.0,1,1,1,1,0
1.15729e+18,rasulbajelan,rasulbajelan,Rasulbajelan,تنها راه نجات ایران رضا شاه دوم پهلوی سوم است، همانند رضا شاه کبیر که ایران ویران قاجار را آباد کرد,تنها راه نجات ایران رضا شاه دوم پهلوی سوم است، همانند رضا شاه کبیر که ایران ویران قاجار را آباد کرد,2019-08-02T13:55:29+00:00,3009.0,2485.0,52819.0,0.0,424.0,3566.0,3566.0,0.0,3009.0,2073.0,1.45152,1.198746,1.0,False,0.0,True,False,False,False,0.0,0.0,none,1.0,0.0,8.0,0.090909,37.09091,2.0,1.363636,5.909091,9336622.0,1.720212,0.0,0.0,2.0,2.0,3.0,0.818182,1.0,3557.0,3557.0,1.454545,99,1.2108651911468813,0,0,0,human(2),0.0,1,1,1,1,1
1.39567e+18,KhatibiOfficial,khatibiofficial,Ashkan Khatibi,Woman Life Freedom / منم پسر کسی هستم,Woman Life Freedom / منم پسر کسی هستم,2021-05-21T09:06:08+00:00,81560.0,180.0,10158.0,72.0,390.0,2415.0,2415.0,0.0,81560.0,1415.0,57.63958,0.127208,1.0,False,0.0,True,False,False,False,0.0,0.0,none,0.0,1.0,0.0,0.0,11.0,1.0,0.0,2154.0,0.0,1.706714,2.0,2.0,2.0,2.0,2.0,0.0,0.0,2414.0,2414.0,32.0,37,453.1111111111111,0,0,0,human(2),0.0,1,1,1,1,0
1226703542.0,faribadavodi,faribadavodi,Fariba Davoodi Mohajer @FDM,فریبا داودی مهاجر،کارشناس ارشد علوم سیاسی. مرا عهدیست با ایران که ایران جان من باشد,فریبا داودی مهاجر،کارشناس ارشد علوم سیاسی. مرا عهدیست با ایران که ایران جان من باشد,2013-02-28T04:50:30+00:00,8621.0,982.0,10872.0,18.0,1406.0,7434.0,7434.0,0.0,8621.0,4419.0,1.950894,0.222222,1.0,False,0.0,True,False,False,False,0.0,0.0,none,4.0,2.0,1.0,0.333333,62.0,2.0,2.777778,821.1111,1516975.0,1.682281,0.0,0.0,2.0,2.0,3.0,0.0,0.888889,1856.75,7427.0,101.7778,83,8.779022403258656,0,0,0,human(2),0.0,1,1,1,1,0
1.25123e+18,hamidsanati6661,hamidsanati6661,Hamid Sanati,Secretary-General of melimihani organisation #ستاد_هفت_آبان,Secretary-General of melimihani organisation ستاد_هفت_آبان,2020-04-17T19:43:31+00:00,9106.0,3454.0,13677.0,12.0,610.0,3036.0,3036.0,0.0,9106.0,1814.0,5.019846,1.904079,1.0,False,0.0,True,False,False,False,1.0,0.0,none,24.0,1.0,0.0,1.0,37.33333,1.0,3.066667,644.5,2980578.0,1.673649,0.0,0.0,2.0,3.0,6.0,0.033333,0.033333,125.4583333,3011.0,114.5333,59,2.6363636363636362,0,4,0,human(2),0.0,1,1,1,1,0
8.78302e+17,SavaSavadkoohi,savasavadkoohi,Sherwin_savadkoohi | شروین سوادکوهی,ایرانی در تبعید، دشمن ارتجاع سرخ و سیاه!! بنگر این منم با لوایی سفید در دست و مرگی سیاه در سر زبان در کام بنشسته به کنجی آرام . عاشق ایران #براندازم,ایرانی در تبعید، دشمن ارتجاع سرخ و سیاه!! بنگر این منم با لوایی سفید در دست و مرگی سیاه در سر زبان در کام بنشسته به کنجی آرام . عاشق ایران براندازم,2017-06-23T17:20:58+00:00,9061.0,1136.0,86501.0,14.0,496.0,4753.0,4753.0,0.0,9061.0,2843.0,3.187126,0.399578,1.0,False,0.0,True,False,False,False,1.0,0.0,none,29.0,4.0,4.0,0.945946,20.86486,4.0,2.0,692.7838,903550.2,1.671826,0.0,0.0,2.0,2.0,1.0,0.216216,0.648649,162.6206897,4716.0,173.4054,148,7.976232394366197,0,0,0,human(2),0.0,1,1,1,1,0
1.6403e+18,CinemaRex,cinemarex,Cinama Rex,"برنامه‌های مجله تصویری «سینما رکس»، صدای مستقل ملی‌گرایان، را در یوتیوب دنبال کنید
https://t.co/CtqUJ3v2T6",برنامه‌های مجله تصویری «سینما رکس»، صدای مستقل ملی‌گرایان، را در یوتیوب دنبال کنید,2023-03-27T10:21:40+00:00,4442.0,11.0,406.0,11.0,965.0,1230.0,1230.0,0.0,4442.0,740.0,6.002703,0.014865,1.0,False,0.0,False,False,False,False,0.0,1.0,none,8.0,1.0,0.0,0.090909,31.18182,1.0,6.454545,473.1818,4157397.0,1.662162,0.0,0.0,2.0,2.0,3.0,0.363636,0.727273,152.625,1221.0,146.2727,106,403.8181818181818,0,0,1,News Agent(3),,1,1,1,1,0
721080932.0,Tinabakhshi,tinabakhshi,Tinabakhshi,از خودم شروع كردم،براى ساختن ایرانم✌🏻,از خودم شروع كردم،براى ساختن ایرانم,2012-07-27T23:26:54+00:00,42017.0,97.0,16413.0,60.0,683.0,7659.0,7659.0,0.0,42017.0,4635.0,9.065156,0.020928,0.0,False,0.0,True,False,False,False,0.0,0.0,none,15.0,0.0,0.0,1.0,15.73333,3.0,1.666667,919.1333,1932242.0,1.652427,0.0,0.0,1.0,2.0,1.0,0.0,0.0,509.6,7644.0,188.1333,37,433.16494845360825,0,0,0,human(2),0.0,1,1,1,1,0
244957471.0,shaheen_ir,shaheen_ir,شاهین مهاجری از اینستا,"من اگر برخيزم. تو اگر برخيزي. همه بر مي خيزند.
kord","من اگر برخيزم. تو اگر برخيزي. همه بر مي خيزند.
 kord",2011-01-30T14:49:15+00:00,5209.0,5846.0,45626.0,3.0,562.0,8544.0,8544.0,0.0,5209.0,5179.0,1.005793,1.128789,0.0,False,0.0,True,False,False,False,0.0,0.0,none,0.0,0.0,1.0,0.0,21.0,1.0,1.0,0.0,0.0,1.649739,1.0,1.0,1.0,1.0,1.0,1.0,1.0,8543.0,8543.0,0.0,51,0.8910366062264796,0,0,0,human(2),0.0,1,1,1,1,1
1.33606e+18,MazdakBAMDADAN2,mazdakbamdadan2,محسن بنائی,"مزدک بامدادان /
پژوهشگر تاریخ ایران و اسلام /
عضو جبهه ۷ آبان","مزدک بامدادان /
 پژوهشگر تاریخ ایران و اسلام /
 عضو جبهه ۷ آبان",2020-12-07T21:33:41+00:00,7374.0,33.0,14371.0,21.0,571.0,2600.0,2600.0,0.0,7374.0,1580.0,4.667089,0.020886,1.0,False,0.0,False,False,False,False,0.0,1.0,none,1.0,1.0,1.0,0.5,51.75,1.0,0.0,1270.25,1026967.0,1.64557,0.0,0.0,2.0,2.0,2.0,0.25,0.25,2597.0,2597.0,235.0,61,223.45454545454547,0,1,0,human(2),0.0,1,1,1,1,0
181198159.0,HichkasOfficial,hichkasofficial,Hichkas,"Artist

contact@hichkas.me","Artist
 
 contact@hichkas.me",2010-08-21T15:17:00+00:00,873097.0,401.0,18159.0,645.0,617.0,8674.0,8674.0,0.0,873097.0,5341.0,163.4707,0.07508,0.0,False,0.0,False,False,False,False,0.0,0.0,none,1.0,0.0,0.0,3.0,50.0,1.0,0.0,5016.0,0.0,1.62404,1.0,1.0,1.0,1.0,1.0,0.0,0.0,8673.0,8673.0,419.0,26,2177.299251870324,0,0,0,human(2),0.0,1,1,1,1,0
71395166.0,Forouzandy,forouzandy,Matt Forouzandy,Interdisciplinary artist and advocate for LGBT rights in #Iran 🏳️‍⚧️🏳️‍🌈 #پهلوی_امید_ملت,Interdisciplinary artist and advocate for LGBT rights in Iran پهلوی_امید_ملت,2009-09-03T23:42:34+00:00,1287.0,52.0,23428.0,11.0,3758.0,9202.0,9202.0,0.0,1287.0,5693.0,0.226067,0.009134,0.0,False,0.0,True,False,False,False,1.0,0.0,none,3.0,0.0,1.0,1.0,16.16667,1.0,2.333333,312.5,6184922.0,1.616371,0.0,0.0,2.0,4.0,3.0,0.333333,0.333333,3066.0,9198.0,43.33333,88,24.75,0,0,0,human(2),0.0,1,1,1,1,0
47399105.0,sepahani,sepahani,⚔️ ☀️🦁👑آلاشت,یک دوزاری شناس حرفه‌ای ‌,یک دوزاری شناس حرفه‌ای ‌,2009-06-15T18:06:52+00:00,2438.0,1731.0,34585.0,2.0,643.0,9276.0,9276.0,0.0,2438.0,5773.0,0.422311,0.299844,1.0,False,0.0,True,False,False,False,0.0,0.0,none,4.0,1.0,5.0,0.357143,26.78571,3.0,1.285714,31.35714,4700603.0,1.60679,0.0,0.0,2.0,4.0,5.0,0.5,0.5,2316.5,9266.0,6.785714,24,1.4084344309647603,0,0,0,human(2),0.0,1,1,1,1,0
3384974717.0,ilya_sh3,ilya_sh3,Elijah,"#kingrezapahlavi

#جاویدشاه","kingrezapahlavi
 
 جاویدشاه",2015-07-20T21:01:11+00:00,5883.0,3987.0,13708.0,1.0,112.0,5657.0,5657.0,0.0,5883.0,3547.0,1.658585,1.124048,1.0,False,0.0,False,False,False,False,1.0,0.0,none,0.0,1.0,0.0,0.0,1.0,1.0,1.0,0.0,0.0,1.594869,1.0,1.0,1.0,1.0,1.0,0.0,0.0,5656.0,5656.0,0.0,27,1.4755455229495862,0,1,0,can’t find,,1,1,1,1,0
1.28425e+18,ShahramKhalatb1,shahramkhalatb1,👑Shahram Khalatbari👑,Writer & Journalist,Writer & Journalist,2020-07-17T22:01:02+00:00,4092.0,1883.0,40908.0,5.0,299.0,2645.0,2645.0,0.0,4092.0,1723.0,2.374927,1.092861,1.0,False,0.0,True,False,False,False,0.0,0.0,none,35.0,0.0,0.0,0.769231,44.41026,1.0,2.333333,124.2564,2453809.0,1.535113,0.0,0.0,2.0,2.0,5.0,0.0,0.0,74.57142857,2610.0,43.51282,19,2.1731279872543814,0,1,0,can’t find,,1,1,1,1,0
8.54605e+17,asoupar,asoupar,کبری آسوپار,روزنامه‌نگار,روزنامه‌نگار,2017-04-19T07:57:52+00:00,30653.0,301.0,54838.0,149.0,125.0,4460.0,4460.0,0.0,30653.0,2908.0,10.54092,0.103508,0.0,False,0.0,True,False,False,False,0.0,0.0,none,1.0,0.0,0.0,0.0,58.0,1.0,0.0,227.0,0.0,1.5337,1.0,1.0,1.0,1.0,1.0,0.0,0.0,4459.0,4459.0,23.0,12,101.83720930232558,0,0,0,human(2),0.0,1,1,1,1,0
1.36038e+18,CameronBehzadi,cameronbehzadi,Cameron Behzadi,"Advocate for a monarchical Iran, the true Iran. Iranian Jewish","Advocate for a monarchical Iran, the true Iran. Iranian Jewish",2021-02-13T00:00:19+00:00,12683.0,32.0,33759.0,22.0,1208.0,2293.0,2293.0,0.0,12683.0,1512.0,8.388228,0.021164,1.0,False,0.0,True,False,False,False,0.0,0.0,none,106.0,1.0,16.0,1.071429,21.88889,5.0,1.0,982.1746,1012386.0,1.516534,0.0,0.0,2.0,4.0,4.0,0.071429,0.15873,20.47169811,2170.0,157.4762,62,396.34375,0,0,0,human(2),0.0,1,1,1,1,0
756858415.0,FeryTiamo,ferytiamo,fery👑tiamo,"#آنتی_چپ
#مشروطه_خواه #جاویدشاه","آنتی_چپ
 مشروطه_خواه جاویدشاه",2012-08-14T09:47:05+00:00,5327.0,4549.0,87716.0,1.0,739.0,6986.0,6986.0,0.0,5327.0,4617.0,1.15378,0.985272,1.0,False,0.0,False,False,False,False,1.0,0.0,none,3.0,1.0,6.0,0.307692,20.15385,2.0,1.846154,229.0,3912741.0,1.513104,0.0,0.0,2.0,4.0,4.0,0.692308,0.692308,2325.333333,6976.0,24.61538,31,1.171026599252583,0,0,0,unverified(4),,1,1,1,1,0
1.66365e+18,FanpageYaspah,fanpageyaspah,Yasmine Pahlavi fanpage,اولین صفحه منعکس کننده نظرات ، پست ها و عکس های #والاحضرت_یاسمین_پهلوی در توییتر .official fanpage,اولین صفحه منعکس کننده نظرات ، پست ها و عکس های والاحضرت_یاسمین_پهلوی در توییتر .official fanpage,2023-05-30T21:04:25+00:00,11400.0,585.0,2540.0,11.0,926.0,1019.0,1019.0,0.0,11400.0,676.0,16.86391,0.865385,1.0,False,0.0,False,False,False,False,1.0,0.0,none,27.0,0.0,0.0,1.277778,30.0,2.0,2.222222,1628.472,1990261.0,1.507396,0.0,0.0,4.0,10.0,10.0,0.0,0.0,36.74074074,992.0,342.2222,98,19.487179487179485,0,0,0,can’t find,,1,1,1,1,0
8.1769e+17,vajname,vajname,واج نامه,"نخستین ماهنامه آزاد ، بدون سانسور، مستقل زرتشتیان(مَزدیَسنا)

ایمیل واج نامه:⬅️
vajname@gmail.com

اینستاگرام واج نامه:⬅️
@vajnamee","نخستین ماهنامه آزاد ، بدون سانسور، مستقل زرتشتیان(مَزدیَسنا)
 
 ایمیل واج نامه:
 vajname@gmail.com
 
 اینستاگرام واج نامه:
 @vajnamee",2017-01-07T11:10:30+00:00,4834.0,8.0,7145.0,5.0,930.0,4439.0,4439.0,0.0,4834.0,3010.0,1.60598,0.002658,0.0,False,0.0,False,False,False,False,0.0,0.0,none,1.0,0.0,0.0,1.0,37.0,1.0,5.0,13.0,0.0,1.474751,1.0,1.0,1.0,1.0,1.0,0.0,0.0,4438.0,4438.0,0.0,131,604.25,0,0,0,human(2),0.0,1,1,1,1,1
9.6777e+17,rosaparto,rosaparto,Rosaparto עם ישראל חי,Iranian&Israeli Journalist & Correspondent ex @kann_news (instagram @rosaparto). @IFJGlobal,Iranian&Israeli Journalist & Correspondent ex @kann_news (instagram @rosaparto). @IFJGlobal,2018-02-25T14:37:00+00:00,3694.0,1494.0,21048.0,25.0,1032.0,3828.0,3828.0,0.0,3694.0,2596.0,1.422958,0.575501,1.0,False,0.0,True,False,False,False,0.0,0.0,none,1.0,0.0,0.0,1.0,54.0,1.0,3.0,116.0,0.0,1.474576,2.0,2.0,2.0,2.0,2.0,0.0,0.0,3827.0,3827.0,3.0,91,2.4725568942436413,0,0,0,human(2),0.0,1,1,1,1,1
1.5488e+18,IrBozorg,irbozorg,ایران بزرگ فرهنگی,"فصل‌نامه‌ی تخصّصی در علمِ سیاست. آی‌دی اختصاصی ما در دیگر شبکه‌های اجتماعی:
IrBozorg","فصل‌نامه‌ی تخصّصی در علمِ سیاست. آی‌دی اختصاصی ما در دیگر شبکه‌های اجتماعی:
 IrBozorg",2022-07-17T22:24:05+00:00,7577.0,2.0,1896.0,21.0,734.0,1464.0,1464.0,0.0,7577.0,993.0,7.630413,0.002014,1.0,False,0.0,True,False,False,False,0.0,0.0,none,4.0,0.0,0.0,1.0,441.1667,1.0,0.333333,171.3333,291461.3,1.47432,0.0,0.0,2.0,4.0,3.0,0.0,0.0,365.0,1460.0,43.33333,84,3788.5,0,0,0,human(2),0.0,1,1,1,1,0
9.51021e+17,ParhamRamin,parhamramin,Ramin Parham,« What I hate above all is this fat and prosperous brood of mediocrity. » Steppenwolf,« What I hate above all is this fat and prosperous brood of mediocrity. » Steppenwolf,2018-01-10T09:22:18+00:00,10419.0,2107.0,8285.0,65.0,888.0,3854.0,3854.0,0.0,10419.0,2642.0,3.943603,0.797502,1.0,False,0.0,True,False,False,False,0.0,0.0,none,1.0,2.0,0.0,0.25,84.0,1.0,0.0,263.5,29015486.0,1.458743,0.0,0.0,2.0,2.0,2.0,0.5,0.5,3851.0,3851.0,37.0,85,4.944945420028477,0,0,0,human(2),0.0,1,1,1,1,0
1460339257.0,ToukaNeyestani,toukaneyestani,Touka Neyestani,تا اطلاع ثانوی کاریکاتوریست رسمی دربار همایونی,تا اطلاع ثانوی کاریکاتوریست رسمی دربار همایونی,2013-05-26T18:24:31+00:00,24944.0,277.0,44386.0,82.0,934.0,6253.0,6253.0,0.0,24944.0,4332.0,5.758079,0.063943,1.0,False,0.0,True,False,False,False,0.0,0.0,none,0.0,0.0,2.0,0.0,18.0,1.0,0.0,29.5,2504176.0,1.443444,0.0,0.0,1.0,1.0,1.0,1.0,1.0,6251.0,6251.0,1.5,46,90.05054151624549,0,0,0,human(2),0.0,1,1,1,1,1
3060125596.0,SafaiDarya,safaidarya,Darya Safai MP,Member of the Belgian Parliament (Member of the Defence Committee + Committee on Foreign Affairs) / Women’s rights activist/Dentist,Member of the Belgian Parliament (Member of the Defence Committee + Committee on Foreign Affairs) / Women’s rights activist/Dentist,2015-02-24T20:10:01+00:00,111833.0,691.0,6022.0,377.0,2249.0,5328.0,5328.0,0.0,111833.0,3693.0,30.28243,0.187111,1.0,False,0.0,True,False,False,False,0.0,0.0,none,1.0,0.0,0.0,1.0,2.0,1.0,1.0,398.0,0.0,1.442729,1.0,1.0,1.0,1.0,1.0,0.0,0.0,5327.0,5327.0,5.0,131,161.84225759768452,0,0,0,human(2),0.0,1,1,1,1,0
1.05826e+18,MajidTavakolii,majidtavakolii,Majid Tavakoli,"دموکراسی‌خواه و پژوهشگر سیاسی
--- در این‌سال‌ها هیچ شرایطِ خاصی برای پایبندنبودن به حقیقت وجود ندارد. majidtavakoliiran@gmail.com","دموکراسی‌خواه و پژوهشگر سیاسی
 --- در این‌سال‌ها هیچ شرایطِ خاصی برای پایبندنبودن به حقیقت وجود ندارد. majidtavakoliiran@gmail.com",2018-11-02T07:47:09+00:00,171586.0,355.0,48101.0,406.0,41.0,3383.0,3383.0,0.0,171586.0,2346.0,73.13981,0.151321,1.0,False,0.0,True,False,False,False,0.0,0.0,none,0.0,1.0,0.0,0.0,51.0,1.0,0.0,2245.0,0.0,1.442029,1.0,1.0,1.0,1.0,1.0,0.0,0.0,3382.0,3382.0,336.0,129,483.3408450704225,0,0,0,human(2),0.0,1,1,1,1,1
246019371.0,SiamakGhassemi,siamakghassemi,سیامک قاسمی,MBA & DBA سازمان مدیریت صنعتی | بنیان‌گذار موسسه مطالعات اقتصادی بامداد | مديرعامل شرکت سرمایه‌گذاری بامدادبیزنس | مشاوره اقتصادی و سرمایه‌گذاری: 22029600,MBA & DBA سازمان مدیریت صنعتی | بنیان‌گذار موسسه مطالعات اقتصادی بامداد | مديرعامل شرکت سرمایه‌گذاری بامدادبیزنس | مشاوره اقتصادی و سرمایه‌گذاری: 22029600,2011-02-01T23:31:00+00:00,164518.0,193.0,23247.0,195.0,844.0,7367.0,7367.0,0.0,164518.0,5177.0,31.77864,0.03728,1.0,False,0.0,True,False,False,False,0.0,1.0,none,1.0,0.0,0.0,0.0,34.0,1.0,1.0,58.0,0.0,1.423025,1.0,1.0,1.0,1.0,1.0,0.0,0.0,7366.0,7366.0,2.0,154,852.4248704663213,0,0,0,human(2),0.0,1,1,1,1,1
1.25443e+18,ServinPooryamin,servinpooryamin,Servin Pooryamin 👑👑👑,حامی شاهزاده رضا پهلوی. ورود مجاهد، کمونیست و عرزشی⛔️#جاوید شاه#پاینده ایران#پرچم شیروخورشید,حامی شاهزاده رضا پهلوی. ورود مجاهد، کمونیست و عرزشیجاوید شاهپاینده ایرانپرچم شیروخورشید,2020-04-26T15:13:45+00:00,8970.0,9.0,10443.0,11.0,1508.0,2529.0,2529.0,0.0,8970.0,1805.0,4.969529,0.004986,1.0,False,0.0,False,False,False,False,1.0,0.0,none,131.0,0.0,0.0,1.238806,22.82836,3.0,2.604478,242.1866,759764.7,1.401108,0.0,0.0,2.0,3.0,4.0,0.029851,0.029851,18.30534351,2398.0,70.6791,92,996.6666666666666,0,0,0,human(2),0.0,1,1,1,1,0
1.71719e+18,Parsaghobadi123,parsaghobadi123,Parsa Ghobadi,"آسیب دیده دو چشم جنبش ملی 1401 
خەڵک کوردستانم گیانم بو ئێرانه🦁☀
پادشاهی خواه♚ مشروطه مینارشیک
⚙︎constitutional Kingdom ⚙︎
پاتروتیک ⨷anti gingoism ⨷","آسیب دیده دو چشم جنبش ملی 1401 
 خەڵک کوردستانم گیانم بو ئێرانه
 پادشاهی خواه♚ مشروطه مینارشیک
 constitutional Kingdom 
 پاتروتیک ⨷anti gingoism ⨷",2023-10-25T14:36:33+00:00,3818.0,121.0,3410.0,5.0,80.0,738.0,738.0,0.0,3818.0,528.0,7.231061,0.229167,1.0,False,0.0,False,False,False,False,0.0,1.0,none,4.0,0.0,0.0,1.25,29.5,1.0,2.25,1035.5,6478328.0,1.397727,0.0,0.0,1.0,1.0,1.0,0.0,0.0,183.5,734.0,268.5,148,31.553719008264462,0,3,0,human(2),0.0,1,1,1,1,1
1.68137e+18,kamalpishvandi,kamalpishvandi,kamal pishvand,"آسیب دیده چشمی ۱۴۰۱  تا ابد جاوید شاه پاینده ایران👑👑
لینک گوفاندمی برای کمک به درمان من

https://t.co/nzS5YZ7GMK

https://t.co/Nmoy25YD0j?","آسیب دیده چشمی ۱۴۰۱ تا ابد جاوید شاه پاینده ایران
 لینک گوفاندمی برای کمک به درمان من",2023-07-18T18:15:10+00:00,3738.0,5635.0,7708.0,4.0,22.0,873.0,873.0,0.0,3738.0,627.0,5.961722,8.987241,1.0,False,0.0,False,False,False,False,0.0,1.0,none,2.0,4.0,1.0,0.555556,40.44444,1.0,0.333333,806.5556,208837.3,1.392344,0.0,0.0,2.0,2.0,3.0,0.0,0.222222,433.0,866.0,346.0,138,0.6633540372670808,0,0,1,human(2),0.0,1,1,1,1,0
8.91003e+17,azadsocial_,azadsocial_,Azad | آزاد,مدرسه آزادفکری سابق🔻اندیشیدن حق ماست🔺 گفتگو میان اندیشمندان ایرانی را در سایت آزاد ببینید. آزاد یک استارت‌آپ آموزشی و پژوهشی در اکوسیستم دانشگاه شریف است.🔸,مدرسه آزادفکری سابقاندیشیدن حق ماست گفتگو میان اندیشمندان ایرانی را در سایت آزاد ببینید. آزاد یک استارت‌آپ آموزشی و پژوهشی در اکوسیستم دانشگاه شریف است.,2017-07-28T18:32:12+00:00,17551.0,103.0,2019.0,54.0,1464.0,3867.0,3867.0,0.0,17551.0,2808.0,6.250356,0.036681,1.0,False,0.0,False,False,False,False,0.0,0.0,none,1.0,0.0,0.0,1.0,204.0,1.0,0.0,163.0,0.0,1.377137,2.0,2.0,2.0,2.0,2.0,0.0,2.0,3866.0,3866.0,15.0,155,170.39805825242718,0,0,0,human(2),0.0,1,1,1,1,0
90155373.0,shadisadr,shadisadr,Shadi Sadr,"human rights lawyer, feminist, PhD candidate- Leiden University, co-founder @Justice4Iran. Opinions my own. Email: shadisadr@gmail.com, زن، زندگی، آزادی","human rights lawyer, feminist, PhD candidate- Leiden University, co-founder @Justice4Iran. Opinions my own. Email: shadisadr@gmail.com, زن، زندگی، آزادی",2009-11-15T12:52:39+00:00,25478.0,876.0,21618.0,145.0,600.0,7695.0,7695.0,0.0,25478.0,5620.0,4.533452,0.155872,1.0,False,0.0,True,False,False,False,0.0,1.0,regular,2.0,0.0,0.0,0.5,408.0,1.0,0.0,623.5,2916.0,1.369217,1.0,2.0,1.0,2.0,1.0,0.0,0.0,3846.5,7693.0,132.0,152,29.08447488584475,0,0,0,human(2),0.0,1,1,1,1,0
1.14932e+18,PDKIfarsi,pdkifarsi,حزب دمکرات کوردستان ایران,صفحه رسمی حزب دمکرات کوردستان ایران به زبان فارسی.,صفحه رسمی حزب دمکرات کوردستان ایران به زبان فارسی.,2019-07-11T14:04:53+00:00,13697.0,11.0,83.0,33.0,2151.0,2856.0,2856.0,0.0,13697.0,2095.0,6.537947,0.005251,1.0,False,0.0,False,False,False,False,0.0,0.0,none,1.0,0.0,0.0,1.0,219.0,1.0,2.0,320.0,0.0,1.363246,1.0,1.0,1.0,1.0,1.0,0.0,0.0,2855.0,2855.0,85.0,50,1245.1818181818182,0,0,0,News Agent(3),,1,1,1,1,0
2364164407.0,KasraAarabi,kasraaarabi,Kasra Aarabi (کسری اعرابی),"Director of IRGC Research @UANI — Iran, IRGC & Shia Islamist Extremism Specialist | PhD-ing IRGC @univofstandrews | فارسی | Own Views","Director of IRGC Research @UANI — Iran, IRGC & Shia Islamist Extremism Specialist | PhD-ing IRGC @univofstandrews | فارسی | Own Views",2014-02-27T13:13:32+00:00,36180.0,1170.0,7938.0,262.0,1031.0,5347.0,5347.0,0.0,36180.0,4055.0,8.922318,0.288533,1.0,False,0.0,True,False,False,False,0.0,0.0,none,2.0,0.0,0.0,1.0,46.0,2.0,0.5,699.0,87028.0,1.318619,0.0,0.0,1.0,1.0,1.0,0.5,3.0,2672.5,5345.0,131.0,133,30.923076923076923,0,0,0,human(2),0.0,1,1,1,1,1
3518825361.0,re1001za,re1001za,رضا پناهیان 🇮🇷,بیزار از متحجرین چپ و راست,بیزار از متحجرین چپ و راست,2015-09-02T02:48:56+00:00,7726.0,585.0,18905.0,34.0,232.0,4597.0,4597.0,0.0,7726.0,3503.0,2.205538,0.167,1.0,False,0.0,True,False,False,False,0.0,0.0,none,1.0,0.0,0.0,0.0,17.0,1.0,0.0,167.0,0.0,1.312304,2.0,2.0,2.0,2.0,2.0,0.0,0.0,4596.0,4596.0,9.0,26,13.206837606837606,0,4,0,human(2),0.0,1,1,1,1,0
1108938805.0,Iranetanha,iranetanha,👑freedom fighter👑,"عرزشی⛔مجاهد⛔اسهال طلب⛔تجزیه طلب⛔
با افتخار آتئیست و براندازم.عاشق خاندان ایران ساز پهلوی 👑جاوید شاه👑","عرزشیمجاهداسهال طلبتجزیه طلب
 با افتخار آتئیست و براندازم.عاشق خاندان ایران ساز پهلوی جاوید شاه",2013-01-21T12:41:43+00:00,4456.0,3140.0,114014.0,2.0,13.0,5685.0,5685.0,0.0,4456.0,4457.0,0.999776,0.70451,1.0,False,0.0,False,False,False,False,0.0,0.0,none,0.0,0.0,7.0,0.0,5.222222,2.0,1.222222,0.0,478947.7,1.275522,0.0,0.0,2.0,2.0,3.0,0.888889,1.111111,5678.0,5678.0,0.0,100,1.419108280254777,0,0,0,can’t find,,1,1,1,1,0
1577295546.0,samadiHosein,samadihosein,Hosein Samadi,"🌍 International Law Researcher | LLB, LLM. 
 Advocate for a Secular, Democratic Iran and the Rule of Law. 
@PahlaviReza","International Law Researcher | LLB, LLM. 
  Advocate for a Secular, Democratic Iran and the Rule of Law. 
 @PahlaviReza",2013-07-08T10:26:11+00:00,5204.0,3011.0,29443.0,1.0,33.0,5375.0,5375.0,0.0,5204.0,4289.0,1.213336,0.702028,1.0,False,0.0,False,False,False,False,0.0,0.0,none,2.0,1.0,1.0,0.5,24.75,1.0,1.75,569.75,2898306.0,1.253206,0.0,0.0,1.0,2.0,1.0,0.5,2.0,2685.5,5371.0,133.25,119,1.7283294586516107,0,0,0,bot(1),1.0,1,1,1,1,1
1.5516e+18,margbar3fased,margbar3fased,یاغی ✌️👑,#ننگ_بر_سه_فاسد_ملا_چپی_مجاهد,ننگ_بر_سه_فاسد_ملا_چپی_مجاهد,2022-07-25T16:18:23+00:00,3546.0,2188.0,9848.0,2.0,192.0,1191.0,1191.0,0.0,3546.0,985.0,3.6,2.22132,1.0,False,0.0,False,False,False,False,1.0,0.0,none,11.0,0.0,1.0,1.0,24.0,3.0,2.333333,1164.0,215012.4,1.209137,0.0,0.0,1.0,2.0,1.0,0.166667,0.166667,107.1818182,1179.0,301.5,29,1.6206581352833638,0,1,0,human(2),0.0,1,1,1,1,0
1.43179e+18,ProjectLeonOnX,projectleononx,Project Leon,🇮🇱سال رستاخیز_جهانی_میهن_پرستان. پراجکت لئون در اکس ، رسانه کدشکافی سیاسی-اسوتریک-استراتژیست! اینستاگرام👇🏻#kingRezaPahlavi,سال رستاخیز_جهانی_میهن_پرستان. پراجکت لئون در اکس ، رسانه کدشکافی سیاسی-اسوتریک-استراتژیست! اینستاگرامkingRezaPahlavi,2021-08-29T01:28:45+00:00,11493.0,42.0,11083.0,8.0,487.0,1559.0,1559.0,0.0,11493.0,1315.0,8.739924,0.031939,1.0,False,0.0,False,False,False,False,1.0,0.0,none,26.0,0.0,10.0,0.729167,66.0,4.0,1.9375,289.3125,1308705.0,1.185551,0.0,0.0,4.0,7.0,13.0,0.270833,0.479167,58.57692308,1523.0,71.72917,122,273.64285714285717,0,0,0,human(2),0.0,1,1,1,1,0
519080162.0,alirezakiani2,alirezakiani2,Alireza Kiani,,,2012-03-09T01:55:22+00:00,56324.0,534.0,25802.0,139.0,314.0,5577.0,5577.0,0.0,56324.0,4775.0,11.7956,0.111832,0.0,False,0.0,False,False,False,False,0.0,0.0,none,8.0,3.0,2.0,0.5,43.07143,1.0,0.714286,866.4286,6832091.0,1.167958,0.0,0.0,2.0,2.0,2.0,0.0,0.0,695.5,5564.0,150.5714,0,105.47565543071161,0,1,0,human(2),0.0,1,1,0,1,0
317177251.0,simonederayeh,simonederayeh,Simone Derayeh,#Atheist #Feminist 👑,Atheist Feminist,2011-06-14T15:08:46+00:00,7054.0,789.0,24410.0,17.0,796.0,5695.0,5695.0,0.0,7054.0,5044.0,1.398493,0.156423,0.0,False,0.0,True,False,False,False,1.0,0.0,none,10.0,1.0,0.0,0.857143,45.42857,3.0,1.285714,1243.357,3108932.0,1.129064,0.0,0.0,2.0,2.0,4.0,0.357143,0.357143,568.4,5684.0,177.2857,20,8.9404309252218,0,0,0,human(2),0.0,1,1,1,1,0
1.3197e+18,dariush1399,dariush1399,👑پسر هخامنش👑,👑بازگشت به تاریخ، تمدن و فرهنگ ایران زمین با خاندان ایران ساز پهلوی👑,بازگشت به تاریخ، تمدن و فرهنگ ایران زمین با خاندان ایران ساز پهلوی,2020-10-23T18:02:14+00:00,8594.0,8561.0,24812.0,1.0,12.0,1797.0,1797.0,0.0,8594.0,1625.0,5.288615,5.268308,1.0,False,0.0,False,False,False,False,0.0,0.0,none,5.0,0.0,6.0,0.571429,17.28571,2.0,2.071429,11.92857,298627.4,1.105846,0.0,0.0,6.0,6.0,4.0,0.357143,0.5,357.2,1786.0,2.571429,68,1.0038546898726783,0,4,0,unverified(4),,1,1,1,1,0
124210226.0,BardiaGarshasbi,bardiagarshasbi,Bardia Garshasbi,"Freedom lover in 🇬🇧

Defender of Constitutional Monarchy under the Rule of Law","Freedom lover in 
 
 Defender of Constitutional Monarchy under the Rule of Law",2010-03-18T16:35:35+00:00,3904.0,253.0,88944.0,12.0,1645.0,5999.0,5999.0,0.0,3904.0,5497.0,0.710206,0.046025,0.0,False,0.0,True,False,False,False,0.0,0.0,none,18.0,3.0,0.0,0.8,33.28,1.0,2.28,139.12,2284409.0,1.091323,0.0,0.0,2.0,2.0,5.0,0.04,0.04,332.1111111,5978.0,21.08,78,15.430830039525691,0,0,0,human(2),0.0,1,1,1,1,0
842330377.0,bashirtash,bashirtash,Saeed Bashirtash,The head of The 7 Aban Front (Solidarity For The Liberation Of Iran) مسئول شورای مرکزی جبهه هفت آبان,The head of The 7 Aban Front (Solidarity For The Liberation Of Iran) مسئول شورای مرکزی جبهه هفت آبان,2012-09-23T20:08:01+00:00,72030.0,491.0,13022.0,151.0,1275.0,4908.0,4908.0,0.0,72030.0,4577.0,15.73738,0.107276,0.0,False,0.0,True,False,False,False,0.0,1.0,none,1.0,0.0,0.0,1.0,27.0,1.0,0.0,639.0,0.0,1.072318,1.0,1.0,1.0,1.0,1.0,0.0,0.0,4907.0,4907.0,113.0,100,146.70061099796334,0,0,0,human(2),0.0,1,1,1,1,1
39905464.0,Fakhravar,fakhravar,Amir Fakhravar,"The Republican Prince
Author of Comrade Ayatollah، Constitutional Law prof. & Senate Chairman of NIC
نویسنده كتاب رفيق آیت الله، استادحقوق اساسي دانشگاه تگزاس","The Republican Prince
 Author of Comrade Ayatollah، Constitutional Law prof. & Senate Chairman of NIC
 نویسنده كتاب رفيق آیت الله، استادحقوق اساسي دانشگاه تگزاس",2009-05-14T02:26:19+00:00,28911.0,513.0,17959.0,88.0,1594.0,6209.0,6209.0,0.0,28911.0,5805.0,4.980362,0.088372,0.0,False,0.0,True,False,False,False,0.0,0.0,none,1.0,1.0,0.0,0.0,35.5,1.0,1.5,285.5,12273911.0,1.069595,0.0,0.0,1.0,1.0,1.0,0.0,0.0,6207.0,6207.0,67.5,158,56.35672514619883,0,0,0,human(2),0.0,1,1,1,1,1
1416725066.0,shahinnajafi80,shahinnajafi80,Shahin Najafi 𓃬☼,Musician,Musician,2013-05-09T23:43:50+00:00,700970.0,226.0,18899.0,486.0,814.0,4536.0,4536.0,0.0,700970.0,4349.0,161.1796,0.051966,0.0,False,0.0,True,False,False,False,0.0,0.0,regular,2.0,0.0,0.0,0.5,27.0,2.0,1.0,14372.5,1771166.0,1.042998,0.0,0.0,1.0,1.0,1.0,0.0,0.0,2267.0,4534.0,2666.0,8,3101.637168141593,0,2,0,human(2),0.0,1,1,1,1,0
9.93184e+17,SFaeze_Alavi,sfaeze_alavi,Faezeh Alavi,Artist (Persian Art) | Development Policy Researcher,Artist (Persian Art) | Development Policy Researcher,2018-05-06T17:40:26+00:00,6130.0,295.0,11912.0,10.0,600.0,2614.0,2614.0,0.0,6130.0,2526.0,2.426762,0.116785,1.0,False,0.0,False,False,False,False,0.0,0.0,none,28.0,34.0,3.0,0.826087,35.71014,3.0,1.710145,1088.58,735130.4,1.034838,0.0,0.0,2.0,4.0,5.0,0.318841,0.550725,91.03571429,2549.0,163.9855,52,20.779661016949152,0,0,0,human(2),0.0,1,1,1,1,0
1.50749e+18,Persian_picture,persian_picture,Persian picture Collection,علاقه‌مند به نوستالژی و تاریخ,علاقه‌مند به نوستالژی و تاریخ,2022-03-25T23:02:25+00:00,23994.0,35.0,12486.0,24.0,1010.0,1111.0,1111.0,0.0,23994.0,1107.0,21.6748,0.031617,1.0,False,0.0,False,False,False,False,0.0,0.0,none,12.0,0.0,0.0,1.1,12.45,1.0,0.3,5772.35,107956.3,1.003613,0.0,0.0,2.0,6.0,9.0,0.0,0.0,91.58333333,1099.0,351.65,29,685.5428571428571,0,0,0,human(2),0.0,1,1,1,1,0
8.25066e+17,milaniabbas,milaniabbas,Abbas Milani,"Director, Hamid & Christina Moghadam Program in Iranian Studies, Stanford University. Research Fellow at Hoover. Opinions are my own. Telegram: https://t.co/vWsiNIFuN1","Director, Hamid & Christina Moghadam Program in Iranian Studies, Stanford University. Research Fellow at Hoover. Opinions are my own. Telegram:",2017-01-27T19:40:21+00:00,178921.0,48.0,528.0,392.0,41.0,2899.0,2899.0,0.0,178921.0,2990.0,59.8398,0.016054,1.0,False,0.0,False,False,False,False,0.0,1.0,none,1.0,0.0,0.0,0.0,12.0,1.0,0.0,463.0,0.0,0.969565,1.0,1.0,1.0,1.0,1.0,0.0,0.0,2898.0,2898.0,58.0,167,3727.5208333333335,0,0,1,bot(1),1.0,1,1,1,1,1
8.52627e+17,MasoodBabapoor,masoodbabapoor,Masood Babapoor,فعال سیاسی، دانش آموخته مهندسی صنایع,فعال سیاسی، دانش آموخته مهندسی صنایع,2017-04-13T20:58:53+00:00,2985.0,407.0,16260.0,8.0,657.0,2684.0,2684.0,0.0,2985.0,2914.0,1.024365,0.139671,1.0,False,0.0,True,False,False,False,0.0,0.0,none,1.0,0.0,0.0,1.0,48.0,1.0,3.0,31.0,0.0,0.921071,1.0,1.0,1.0,1.0,1.0,0.0,0.0,2683.0,2683.0,4.0,36,7.334152334152334,0,0,0,human(2),0.0,1,1,1,1,0
19636350.0,kayvanabbassi,kayvanabbassi,Kayvan Abbassi,"Founder | Manoto TV 📺 Redefining Persian television: merging TV & social media to deliver innovative news, context, and storytelling for global audiences.","Founder | Manoto TV Redefining Persian television: merging TV & social media to deliver innovative news, context, and storytelling for global audiences.",2009-01-28T04:37:53+00:00,79756.0,566.0,10045.0,142.0,405.0,5272.0,5272.0,0.0,79756.0,5911.0,13.49281,0.095754,0.0,False,0.0,True,False,False,False,0.0,0.0,none,1.0,0.0,0.0,1.0,11.0,1.0,0.0,3069.0,0.0,0.891896,1.0,1.0,1.0,1.0,1.0,0.0,0.0,5271.0,5271.0,510.0,154,140.91166077738515,0,0,0,human(2),0.0,1,1,1,1,0
396645388.0,sadeghZibakalam,sadeghzibakalam,sadeghZibakalam,"Professor of Political Science University of Tehran, Author and political analyst. https://t.co/9Va79HoO0p","Professor of Political Science University of Tehran, Author and political analyst.",2011-10-23T15:34:36+00:00,441973.0,1.0,0.0,862.0,49.0,4064.0,4064.0,0.0,441973.0,4913.0,89.9599,0.000204,1.0,False,0.0,False,False,False,False,0.0,1.0,none,1.0,0.0,0.0,0.0,45.0,1.0,0.0,1247.0,0.0,0.827193,1.0,1.0,1.0,1.0,1.0,0.0,0.0,4063.0,4063.0,67.0,106,441973.0,0,0,1,human(2),0.0,1,1,1,1,1
775658216.0,roshanak_ast,roshanak_ast,Roshanak Astaraki,"Iranian Journalist
Economic Expert
Leadership and Strategy Management 
Political and Economic Analyst
روزنامه‌نگار/ مشروطه‌خواه
دانش‌آموخته اقتصاد و مدیریت","Iranian Journalist
 Economic Expert
 Leadership and Strategy Management 
 Political and Economic Analyst
 روزنامه‌نگار/ مشروطه‌خواه
 دانش‌آموخته اقتصاد و مدیریت",2012-08-23T10:25:17+00:00,12278.0,1258.0,21840.0,53.0,515.0,3783.0,3783.0,0.0,12278.0,4608.0,2.664497,0.273003,0.0,False,0.0,True,False,False,False,0.0,0.0,none,4.0,1.0,0.0,0.666667,32.83333,1.0,1.333333,822.0,14583498.0,0.820964,0.0,0.0,2.0,2.0,2.0,0.0,0.0,944.5,3778.0,166.3333,155,9.75993640699523,0,0,0,human(2),0.0,1,1,1,1,0
1.64502e+18,Radiomashrooteh,radiomashrooteh,Radiomashrooteh_official,ما آمده ایم تا به ۴۴سال پروپاگاندا پایان دهیم. کانال یوتیوب ما:https://t.co/xAhjFMX5aE  - تلگرام ماhttps://t.co/otGpFePPGW,ما آمده ایم تا به ۴۴سال پروپاگاندا پایان دهیم. کانال یوتیوب ما: - تلگرام ما,2023-04-09T11:19:28+00:00,6463.0,26.0,880.0,9.0,278.0,547.0,547.0,0.0,6463.0,727.0,8.889959,0.035763,1.0,False,0.0,False,False,False,False,0.0,1.0,none,7.0,1.0,0.0,0.875,22.25,1.0,1.125,360.125,6263923.0,0.752407,0.0,0.0,1.0,2.0,1.0,0.25,0.25,77.0,539.0,108.375,122,248.57692307692307,0,0,1,human(2),0.0,1,1,1,1,0
1.45927e+18,FereydounJRL,fereydounjrl,فصلنامه فریدون,"کسی کاو هوای فریدون کند
دل از بند ضحاک بیرون کند","کسی کاو هوای فریدون کند
 دل از بند ضحاک بیرون کند",2021-11-12T21:20:36+00:00,15490.0,6.0,3.0,34.0,712.0,910.0,910.0,0.0,15490.0,1240.0,12.49194,0.004839,1.0,False,0.0,False,False,False,False,0.0,0.0,none,3.0,0.0,0.0,1.0,236.75,1.0,0.0,542.25,12649916.0,0.733871,0.0,0.0,2.0,2.0,2.0,1.0,1.0,302.3333333,907.0,108.0,48,2581.6666666666665,0,0,0,human(2),0.0,1,1,1,1,0
97523590.0,nejatbahrami,nejatbahrami,nejat.bahrami نجات بهرامی,writer and freelance journalist/ کانال یوتیوب را دنبال کنید,writer and freelance journalist/ کانال یوتیوب را دنبال کنید,2009-12-17T20:55:24+00:00,17452.0,972.0,26073.0,56.0,938.0,4087.0,4087.0,0.0,17452.0,5588.0,3.123121,0.173944,0.0,False,0.0,True,False,False,False,0.0,0.0,none,1.0,1.0,0.0,0.0,48.0,1.0,1.0,941.0,34382093.0,0.731389,0.0,0.0,1.0,1.0,1.0,0.0,0.0,4085.0,4085.0,200.5,59,17.954732510288064,0,0,0,human(2),0.0,1,1,1,1,1
1.38482e+18,fairghh,fairghh,nothing👑,آنچه بودیم دیروز... خواهد آمد فردا...,آنچه بودیم دیروز... خواهد آمد فردا...,2021-04-21T10:38:29+00:00,6394.0,6327.0,7722.0,0.0,323.0,1055.0,1055.0,0.0,6394.0,1445.0,4.424913,4.378547,1.0,False,0.0,True,False,False,False,0.0,0.0,none,29.0,4.0,4.0,0.892857,22.41071,3.0,1.464286,76.53571,1699067.0,0.730104,0.0,0.0,4.0,8.0,18.0,0.035714,0.178571,35.10344828,1018.0,16.69643,37,1.0105895369053264,0,0,0,human(2),0.0,1,1,1,1,0
38154763.0,PahlaviReza,pahlavireza,Reza Pahlavi,"Advocate for a Secular Democratic Iran

زن زندگی آزادی
مرد میهن آبادی","Advocate for a Secular Democratic Iran
 
 زن زندگی آزادی
 مرد میهن آبادی",2009-05-06T10:52:38+00:00,1527652.0,75.0,270.0,2132.0,1143.0,4151.0,4151.0,0.0,1527652.0,5813.0,262.7992,0.012902,0.0,False,0.0,False,False,False,False,0.0,0.0,regular,27.0,0.0,3.0,0.233333,22.86667,5.0,2.6,2982.733,14244974.0,0.714089,0.0,0.0,1.0,1.0,1.0,0.0,0.0,152.6296296,4121.0,897.5667,69,20368.693333333333,0,0,0,human(2),0.0,1,1,1,1,1
7.4055e+17,OmidKT62,omidkt62,Omid Khalili Tajrishi 𓃬☼,human,human,2016-06-08T14:26:10+00:00,48849.0,228.0,6679.0,49.0,239.0,2248.0,2248.0,0.0,48849.0,3223.0,15.15638,0.070742,1.0,False,0.0,True,False,False,False,0.0,0.0,none,7.0,4.0,1.0,0.333333,20.25,3.0,1.583333,926.1667,3227752.0,0.697487,0.0,0.0,1.0,2.0,1.0,0.0,0.166667,319.4285714,2236.0,100.0833,5,214.25,0,2,0,human(2),0.0,1,1,1,1,1
9.47323e+17,Hila1363,hila1363,Hila,#ما_ملت_کبیریم_ایران_رو_پس_میگیریم,ما_ملت_کبیریم_ایران_رو_پس_میگیریم,2017-12-31T04:25:34+00:00,9221.0,643.0,11527.0,3.0,404.0,1848.0,1848.0,0.0,9221.0,2652.0,3.476998,0.242459,1.0,False,0.0,True,False,False,False,1.0,0.0,none,5.0,1.0,16.0,0.441176,14.79412,3.0,1.176471,300.6176,2973132.0,0.696833,0.0,0.0,4.0,6.0,13.0,0.647059,0.764706,365.2,1826.0,52.41176,34,14.34059097978227,0,4,0,human(2),0.0,1,1,1,1,1
1.8295e+18,F_Mohajerani,f_mohajerani,فاطمه مهاجرانی,سخنگوی دولت جمهوری اسلامی ایران؛ دختر، همسر، مادر، مهندس مکانیک، دکترای سیاست‌گذاری بازرگانی,سخنگوی دولت جمهوری اسلامی ایران؛ دختر، همسر، مادر، مهندس مکانیک، دکترای سیاست‌گذاری بازرگانی,2024-08-30T12:51:31+00:00,12864.0,77.0,94.0,62.0,34.0,150.0,150.0,0.0,12864.0,218.0,59.00917,0.353211,1.0,False,0.0,False,False,False,False,0.0,0.0,none,2.0,0.0,0.0,0.5,71.5,1.0,1.0,486.5,64393.5,0.688073,0.0,0.0,2.0,2.0,3.0,0.0,0.0,74.0,148.0,24.5,92,167.06493506493507,0,0,0,human(2),0.0,1,1,1,1,1
1.01596e+18,hassanshariatm5,hassanshariatm5,Hassan Shariatmadari. حسن شریعتمداری,"معتقد به دموكراسى، سکولاریسم، عدالت، آزادى، صلح و مدارا «این صفحه با نظارت  مهندس شریعتمداری و بدست ادمین اداره می شود»
  For Democracy,  Justice and Liberty","معتقد به دموكراسى، سکولاریسم، عدالت، آزادى، صلح و مدارا «این صفحه با نظارت مهندس شریعتمداری و بدست ادمین اداره می شود»
  For Democracy, Justice and Liberty",2018-07-08T14:20:36+00:00,41088.0,68.0,31.0,85.0,326.0,1665.0,1665.0,0.0,41088.0,2463.0,16.6821,0.027609,1.0,False,0.0,True,False,False,False,0.0,0.0,none,1.0,0.0,0.0,0.0,22.0,1.0,2.0,239.0,0.0,0.676005,1.0,1.0,1.0,1.0,1.0,0.0,0.0,1664.0,1664.0,29.0,157,604.2352941176471,0,1,0,human(2),0.0,1,1,1,1,1
1.57469e+18,farshadeashour,farshadeashour,Farshad,پادشاهی خواه ،، کمدین ، تلخندگو، متواری ، کمی مفسد فی العرض😉,پادشاهی خواه ،، کمدین ، تلخندگو، متواری ، کمی مفسد فی العرض,2022-09-27T09:34:28+00:00,12917.0,143.0,796.0,11.0,231.0,621.0,621.0,0.0,12917.0,921.0,14.02497,0.155266,1.0,False,0.0,False,False,False,False,0.0,0.0,none,5.0,0.0,0.0,0.8,39.0,1.0,4.0,1113.6,10446787.0,0.674267,0.0,0.0,1.0,1.0,1.0,0.0,0.0,123.2,616.0,172.6,60,90.32867132867133,0,0,0,human(2),0.0,1,1,1,1,0
7.97157e+17,majidfallah11,majidfallah11,Majid Fallah 🦁👑☀️,Former member and captain of the Muay Thai and Kickboxing national teams from 2004 to 2018 and 7-time World champion. عضو انجمن ورزشکاران ازادیخواه ایران،,Former member and captain of the Muay Thai and Kickboxing national teams from 2004 to 2018 and 7-time World champion. عضو انجمن ورزشکاران ازادیخواه ایران،,2016-11-11T19:20:56+00:00,3298.0,91.0,20762.0,4.0,290.0,2019.0,2019.0,0.0,3298.0,3067.0,1.075318,0.029671,1.0,False,0.0,True,False,False,False,0.0,1.0,none,7.0,0.0,2.0,0.8,31.7,3.0,2.8,1029.8,7495563.0,0.658298,0.0,0.0,2.0,2.0,2.0,0.0,0.4,287.1428571,2010.0,214.2,154,36.24175824175824,0,2,0,human(2),0.0,1,1,1,1,0
1.02673e+18,iraj_mesdaghi,iraj_mesdaghi,Iraj Mesdaghi | ایرج مصداقی,"صفحهٔ رسمی‌ ایرج مصداقی، زندانی سیاسی سابق، نویسنده و پژوهشگر 
Official page of Iraj Mesdaghi. Author, former political prisoner. Email: irajmesdaghi@gmail.com","صفحهٔ رسمی‌ ایرج مصداقی، زندانی سیاسی سابق، نویسنده و پژوهشگر 
 Official page of Iraj Mesdaghi. Author, former political prisoner. Email: irajmesdaghi@gmail.com",2018-08-07T07:04:47+00:00,59095.0,16.0,98.0,123.0,444.0,1563.0,1563.0,0.0,59095.0,2433.0,24.28894,0.006576,1.0,False,0.0,False,False,False,False,0.0,0.0,none,0.0,1.0,0.0,0.0,34.0,1.0,0.0,519.0,0.0,0.642417,1.0,1.0,1.0,1.0,1.0,0.0,0.0,1562.0,1562.0,27.0,159,3693.4375,0,0,0,bot(1),1.0,1,1,1,1,0
1.06867e+18,PhoenixprjIran,phoenixprjiran,Phoenix Project of Iran پروژه ققنوس ایران,A nonprofit dedicated to research projects on Iran. تنها صفحه ی رسمی توییتر پروژه ی ققنوس ایران,A nonprofit dedicated to research projects on Iran. تنها صفحه ی رسمی توییتر پروژه ی ققنوس ایران,2018-12-01T01:08:53+00:00,49320.0,35.0,107.0,104.0,943.0,1467.0,1467.0,0.0,49320.0,2317.0,21.28615,0.015106,1.0,False,0.0,True,False,False,False,0.0,0.0,none,3.0,0.0,0.0,1.666667,95.66667,1.0,4.666667,1416.333,18177599.0,0.633146,0.0,0.0,1.0,1.0,1.0,0.333333,3.666667,488.0,1464.0,493.6667,95,1409.142857142857,0,0,0,unverified(4),,1,1,1,1,1
8.79023e+17,MahmoudZibaie,mahmoudzibaie,MahmoudZibaie,مسافر جا مانده از پرواز PS752 اوکراین,مسافر جا مانده از پرواز PS752 اوکراین,2017-06-25T17:05:36+00:00,8953.0,263.0,11256.0,29.0,234.0,1735.0,1735.0,0.0,8953.0,2841.0,3.151355,0.092573,1.0,False,0.0,True,False,False,False,0.0,1.0,none,3.0,0.0,0.0,1.0,41.66667,1.0,1.666667,1467.667,19329972.0,0.6107,0.0,0.0,1.0,1.0,1.0,0.666667,0.666667,577.3333333,1732.0,289.3333,37,34.041825095057035,0,0,0,human(2),0.0,1,1,1,1,0
461219065.0,baharr_ali,baharr_ali,Bahar Ali,مقدار زیادی آشپز/مقداری تریدر/مقدار کمی هم شطرنج باز/دچار اختلال اضطراب اجتماعی,مقدار زیادی آشپز/مقداری تریدر/مقدار کمی هم شطرنج باز/دچار اختلال اضطراب اجتماعی,2012-01-11T15:37:21+00:00,13170.0,10964.0,4396.0,1.0,1368.0,2942.0,2942.0,0.0,13170.0,4833.0,2.725016,2.26857,0.0,False,0.0,False,False,False,False,0.0,0.0,none,1.0,0.0,0.0,1.0,18.0,1.0,2.0,25.0,0.0,0.608732,2.0,2.0,2.0,2.0,2.0,0.0,0.0,2941.0,2941.0,2.0,79,1.201203940167822,0,0,0,human(2),0.0,1,1,1,1,0
1.37814e+18,IranianArts,iranianarts,هُنر ایرانی,پاینده ایران.,پاینده ایران.,2021-04-03T00:22:55+00:00,39929.0,3.0,0.0,100.0,638.0,882.0,882.0,0.0,39929.0,1463.0,27.29255,0.002051,1.0,False,0.0,True,False,False,False,0.0,0.0,none,1.0,0.0,0.0,1.0,7.0,1.0,0.0,2284.0,0.0,0.602871,1.0,1.0,1.0,1.0,1.0,0.0,0.0,881.0,881.0,73.0,13,13309.666666666666,0,0,0,human(2),0.0,1,1,1,1,1
5618502.0,AYAyatollahi,ayayatollahi,Amir Yahya Ayatollahi,"Ph.D. in Politikwissenschaft from Universität Vechta/ Fields of interest: Political philosophy, modern Middle East, Iranian studies, and Shi'ism.","Ph.D. in Politikwissenschaft from Universität Vechta/ Fields of interest: Political philosophy, modern Middle East, Iranian studies, and Shi'ism.",2007-04-29T01:05:32+00:00,5895.0,192.0,33651.0,30.0,276.0,3890.0,3890.0,0.0,5895.0,6551.0,0.899863,0.029309,0.0,False,0.0,True,False,False,False,0.0,0.0,none,1.0,0.0,0.0,0.0,48.0,1.0,0.0,342.0,0.0,0.593802,1.0,1.0,1.0,1.0,1.0,0.0,0.0,3889.0,3889.0,50.0,145,30.703125,0,0,0,human(2),0.0,1,1,1,1,0
1.51908e+18,khshayartaj,khshayartaj,👑👑👑👑خشایارتاج👑👑👑👑,وطنم ایران,وطنم ایران,2022-04-26T22:10:05+00:00,3601.0,3932.0,17991.0,0.0,190.0,622.0,622.0,0.0,3601.0,1075.0,3.349767,3.657674,1.0,False,0.0,True,False,False,False,0.0,0.0,none,3.0,0.0,0.0,1.0,30.33333,1.0,1.0,1052.667,3914545.0,0.578605,0.0,0.0,1.0,1.0,1.0,0.0,0.0,206.3333333,619.0,195.3333,10,0.9158189216683622,0,0,0,can’t find,,1,1,1,1,1
9.6028e+17,itshamedfard,itshamedfard,Hamed Fard,The Official Profile For Hamed Fard,The Official Profile For Hamed Fard,2018-02-04T22:31:14+00:00,31543.0,128.0,1807.0,32.0,366.0,1496.0,1496.0,0.0,31543.0,2617.0,12.05311,0.048911,1.0,False,0.0,True,False,False,False,0.0,0.0,none,43.0,3.0,2.0,0.916667,33.33333,1.0,1.4375,2336.292,1498101.0,0.571647,0.0,0.0,2.0,3.0,1.0,0.041667,0.041667,33.6744186,1448.0,472.9792,35,246.4296875,0,0,0,human(2),0.0,1,1,1,1,1
1.0445e+18,Moradian_ir,moradian_ir,M.Moradian,سفیر جمهوری اسلامی ایران در مجارستان ——————— Iranian Ambassador to Hungary,سفیر جمهوری اسلامی ایران در مجارستان ——————— Iranian Ambassador to Hungary,2018-09-25T07:56:32+00:00,3204.0,461.0,48967.0,20.0,311.0,1340.0,1340.0,0.0,3204.0,2384.0,1.34396,0.193372,1.0,False,0.0,True,False,False,False,0.0,0.0,none,1.0,0.0,0.0,1.0,11.0,1.0,2.0,254.0,0.0,0.562081,1.0,1.0,1.0,1.0,1.0,0.0,0.0,1339.0,1339.0,10.0,74,6.950108459869848,0,0,0,human(2),0.0,1,1,1,1,0
1.85421e+18,trumppersia,trumppersia,ترامپ به فارسی,"The fan page of Donald Trump, the president-elect of the United States of America, in this account, the Persian translation of Donald Trump's words is shared.","The fan page of Donald Trump, the president-elect of the United States of America, in this account, the Persian translation of Donald Trump's words is shared.",2024-11-06T17:29:34+00:00,12180.0,12.0,1446.0,7.0,7.0,81.0,81.0,0.0,12180.0,150.0,81.2,0.08,1.0,False,0.0,False,False,False,False,0.0,0.0,none,7.0,0.0,0.0,0.307692,8.461538,1.0,0.0,2545.538,210340.9,0.54,0.0,0.0,2.0,4.0,7.0,0.0,0.0,10.57142857,74.0,131.1538,158,1015.0,0,0,0,human(2),0.0,1,1,1,1,0
1.69982e+18,PartyPikp2582,partypikp2582,حزب ایرانیان کرد میهن‌پرست (IPKP),Iranian Patriotic Kurdish Party,Iranian Patriotic Kurdish Party,2023-09-07T16:36:25+00:00,5587.0,27.0,1217.0,9.0,77.0,298.0,298.0,0.0,5587.0,576.0,9.699653,0.046875,1.0,False,0.0,False,False,False,False,0.0,0.0,none,2.0,0.0,0.0,2.5,10.0,1.0,1.5,3306.0,238077.5,0.517361,0.0,0.0,1.0,1.0,1.0,0.0,0.0,148.0,296.0,578.5,31,206.92592592592592,0,4,0,can’t find,,1,1,1,1,0
1316150730.0,NaderSoltanpour,nadersoltanpour,Nader Soltanpour نادر سلطانپور,"Freelance Journalist
🌐پادکست‌ «جهان با نادر»🌐
🔗https://t.co/NfiWa9CdpH
🔗https://t.co/ESYHcoKGIZ","Freelance Journalist
 پادکست‌ «جهان با نادر»",2013-03-30T10:18:12+00:00,35357.0,379.0,5038.0,89.0,459.0,2235.0,2235.0,0.0,35357.0,4389.0,8.055821,0.086352,0.0,False,0.0,True,False,False,False,0.0,1.0,none,0.0,1.0,0.0,0.0,127.0,1.0,0.0,1208.0,0.0,0.509228,2.0,2.0,2.0,2.0,2.0,0.0,0.0,2234.0,2234.0,131.0,95,93.29023746701847,0,0,1,human(2),0.0,1,1,1,1,1
19044794.0,iranologyscty,iranologyscty,نشریۀ ایرانشناسی,"Iranology (=ايرانشناسى, Iranian Studies); Iranology Society founded by Master Ebrāhim Pour-e dāvoud in 1945, To study the #history & #culture of ancient #Iran.","Iranology (=ايرانشناسى, Iranian Studies); Iranology Society founded by Master Ebrāhim Pour-e dāvoud in 1945, To study the history & culture of ancient Iran.",2009-01-15T23:20:47+00:00,36279.0,89.0,321.0,117.0,973.0,2929.0,2929.0,0.0,36279.0,5924.0,6.124072,0.015024,1.0,False,0.0,True,False,False,False,1.0,1.0,regular,1.0,0.0,0.0,1.0,53.0,1.0,3.0,2729.0,0.0,0.494429,1.0,1.0,1.0,1.0,1.0,0.0,0.0,2928.0,2928.0,202.0,159,407.6292134831461,0,0,0,human(2),0.0,1,1,1,1,0
1408558266.0,sedaye_mardoom,sedaye_mardoom,Amirhossein,"شما خودتون هم می‌دونید با آبان نابود شدید و این آبان ادامه داره...
#دادخواه
#زن_زندگی_آزادی","شما خودتون هم می‌دونید با آبان نابود شدید و این آبان ادامه داره...
 دادخواه
 زن_زندگی_آزادی",2013-05-06T19:47:59+00:00,7827.0,8600.0,5470.0,4.0,1253.0,2096.0,2096.0,0.0,7827.0,4352.0,1.798483,1.976103,1.0,False,0.0,True,False,False,False,1.0,0.0,none,2.0,0.0,0.0,1.0,18.33333,1.0,2.333333,890.0,750452.5,0.481618,0.0,0.0,2.0,2.0,2.0,0.0,0.0,1047.0,2094.0,143.0,91,0.9101162790697674,0,0,0,human(2),0.0,1,1,1,1,0
559891962.0,TinaGhazimorad,tinaghazimorad,Tina Ghazimorad,Editor-In-Chief @manototv Newsroom سردبیر اتاق خبر منوتو,Editor-In-Chief @manototv Newsroom سردبیر اتاق خبر منوتو,2012-04-21T19:20:01+00:00,42874.0,1349.0,50692.0,89.0,371.0,2255.0,2255.0,0.0,42874.0,4732.0,9.06044,0.28508,1.0,False,0.0,True,False,False,False,0.0,0.0,none,3.0,0.0,0.0,1.0,51.5,1.0,1.25,1418.75,16387732.0,0.476543,0.0,0.0,2.0,2.0,2.0,0.0,0.0,750.6666667,2252.0,245.0,56,31.782060785767236,0,0,0,human(2),0.0,1,1,1,1,1
119521696.0,ShaunToub,shauntoub,Shaun Toub,"Actor. IronMan, Homeland, Crash, https://t.co/ODPX6b9rl5 my work, Sports, beach, music. Follow me on Instagram, twitter, FB page https://t.co/mE3wiFWNlO","Actor. IronMan, Homeland, Crash, my work, Sports, beach, music. Follow me on Instagram, twitter, FB page",2010-03-03T22:24:06+00:00,7687.0,28.0,1231.0,69.0,903.0,2537.0,2537.0,0.0,7687.0,5512.0,1.394594,0.00508,0.0,False,0.0,False,False,False,False,0.0,1.0,none,1.0,0.0,0.0,1.0,49.0,1.0,2.0,10.0,0.0,0.460269,1.0,1.0,1.0,1.0,1.0,1.0,1.0,2536.0,2536.0,0.0,152,274.5357142857143,0,0,1,human(2),0.0,1,1,1,1,1
9.07552e+17,hooman__khalili,hooman__khalili,هومن‌خلیلی 𝐇𝐨𝐨𝐦𝐚𝐧 𝐤𝐡𝐚𝐥𝐢𝐥𝐢,"Im not afraid of death Im only afraid of injustice,fighting to downfall of IRI's regime.دانش آموخته بیوتکنولوژی و ژنتیک انسان ، دهه ۷۰‌دی ،مبارز سیاسی","Im not afraid of death Im only afraid of injustice,fighting to downfall of IRI's regime.دانش آموخته بیوتکنولوژی و ژنتیک انسان ، دهه ۷۰‌دی ،مبارز سیاسی",2017-09-12T10:28:56+00:00,3734.0,232.0,799.0,16.0,423.0,1271.0,1271.0,0.0,3734.0,2762.0,1.351919,0.083997,1.0,False,0.0,False,False,False,False,0.0,1.0,none,9.0,1.0,0.0,1.230769,26.30769,2.0,1.615385,926.0769,6385217.0,0.460174,0.0,0.0,2.0,2.0,4.0,0.0,0.0,140.1111111,1261.0,153.6923,150,16.094827586206897,0,0,0,human(2),0.0,1,1,1,1,0
1.24711e+18,SabaBakhtyari,sababakhtyari,Saba.Bakhtyari,خواهر منوچهر بختياري.عمه پويا poet writer social activist claimant of water soil and Iranian nation https://t.co/qQ7N9VuEhw,خواهر منوچهر بختياري.عمه پويا poet writer social activist claimant of water soil and Iranian nation,2020-04-06T10:40:59+00:00,16558.0,80.0,1197.0,34.0,250.0,792.0,792.0,0.0,16558.0,1825.0,9.072877,0.043836,1.0,False,0.0,True,False,False,False,0.0,1.0,none,9.0,1.0,0.0,1.153846,36.92308,1.0,1.846154,3824.385,5235349.0,0.433973,0.0,0.0,2.0,4.0,4.0,0.0,0.0,86.88888889,782.0,921.7692,123,206.975,0,0,1,human(2),0.0,1,1,1,1,0
1.31556e+18,golnarjahanbani,golnarjahanbani,Golnar Jahanbani. 𝒻𝒶𝓃,"این صفحه صرفاجهت بازنشر نظرات و سخنان بانوگلنارجهانبانی فرزند جاویدنام سپهبدنادرجهانبانی از پیج اینستاگرام ایشان می‌باشد
(بانوجهانبانی در توییتر فعالیت ندارند)","این صفحه صرفاجهت بازنشر نظرات و سخنان بانوگلنارجهانبانی فرزند جاویدنام سپهبدنادرجهانبانی از پیج اینستاگرام ایشان می‌باشد
 (بانوجهانبانی در توییتر فعالیت ندارند)",2020-10-12T07:47:17+00:00,40959.0,17.0,1128.0,25.0,382.0,660.0,660.0,0.0,40959.0,1636.0,25.03606,0.010391,1.0,False,0.0,False,False,False,False,0.0,0.0,none,1.0,0.0,0.0,1.0,7.0,1.0,2.0,538.0,0.0,0.403423,1.0,1.0,1.0,1.0,1.0,0.0,0.0,659.0,659.0,117.0,159,2409.3529411764707,0,0,0,unverified(4),,1,1,1,1,1
1376687676.0,mostafaa_karimi,mostafaa_karimi,mostafa Karimi,روزنامه نگار، خبرنگار بین الملل,روزنامه نگار، خبرنگار بین الملل,2013-04-24T10:31:05+00:00,3809.0,5573.0,4224.0,2.0,744.0,1738.0,1738.0,0.0,3809.0,4364.0,0.872823,1.277039,1.0,False,0.0,False,False,False,False,0.0,0.0,none,0.0,1.0,0.0,0.0,4.0,1.0,2.0,1.0,0.0,0.398258,1.0,1.0,1.0,1.0,1.0,0.0,0.0,1737.0,1737.0,0.0,31,0.6834738919791854,0,0,0,human(2),0.0,1,1,1,1,0
1.2447e+18,zarei_arad,zarei_arad,Mehrzad Zarei 🎗,"اتحاد رمز پیروزیست در برابر دشمن مشترک.
تا انتقام آرادم را از ضحاک و رژیم منحوس ج.ا.  نگیرم از پا نخواهم نشست. #PS752 
 🎗می جنگیم می میریم ایران و پس میگیرم","اتحاد رمز پیروزیست در برابر دشمن مشترک.
 تا انتقام آرادم را از ضحاک و رژیم منحوس ج.ا. نگیرم از پا نخواهم نشست. PS752 
  می جنگیم می میریم ایران و پس میگیرم",2020-03-30T19:02:10+00:00,19806.0,316.0,5056.0,31.0,275.0,710.0,710.0,0.0,19806.0,1832.0,10.81114,0.172489,1.0,False,0.0,True,False,False,False,1.0,1.0,none,2.0,0.0,0.0,1.0,29.33333,1.0,1.333333,2371.333,24319481.0,0.387555,0.0,0.0,2.0,2.0,2.0,0.0,0.0,354.0,708.0,519.0,156,62.677215189873415,0,0,0,bot(1),1.0,1,1,1,1,0
475598270.0,golrokhiraee,golrokhiraee,گلرخ ایرایی,صفحه گلرخ تا آزادی او از زندان توسط ادمین اداره می‌شود: به‌پا کنیم قیام مردمی، رها شویم ز قید بندگی,صفحه گلرخ تا آزادی او از زندان توسط ادمین اداره می‌شود: به‌پا کنیم قیام مردمی، رها شویم ز قید بندگی,2012-01-27T07:13:02+00:00,14008.0,166.0,2623.0,31.0,190.0,1690.0,1690.0,0.0,14008.0,4817.0,2.908034,0.034461,0.0,False,0.0,True,False,False,False,0.0,0.0,none,1.0,0.0,0.0,1.0,872.0,1.0,2.0,944.0,0.0,0.350841,2.0,2.0,2.0,2.0,2.0,0.0,0.0,1689.0,1689.0,329.0,99,84.3855421686747,0,0,0,human(2),0.0,1,1,1,1,0
1.47262e+18,Khosrowalikord2,khosrowalikord2,Khosrowalikordi,فرزند و برادرزاده شهیدان مدافع وطن؛شهباز و ذبیح الله علیکُردی،وکیل پایه یک دادگستری،تعلیق شده از شغل وکالت به جرم پذیرش وکالت فاطمه سپهری و  خانواده های دادخواه,فرزند و برادرزاده شهیدان مدافع وطن؛شهباز و ذبیح الله علیکُردی،وکیل پایه یک دادگستری،تعلیق شده از شغل وکالت به جرم پذیرش وکالت فاطمه سپهری و خانواده های دادخواه,2021-12-19T17:35:10+00:00,1447.0,477.0,2211.0,3.0,79.0,418.0,418.0,0.0,1447.0,1203.0,1.202826,0.396509,1.0,False,0.0,True,False,False,False,0.0,0.0,none,1.0,0.0,0.0,0.0,48.0,1.0,4.0,4063.0,0.0,0.347465,1.0,1.0,1.0,1.0,1.0,0.0,0.0,417.0,417.0,1218.0,160,3.0335429769392035,0,1,0,human(2),0.0,1,1,1,1,1
2182332444.0,esmaeilion,esmaeilion,Hamed Esmaeilion,"Board member of 752AFV, Human Rights Activist","Board member of 752AFV, Human Rights Activist",2013-11-08T14:41:00+00:00,705023.0,83.0,816.0,651.0,230.0,1424.0,1424.0,0.0,705023.0,4166.0,169.2326,0.019923,1.0,False,0.0,False,False,False,False,0.0,1.0,none,0.0,1.0,0.0,0.0,91.0,1.0,6.0,6210.0,0.0,0.341815,1.0,1.0,1.0,1.0,1.0,0.0,0.0,1423.0,1423.0,1538.0,45,8494.253012048193,0,0,0,human(2),0.0,1,1,1,1,0
47705769.0,Najibnaik,najibnaik,Bijan R. Kian,I am a former U.S. Official. Opinions expressed here are my personal views.,I am a former U.S. Official. Opinions expressed here are my personal views.,2009-06-16T18:45:30+00:00,61539.0,604.0,866.0,106.0,225.0,1872.0,1872.0,0.0,61539.0,5772.0,10.66164,0.104643,0.0,False,0.0,False,False,False,False,0.0,0.0,none,0.0,1.0,0.0,0.0,38.0,1.0,0.0,529.0,0.0,0.324324,1.0,1.0,1.0,1.0,1.0,0.0,0.0,1871.0,1871.0,71.0,75,101.88576158940397,0,0,0,human(2),0.0,1,1,1,1,1
1.61612e+18,mashrotehorg,mashrotehorg,سازمان مشروطه ایران,,,2023-01-19T17:25:06+00:00,4528.0,4.0,64.0,14.0,168.0,244.0,244.0,0.0,4528.0,807.0,5.610905,0.004957,1.0,False,0.0,False,False,False,False,0.0,0.0,none,8.0,0.0,0.0,1.125,50.0,1.0,2.875,459.0,1910241.0,0.302354,0.0,0.0,1.0,1.0,1.0,0.125,0.125,29.5,236.0,129.625,0,1132.0,0,0,0,human(2),0.0,1,1,0,1,0
1.7204e+18,HosseinAshtarii,hosseinashtarii,Hossein Ashtari,صدای چشم ها بلندتر از هر فریادیست✌🏻,صدای چشم ها بلندتر از هر فریادیست,2023-11-03T11:15:03+00:00,4196.0,140.0,1550.0,7.0,38.0,133.0,133.0,0.0,4196.0,519.0,8.084778,0.26975,1.0,False,0.0,False,False,False,False,0.0,0.0,none,1.0,1.0,0.0,0.0,34.0,1.0,2.0,1089.0,1130380.0,0.256262,0.0,0.0,1.0,1.0,1.0,0.5,0.5,131.0,131.0,261.0,35,29.97142857142857,0,0,0,human(2),0.0,1,1,1,1,1
1084889822.0,rasoulipour,rasoulipour,ممد نقاش باشی,Mohammad Rasoulipour - visualizing Iranian historical figures,Mohammad Rasoulipour - visualizing Iranian historical figures,2013-01-13T03:44:33+00:00,8453.0,342.0,5040.0,39.0,370.0,1124.0,1124.0,0.0,8453.0,4465.0,1.893169,0.076596,0.0,False,0.0,True,False,False,False,0.0,0.0,none,1.0,1.0,0.0,1.0,38.66667,2.0,0.0,5677.667,5036764.0,0.251736,0.0,0.0,2.0,2.0,2.0,0.0,0.0,1122.0,1122.0,478.6667,61,24.716374269005847,0,0,0,human(2),0.0,1,1,1,1,0
1.0091e+18,MaryamDior,maryamdior,Maryam.bano,"ماهم رفت ماهت بمیرد آسمان🥀
مریم مادرجاوید نام ابولفضل امیرعطایی هستم🕊  
نه میبخشم ، نه فراموش می کنم💔
برسدروز تلافی✌🏻
چشم هایت قبله گاهم است چشم تیله ایم🖤","ماهم رفت ماهت بمیرد آسمان
 مریم مادرجاوید نام ابولفضل امیرعطایی هستم 
 نه میبخشم ، نه فراموش می کنم
 برسدروز تلافی
 چشم هایت قبله گاهم است چشم تیله ایم",2018-06-19T16:05:07+00:00,5057.0,33.0,3.0,15.0,105.0,524.0,524.0,0.0,5057.0,2482.0,2.03747,0.013296,1.0,False,0.0,False,False,False,False,0.0,0.0,none,1.0,0.0,0.0,1.0,7.0,1.0,0.0,2996.0,0.0,0.21112,2.0,2.0,2.0,2.0,2.0,0.0,0.0,523.0,523.0,397.0,154,153.24242424242425,0,0,0,can’t find,,1,1,1,1,0
41642329.0,dkhos,dkhos,dara khosrowshahi,Uber CEO; travel and sci-fi geek; gamer who doesn't have enough time to play much.,Uber CEO; travel and sci-fi geek; gamer who doesn't have enough time to play much.,2009-05-21T18:17:34+00:00,140222.0,706.0,3172.0,974.0,363.0,1128.0,1128.0,0.0,140222.0,5798.0,24.18455,0.121766,1.0,False,0.0,True,False,False,False,0.0,0.0,none,1.0,0.0,0.0,0.0,57.0,1.0,0.0,267.0,0.0,0.19455,2.0,2.0,2.0,2.0,2.0,1.0,1.0,1127.0,1127.0,22.0,82,198.61473087818698,0,0,0,human(2),0.0,1,1,1,1,0
1.18884e+18,zarin_farzad,zarin_farzad,Pengu Penguins,$PENGU Penguins,$PENGU Penguins,2019-10-28T15:11:39+00:00,8016.0,11.0,45.0,5.0,311.0,353.0,353.0,0.0,8016.0,1986.0,4.036254,0.005539,1.0,False,0.0,False,False,False,False,0.0,0.0,none,4.0,0.0,0.0,1.0,39.0,1.0,2.25,769.5,7362821.0,0.177744,0.0,0.0,1.0,1.0,1.0,0.0,0.0,87.25,349.0,154.0,15,728.7272727272727,0,0,0,human(2),0.0,1,1,1,1,0
1.62924e+18,MahdaviLeily,mahdavileily,منم لیلا مادر سیاوش نامدار ایران,"زه دلها همه ترس بیرون  کنید .زمین را زه خون رود جیحون کنید 
به یزدان که تا در جهان زنده ام .به کین سیاوش دل آکنده ام","زه دلها همه ترس بیرون کنید .زمین را زه خون رود جیحون کنید 
 به یزدان که تا در جهان زنده ام .به کین سیاوش دل آکنده ام",2023-02-24T22:15:31+00:00,19038.0,35.0,247.0,37.0,83.0,119.0,119.0,0.0,19038.0,771.0,24.69261,0.045396,1.0,False,0.0,False,False,False,False,0.0,0.0,none,1.0,0.0,0.0,1.0,72.0,1.0,6.0,3842.0,0.0,0.154345,2.0,2.0,2.0,2.0,2.0,0.0,0.0,118.0,118.0,796.0,116,543.9428571428572,0,0,0,human(2),0.0,1,1,1,1,1
219819371.0,ShahbanouFarah,shahbanoufarah,FARAH PAHLAVI - فرح پهلوی,"Farah Pahlavi Official page -   
صفحهٔ رسمی‌ فرح پهلوی","Farah Pahlavi Official page - 
 صفحهٔ رسمی‌ فرح پهلوی",2010-11-25T23:50:45+00:00,666638.0,3.0,35.0,587.0,366.0,761.0,761.0,0.0,666638.0,5245.0,127.0997,0.000572,0.0,False,0.0,False,False,False,False,0.0,0.0,none,2.0,0.0,0.0,0.5,11.0,2.0,0.0,7168.5,139000000.0,0.145091,0.0,0.0,1.0,1.0,1.0,0.0,0.0,379.5,759.0,1349.5,54,222212.66666666666,0,0,0,human(2),0.0,1,1,1,1,0
1.02468e+18,drfalahatpishe,drfalahatpishe,حشمت الله فلاحت پیشه,نماینده ادوار هفت،هشت و ده مجلس شورای اسلامی | رییس پیشین کمیسیون امنیت ملی و سیاست خارجی | عضو هیات علمی دانشگاه علامه طباطبایی,نماینده ادوار هفت،هشت و ده مجلس شورای اسلامی | رییس پیشین کمیسیون امنیت ملی و سیاست خارجی | عضو هیات علمی دانشگاه علامه طباطبایی,2018-08-01T15:37:14+00:00,11858.0,0.0,0.0,69.0,53.0,351.0,351.0,0.0,11858.0,2439.0,4.861829,0.0,1.0,False,0.0,False,False,False,False,0.0,0.0,none,1.0,0.0,0.0,0.0,27.0,1.0,2.0,2986.0,0.0,0.143911,1.0,1.0,1.0,1.0,1.0,0.0,0.0,350.0,350.0,152.0,128,11858.0,0,0,0,human(2),0.0,1,1,1,1,0
535336909.0,ArdavanMofid,ardavanmofid,Ardavan Mofid,"Actor,Director,playwriting ,tV and Radio talkshow host,movie star...","Actor,Director,playwriting ,tV and Radio talkshow host,movie star...",2012-03-24T13:20:14+00:00,17127.0,12789.0,36.0,20.0,529.0,671.0,671.0,0.0,17127.0,4760.0,3.598109,2.686765,1.0,False,0.0,True,False,False,False,0.0,0.0,none,4.0,0.0,0.0,1.0,37.2,1.0,0.0,738.4,32152504.0,0.140966,0.0,0.0,2.0,2.0,2.0,0.0,0.0,166.75,667.0,142.4,68,1.3391977480647432,0,0,0,human(2),0.0,1,1,1,1,0
1.1991e+18,shahnazteherani,shahnazteherani,shahnaz tehrani | شهناز تهرانی,#شهنازتهرانی بازیگر دوران طلایی 💛,شهنازتهرانی بازیگر دوران طلایی,2019-11-25T23:04:53+00:00,8533.0,23.0,994.0,13.0,224.0,268.0,268.0,0.0,8533.0,1958.0,4.358018,0.011747,1.0,False,0.0,False,False,False,False,1.0,0.0,none,5.0,0.0,0.0,1.4,22.0,1.0,1.4,458.2,6037705.0,0.136874,0.0,0.0,1.0,1.0,1.0,0.4,0.4,52.6,263.0,48.0,33,371.0,0,0,0,human(2),0.0,1,1,1,1,1
1.57816e+18,mehrdadbkhtiari,mehrdadbkhtiari,mehrdad_bakhtiyari,"پرچم دار جنبش دادخواهی ملت ایران
من اینجا ریشه در خاکم
من اینجا عاشق این خاک
اگر آلوده یا پاکم","پرچم دار جنبش دادخواهی ملت ایران
 من اینجا ریشه در خاکم
 من اینجا عاشق این خاک
 اگر آلوده یا پاکم",2022-10-06T23:05:23+00:00,6145.0,27.0,1328.0,17.0,40.0,118.0,118.0,0.0,6145.0,912.0,6.737939,0.029605,1.0,False,0.0,False,False,False,False,0.0,0.0,none,2.0,0.0,0.0,0.5,26.0,1.0,2.5,2855.0,7199680.0,0.129386,0.0,0.0,1.0,1.0,1.0,0.0,0.0,58.0,116.0,865.0,94,227.59259259259258,0,0,0,human(2),0.0,1,1,1,1,0
7.27982e+17,arash135713,arash135713,nazmIRAN,I hate racists,I hate racists,2016-05-04T22:02:29+00:00,4864.0,4433.0,38730.0,3.0,1.0,363.0,363.0,0.0,4864.0,3258.0,1.49294,1.360651,1.0,False,0.0,False,False,False,False,0.0,0.0,none,0.0,0.0,1.0,0.0,6.0,1.0,1.0,0.0,0.0,0.111418,1.0,1.0,1.0,1.0,1.0,1.0,1.0,362.0,362.0,0.0,14,1.0972253552898714,0,6,0,unverified(4),,1,1,1,1,0
981134408.0,mohammadsoltann,mohammadsoltann,محمد آقاسلطان,,,2012-11-30T20:04:38+00:00,31594.0,129.0,3253.0,74.0,66.0,361.0,361.0,0.0,31594.0,4509.0,7.006875,0.028609,1.0,False,0.0,True,False,False,False,0.0,0.0,none,1.0,0.0,0.0,1.0,50.0,1.0,0.0,4904.0,0.0,0.080062,1.0,1.0,1.0,1.0,1.0,0.0,0.0,360.0,360.0,721.0,0,244.91472868217053,0,0,0,human(2),0.0,1,1,0,1,1
1.36132e+18,darwinsabouri,darwinsabouri,داروین صبوری,,,2021-02-15T14:37:27+00:00,5236.0,6.0,58.0,9.0,49.0,100.0,100.0,0.0,5236.0,1510.0,3.46755,0.003974,1.0,False,0.0,False,False,False,False,0.0,0.0,none,1.0,0.0,0.0,1.0,1.0,1.0,0.0,696.0,0.0,0.066225,2.0,2.0,2.0,2.0,2.0,0.0,0.0,99.0,99.0,102.0,0,872.6666666666666,0,0,0,human(2),0.0,1,1,0,1,0
1.62696e+18,pahlavi_davoud,pahlavi_davoud,Pahlavi Davoud,,,2023-02-18T15:06:55+00:00,5577.0,260.0,8.0,9.0,43.0,47.0,47.0,0.0,5577.0,777.0,7.177606,0.33462,1.0,False,0.0,False,False,False,False,0.0,0.0,none,1.0,0.0,0.0,1.0,1.0,1.0,0.0,5607.0,0.0,0.060489,1.0,1.0,1.0,1.0,1.0,0.0,0.0,46.0,46.0,736.0,0,21.45,0,0,0,human(2),0.0,1,1,0,1,1
1567661118.0,mostafamehraeen,mostafamehraeen,مصطفی مهرآیین,sociology of culture,sociology of culture,2013-07-04T08:31:38+00:00,19096.0,189.0,9.0,22.0,64.0,97.0,97.0,0.0,19096.0,4293.0,4.448171,0.044025,1.0,False,0.0,False,False,False,False,0.0,0.0,none,2.0,0.0,0.0,1.0,1.0,1.0,0.0,1124.0,435.5,0.022595,2.0,2.0,2.0,2.0,3.0,0.0,0.0,47.5,95.0,41.0,20,101.03703703703704,0,0,0,human(2),0.0,1,1,1,1,1
1.31084e+18,alirzadabir,alirzadabir,عليرضا دبير,زمانه بر سر جنگ است یا علی مددی |  کمپ تیم‌های ملی کشتی ایران,زمانه بر سر جنگ است یا علی مددی | کمپ تیم‌های ملی کشتی ایران,2020-09-29T07:06:50+00:00,18009.0,40.0,7781.0,4.0,7.0,29.0,29.0,0.0,18009.0,1649.0,10.92116,0.024257,1.0,False,0.0,False,False,False,False,0.0,0.0,none,1.0,0.0,0.0,1.0,5.0,1.0,0.0,2454.0,0.0,0.017586,2.0,2.0,2.0,2.0,2.0,0.0,0.0,28.0,28.0,234.0,61,450.225,0,0,0,human(2),0.0,1,1,1,1,0
