screen_name,user_key,label_binary,followers_count,friends_count,favourites_count,listed_count,media_count,statuses_count,user_age,follower_growth_rate,friends_growth_rate,default_profile,default_profile_image,has_custom_timelines,possibly_sensitive,hashtag_in_description,numbers_in_description,no_type_tweet,no_type_retweet_with_comment,no_type_reply,mean_no_media_per_tweet,mean_no_words,no_languages,mean_no_hashtags,mean_favourites_per_tweet,time_between_tweets,tweet_frequency,min_tweets_per_hour,min_tweets_per_day,max_tweets_per_hour,max_tweets_per_day,max_occurence_of_same_gap,unique_mention_rate_per_tweet,mean_user_mentions_per_tweet,retweet_as_tweet_rate,no_retweet_tweets,mean_retweets_per_tweet,description_length,followers_friend_ratio,num_digits_in_name,num_digits_in_username,url_in_description
Dokhi_sag,dokhi_sag,0,2.2607102568774637,1.9221680824632392,-0.7170081183676303,0.800935923563223,-0.21828840969398952,-0.6482783746018014,-0.3930131004366812,2.675818274100912,3.8166272700639636,1.0,0.0,1.0,0.0,1.0,0.0,-0.2006906049011154,-0.5,0.0,0.3113746724727663,0.1853173600613606,0.0,-0.15522797808748992,0.9348192179278434,0.4107888892052646,-0.313450011377694,0.0,0.0,-0.4425070493497601,-0.3236566839097652,-0.3236566839097652,-0.2576036959637148,-0.2785014162449113,0.047134375671891195,-0.6480592087069201,0.3724443809483992,0.4782608695652174,-0.34491495282283063,0.0,0.0,0.0
History_Wall,history_wall,0,-0.6610917287032014,-0.41218581234652707,-0.2110433845009389,-0.6719500161730103,-1.1619893050280754,-0.9568842251605751,-0.24556896994605704,-0.5913167663718648,-0.16316253019610474,1.0,0.0,0.0,0.0,1.0,0.0,0.30976516687567374,0.2924812503605782,0.3154648767857287,-0.01638764901224175,0.6463439356144727,0.0,0.14143461093993986,0.2910521809023941,0.49412305249985533,-0.6702043113306134,0.0,0.0,0.55749295065024,0.4077591983577851,0.5532947556651121,0.40651534452642235,0.3955826624829151,-0.6088602022785499,-0.9580210493047078,-0.010402784566899012,0.5652173913043478,-0.03801881066648256,0.0,0.0,0.0
corrrdeliiiaaa,corrrdeliiiaaa,0,-0.974404998577284,-1.492217238429022,1.2272290790783102,0.0,1.0070422971597042,1.0174125083640047,-0.14025173388132545,-0.8788444623614846,-0.5238031432475245,1.0,0.0,1.0,0.0,0.0,0.0,-0.2006906049011154,-0.5,-0.3154648767857287,0.3113746724727663,-1.1968957127817492,0.0,0.4645900188559534,-2.2726491877990305,0.20407820118433578,1.0056075308540342,0.0,0.0,0.0,0.0,0.0,0.7423963040362852,0.27335618006846407,0.8976496390801884,1.0170393594420146,-1.6142474614235454,-0.6630434782608695,0.685375314695353,0.0,0.0,0.0
ahmad_313m,ahmad_313m,0,-0.10304326991892407,-2.7655181609709456,-2.4117127653007056,0.714902791061531,-0.8818041938004182,-1.2248608603644262,-0.6005651168764449,0.3949350873042195,-0.5647612763585362,1.0,0.0,0.0,0.0,0.0,0.0,-0.35998769969564104,-0.5,-0.3154648767857287,-1.2454986898910656,1.0688444460666622,0.0,-2.244921272495501,-0.9630685024662268,-2.746795789993661,-0.5685820516739575,0.6931471805599453,1.0,-0.4425070493497601,-0.3236566839097652,-0.3236566839097652,-0.2576036959637148,-0.2785014162449113,-0.0327281925849071,-1.2243406368810594,-1.0240635187368146,-0.6630434782608695,2.410511379063142,0.0,1.2618595071429148,0.0
kouresh_kabir,kouresh_kabir,0,0.07010423053671538,0.5928055989537799,-0.14731110343268908,-0.19906407643677707,0.668361860192672,-0.18231702739284236,0.5789879270485486,-0.4795531105787756,0.4692541640433169,1.0,0.0,1.0,0.0,0.0,0.0,1.1176937071369921,-0.5,0.885621874580711,0.13383661859560675,0.08575540352631614,1.0,1.2116738786418302,0.18681311683895402,0.05763805914247722,-0.4186340000812182,0.0,0.0,0.55749295065024,1.2847106379326625,1.4302461952399892,0.35576858277363116,0.33544273441353334,-0.8756607119666568,-0.1852251065523855,0.2684576725499778,0.7717391304347826,-0.37598520123871937,0.0,0.0,0.0
zone7689,zone7689,1,-0.12114988124203514,-0.7022456684755816,0.00015991748106527643,-0.6719500161730103,-0.15982216708873836,0.03771447600081788,-0.4423323914718726,0.10049520008909828,-0.24742928738550587,1.0,0.0,0.0,0.0,1.0,1.0,0.07162957732960912,0.2924812503605782,0.5701569977949824,-0.1676628061396858,-0.15160044042261692,1.0,-0.10161061923592671,-0.008714763031788267,0.536593986293242,0.3434112523524215,0.0,0.0,0.0,0.0,-0.3236566839097652,0.8735839469795295,0.6414600066530008,0.11373909255156117,0.03752739553780821,0.08639253238707763,0.7934782608695652,0.4660607066544001,0.0,1.4649735207179269,0.0
rahar9075,rahar9075,1,-0.02229631719576036,0.7746916858831795,0.030814488358282235,-0.2850972089384689,1.6120308039821853,0.8045539008746778,-0.5034677626509119,0.29444825268553126,1.7293264206344734,1.0,0.0,1.0,0.0,1.0,1.0,0.7168197601249716,2.3639602272816,1.695636151928291,-0.14062147270878844,0.7353169781445178,2.8073549220576037,0.1541308618832508,-0.931505942863477,-0.14315108082509984,1.1288075788493808,0.0,0.0,0.9247041696625747,1.7237772057925873,2.6786671477173414,0.5180572387887257,2.401969663568888,-0.0496491272332549,0.8032696367052866,-0.5083775641076336,0.8152173913043478,-0.48561338070990984,0.0,1.4649735207179269,0.0
rahayee_,rahayee_,0,0.5393034949337442,0.7530576126242756,0.007934979177982006,0.05319362416730372,-0.2155874271120715,0.5173482476220627,-0.12535319804777806,0.40198732173211815,1.170601174831883,1.0,0.0,1.0,0.0,0.0,0.0,-0.35998769969564104,-0.5,-0.3154648767857287,-1.2454986898910656,-0.2713235927920488,0.0,0.4645900188559534,-0.6978895286979417,-2.746795789993661,0.5271299599640986,1.0986122886681098,1.5849625007211563,0.0,0.0,0.0,-0.2576036959637148,-0.2785014162449113,0.8568724687595968,0.5172105887449554,-1.0240635187368146,-0.8913043478260869,-0.30169173567676055,0.0,0.0,0.0
NaderSoltanpour,nadersoltanpour,0,1.3840504880287838,-0.7061494113936587,-1.5166761514598024,1.2262943855309165,-0.8453843193865747,-1.4837171526953008,1.274595427690727,0.4911547277641933,-0.4854216209902951,0.0,0.0,1.0,0.0,0.0,1.0,-0.6323078819263657,0.0,-0.3154648767857287,-1.2454986898910656,2.198386819307746,0.0,-2.244921272495501,0.7873910389215741,-2.746795789993661,-1.3307462964534862,1.0986122886681098,1.5849625007211563,0.0,0.0,0.0,-0.2576036959637148,-0.2785014162449113,-0.16493994026720663,-1.483168604556208,0.46449668617755063,0.14130434782608695,1.3136646295441072,0.0,0.0,1.0
fatemeh_sadat91,fatemeh_sadat91,0,0.38944556044277645,-0.148302181162155,0.5787862274779999,0.666340816932762,0.3857928508091545,-0.08087642682193748,-0.1166195735936296,0.24010408007626496,-0.02162457098651994,1.0,0.0,1.0,0.0,0.0,0.0,-0.35998769969564104,-0.5,-0.3154648767857287,0.3113746724727663,-0.642883548880469,0.0,-0.5354099811440466,0.15525939229366112,-2.746795789993661,-0.023770587747876586,0.6931471805599453,1.0,-0.4425070493497601,-0.3236566839097652,-0.3236566839097652,-0.2576036959637148,-0.2785014162449113,0.5514297801249092,-0.08074769957992972,-0.16626344239920746,0.08695652173913043,0.2731200017218095,0.0,1.0,0.0
NilaBehzadi,nilabehzadi,0,-0.26262751886163516,-0.3766371636472408,0.0017468181981323487,0.10175559829607272,0.33709760710336517,0.1958077165736304,1.097867968147958,-0.8772141861154014,-0.39724958626090445,0.0,0.0,1.0,0.0,1.0,1.0,-0.2006906049011154,0.2924812503605782,-0.3154648767857287,-0.1334458433816536,0.2545150721870775,0.0,-0.20608135346619183,-0.33967254880934067,0.6053904316780325,-0.2470720457628914,0.0,0.0,0.0,0.0,0.4077591983577851,-0.2576036959637148,-0.2785014162449113,0.47814112016527627,0.1957643604560634,-0.4376978642138361,0.7717391304347826,0.12534352705475832,0.0,0.0,0.0
Nokhod_f,nokhod_f,0,-0.3711978740615287,0.3997569160371454,0.5735067399693939,-0.5113915944693856,-0.37822649560265087,0.18630917606566486,-0.5075777035705111,-0.043482483295205585,1.0708113503613814,1.0,0.0,0.0,0.0,0.0,1.0,-0.35998769969564104,-0.5,-0.3154648767857287,0.3113746724727663,-0.642883548880469,0.0,-0.5354099811440466,0.9107082065685735,-2.746795789993661,0.55334221854113,0.6931471805599453,1.0,-0.4425070493497601,-0.3236566839097652,-0.3236566839097652,-0.2576036959637148,-0.2785014162449113,0.6878509560288927,0.18632097114008717,0.08397363644916833,-0.6413043478260869,-0.4185689118580866,0.0,0.0,1.0
dariush_omran,dariush_omran,0,0.18514312390596663,-0.5799416318893187,-0.1470183059565962,0.0,0.6425832278965898,0.24236911753458854,0.4325712817878243,-0.3178986971223938,-0.40112212240620077,1.0,0.0,0.0,0.0,0.0,0.0,-0.6323078819263657,-0.5,0.0,0.3113746724727663,-2.5370637943392786,0.0,-0.5354099811440466,-0.0967946437301695,-2.746795789993661,-0.0016546848541748622,0.6931471805599453,1.0,-0.4425070493497601,-0.3236566839097652,-0.3236566839097652,2.151819237514123,1.0511569323264902,0.7164741207690204,0.2423558975970051,-1.3191554900801798,-0.2391304347826087,0.5272493749314181,0.0,0.0,0.0
XPishik,xpishik,0,0.6574579180793588,-0.744145697958845,-0.15432930698539638,0.6131471927654583,0.28870921828916396,-0.1360028676986911,-0.44541484716157204,0.9226948980248838,-0.2687925012527512,1.0,0.0,1.0,0.0,0.0,0.0,1.203529636312808,0.9036774610288021,0.3154648767857287,0.15787941393059138,-0.567426502895895,1.8073549220576042,0.18276991256396236,0.004252085967422367,0.09723650670810065,0.1878049860667333,0.0,0.0,0.55749295065024,1.2847106379326625,1.8109439681499915,-0.16104024203500963,-0.049558801524349085,-0.9202755993486842,-0.1392048325959921,-0.046043755191020275,-0.8913043478260869,0.9341935245611155,0.0,0.0,0.0
FarhadiIvar,farhadiivar,0,1.0720868356721638,0.47159269189747577,-0.011126847833343442,1.131931089035111,0.03100537374298512,0.036523116038677486,0.20190084767531466,0.697617671117972,0.4908790577721734,1.0,0.0,1.0,0.0,0.0,1.0,-0.35998769969564104,-0.5,-0.3154648767857287,0.3113746724727663,0.80006693106742,0.0,-2.244921272495501,0.977287682396706,-2.746795789993661,-0.08826064685713682,0.6931471805599453,1.0,-0.4425070493497601,-0.3236566839097652,-0.3236566839097652,-0.2576036959637148,-0.2785014162449113,0.6113725862097216,0.036600984993541474,1.0123268716082217,0.14130434782608695,0.12331729464167057,0.0,0.0,0.0
SavaSavadkoohi,savasavadkoohi,0,0.3178925445624717,-0.16208064526812277,0.2137082252346747,0.2262943855309167,-0.7949629311476851,-1.0264425624611186,0.48034934497816595,-0.22341104623251495,-0.2212287661280241,1.0,0.0,1.0,0.0,1.0,0.0,0.7039374592559748,0.6609640474436811,0.4170218835732348,0.22721943974355166,-0.2161794758890733,1.3219280948873622,0.4645900188559534,0.5220249461880371,0.13422134512296302,-1.0003510369158517,0.0,0.0,0.0,0.0,-0.3236566839097652,0.4228160736278527,0.6805602475439668,-0.9741607477144063,-1.0305738470388515,0.5830961503147055,0.717391304347826,0.24740814943652936,0.0,0.0,0.0
soozi2244,soozi2244,0,-0.3559312166382582,0.03730614589032045,-0.4491493766937634,-0.12453878723484421,0.0246975050954178,-0.3828197379542803,0.25635756486000516,-0.6676573202191703,-0.01511236496925781,1.0,0.0,1.0,0.0,0.0,0.0,-0.35998769969564104,-0.5,-0.3154648767857287,0.3113746724727663,0.3462518058005977,0.0,0.4645900188559534,-0.11473036185990809,-2.746795789993661,-0.4676830496674852,0.6931471805599453,1.0,-0.4425070493497601,-0.3236566839097652,-0.3236566839097652,-0.2576036959637148,-0.2785014162449113,0.39725848971121797,-0.382565370635292,-0.3388811798989583,0.2717391304347826,-0.2122476037392261,0.0,1.4649735207179269,0.0
TNitrT,tnitrt,0,-0.07628744115649923,0.21474763614930595,0.27659828318688506,-0.05880282340755195,0.03395278934499268,0.34711664487345706,-0.0015412278448497304,-0.295157164510237,0.28517079784325894,1.0,0.0,1.0,0.0,0.0,0.0,0.18465266476580805,0.0,0.4170218835732348,-0.20758259602405685,-0.40807384974518746,1.0,-0.43473094932621514,-0.05797012646914716,0.5704331952962363,0.29436379056942374,0.0,0.0,0.0,0.22963807175534695,-0.3236566839097652,0.27823469739656637,0.4992988564401785,0.1676259845445247,0.34691084832329605,0.16940471483418523,-0.29347826086956524,-0.21238775699219847,0.0,0.0,0.0
moslehiali,moslehiali,0,-0.32705000792031275,-0.21598755567378766,0.8980007146598065,0.29614926566610034,0.00884649862879631,-0.2504180567316544,1.8900590804007193,-1.0520660439510245,-0.3970837649699023,0.0,0.0,1.0,0.0,0.0,1.0,-0.35998769969564104,-0.5,-0.3154648767857287,0.3113746724727663,0.5745081963384273,0.0,0.4645900188559534,0.10359704656707837,-2.746795789993661,-0.7582405103549156,1.0986122886681098,1.5849625007211563,0.0,0.0,0.0,-0.2576036959637148,-0.2785014162449113,0.4648629098111351,-0.25021771645886104,-0.003213022665565418,-0.40217391304347827,-0.026870323611428208,0.0,0.0,1.0
khormal0098,khormal0098,0,-0.4544250233313597,0.06486862994760977,0.10666756651676608,-0.2850972089384689,0.3688634271818942,0.42864698548206154,-0.10531723606473158,-0.5371604144146586,0.17882597778188863,1.0,0.0,1.0,0.0,1.0,0.0,0.5244885126375003,0.0,0.5701569977949824,-0.18904957551847776,-0.6894153249379145,1.0,-0.40670391020573854,-0.15854779849730577,0.3796440190149929,0.4319335457403782,0.0,0.0,0.0,0.4077591983577851,0.4077591983577851,0.20655933834447765,0.3073098099686067,-0.0830828693176787,0.4282722349482601,-0.06045609801481586,0.5978260869565217,-0.26760326227973386,0.0,1.4649735207179269,0.0
Thank_you_Dj,thank_you_dj,0,-0.7713711964402774,-0.34852404770516754,0.725466925652632,-0.6719500161730103,-0.6120732430399146,-0.03383464324210267,-0.5039815052658618,-0.40776711552421496,0.06488717408849495,1.0,0.0,1.0,0.0,0.0,0.0,0.7039374592559748,1.2297158093186487,0.18453512321427132,-0.46706200870914966,0.012967653195372526,0.0,-0.23190618868565516,0.062473524669705065,0.14914622359398041,0.3454743342399777,0.0,0.0,0.0,0.4077591983577851,0.0,-0.17580859912435276,-0.06273520303961383,-0.46694549907569416,-0.03471863179976682,-0.08166249042577434,0.8369565217391305,-0.13172447133492665,0.0,0.0,0.0
KingBacker1,kingbacker1,1,-0.24540765592046065,0.25459274565291135,0.25003547991763647,-0.5113915944693856,0.9129313268239269,0.5917501397229961,-0.06164911379398921,-0.39793340593860027,0.3717638608618723,1.0,0.0,1.0,0.0,0.0,0.0,0.0,1.1609640474436813,0.18453512321427132,0.6227493449455326,-0.5387813246236836,0.5849625007211564,0.6237615969941994,0.13059509796569288,0.3219324786699955,0.5557832663470268,0.0,0.0,-0.4425070493497601,0.4077591983577851,-0.3236566839097652,0.376157433745945,0.07124447743351088,0.4657260560816442,0.5914547364181298,0.22344831322549666,0.05434782608695652,-0.3010757518266621,0.6931471805599453,0.6309297535714574,0.0
FattahiFarzad,fattahifarzad,0,1.3819213761976576,0.06597302065060275,-0.57931677728554,1.2961492656661,1.0848797722941754,-0.015898246742548628,1.3531980477780632,0.4607405544472777,-0.2238376189828978,0.0,0.0,1.0,0.0,0.0,0.0,-0.35998769969564104,-0.5,-0.3154648767857287,0.3113746724727663,1.0930284795843175,0.0,-2.244921272495501,1.0822567436821098,-2.746795789993661,-0.4822690277108846,1.0986122886681098,1.5849625007211563,0.0,0.0,0.0,-0.2576036959637148,-0.2785014162449113,0.5846069211425334,-0.01579755609118183,0.7498013822590008,-0.07608695652173914,0.6240426624376618,0.0,0.0,0.0
SasanAmjadi,sasanamjadi,0,1.209071178945057,0.1474366049828255,-0.690453614817334,0.9999999999999997,-0.08863488309270348,-0.24263340883332588,1.4949910095042385,0.2351311455715264,-0.19152501550575846,1.0,0.0,1.0,0.0,0.0,0.0,-0.35998769969564104,-0.5,-0.3154648767857287,-1.2454986898910656,0.3042065738489362,0.0,-0.5354099811440466,0.7422466219023304,-2.746795789993661,-0.6867248843363073,0.6931471805599453,1.0,-0.4425070493497601,-0.3236566839097652,-0.3236566839097652,-0.2576036959637148,-0.2785014162449113,0.46883772935667195,-0.24243630154769208,0.5516833452922841,-0.7065217391304348,0.4597472949951032,0.0,0.0,0.0
cafeandisheh,cafeandisheh,0,0.15646972162788242,0.3900897169870569,0.2586641872336725,-0.12453878723484421,0.10690783575584765,0.023915509128031504,0.6503981505265862,-0.4375472480053379,0.1965154906391919,1.0,0.0,1.0,0.0,0.0,1.0,-0.2006906049011154,0.0,-0.3154648767857287,-0.7265414213942424,-0.07002485515735275,0.5849625007211564,0.4645900188559534,-1.7750397161521205,-0.508631893363094,-0.2683639470844791,0.0,1.0,-0.4425070493497601,0.0,-0.3236566839097652,-0.2576036959637148,0.701411422306331,0.3903815230553731,0.023953804439464692,-1.146537752580429,0.21739130434782608,-0.22984680674028593,0.0,0.0,1.0
noodlesss1990,noodlesss1990,0,-0.22009586774033071,-0.9597352126521318,0.707599913439236,0.29614926566610034,-0.07069377525124082,0.32195351524693766,-0.19676342152581558,-0.26834841360920436,-0.4270886632262423,1.0,0.0,1.0,0.0,0.0,1.0,0.7755670365855839,2.3502198590705463,0.8518938829506675,-0.7966707820019212,0.6473368029893823,1.0,-0.20330554979042353,-0.004703832337194692,0.07973861507405282,0.39521761488352536,0.0,0.0,0.55749295065024,0.8769514395748774,1.2847106379326625,0.1273746057938211,-0.03535492437007786,-0.34378367205861987,0.32056595179418373,-0.14046895288806477,0.532608695652174,0.6344631436485023,0.0,1.4649735207179269,0.0
Sokoot3333,sokoot3333,1,-0.28413944200674845,-0.40858591683031975,0.3951754895155167,0.4400464314018453,0.7653477881048394,0.43378334951834974,-0.18700231184176727,-0.33293609563701765,-0.18609198905942953,1.0,0.0,1.0,0.0,1.0,0.0,-0.2006906049011154,-0.5,-0.3154648767857287,0.3113746724727663,-0.7773883456350045,0.0,-0.5354099811440466,-0.1804006268127256,0.7405595431914346,0.49169076251524996,0.0,0.0,-0.4425070493497601,-0.3236566839097652,-0.3236566839097652,-0.2576036959637148,-0.2785014162449113,0.59966391138216,0.4336723102122752,-0.7031619651495948,0.5108695652173914,0.13969971337026094,0.0,1.4649735207179269,0.0
CaramelCakeeee,caramelcakeeee,0,-0.5051513823541431,0.30732978799883853,-0.06045306041199817,-0.6719500161730103,-1.4941507343238332,-0.06014131601825736,-0.5209350115592088,-0.1479481363116326,0.9426893168680224,1.0,0.0,1.0,0.0,0.0,0.0,-0.2006906049011154,0.0,-0.3154648767857287,0.3113746724727663,-0.20776040079950145,0.0,0.1741016184953216,-0.036991433628219925,0.6148578493419419,0.3414910661232896,0.0,0.0,-0.4425070493497601,-0.3236566839097652,-0.3236566839097652,-0.2576036959637148,-0.2785014162449113,0.3474614112948803,-0.06007328657229601,0.12167327272198654,-0.43478260869565216,-0.4150135833567091,0.0,0.0,0.0
Cheguevara_Amir,cheguevara_amir,0,-0.25199970898061147,-1.3260945752670616,0.25405899983539443,-0.19906407643677707,-1.108936613312268,-0.5359989190158032,-0.3298227587978423,-0.16564344964659905,-0.48642426467598204,1.0,0.0,1.0,0.0,0.0,0.0,-0.6323078819263657,-0.5,0.0,0.3113746724727663,-1.285078752712958,0.0,-2.244921272495501,-0.6978895286979417,-2.746795789993661,-0.27070894776942866,0.6931471805599453,1.0,-0.4425070493497601,-0.3236566839097652,-0.3236566839097652,2.151819237514123,1.0511569323264902,0.3190436969830709,-0.5356847128937833,-1.6142474614235454,-0.8043478260869565,0.9417855793843338,0.0,0.0,0.0
persian_warior,persian_warior,0,-0.30377021205765076,-0.1926948702034862,1.6053425192650108,-0.38685280723454174,-0.07458997780650194,0.8638488469363276,1.5669149755972258,-0.9920902835789268,-0.36835987933576475,1.0,0.0,1.0,0.0,0.0,1.0,0.0,-0.5,0.18453512321427132,-1.2454986898910656,0.055089456941019674,0.0,0.014929732069161893,-0.5571276598858945,0.5657814122321886,0.2366563628872842,0.0,0.0,-0.4425070493497601,-0.3236566839097652,-0.3236566839097652,1.1518183684983854,0.4992988564401785,0.6046963334434388,0.8635233132412861,-0.48071010577705536,-0.4673913043478261,-0.03307796040880573,0.0,0.0,1.0
KnightAnahita19,knightanahita19,0,-0.2679047063526075,0.2617087067345274,-5.144273720329791,-0.8982444017039272,-0.16279818214195527,0.4441753919210489,-0.30156691497559723,-0.21047120813589107,0.580938514941529,1.0,0.0,1.0,0.0,0.0,1.0,1.2352587524016205,1.292481250360578,0.18453512321427132,0.4740336876258148,0.301335907672568,1.0,1.0320481535956072,-0.1332845317848371,0.0025058604577510254,0.5892237224557483,0.0,0.0,0.55749295065024,0.8769514395748774,0.782932827420459,-0.1302626091988375,-0.15380352439380712,-0.649209736328683,0.4426383845623283,0.0087479951703533,-0.40217391304347827,-0.31321168080129863,0.0,1.0,1.0
Birdofpeacelove,birdofpeacelove,0,0.40281773638605545,0.7701059091510225,0.4837004281020811,-0.05880282340755195,1.2276687216428412,0.599678097571672,0.5358335473927562,-0.17280600823169373,0.7402977417986262,1.0,0.0,1.0,0.0,0.0,0.0,0.13219152203468268,0.9999999999999999,0.4170218835732348,1.0488406742507157,0.061367110964592485,1.0,0.04075534071273432,-1.1737268742026965,0.4953721279106052,0.2826829892824381,0.0,0.0,0.0,0.4077591983577851,0.22963807175534695,1.3301162554383672,0.9474404008920752,0.34427533010491346,0.5993632225173802,-0.9201954873607774,0.8369565217391305,-0.3585603780382196,0.0,0.0,0.0
ItsKouroshKabir,itskouroshkabir,1,-0.09626812529025326,0.19896706038845136,-0.004001591519735436,-0.6719500161730103,-3.278568619650455,-0.604011561104839,-0.1366555355766761,-0.20927273436457705,0.3551439472516779,1.0,0.0,1.0,0.0,0.0,0.0,-0.2006906049011154,0.0,0.18453512321427132,-0.9341240174182993,-0.29760059923362886,0.0,0.2944326610283924,-1.0893525243789661,0.6174909111582182,-0.45902440074363754,0.0,0.0,0.0,0.0,-0.3236566839097652,0.9119948339456488,0.3669504171225276,0.06967560038224639,-0.603925960339386,-0.6694710138113227,0.3804347826086957,-0.21041229839926381,0.0,0.0,0.0
sandys_khor,sandys_khor,0,1.3009208565240407,1.2062368475814045,0.47336313826772103,0.4886084055306143,1.0109126818637477,0.7905005924711066,-0.17672745954276908,1.284745701304997,2.057373554479344,1.0,0.0,1.0,0.0,0.0,0.0,-0.35998769969564104,-0.5,-0.3154648767857287,0.3113746724727663,1.1631136993459508,0.0,-2.244921272495501,0.47290204709291933,-2.746795789993661,0.8174009658535191,0.6931471805599453,1.0,-0.4425070493497601,-0.3236566839097652,-0.3236566839097652,-0.2576036959637148,-0.2785014162449113,0.9963370420079631,0.7902372500617492,0.35053729064271344,0.16304347826086957,-0.2845804321773921,0.0,0.0,0.0
siavash_sepehr0,siavash_sepehr0,0,0.7332109715974643,0.9392801093118371,1.0859056790410937,0.3280499838269894,0.045610941020873236,1.1726504610314143,-0.12175699974312869,0.602824989650297,1.494823941892934,1.0,0.0,0.0,0.0,0.0,0.0,0.2309266721241348,1.584962500721156,1.2170574992696026,-0.5968009366150149,0.09630600301981068,1.0,0.3809785045782865,-0.6547693293760625,0.2888477334236422,1.1397256017628385,0.0,0.0,0.75647079736603,0.782932827420459,0.8769514395748774,1.07370210662325,0.6626559653234418,0.5477471572439043,1.1720329817177026,-0.2478748442022527,0.717391304347826,-0.33701720294556775,0.0,0.6309297535714574,0.0
vanheda97,vanheda97,0,0.5589217527129634,0.49351655904928715,-0.3440644058066932,-0.19906407643677707,-0.1871085496173015,0.4814783833950676,0.27844849730285126,0.11467158023437166,0.4785449465139201,1.0,0.0,1.0,0.0,1.0,0.0,0.5244885126375003,0.2924812503605782,0.0,-0.20758259602405685,0.0648141798732531,0.0,1.1146694954669185,0.20110712427450236,0.2369620479446927,0.27773221692720423,0.0,0.0,0.0,0.22963807175534695,-0.3236566839097652,-0.09589737130307778,-0.1892625526090219,-0.05608327817137134,0.4811451515825442,0.3905475072275921,0.5978260869565217,-0.13110974976908848,0.0,1.0,0.0
StupidJalal,stupidjalal,0,-0.36332107086395427,0.32449839914403333,0.3664102769564089,-0.6719500161730103,-0.02446307879815431,0.6104413915486737,0.47983560236321604,-0.7641217841076405,0.18478802531450442,1.0,0.0,1.0,0.0,1.0,0.0,-0.35998769969564104,-0.5,0.0,0.3113746724727663,-0.6008383169288074,0.5849625007211564,0.4645900188559534,-1.7893035698005146,-0.510050011237703,0.31345330455412107,0.0,1.0,-0.4425070493497601,-0.3236566839097652,-0.3236566839097652,-0.2576036959637148,1.0511569323264902,0.9043991580176751,0.6102525203935424,-1.2241570939290543,0.043478260869565216,-0.37926210653984316,0.0,0.0,0.0
iranovsky,iranovsky,0,0.3672065233221461,-0.035578910619470265,0.30367894186769506,0.35822547456602793,-0.0023276673463780186,-0.10901933982302417,0.38325199075263294,-0.12907171203325557,-0.11317773342653516,1.0,0.0,1.0,0.0,1.0,0.0,0.5032468543548593,0.2924812503605782,0.4999999999999999,0.39552990520198095,-0.15184842553952618,0.5849625007211564,-1.3585966743128368,1.05921957020598,0.3930865120120155,-0.2892040718401339,0.0,0.0,0.0,0.6763433160902347,1.2847106379326625,0.01339523544351664,0.2207970005867468,-0.3399736839712364,-0.10952438856424468,0.7211643990179493,-0.16304347826086957,0.17090838821797294,0.0,0.0,0.0
riokhosravi,riokhosravi,0,-0.3916712152358262,0.13798513593371262,0.05424729886503943,-0.05880282340755195,-0.4065062534199034,-0.4549068367628739,-0.5954276907269458,0.09235342161187096,0.8140470114472425,1.0,0.0,0.0,0.0,0.0,0.0,0.9561057896627505,0.0,0.8154648767857287,0.23049821504468998,-0.7381828418453455,1.584962500721156,0.7657320392583389,0.14495480805356367,0.06996000906696592,0.07992491670390385,0.0,0.0,0.0,0.8769514395748774,1.0371339325992097,0.32308621135574744,0.041956720211843865,-0.8857773631518758,-0.45795995531919553,0.05043442489796818,0.07608695652173914,-0.2872688401359609,0.0,0.0,0.0
Radiomashrooteh,radiomashrooteh,0,0.05332429795268128,-2.0188589213573214,-2.5781144453462996,0.0,-1.1712669871623103,-2.3361724225466216,-0.6067300282558438,0.5727758728465887,-0.5351503537456024,1.0,0.0,0.0,0.0,0.0,1.0,0.18465266476580805,0.0,-0.3154648767857287,0.11676550217728733,-0.13225156429752305,0.0,-0.38589126645291144,0.21005027323799474,0.5409789689814677,-1.2443290452482743,0.0,0.0,-0.4425070493497601,0.0,-0.3236566839097652,0.5180572387887257,0.1495529627617564,-1.2034654996478011,-2.3438603041368467,0.38445153927040615,0.43478260869565216,1.754979376130487,0.0,0.0,1.0
YepremKhann,yepremkhann,0,-0.3504342322840546,-0.18349306056380596,-0.305632094602199,-0.2850972089384689,-0.7705115401592438,-0.23308416535564894,1.9737991266375545,-1.074259965640053,-0.3910781998728019,0.0,0.0,1.0,0.0,1.0,0.0,0.3753965364516277,1.5,1.0246070528374587,-0.3754804900414596,-0.4176249455542086,1.0,0.5941156580699881,-0.6582057481738391,0.21188865455383302,-0.7583114599226252,0.0,0.0,1.19897784671579,1.4734045760589987,1.6924698362904478,0.6386273548270549,0.6089450009414671,-0.2959935384527552,-0.23440820642092366,-0.42535697407693857,0.21739130434782608,-0.06095333420831512,0.0,0.0,0.0
DavariAbdolreza,davariabdolreza,0,1.6895534035652886,-0.2892775225627263,0.45317282701232103,1.7547847982223088,1.1171251768850214,0.26188179317324406,-0.16593886462882096,1.7153229999965198,-0.11170091639638652,1.0,0.0,1.0,0.0,0.0,0.0,-0.35998769969564104,-0.5,-0.3154648767857287,0.3113746724727663,-0.14702319166198516,0.0,-0.5354099811440466,0.2867420438654645,-2.746795789993661,0.3184291577101701,1.0986122886681098,1.5849625007211563,0.0,0.0,0.0,-0.2576036959637148,-0.2785014162449113,0.726436914039349,0.2618598341210361,-0.19563562052633654,0.8260869565217391,1.1118661291860548,0.0,0.0,0.0
Sepideh52191550,sepideh52191550,1,-0.05249303989335118,0.4947970516290659,0.5997899936501594,-0.2850972089384689,1.1917859447546344,1.0962554231494444,0.04264063704084254,-0.3046009696329823,0.6227982989494562,1.0,0.0,1.0,0.0,1.0,0.0,1.8702668166162288,1.7297158093186489,1.9769510439027802,0.26679048999475324,0.19795795989767226,1.584962500721156,0.5597260729537841,-0.18324865386994296,-0.3634704345598898,0.9673538765444735,0.0,0.0,2.0144552665319764,2.1065895113302244,2.931178864751965,1.1238349632398545,1.6445857936218042,-0.8189703954510034,1.0929374311195132,0.09197149191906963,0.8260869565217391,-0.3655204741032708,0.0,2.0,0.0
IrTimes,irtimes,0,0.24076107844132852,0.07876884865549728,0.31411936838009386,0.8637110813667137,0.6581442193797358,0.5742678597195117,0.5538145389160031,-0.3255884402015508,-0.06985895365993233,1.0,0.0,1.0,0.0,0.0,0.0,-0.35998769969564104,-0.5,-0.3154648767857287,0.3113746724727663,-0.642883548880469,0.0,-2.244921272495501,-0.21939474090605807,-2.746795789993661,0.2529142628561343,0.6931471805599453,1.0,-0.4425070493497601,-0.3236566839097652,-0.3236566839097652,-0.2576036959637148,-0.2785014162449113,0.8859342326842937,0.5741041509702984,-0.5563538098936985,-0.05434782608695652,0.021021100530380678,0.0,0.0,0.0
FXMNDLSN,fxmndlsn,0,-0.49434964609275905,-1.0450457042792802,0.19106445208585188,0.2262943855309167,0.8014293647947685,0.34471721858715915,-0.599537631646545,0.0007257755194494126,-0.33264162262632135,1.0,0.0,1.0,0.0,0.0,0.0,-0.0876675174649165,-0.5,-0.3154648767857287,0.3113746724727663,-0.3843106650854127,0.0,-0.5354099811440466,0.10798567550565867,0.6873373046463122,0.824030212160957,0.0,0.0,-0.4425070493497601,-0.3236566839097652,-0.3236566839097652,-0.2576036959637148,-0.2785014162449113,0.42868952104382985,0.34463143635293336,-0.7289715473934494,-0.6195652173913043,0.5580932253776458,0.0,0.0,0.0
avantgardearses,avantgardearses,0,-0.45953887236928087,0.3602095253613497,-0.987937662770498,-0.6719500161730103,-0.41670137337343255,-0.3923324909214148,-0.4680195222193681,-0.1844265507488515,0.9407015739788108,1.0,0.0,1.0,0.0,0.0,0.0,0.4807907438642421,-0.5,0.6845351232142712,-0.20758259602405685,0.4485942518232763,1.3219280948873622,0.32361973474517747,-1.424572212911927,0.27583593048569804,-0.019138134497028163,0.0,0.0,0.55749295065024,0.6763433160902347,0.782932827420459,0.7423963040362852,0.3669504171225276,-0.4659509489135412,-0.39310524492952814,-1.1102836692419593,0.6739130434782609,-0.42626209123043807,0.0,0.0,0.0
MahdaviLeily,mahdavileily,0,0.8992757138102206,-1.876046804156634,-3.349664272798591,0.7450782818005696,-1.9536198128758036,-3.256897778300645,-0.5841253531980478,1.4571291514855775,-0.5254965753898935,1.0,0.0,0.0,0.0,0.0,0.0,-0.35998769969564104,-0.5,-0.3154648767857287,0.3113746724727663,1.4310776613450715,0.0,2.554283665593055,1.3399505920452464,-2.746795789993661,-1.485811188494211,1.0986122886681098,1.5849625007211563,0.0,0.0,0.0,-0.2576036959637148,-0.2785014162449113,-1.0727201002877103,-3.260309426251771,1.2299775931025942,0.3695652173913043,2.1090295820838802,0.0,0.0,0.0
Maryam_Rajavi,maryam_rajavi,0,2.0743415717313116,-1.811485385937531,-4.061562438308549,2.73061329448006,0.7093995759527983,-0.2697976009359184,1.9702029283329052,1.0105488807748635,-0.5645551708756639,0.0,0.0,1.0,0.0,0.0,0.0,-0.2006906049011154,-0.5,-0.3154648767857287,0.3113746724727663,1.6309656510865298,0.0,-0.5354099811440466,0.6799319047636776,-0.28753055407556505,-0.7839943665559372,0.0,0.0,0.0,0.0,0.22963807175534695,-0.2576036959637148,-0.2785014162449113,0.24042547710327342,-0.2696258272143092,1.3089746233651356,0.6630434782608695,2.728185499291642,0.0,0.0,0.0
rahaaaman,rahaaaman,0,0.009474431770040464,-0.7687189766472777,-0.3378508087838972,-0.05880282340755195,-0.1753466283807791,-0.31421151432458433,0.017980991523246854,-0.23274752357458703,-0.4063758992583696,1.0,0.0,1.0,0.0,0.0,0.0,-0.35998769969564104,-0.5,-0.3154648767857287,-1.2454986898910656,0.07206294819042468,0.0,-0.5354099811440466,-0.5409294079303854,-2.746795789993661,-0.3029169111775849,1.0986122886681098,1.5849625007211563,0.0,0.0,0.0,-0.2576036959637148,-0.2785014162449113,0.4322900319371073,-0.3139849075690209,-0.9290651225856889,-0.5652173913043478,0.5943969351259544,0.0,0.0,0.0
mahsa_300,mahsa_300,1,-0.5143514240700943,-0.07647151162677268,0.027727807676022825,-0.5113915944693856,-0.4459729599157942,0.45566567572389266,-0.645774466992037,0.07970279604688515,0.5991780013288694,1.0,0.0,0.0,0.0,1.0,0.0,0.4569728469965327,0.9036774610288021,1.4463946303571862,0.2928400950938248,-0.6894153249379145,1.584962500721156,-0.19326910144292472,0.08294348998749997,-0.001603907674843247,1.0023187908872702,0.0,0.0,0.55749295065024,0.9610539540228976,1.4302461952399892,0.894214067725231,1.4516097409136506,-0.013113876612906503,0.4548149239384371,0.02486711281988856,0.16304347826086957,-0.20373235610442447,0.0,1.2618595071429148,0.0
agha_rashti2,agha_rashti2,0,0.8760233353994837,-0.26505694258628854,0.29164646982072223,0.7595754767920667,0.7065244127551895,-0.18041891324649806,-0.6509118931415361,1.5954877015468332,0.35837063540447833,1.0,0.0,0.0,0.0,0.0,0.0,0.9046280641570903,0.9999999999999999,0.0,-0.0239524966799677,0.05876293187114264,0.5849625007211564,-0.31765405264681235,0.7631341668804841,0.12326587301032242,0.4164765624108406,0.0,0.0,1.19897784671579,1.0371339325992097,0.9610539540228976,-0.15226118472531466,-0.2203673512032731,-0.7041175142833865,-0.18201848705664891,0.554985661836014,-0.6195652173913043,0.6332453613723522,0.0,0.6309297535714574,0.0
maanii_a,maanii_a,0,0.5083468881785502,0.6283387304450221,-0.15592865807750195,0.10175559829607272,-0.30562638030363026,-0.2608233154850661,1.9732853840226048,-0.5291420543178891,0.13623490744013367,0.0,0.0,0.0,0.0,0.0,0.0,-0.0876675174649165,-0.5,-0.3154648767857287,-0.20758259602405685,0.426649242234172,0.0,-0.5354099811440466,-0.31371317333220444,0.12135704037788686,-0.7780736284195136,0.0,0.0,-0.4425070493497601,-0.3236566839097652,-0.3236566839097652,-0.2576036959637148,-0.2785014162449113,0.11950854302316949,-0.26069076851460155,-0.5114990238306533,-0.08695652173913043,-0.2392641511433936,0.0,0.0,0.0
Armin19910215,armin19910215,0,-0.15092612612260095,0.48016754627066577,-0.5734927674449285,-0.19906407643677707,1.185723727395464,-0.05590827686799262,-0.5979964038016954,0.33997705498061126,1.3915197483671788,1.0,0.0,0.0,0.0,0.0,0.0,-0.35998769969564104,-0.5,-0.3154648767857287,0.3113746724727663,0.6757665299373563,0.0,1.1741013102074076,-1.4165417268816933,-2.746795789993661,0.4480669408181796,0.6931471805599453,1.0,-0.4425070493497601,-0.3236566839097652,-0.3236566839097652,-0.2576036959637148,-0.2785014162449113,0.5641782594074912,-0.05579028814332704,-1.0240635187368146,-0.010869565217391304,-0.3898504617499962,1.6094379124341003,2.0,0.0
MajidTavakolii,majidtavakolii,0,2.621029693747707,-0.73853633413757,-0.14347771733580517,2.068485282818293,-2.4053758290506306,-1.2325155495557467,0.22501926534806063,2.438808215939565,-0.4248499488995473,1.0,0.0,1.0,0.0,0.0,0.0,-0.6323078819263657,0.0,-0.3154648767857287,-1.2454986898910656,0.9675861124677333,0.0,-2.244921272495501,1.0833216040992604,-2.746795789993661,-1.052373581698881,0.6931471805599453,1.0,-0.4425070493497601,-0.3236566839097652,-0.3236566839097652,-0.2576036959637148,-0.2785014162449113,-0.03663757646490596,-1.2319939498601264,0.8635231960465359,0.5108695652173914,2.0555797537519718,0.0,0.0,0.0
Overthrower_,overthrower_,0,0.1538102289441503,-0.02985929595765654,0.36647597402048304,0.5332810912611501,0.8293561179386358,0.698163713832639,1.1816080143847931,-0.6141350386720537,-0.25696841026089984,0.0,0.0,1.0,0.0,0.0,0.0,0.07162957732960912,-0.5,0.3154648767857287,0.6573461848039817,0.6972845967252863,0.0,0.3715110121384589,-0.10015938076397451,0.6497020914704374,0.17637322766420174,0.0,0.0,0.0,0.0,0.0,0.43993955488804687,0.10644312549475977,0.4510291926958383,0.6978911553291808,-0.046160933099251775,0.31521739130434784,0.06135074874760785,0.0,0.0,0.0
benyamin_aras,benyamin_aras,0,-0.45465674798551475,0.25270304631640794,-0.7724791310234138,-1.2850972089384687,-3.076426334812272,-0.7961379905193601,0.22810172103776008,-0.7250800079994466,0.20902338736484863,1.0,0.0,0.0,0.0,1.0,0.0,-0.6323078819263657,-0.5,0.0,-1.2454986898910656,-2.232168875442363,0.0,0.4645900188559534,-2.078916875982308,-2.746795789993661,-0.773478421153665,0.6931471805599453,1.0,-0.4425070493497601,-0.3236566839097652,-0.3236566839097652,2.151819237514123,1.0511569323264902,0.18620959071039475,-0.7957310579970818,-1.6142474614235454,-0.2826086956521739,-0.3721544527629715,1.0986122886681098,0.0,0.0
reptile_fight,reptile_fight,0,-0.43001846356727985,0.09956035806490102,0.11752646579154336,-0.6719500161730103,-0.057872125732544896,0.1587126201492143,-0.5872078088877473,0.03875850878928996,0.7394659176778182,1.0,0.0,1.0,0.0,1.0,0.0,0.7292930292272573,0.2924812503605782,2.079688646976985,-0.9354426891562213,-1.2305985790515317,1.9999999999999998,-0.3251718337119835,-0.27984747603109267,-0.17412047576129222,0.6318154997913176,0.0,0.0,2.681174967028605,2.6209382210182333,1.1704824501274749,1.523945740035854,1.2332509562030565,-0.3909172777095814,0.15468113811083936,-0.28538351248096205,-0.043478260869565216,-0.27899809677965065,0.0,0.0,0.0
RezaS27,rezas27,0,-0.2581065880340427,-1.787841707148914,0.025680456361849974,0.4400464314018453,0.8605967856635445,-0.13167392051290838,-0.2984844592858978,-0.20481276200760426,-0.5392996071860261,1.0,0.0,0.0,0.0,0.0,0.0,-0.0876675174649165,0.6609640474436811,0.4170218835732348,-0.27245283841367063,0.6133647168700951,0.0,1.7244410234206158,-0.16547095845843005,0.527060860079307,0.05884937956166094,0.0,0.0,0.0,0.4077591983577851,0.6763433160902347,0.5180572387887257,0.1495529627617564,0.18533249177855493,-0.13181488886650286,-0.3232084509224252,-0.8913043478260869,1.3597595092310704,1.0986122886681098,1.0,0.0
zarei_arad,zarei_arad,1,0.9302446433257163,-0.7961358253430185,-1.5145058229643074,0.649166827234239,-1.1783129602650149,-2.1783130271682185,-0.03904443873619317,0.7372211568729296,-0.405851018739361,1.0,0.0,1.0,0.0,1.0,1.0,-0.2006906049011154,-0.5,-0.3154648767857287,0.3113746724727663,0.23112150520625102,0.0,-0.15522797808748992,1.1094684010360811,0.8259425758713722,-1.379368755804162,0.0,0.0,0.0,0.0,0.0,-0.2576036959637148,-0.2785014162449113,-0.7344175101175683,-2.1788714856016287,1.048180842707949,0.8043478260869565,1.1356901650669455,0.0,0.0,0.0
Armanjasoor,armanjasoor,1,0.13176445871428957,0.7852946721334579,-0.7584169155179209,-0.8982444017039272,-0.8108923472370162,-0.35522988350024026,-0.4192139737991266,0.3217251978428265,1.5991866979549048,1.0,0.0,0.0,0.0,1.0,0.0,1.0196106318469234,0.0,-0.3154648767857287,0.2649004457328436,0.24893322938966886,0.0,0.5608482366654439,0.12803235253362835,-0.49682135630159785,-0.03518106095951178,0.0,0.0,0.55749295065024,0.782932827420459,-0.3236566839097652,-0.20610680953635294,-0.2500824682834845,-0.8854536286317214,-0.3577733210957313,0.22543359444886485,0.717391304347826,-0.44898696812668704,0.0,0.0,0.0
2002Kingfox,2002kingfox,0,1.2924273765519385,-2.966800535108591,-1.2822110253277537,0.7450782818005696,-0.07069377525124082,-1.0086000258647965,-0.8415104032879528,2.8653122688112274,-0.5602703732537676,1.0,0.0,0.0,0.0,0.0,0.0,0.662543949149385,0.6609640474436811,0.6845351232142712,0.10652283232629567,0.24331598970737445,1.0,0.39881833980699033,1.22217159363766,-0.5266579853773077,0.13833310019381434,0.0,0.0,0.9247041696625747,1.1704824501274749,2.0676434653531217,0.17208630469503786,0.2859352892720295,-0.9314880810345345,-1.0127266382491136,0.9518877412421953,-0.6304347826086957,3.449695922003475,0.0,1.4649735207179269,0.0
inazkam,inazkam,0,1.2435543798204607,0.8189050066546273,0.3350257475226197,1.5076583991015504,-0.13458386810511577,0.8171870064000957,0.8964808630875931,0.49456711151330374,0.6558115270390478,1.0,0.0,1.0,0.0,0.0,0.0,-0.6323078819263657,-0.5,0.0,-1.2454986898910656,0.3042065738489362,0.0,-2.244921272495501,-2.2726491877990305,-2.746795789993661,0.3635892103102965,0.6931471805599453,1.0,-0.4425070493497601,-0.3236566839097652,-0.3236566839097652,2.151819237514123,1.0511569323264902,1.009962398919128,0.8169113051286232,-1.6142474614235454,-0.31521739130434784,-0.05541292759519745,0.0,0.0,0.0
xBx73mOl77qBATH,xbx73mol77qbath,0,-0.4059139579353087,0.2294471117913953,-0.08163892784288693,-0.5113915944693856,0.9662282831584087,-0.3131883486338556,0.2815309529925507,-0.7146679029114181,0.16054191060882497,1.0,0.0,1.0,0.0,1.0,0.0,1.4627838883295532,0.9999999999999999,2.100431865019619,-0.07135617681722153,-0.2218065096568492,1.8073549220576042,0.6027993598332577,-0.9181424541513858,-0.2041161356702701,-0.42073733064468605,0.0,0.0,1.75647079736603,1.8641793974976288,2.491209825795179,0.7096544915639222,0.6675437263484082,-1.2204712079818352,-0.3294157936918958,-0.6945882267614741,0.7934782608695652,-0.34363448521717954,0.0,1.4649735207179269,0.0
parspersian,parspersian,0,-0.38953564406506774,0.3128953202993875,-0.16939178156180681,-0.38685280723454174,-0.13031321905815155,-0.30297323213664606,-0.7654764962753661,0.5626365482684589,1.6069233648641017,1.0,0.0,0.0,0.0,1.0,1.0,0.8453735249062678,1.4036774610288019,0.7758642925363403,-0.5226641839726116,-0.4524484214070972,1.3219280948873622,-0.14267653616630546,-0.026359380590129565,-0.17411321154173642,0.5430630106397125,0.0,0.0,0.31396374801627,0.8769514395748774,1.553294755665112,0.20655933834447765,0.01720507152731438,-0.7193061381528164,-0.3052296604140111,-0.11372394950356025,0.08695652173913043,-0.38180392289146264,0.0,0.0,0.0
Mmlekate,mmlekate,0,-0.23012262300613956,-0.7807177097910829,-0.9405302471287328,-0.2850972089384689,-0.5285206578749075,-0.667650912581761,-0.4125353198047778,-0.04574150003149943,-0.30219545116465546,1.0,0.0,1.0,0.0,1.0,1.0,0.0,-0.5,0.0,-0.3113746724727665,-0.0006883450479792901,0.0,0.7732803116853343,0.19373224336362238,0.5864295098487758,-0.312501182380285,0.0,0.0,-0.4425070493497601,-0.3236566839097652,-0.3236566839097652,0.376157433745945,0.07124447743351088,-0.17730115836515803,-0.6675703452273919,0.3289221041363974,0.40217391304347827,0.4742318752516111,0.0,0.0,0.0
Hossein_68_38,hossein_68_38,0,0.6445248016458112,0.9929682080365752,-0.2893520651750651,-0.38685280723454174,0.0246975050954178,-0.11429249322806889,-0.502440277421012,1.0059328571639983,2.1441607780728353,1.0,0.0,1.0,0.0,0.0,0.0,0.34394975956033375,0.0,0.6309297535714573,-0.18026880975474577,-0.056301973692072474,1.0,0.4209371382440109,-0.5141967724865882,0.3290397248353278,0.26989928153117604,0.0,0.0,0.75647079736603,0.5532947556651121,-0.3236566839097652,0.8326894540183611,0.7805269394080265,-0.207942203779973,-0.11465925265515403,-0.16775980573018176,0.16304347826086957,-0.39410484754213815,0.0,1.4649735207179269,0.0
M0rtezaaaa,m0rtezaaaa,1,0.2572741134324458,-0.7261423179894642,1.3272215291194018,0.2262943855309167,0.3366357033531828,0.32289057980644376,0.42024145902902643,-0.24825930882278827,-0.44109098670478153,1.0,0.0,1.0,0.0,0.0,0.0,0.7292930292272573,1.6239637567217926,-0.3154648767857287,0.15568733623638314,-0.9308048057327116,1.0,-0.5852359881506226,0.3762537816694706,0.19514657394406368,0.07514336084125542,0.0,0.0,0.75647079736603,0.6763433160902347,0.0,-0.2576036959637148,-0.2785014162449113,-0.3054243742468479,0.32218018844366964,0.12109562307615371,-0.06521739130434782,0.6940207946876981,0.0,0.6309297535714574,0.0
ShahramMakoui48,shahrammakoui48,0,0.8762351651670667,0.8125709696392642,-0.026310662624790503,0.4400464314018453,0.9206152000188602,-0.0006101445846264449,-0.5260724377087079,1.3096757795670295,1.845998660854571,1.0,0.0,1.0,0.0,0.0,0.0,0.7968086948682248,-0.5,0.18453512321427132,0.22797140957757342,0.14422525549309625,1.0,-1.1583761093052767,0.7808681225226409,0.28349520035520975,0.40259405170774337,0.0,0.0,0.55749295065024,0.8769514395748774,1.4734045760589987,-0.01777877098624916,-0.14615220961081155,-0.5252591348056893,-0.001408559504773152,0.5636216066486067,0.8478260869565217,-0.2086406597622694,0.0,1.0,0.0
pirouzimm,pirouzimm,0,0.18329809133339106,-3.6549895177852574,-3.6679889835810586,0.18778873079776442,0.5575125019405044,-1.1364606827652992,-0.5435396866170049,0.580843683184418,-0.5717932110384917,1.0,0.0,0.0,0.0,0.0,0.0,-0.2006906049011154,-0.5,-0.3154648767857287,0.3113746724727663,-1.7724259221215535,0.0,-0.5354099811440466,-0.05700498589814748,-0.8102081402853896,-0.5657629347236984,0.0,2.321928094887362,0.0,0.4077591983577851,0.22963807175534695,-0.2576036959637148,-0.2785014162449113,-0.20212395073434147,-1.1361111884029902,-0.08864410105058251,-0.5760869565217391,3.3056307411416697,0.0,0.0,0.0
Mahmoud55791825,mahmoud55791825,1,-0.3680791385058552,0.0755330517589016,1.0246874669091608,-0.6719500161730103,0.4354835716821825,1.0602280545374823,0.27690726945800154,-0.6857500002833904,0.011478864057120407,1.0,0.0,1.0,0.0,1.0,0.0,-0.6323078819263657,-0.5,0.9170218835732348,2.2018642001640942,-0.12179740974767571,1.3219280948873622,0.6889538159620978,-1.986148632349893,-0.35640880391808355,0.8158739463340977,0.0,0.0,0.31396374801627,0.4077591983577851,-0.3236566839097652,1.6159824166581245,1.8289572050115803,1.1340252137371098,1.0597862900396322,-1.4029005528904788,-0.6195652173913043,-0.24091037771316057,0.0,2.0,0.0
Pahlavi433726,pahlavi433726,0,-0.5086197804572057,0.49595827652406155,0.2662693597485484,-0.38685280723454174,0.44572578927562484,0.7173352768875374,-0.0020549704597996403,-0.6450755033407055,0.6564848246768357,1.0,0.0,1.0,0.0,0.0,1.0,-0.35998769969564104,-0.5,1.2894509615812828,-1.2454986898910656,-1.6075138957749624,1.0,-0.48558436874605615,-2.3696148831159976,-0.30205072174183656,0.6372785908139331,0.0,0.0,1.19897784671579,0.8769514395748774,1.3846203144649545,1.8169671787690633,1.1835052437580367,0.958859727891851,0.716868754321827,-1.5650704151948918,-0.7282608695652174,-0.49726957350737416,0.0,1.7712437491614221,0.0
PMOIRAN,pmoiran,1,1.4188574098946707,-3.310895026446924,-1.6605797399457656,1.9411971765924476,2.3942231958947637,1.164745143698181,1.2278448497302852,0.5452380396206967,-0.5715502630777259,1.0,0.0,1.0,0.0,1.0,0.0,-0.2006906049011154,-0.5,-0.3154648767857287,0.3113746724727663,0.1853173600613606,0.0,0.9595050740811384,0.304802260936376,0.9717972117489888,0.594231608159186,0.0,0.0,0.0,0.0,0.0,-0.2576036959637148,-0.2785014162449113,0.9728733837591848,1.164304138502916,0.9410723139006352,0.782608695652174,4.020951262515762,0.0,0.0,0.0
nasrinraj,nasrinraj,0,0.21122079045274128,0.3274387241245864,0.292351792085623,0.2623140199996974,0.5872777732666489,0.27015457965645845,1.113793989211405,-0.5510005131538648,0.010320654644212173,1.0,0.0,1.0,0.0,0.0,0.0,-0.6323078819263657,0.0,0.0,-1.2454986898910656,-0.033093711086637966,0.0,-0.5354099811440466,-0.6847982256370282,-0.7669436929195911,-0.18697646237457685,0.0,1.5849625007211563,-0.4425070493497601,0.0,-0.3236566839097652,1.1518183684983854,0.4992988564401785,0.7306531661027021,0.2701138960474104,-0.5222774101600033,0.2608695652173913,-0.16744897820294025,0.0,0.0,0.0
Tinaaa2048,tinaaa2048,0,-0.38041847626828085,0.17431379381128806,-0.22960530102967008,-1.2850972089384687,-0.2648414668843186,0.11424594929920959,-0.6945800154122784,0.3384888558132428,1.1117937732164984,1.0,0.0,0.0,0.0,0.0,0.0,1.0196106318469234,0.6609640474436811,0.18453512321427132,0.2315350927040242,-0.012232565491811143,0.5849625007211564,-0.06214844588773443,0.32433272214360476,0.04960211848569427,0.771160826222809,0.0,0.0,0.0,0.0,0.782932827420459,-0.12641441154682176,-0.15931376251599474,-0.6457809052572611,0.11290943314827563,0.21321636153205104,-0.4673913043478261,-0.3040986593359423,0.0,1.4649735207179269,0.0
PsrAsfhan27734,psrasfhan27734,0,-1.1080555386238993,0.7573920141083964,-0.6241721161646107,-1.2850972089384687,-1.2721235524139682,-1.5642026916808411,-0.662727973285384,-0.4239235692877749,2.080675701808392,1.0,0.0,0.0,0.0,0.0,0.0,-0.6323078819263657,-0.5,0.4170218835732348,-1.2454986898910656,-2.1655038382508587,0.5849625007211564,0.014929732069161893,-2.4101044505326157,-0.39948112018468274,-0.7433099982804112,0.0,0.0,0.31396374801627,0.22963807175534695,-0.3236566839097652,1.687655768698089,0.7950047961291952,-0.20652775178473157,-1.5645841286971027,-1.6142474614235454,-0.6195652173913043,-0.6640333358788669,0.0,1.6309297535714573,0.0
kshahrooz,kshahrooz,0,1.4098443730019525,0.005014420577499705,-0.2875376967684666,1.6830020729006416,0.44062479988035647,-0.08464047891349948,1.7107629077832007,0.3735535464948704,-0.2951980105530675,0.0,0.0,1.0,0.0,0.0,0.0,0.0,-0.5,-0.3154648767857287,0.7561951883271862,0.6570488993870561,0.0,-1.625104175948646,0.7249343462179684,-0.07148989057704191,-0.6051057663227967,0.0,0.0,0.0,0.0,0.4077591983577851,-0.2576036959637148,-0.2785014162449113,0.12042333536730664,-0.08459101656820918,0.3308184382639601,0.8043478260869565,0.692676961653756,0.0,0.0,0.0
mobarez_nastooh,mobarez_nastooh,0,0.795686161859838,-0.2298054016807738,-0.24864585733561922,0.9614943452668478,0.7927666439648087,-0.16105360681484285,2.0369894682763934,-0.3035908483283869,-0.40919252158201125,0.0,0.0,1.0,0.0,0.0,1.0,-0.35998769969564104,-0.5,-0.3154648767857287,0.3113746724727663,-0.7310665461128588,0.0,-0.5354099811440466,-0.06990350998876095,-2.746795789993661,-0.7152303785383373,0.6931471805599453,1.0,-0.4425070493497601,-0.3236566839097652,-0.3236566839097652,-0.2576036959637148,-0.2785014162449113,0.5104919788549704,-0.16089071326468074,-0.13878760470671864,0.5108695652173914,0.5585754787217134,0.0,0.0,1.0
pahlavi_davoud,pahlavi_davoud,0,-0.06212074760664707,-0.8926312873835889,-5.368091586255052,0.0,-2.3750565873008007,-3.812376610896394,-0.5810428975083484,0.39666121762613493,-0.27078774339790235,1.0,0.0,0.0,0.0,0.0,0.0,-0.35998769969564104,-0.5,-0.3154648767857287,0.3113746724727663,-3.4841539170686837,0.0,-2.244921272495501,1.5205317341472093,-2.746795789993661,-1.5348662805569704,0.6931471805599453,1.0,-0.4425070493497601,-0.3236566839097652,-0.3236566839097652,-0.2576036959637148,-0.2785014162449113,-1.3602558644835956,-3.8232117309665994,1.196657252204567,-0.8913043478260869,0.6630257404741291,0.0,0.0,0.0
Solo_Commando,solo_commando,0,0.24778626754263697,0.6084918364633872,0.9451186165778738,-0.2850972089384689,-0.39789274261924734,0.6078910647384241,0.22450552273311072,-0.14987866725511495,0.6698070215715496,1.0,0.0,1.0,0.0,1.0,0.0,0.6477167186823524,0.9999999999999999,0.3154648767857287,-0.33732308080328444,0.2273627472814654,1.0,0.4873212682658483,0.24503121751945858,0.27012416864984096,0.41837107428888676,0.0,0.0,0.0,0.22963807175534695,0.0,0.1086356957360944,-0.07638942586618186,-0.09324602497164731,0.6074194219831333,0.17774391476903484,0.42391304347826086,-0.3243378823828548,0.0,0.0,0.0
mihanimarzban03,mihanimarzban03,0,-0.21992411349838692,-1.063482645053945,-0.3282105173994665,0.0,-0.05323334341517685,-0.38991795914831623,-0.6668379142049833,0.4296164482804772,-0.2968814831382265,1.0,0.0,0.0,0.0,0.0,0.0,0.2309266721241348,0.0,-0.3154648767857287,-0.10379207644870964,0.8236254840416116,0.5849625007211564,-0.5354099811440466,0.6754404984832395,0.46517355662387916,0.2516401092655765,0.0,0.0,0.0,0.4077591983577851,0.782932827420459,-0.2576036959637148,-0.2785014162449113,-0.25001551832906127,-0.3900177102828298,0.588580558875578,-0.43478260869565216,0.725682207352971,0.0,1.0,0.0
siaayrom,siaayrom,1,-0.07714564777718792,0.2631938938296049,1.414189538594806,1.5439120912909146,1.9304018714594104,1.9486556640406212,2.049319291035191,-0.9419254905896075,-0.18147648776856337,0.0,0.0,1.0,0.0,0.0,0.0,-0.35998769969564104,-0.5,-0.3154648767857287,0.3113746724727663,1.5561916154752562,0.0,0.4645900188559534,0.3000769373835571,-2.746795789993661,1.1506400285831482,1.0986122886681098,1.5849625007211563,0.0,0.0,0.0,-0.2576036959637148,-0.2785014162449113,1.5876562062097253,1.9478494910366102,0.3670724844679052,-0.5978260869565217,-0.24292370387055842,0.0,0.0,0.0
miladpoureisa,miladpoureisa,0,-0.12555239170819946,0.002826841391433257,0.1366387743320362,0.4648554324615605,-0.12092190146187592,-0.310403083924155,1.0382738248137684,-0.7747700015874203,-0.21856622323266053,1.0,0.0,1.0,0.0,0.0,0.0,-0.35998769969564104,-0.5,-0.3154648767857287,-1.2454986898910656,0.6428405457848221,0.0,-2.244921272495501,0.8257268508924621,-2.746795789993661,-0.6445972446385229,0.6931471805599453,1.0,-0.4425070493497601,-0.3236566839097652,-0.3236566839097652,-0.2576036959637148,-0.2785014162449113,0.43423461884818204,-0.310178033467556,0.35888516053140224,-0.782608695652174,-0.0919029147564378,0.0,0.0,0.0
fairghh,fairghh,0,0.044920013395440474,0.6900753310499735,-1.2567829690651926,-1.2850972089384687,-1.0738102531164961,-1.9385077679981852,-0.23786283072180836,0.016497023950902138,1.182660448217002,1.0,0.0,1.0,0.0,0.0,0.0,0.7039374592559748,0.6609640474436811,0.4170218835732348,0.1445665898090183,-0.12283940827931332,1.0,-0.020556974979965892,-0.525042234556229,0.26688559039739673,-1.251738389941136,0.0,0.0,0.55749295065024,0.8769514395748774,1.4734045760589987,-0.1356250333909393,0.03667903382415235,-1.4418943760886112,-1.9590845417469853,-0.39097720439390987,-0.4891304347826087,-0.43091644927305084,0.0,0.0,0.0
kaykhosrow5,kaykhosrow5,0,-0.46023880996660244,-1.582725928508882,-0.06329696774739252,0.10175559829607272,-0.27835268691917486,-0.6363016562054978,-0.6103262265604932,0.05552101906353341,-0.48298913018797673,1.0,0.0,0.0,0.0,0.0,1.0,1.4531776646180306,1.0849625007211563,-0.3154648767857287,0.2517806739082035,-0.045440024964608076,0.0,0.6899796921324878,0.29799605325974726,-0.31719746451087505,-0.060497862576238126,0.0,0.0,0.0,0.5532947556651121,0.0,-0.1917039702888858,-0.20644353588463965,-1.3739207239810793,-0.6500439868922961,0.37260409902352526,-0.44565217391304346,1.0559411705501733,0.0,0.6309297535714574,0.0
nimania,nimania,0,0.3559279253346586,0.2752800479644728,0.25553225003910957,0.9906197686659235,0.8711611612607402,0.42214718559867714,2.4032879527356794,-0.7220234245508546,-0.208703268855166,0.0,0.0,1.0,0.0,0.0,0.0,-0.2006906049011154,-0.5,0.0,0.0,0.9030215556642719,0.0,-2.244921272495501,0.7253588782537885,0.6865491931234751,-0.30600070103476407,0.0,0.0,0.55749295065024,0.4077591983577851,0.22963807175534695,-0.2576036959637148,-0.2785014162449113,0.5937167814718155,0.4220295252389838,0.42321036213510305,-0.5978260869565217,-0.06891394127925543,0.0,0.0,0.0
Khosrowalikord2,khosrowalikord2,0,-1.1182643664204037,-0.592250281022869,-2.017789004995618,-0.5113915944693856,-1.9854186152252453,-2.4988860016245034,-0.3621885435396866,-0.8183691997126221,-0.2235179691240435,1.0,0.0,1.0,0.0,0.0,0.0,-0.35998769969564104,-0.5,-0.3154648767857287,-1.2454986898910656,0.8863921955549819,0.0,1.7244410234206158,1.3666666411111477,-2.746795789993661,-1.3963281264052165,0.6931471805599453,1.0,-0.4425070493497601,-0.3236566839097652,-0.3236566839097652,-0.2576036959637148,-0.2785014162449113,-0.6838533454489334,-2.4990337180355198,1.410882692318208,0.8478260869565217,-0.11526593799160949,0.0,0.6309297535714574,0.0
Rayan9717,rayan9717,0,1.3477634598387267,0.14344169676034357,0.4822130392953912,1.1605584217036242,0.39789205232900154,0.2156200073403654,0.35345491908553817,0.8949144086038945,0.046990864179751984,1.0,0.0,1.0,0.0,1.0,0.0,0.18465266476580805,-0.5,-0.3154648767857287,1.8682480348365982,0.27725575486773046,0.0,0.014929732069161893,0.5781447795101755,0.634453670466889,0.005639929096137532,0.0,0.0,0.0,0.0,0.0,-0.2576036959637148,-0.2785014162449113,0.10052020986403352,0.2155201662371998,0.5750123511159112,-0.14130434782608695,0.5383187840051697,0.0,1.4649735207179269,0.0
amin1917,amin1917,0,-0.4788993109025427,0.4737806536892281,0.5770689243314683,-1.2850972089384687,0.7002069529760434,0.462791354390416,1.366041613151811,-1.0491217756254771,0.09534109570725927,1.0,0.0,1.0,0.0,1.0,0.0,-0.0876675174649165,0.6609640474436811,0.0,0.7005930130637242,-0.675288914919127,0.0,0.5652694452823701,-0.5505823154563655,0.28775738723023336,-0.07883041117427225,0.0,0.0,-0.4425070493497601,-0.3236566839097652,-0.3236566839097652,0.5180572387887257,0.1495529627617564,0.4889476337797658,0.46260208719154006,-0.25031707836897465,0.7717391304347826,-0.48099277483448977,0.0,1.4649735207179269,0.0
Najibnaik,najibnaik,0,1.8180227550291352,-0.47528412478131127,-2.5878642910537297,1.3228582196297995,-1.3085747720803957,-1.5911082661968492,1.9851014641664526,0.7254212399204196,-0.4680098047193348,0.0,0.0,0.0,0.0,0.0,0.0,-0.6323078819263657,0.0,-0.3154648767857287,-1.2454986898910656,0.5745081963384273,0.0,-2.244921272495501,0.3933606287908112,-2.746795789993661,-1.4063487303904758,0.6931471805599453,1.0,-0.4425070493497601,-0.3236566839097652,-0.3236566839097652,-0.2576036959637148,-0.2785014162449113,-0.21979719864789649,-1.5905614266602106,0.20644787029278286,-0.07608695652173914,1.3532181747735805,0.0,0.0,0.0
neo_pahlavism1,neo_pahlavism1,1,-0.4904583910652189,-0.06917639994567489,0.8141032187793542,-0.2850972089384689,-0.02809173987469842,0.7800390339648274,0.7695864371949653,-0.9325139041201613,-0.21925390402059772,1.0,0.0,1.0,0.0,0.0,0.0,0.5820853491063983,-0.5,-0.3154648767857287,0.8303319409695896,0.2051359520008003,0.0,0.5793223823813897,-0.1987952728601915,0.46364461516332445,0.3684622340074098,0.0,0.0,-0.4425070493497601,-0.3236566839097652,-0.3236566839097652,-0.09589737130307778,-0.1892625526090219,0.04865786605824213,0.7796510230937393,0.02572892734415127,-0.8369565217391305,-0.19871130493844566,0.0,0.6309297535714574,0.0
IRANIAZAD140,iraniazad140,1,0.14502314934477833,0.2897218265923003,0.9758096310173531,0.14642828402660843,1.003979146640082,1.4523461321266709,-0.20652453120986386,0.08236456900466647,0.5295362364442779,1.0,0.0,1.0,0.0,0.0,0.0,0.5032468543548593,0.2924812503605782,0.0,-0.2238005458398009,-0.1249252077454554,0.0,0.04556743615304384,-0.34534257828793413,-0.07860817704810798,1.4644349048371135,0.0,0.0,0.0,0.8769514395748774,1.2296380717553468,-0.15063948666990465,-0.21947240481246844,0.45731919204927307,1.4517331261505093,-0.4508430839931761,-0.8695652173913043,-0.17024028623046028,0.0,1.2618595071429148,0.0
ebrahimi_mazyar,ebrahimi_mazyar,0,1.2006348049168514,-0.7100840957936224,0.07988737629565143,0.839441578296375,-0.6842728669141589,-0.759339626721261,0.08836372977138454,0.923955521693562,-0.39851263347666366,1.0,0.0,1.0,0.0,1.0,0.0,0.9561057896627505,1.4036774610288019,1.2618595071429148,-0.8333849696331851,0.5908966064969441,1.3219280948873622,0.4239577430708707,0.5698328935046486,0.127770741011932,-0.6923381541135903,0.0,0.0,0.0,0.4077591983577851,0.22963807175534695,0.36477789654449055,0.1868028070374275,-1.0427725295564454,-0.7671228575936876,0.48230063735950274,0.6086956521739131,1.2122960287752718,0.0,0.0,0.0
kouroch7,kouroch7,0,-0.47579786739132035,0.4528481383615621,-0.8818590056074099,-0.5113915944693856,0.49065254222700594,-0.4565483099642495,-0.8034934497816594,0.6333367623985038,2.05404463677412,1.0,0.0,0.0,0.0,0.0,0.0,1.4703032561638747,0.2924812503605782,0.9170218835732348,0.2666083358113568,-0.6172072801416907,1.0,0.2507100277024188,0.1328938867563862,-0.6886842999286411,0.5101225908239628,0.0,0.0,1.5129415947320601,1.553294755665112,2.706037906864074,-0.03187470053964407,-0.05323969417809208,-1.2958268429443185,-0.46757223803979325,0.15233295193353075,-0.6413043478260869,-0.47157415753663023,0.0,0.6309297535714574,0.0
ab_ganji,ab_ganji,0,2.4489790421261555,-1.0528635574457443,0.1933460169739696,2.1081781159660573,0.13615055228215633,0.003274879622473782,0.5738505008990495,2.0073623054042344,-0.5089174047010678,1.0,0.0,1.0,0.0,0.0,0.0,-0.6323078819263657,0.0,-0.3154648767857287,-1.2454986898910656,1.0442246408268192,0.0,-2.244921272495501,0.5592519006458837,-2.746795789993661,-0.2610984427107014,0.6931471805599453,1.0,-0.4425070493497601,-0.3236566839097652,-0.3236566839097652,-0.2576036959637148,-0.2785014162449113,0.5943964799946513,0.003367243304849137,0.24594762647239043,0.6956521739130435,2.2438549496200775,0.0,0.0,0.0
HirAn_irani,hiran_irani,0,-0.05429792944667955,-0.45047779439325486,0.6999947999246635,-0.12453878723484421,0.27004338519648635,1.0858583984725334,-0.17004880554842025,-0.14195868125452632,-0.21893268206635932,1.0,0.0,1.0,0.0,0.0,0.0,1.2550717728320464,0.2924812503605782,0.6845351232142712,0.031361657011456934,-0.37839113741792424,0.5849625007211564,0.4348395003394711,-0.05841362808275016,0.0979330998397792,1.0908764808609475,0.0,0.0,0.31396374801627,0.4077591983577851,0.9610539540228976,0.030235009245989996,-0.06950113734967306,-0.33727024760253216,1.084949223625001,0.10191042641855465,0.6739130434782609,0.2904825308903751,0.0,0.0,0.0
GhorbaniiNiyak,ghorbaniiniyak,0,1.6702605167988576,0.20212163624160193,0.5867177974764214,1.3774725759004651,0.7369746192727124,0.6039717313532897,-0.21731312612381198,1.7517856287096485,0.4221961622993357,1.0,0.0,1.0,0.0,0.0,0.0,0.30976516687567374,-0.5,-0.3154648767857287,0.9669008723161446,1.4632058956409626,0.5849625007211564,-0.5354099811440466,1.0491546824125,0.46994983041202343,0.6721151242519153,0.0,0.0,0.0,0.4077591983577851,1.0371339325992097,0.9638782284149143,0.999999045714814,0.18840626569069877,0.6037164790271738,1.061917896965272,0.782608695652174,0.6646001305712192,0.0,0.0,0.0
LadyJusticeIran,ladyjusticeiran,0,0.3016516788315417,0.15417811765832226,0.6013476981313681,0.649166827234239,0.025815103821790843,-0.1466038675229526,0.09041870023118417,-0.012339669820431337,0.1671693802476516,1.0,0.0,1.0,0.0,0.0,0.0,0.18465266476580805,0.5,-0.3154648767857287,-0.4151667489214761,1.0541258596844596,0.5849625007211564,-0.6190219206464845,0.35567161999350844,-0.005064724493797074,-0.1957238364546462,0.0,0.0,0.0,0.0,0.6763433160902347,0.1774701914638031,2.4744090383790196,-0.08447216720561372,-0.146715888970721,0.32356696782101557,0.6521739130434783,-0.006261311120790516,0.0,0.0,0.0
limondar0,limondar0,0,-0.09994299577394232,-0.23281707977284,0.9888161259781846,0.3280499838269894,1.431430018695543,0.2070296065731828,-0.7130747495504752,0.6895948584959481,0.5364282462891643,1.0,0.0,0.0,0.0,0.0,0.0,0.2309266721241348,1.660964047443681,0.3154648767857287,0.2436849324239116,-0.3350213827403723,1.0,-0.6732286027345691,-0.28269183644208307,0.06111116024840198,0.8964161505304393,0.0,0.0,1.19897784671579,1.1704824501274749,1.4302461952399892,0.299757251181406,0.02908245632554133,0.05461629280580175,0.2065487749142627,-0.3132894256246188,-0.5652173913043478,0.09367821045050287,0.0,0.6309297535714574,0.0
shirkhaan69,shirkhaan69,0,0.3369303058099114,0.4654639299020962,-0.6677878696828315,0.18778873079776442,0.30200057501686656,-0.4996877967974357,-0.11559208836372978,0.1863037777094016,0.701606508998159,1.0,0.0,1.0,0.0,0.0,0.0,0.4316172770252502,-0.5,-0.3154648767857287,0.3113746724727663,-0.846411637735955,0.0,-0.5354099811440466,0.21878272520616238,0.06792191013272952,-0.38549691250286655,0.0,0.0,0.0,0.22963807175534695,-0.3236566839097652,-0.2576036959637148,-0.2785014162449113,-0.4792539360988052,-0.5000828848906459,0.05604706672419638,-0.6086956521739131,-0.20528723369850208,0.0,1.0,0.0
Behzadhamrahi,behzadhamrahi,0,-0.1660093656280062,-1.8900314871392287,-0.841471532810373,-0.2850972089384689,-0.7090828098886148,-1.8237844368756655,-0.6231697919342409,0.3794810327072278,-0.521986188074925,1.0,0.0,0.0,0.0,0.0,1.0,0.07162957732960912,-0.5,-0.3154648767857287,0.3113746724727663,0.20688399589495127,0.0,0.7732803116853343,-0.01941936776691977,0.03671510565563484,-0.9661555616044575,0.0,0.0,-0.4425070493497601,-0.3236566839097652,-0.3236566839097652,-0.2576036959637148,-0.2785014162449113,-0.8368232117699753,-1.825182884875295,0.057966912398751694,0.5652173913043478,1.5076743031348432,0.0,0.0,1.0
Ivar_lathbrug2,ivar_lathbrug2,0,0.8679738589809577,-0.7343705187857748,0.1609055725593824,0.7874868239530826,0.7276584057603235,-0.17538613985689783,0.9427176984330851,0.09221795115716398,-0.4765389753494328,1.0,0.0,1.0,0.0,1.0,1.0,2.3322945339349235,3.527641217750595,2.188265632734657,0.3634614276840106,0.1891320996536646,1.9999999999999998,0.8203581384962743,0.6042955772319593,-0.6120492296146322,-0.5161996646952445,0.0,0.0,2.123682016378365,1.8641793974976288,2.2770719614576995,0.9518813589700009,0.631594946999805,-1.8405182309265176,-0.25544948763860104,0.672141644363334,0.17391304347826086,1.044670457389623,0.6931471805599453,0.6309297535714574,1.0
Majidirani99,majidirani99,0,-0.22095520444787548,0.4618742673162053,-0.48806465145819705,-0.8982444017039272,-0.21504857122008839,-0.17840078738883106,-0.036475725661443616,-0.3951658585001151,0.6328956717666616,1.0,0.0,1.0,0.0,0.0,0.0,0.30976516687567374,0.9036774610288021,1.2474100518427786,-0.5330314036925923,-0.23218879322915503,1.3219280948873622,0.8267917609516455,-0.9779263774729001,0.21731878973811888,-0.15693055707557935,0.0,0.0,0.9247041696625747,0.8769514395748774,1.2847106379326625,1.1714028475213447,1.0993169795229423,-0.21163860608609975,-0.1796482651772644,-0.8257777310728941,-0.5760869565217391,-0.40270456432571056,0.0,1.0,0.0
Mooniter,mooniter,0,0.9891743180542186,0.06042633259688174,0.8959168626982609,1.1943936673700275,1.1738751988018705,1.0297530834066768,1.4718725918314923,0.02482696965211647,-0.24143347569793958,1.0,0.0,1.0,0.0,1.0,0.0,-0.6323078819263657,0.0,-0.3154648767857287,0.3113746724727663,0.3462518058005977,0.0,-0.5354099811440466,-0.007589873363928933,-2.746795789993661,0.4100878520330909,0.6931471805599453,1.0,-0.4425070493497601,-0.3236566839097652,-0.3236566839097652,-0.2576036959637148,-0.2785014162449113,1.1184926596059812,1.029378557829444,0.0426083349974109,0.6630434782608695,0.41544348269297976,0.0,0.0,0.0
irandokht_20,irandokht_20,0,0.3718180834630332,0.3403001537609877,0.38305471363479454,0.2262943855309167,0.06060247761248167,0.6844940894940723,-0.05548420241459029,0.16857013165949697,0.47826420480912935,1.0,0.0,1.0,0.0,1.0,0.0,0.7039374592559748,0.5,0.0,0.2641967389730552,-0.033093711086637966,0.5849625007211564,0.43955121512927553,0.013074391146990182,0.14888910001871625,0.6384079500318808,0.0,0.0,-0.4425070493497601,0.0,-0.3236566839097652,-0.05307063795326837,0.137891206010703,-0.10004485853356931,0.6840371008862143,0.1697954953877961,0.0,-0.10738680241364006,0.0,1.0,0.0
MohammadSigari,mohammadsigari,0,0.20155567560610302,0.8148336980903531,-0.6599333680738872,-0.8982444017039272,-0.059142999383644375,-0.6766785334766968,0.18751605445671718,-0.16992857202369463,1.0148254152231575,1.0,0.0,1.0,0.0,0.0,0.0,-0.6323078819263657,-0.5,0.0,-1.2454986898910656,-1.285078752712958,0.0,-0.5354099811440466,-1.5036554537730689,-2.746795789993661,-0.6707256278707375,0.6931471805599453,1.0,-0.4425070493497601,-0.3236566839097652,-0.3236566839097652,2.151819237514123,1.0511569323264902,0.24720967791123286,-0.67631255793959,-1.6142474614235454,0.75,-0.4424587727655276,0.0,0.0,0.0
LocallAndia,locallandia,0,-0.21649691563013557,-0.036595130864318405,0.2957124793976777,0.0,0.3909146544901121,0.5067859982423286,1.1225276136655535,-0.8544220030035171,-0.25310786675132935,1.0,0.0,1.0,0.0,1.0,0.0,1.4393216954032435,1.7924812503605783,1.4170218835732347,0.496290749214168,-0.11708102814271541,0.5849625007211564,0.5144792775142338,0.01994085038869872,-0.15652007541219604,0.019159797049785755,0.0,0.0,0.55749295065024,0.9610539540228976,-0.3236566839097652,0.14440946036505078,0.14218948985284102,-0.7793709662642825,0.5040052274193114,0.07524573842719631,-0.5,-0.1045658123399701,0.0,0.0,0.0
ba262626,ba262626,0,-1.8016954067099884,-0.34662082460877114,-0.3558954123684133,-0.8982444017039272,-1.212240494493494,-1.029638950377874,0.04469560750064218,-1.30493248658855,-0.22653014780102115,1.0,0.0,0.0,0.0,0.0,0.0,-0.2006906049011154,-0.5,0.3154648767857287,-0.20758259602405685,-0.5467176216237851,0.5849625007211564,0.014929732069161893,-0.5021950050754298,0.7164381507722352,-0.8660741473899762,0.0,0.0,0.0,0.0,0.0,0.7423963040362852,1.4792113113331582,-0.1477680840253065,-1.0296753043785472,-0.11507009674236982,0.010869565217391304,-0.48834250599559237,0.0,1.7712437491614221,0.0
DarkSheepRise,darksheeprise,0,-0.20428172660411834,-0.10990821786206816,0.24747808436713856,0.18778873079776442,0.616645524039514,0.668690406444946,0.7125610069355253,-0.7345162268927456,-0.233650895883841,1.0,0.0,1.0,0.0,0.0,0.0,-0.6323078819263657,0.0,-0.3154648767857287,0.3113746724727663,-0.2713235927920488,0.0,-2.244921272495501,0.6630591218114608,-2.746795789993661,0.28466905825580574,0.6931471805599453,1.0,-0.4425070493497601,-0.3236566839097652,-0.3236566839097652,-0.2576036959637148,-0.2785014162449113,0.9341439906202723,0.6684833108212409,0.4058016925210248,-0.25,-0.04734498455027276,0.0,0.0,0.0
The_Doonald,the_doonald,1,-0.08650367348164037,-0.7899109987494108,0.4937807015078468,0.18778873079776442,-0.13792493961050312,0.6395265254104662,-0.04880554842024146,-0.26998801486938756,-0.4022870476182705,1.0,0.0,1.0,0.0,1.0,0.0,-0.0876675174649165,-0.5,-0.3154648767857287,0.7005930130637242,-0.01949795489916781,0.0,0.6619996259291807,-0.021885313202879144,0.871827760148674,0.5924156087101998,0.0,0.0,0.0,0.0,0.0,0.5180572387887257,0.1495529627617564,0.579212197553682,0.6393165243415231,-0.06562618601439232,0.17391304347826086,0.5601815565694834,0.0,0.0,0.0
Sonofthebeach22,sonofthebeach22,0,0.20864182041602397,-0.9363447723612022,0.02345309020860093,0.38685280723454135,0.21923916543549532,0.10929140954052245,-0.5974826611867454,0.7187950376858244,-0.28269855608422506,1.0,0.0,1.0,0.0,0.0,0.0,0.13219152203468268,-0.5,0.7758642925363403,0.3113746724727663,-0.22730811936946044,0.5849625007211564,0.13526108289014638,0.2660883704329337,0.3220357767534065,0.6007093226975101,0.0,0.0,0.0,0.0,-0.3236566839097652,0.8493613823458334,0.4992988564401785,0.09384322733000591,0.10904359651637638,0.2449359957619282,0.05434782608695652,0.852720123996996,0.0,1.0,0.0
Ted_homan1361,ted_homan1361,0,1.0607566696058994,0.5306716839398368,1.4777785853382481,0.941197176592448,0.8711611612607402,1.37623179245839,1.6331877729257642,0.04585023527779034,0.09869625829360362,1.0,0.0,1.0,0.0,0.0,0.0,-0.35998769969564104,-0.5,-0.3154648767857287,0.3113746724727663,-0.4819492584096751,0.0,-2.244921272495501,0.8315272580469786,-2.746795789993661,0.6962670399730424,1.0986122886681098,1.5849625007211563,0.0,0.0,0.0,-0.2576036959637148,-0.2785014162449113,1.2953943980860587,1.375695116317303,0.2565913739489192,-0.8478260869565217,0.07217599138516362,0.0,1.4649735207179269,0.0
amiretemadi,amiretemadi,0,2.1317210217973597,-0.8072207002996541,0.04183229386861147,1.8075408601354854,0.09930431975499858,-0.04681995708231715,1.959928076033907,1.0773301494098695,-0.5169558578292782,1.0,0.0,0.0,0.0,1.0,0.0,-0.6323078819263657,-0.5,0.18453512321427132,-1.2454986898910656,-0.033093711086637966,0.0,-1.244921272495501,0.27244406882722855,1.0037393681634283,-0.6173496204920799,0.0,0.0,-0.4425070493497601,-0.3236566839097652,-0.3236566839097652,1.1518183684983854,0.4992988564401785,0.5688057181011373,-0.04673121623653114,-0.04914434487097493,-0.40217391304347827,1.8357987065681902,0.0,0.0,1.0
milaniabbas,milaniabbas,1,2.653810455303686,-1.7229987899621033,-2.8885710821109587,2.0489494164397475,-2.4053758290506306,-1.326085068341405,0.5558695093758027,2.2556646523434516,-0.5551847955428222,1.0,0.0,0.0,0.0,0.0,1.0,-0.35998769969564104,-0.5,-0.3154648767857287,-1.2454986898910656,-0.926594132991077,0.0,-2.244921272495501,0.32981647883968107,-2.746795789993661,-1.176751979312836,0.6931471805599453,1.0,-0.4425070493497601,-0.3236566839097652,-0.3236566839097652,-0.2576036959637148,-0.2785014162449113,-0.08442640635421671,-1.3255490683322475,0.12167327272198654,0.9239130434782609,2.9809171108304904,0.0,0.0,1.0
DanaMehraban,danamehraban,0,-0.07386095076694132,0.5020678256136236,-0.31946350117317834,-0.5113915944693856,-0.13601365916679384,0.03905746132240637,-0.47058823529411764,0.1894211071664248,1.1804066282694525,1.0,0.0,1.0,0.0,0.0,0.0,0.0,1.350219859070546,0.4999999999999999,-0.18904957551847776,0.7180934440128142,0.5849625007211564,0.7156173484752502,-0.24295055320642675,0.19819406657719604,0.3747471777695426,0.0,0.0,0.55749295065024,0.6763433160902347,0.8769514395748774,0.31352271812316623,1.5332515850377877,0.1833910842641704,0.03869441965186028,0.06526679510285757,0.1956521739130435,-0.37625039992842646,0.0,0.0,0.0
Fakhravar,fakhravar,0,1.226434853577367,-0.5562037193463845,-0.7431113482384215,1.2200584477334513,-0.0350014926478803,-0.864474543797621,2.0020549704598,0.10679511049508286,-0.4834843727720432,0.0,0.0,1.0,0.0,0.0,0.0,-0.35998769969564104,0.0,-0.3154648767857287,-1.2454986898910656,0.4839875386156671,0.0,0.014929732069161893,0.09944582435212235,0.6822914287027996,-1.1480949548099733,0.0,0.0,-0.4425070493497601,-0.3236566839097652,-0.3236566839097652,-0.2576036959637148,-0.2785014162449113,0.15126399607105437,-0.8641432634043852,0.18523284725236489,0.8260869565217391,1.0882953763046797,0.0,0.0,0.0
Azadlavasani,azadlavasani,0,-0.3081788908533163,-0.26398359424110535,0.7891929279716915,-0.05880282340755195,0.30540268799897946,0.7916519216688046,0.37451836629848445,-0.6847774920719975,-0.25823914012488897,1.0,0.0,1.0,0.0,0.0,0.0,-0.0876675174649165,0.2924812503605782,-0.3154648767857287,-0.46706200870914966,0.5627798110135477,0.5849625007211564,-0.5354099811440466,1.1135129935802657,0.5669254338922276,0.5226636830346223,0.0,0.0,0.0,0.0,0.0,-0.2576036959637148,-0.2785014162449113,0.6568769241373076,0.791362637953834,0.5296618181626302,-0.2826086956521739,0.017281446193661284,0.0,0.0,0.0
adam_hesabi1,adam_hesabi1,0,-0.1929175247295269,-0.6907153159471042,-1.0010495731057454,-0.12453878723484421,-1.4605288645920564,-0.9167440213950243,-0.7459542769072695,0.7002218881048744,0.07392695915871533,1.0,0.0,0.0,0.0,0.0,0.0,0.18465266476580805,-0.5,0.0,-0.20758259602405685,0.37358009651351953,0.0,0.7244407767902578,0.6356280369769836,0.475770794980131,-0.06366420182835043,0.0,0.0,0.0,0.0,0.0,0.7423963040362852,0.27335618006846407,-0.4777284033031022,-0.9170443026142864,0.5182877842113804,0.16304347826086957,0.41772777235614084,0.6931471805599453,0.6309297535714574,0.0
TonyFreeman2015,tonyfreeman2015,0,0.26452349467130126,0.4284757237253535,0.5462367709627489,0.10175559829607272,0.44278778506264954,0.3952812175912969,0.8923709221679939,-0.43778451078747443,0.16382743271378464,1.0,0.0,1.0,0.0,1.0,1.0,0.07162957732960912,-0.5,0.4999999999999999,0.43113404212587947,-0.43601713010486726,0.5849625007211564,-0.266091644416586,0.5440665046156339,0.45792635144208327,-0.017574475104782227,0.0,0.0,0.0,0.22963807175534695,0.4077591983577851,0.4641630653444398,0.9759202481741817,0.2963649256641598,0.3950891771775919,0.20508116239338756,0.11956521739130435,-0.21094666107682097,0.0,1.4649735207179269,0.0
merlin_a_h,merlin_a_h,0,0.45078612062794743,-0.6869306209984285,0.8783682101455815,0.10175559829607272,1.1977922936566017,1.2876465453533272,0.8790136141792961,-0.2734739520381042,-0.46402700358717314,1.0,0.0,1.0,0.0,1.0,0.0,1.488495162242235,0.2924812503605782,0.9999999999999998,0.31755234597462595,0.17175684159471372,1.0,0.14456473047953275,0.23314385739082316,-0.04054346451789387,0.8066591493089651,0.0,0.0,0.55749295065024,0.5532947556651121,1.2847106379326625,0.31352271812316623,0.1373337442583325,-0.41929239303184646,1.2864840094898986,0.33947220256638094,0.7608695652173914,0.7672339796042079,0.0,0.0,0.0
shadisadr,shadisadr,0,1.1274476278590828,-0.29097276638290975,-0.630251022318199,1.4963066051881153,-0.6711279608885055,-0.7344150297382417,1.9070125866940664,0.03484764092917961,-0.4207359762842909,1.0,0.0,1.0,0.0,0.0,1.0,-0.2006906049011154,-0.5,-0.3154648767857287,-0.46706200870914966,3.785669171325757,0.0,-2.244921272495501,0.4717557786389332,-1.070734609713046,-1.0698833996247654,0.6931471805599453,1.5849625007211563,-0.4425070493497601,0.0,-0.3236566839097652,-0.2576036959637148,-0.2785014162449113,0.0031853642129200527,-0.7341076256786676,0.4677097408527205,0.7608695652173914,0.7957383390269305,0.0,0.0,0.0
RadmehrSiavash,radmehrsiavash,0,-0.29012743553446446,-0.8136678482705938,1.0042711505164201,-0.19906407643677707,-1.4496962690003918,-0.5615725504430064,0.35961983046493706,-0.6654666849841062,-0.456457733038798,1.0,0.0,1.0,0.0,0.0,0.0,-0.35998769969564104,-0.5,-0.3154648767857287,-1.2454986898910656,-0.14702319166198516,0.0,-0.5354099811440466,-0.19100207186092202,-2.746795789993661,-0.6466950760240222,0.6931471805599453,1.0,-0.4425070493497601,-0.3236566839097652,-0.3236566839097652,-0.2576036959637148,-0.2785014162449113,0.30598538139051984,-0.5612486839124735,-0.40806999380622944,0.1956521739130435,0.46998233300023384,0.0,0.0,0.0
rasulbajelan,rasulbajelan,0,-0.54521577660113,0.22626234759647693,-0.08652812547379622,-1.2850972089384687,-0.8969617645079394,-1.2005877942336747,0.08476753146673517,-0.7192821542599502,0.24982862193093425,1.0,0.0,1.0,0.0,0.0,0.0,-0.35998769969564104,-0.5,0.6845351232142712,-1.103964889391932,0.542281210907215,0.5849625007211564,-0.12340429316648525,-1.6803215640180769,0.6248287175270598,-0.9899690253424582,0.0,0.0,0.0,0.0,0.22963807175534695,1.8205154415632498,1.0511569323264902,-0.02102676512209019,-1.2014330152650374,-1.231968909803921,0.18478260869565216,-0.38786537985521885,0.0,0.0,0.0
ali_bitarafan5,ali_bitarafan5,0,2.270639497555852,0.4463538571498235,0.3492640622286668,1.9497442138684056,0.5155265883203691,0.656233602408897,0.4777806319034164,1.859055409646969,0.3255497636771199,1.0,0.0,1.0,0.0,0.0,0.0,-0.35998769969564104,-0.5,-0.3154648767857287,0.3113746724727663,0.5390162729842176,0.0,-2.244921272495501,0.930151999656279,-2.746795789993661,0.35630660128668895,0.6931471805599453,1.0,-0.4425070493497601,-0.3236566839097652,-0.3236566839097652,-0.2576036959637148,-0.2785014162449113,0.9277838682248636,0.6560322421179926,0.8660423023532163,-0.34782608695652173,0.7842042376235351,0.0,0.6309297535714574,0.0
iraj63569385,iraj63569385,0,-0.12342395155460897,0.3410930359232348,-0.1039208139140832,-0.19906407643677707,0.8687148168274795,0.4376927255605614,-0.009761109684048292,-0.3304968691507204,0.44764496937561743,1.0,0.0,1.0,0.0,0.0,0.0,1.3034867935350278,1.7617809780285065,0.18453512321427132,0.6788357078246896,0.6838254005394803,1.0,0.8816970043992083,-0.16788577109323408,0.09390908488914575,0.38229079583112585,0.0,0.0,0.0,0.4077591983577851,-0.3236566839097652,0.44386213213255576,0.2673906171155215,-0.7067654005565486,0.43576639198429307,0.11165142517021781,0.05434782608695652,-0.3063143838821649,0.0,2.0,1.0
mard_meshki,mard_meshki,0,-0.21683896126256882,0.44120018079512574,-1.8635422577558851,-0.8982444017039272,-1.7719694218979138,-1.3915853790025456,-0.5979964038016954,0.27251065777955163,1.3225243576438468,1.0,0.0,0.0,0.0,0.0,0.0,0.0,-0.5,-0.3154648767857287,0.7005930130637242,-0.4819492584096751,0.5849625007211564,0.24999355852028826,-0.17965230610939867,0.45949084936781437,-0.6991368232992615,0.0,0.0,-0.4425070493497601,-0.3236566839097652,-0.3236566839097652,-0.2576036959637148,-0.2785014162449113,-0.5469654783298968,-1.3917412467347448,-0.1557511126498109,-0.45652173913043476,-0.39125132023318676,0.6931471805599453,0.0,0.0
ArteshAriamehr,arteshariamehr,0,0.017631937439033872,0.18353962725542813,0.5229384366413216,0.05319362416730372,1.2047812669147364,0.861876792038017,-0.5050089904957616,0.33798453390001754,0.724087496256285,1.0,0.0,1.0,0.0,0.0,0.0,1.7747857044227053,2.511183906514227,1.3279346873234075,0.03412355035629046,-0.24536747438219375,2.3219280948873626,0.24199516064998589,0.018042476817534753,-0.34658299282678984,1.1848698202723933,0.0,0.0,1.4179811482680222,2.12537239205223,3.24576459195556,0.08666407781670876,0.21871536404207906,-0.8632157085568686,0.8584267943253601,0.09516505034854199,-0.358695652173913,-0.1533781887670875,0.0,0.0,0.0
darwinsabouri,darwinsabouri,0,-0.11152069909009682,-2.68899415387368,-4.223628020530771,0.0,-2.2917416777590054,-3.36139361573299,-0.20446956075006423,-0.16336107125968477,-0.5676572706314282,1.0,0.0,0.0,0.0,0.0,0.0,-0.35998769969564104,-0.5,-0.3154648767857287,0.3113746724727663,-3.4841539170686837,0.0,-2.244921272495501,0.5242347960454707,-2.746795789993661,-1.5317459243088567,1.0986122886681098,1.5849625007211563,0.0,0.0,0.0,-0.2576036959637148,-0.2785014162449113,-1.1265619680488652,-3.365714440955465,0.35888516053140224,-0.8913043478260869,2.3230328037416927,0.0,0.0,0.0
Tanha_5566,tanha_5566,0,0.047243249668347004,-0.9774665052393922,0.1835768026600586,0.666340816932762,1.4098885191440025,0.6510949852469726,-0.13511430773182637,-0.07806002965309404,-0.44145720043162573,1.0,0.0,1.0,0.0,0.0,0.0,0.18465266476580805,0.6609640474436811,0.3154648767857287,-0.5189572684968232,-0.5440673289313548,1.0,0.3524662950420498,0.07404459736503324,0.3870704847539698,0.6581886356620166,0.0,0.0,0.31396374801627,0.4077591983577851,0.0,0.376157433745945,0.07124447743351088,0.32283526106691074,0.650791858159804,0.08239393992920942,-0.6630434782608695,0.7987218985981068,0.0,1.4649735207179269,0.0
kayvanabbassi,kayvanabbassi,0,2.021081838015224,-0.507486691969766,-1.0967237128827185,1.4847191171323806,-0.9267700331510575,-0.963629661307331,2.05651168764449,0.9267573853846857,-0.4764352361332544,0.0,0.0,1.0,0.0,0.0,0.0,-0.35998769969564104,-0.5,-0.3154648767857287,0.3113746724727663,-1.0359614650097744,0.0,-2.244921272495501,1.2326476987696782,-2.746795789993661,-1.2000252656265837,0.6931471805599453,1.0,-0.4425070493497601,-0.3236566839097652,-0.3236566839097652,-0.2576036959637148,-0.2785014162449113,0.10067960661120592,-0.9631711860322745,1.0407479681364138,0.782608695652174,1.4990184104044064,0.0,0.0,0.0
LiberalArtist00,liberalartist00,0,0.7823810331361546,-0.26829098279461505,0.8599774153779519,0.666340816932762,0.6078666459477784,0.704345451634911,-0.10172103776008219,0.6360818183190506,-0.12406101949607977,1.0,0.0,1.0,0.0,0.0,0.0,-0.2006906049011154,-0.5,-0.3154648767857287,0.8303319409695896,0.23112150520625102,0.0,-0.5354099811440466,0.17512029133854015,0.3097188575086683,0.6859937366921803,0.0,0.0,0.0,0.0,0.0,-0.2576036959637148,-0.2785014162449113,0.7378062482667015,0.7041145859162843,-0.6200136283457239,-0.16304347826086957,0.5845595373057808,0.0,1.0,0.0
IranNewsAgency0,irannewsagency0,1,2.014881366711468,-1.399591600935332,-1.2399168786620907,1.554344369357906,2.0475412821585324,0.4939631783292274,-0.4726432057539173,2.521791851009287,-0.4779819248493039,1.0,0.0,1.0,0.0,0.0,0.0,1.371302020743264,0.5,0.4999999999999999,0.33186001217474964,0.7267414385291832,1.584962500721156,-0.7441136406975501,0.8462319605382153,-0.11987914837612575,0.8004222421401871,0.0,0.0,1.4179811482680222,1.553294755665112,2.377884109086853,-0.1377266492887991,-0.12495676027632954,-0.7317226884546603,0.49206912599881547,0.6162412015701795,0.6413043478260869,2.311555805230829,0.0,0.6309297535714574,0.0
Zimmermann____,zimmermann____,1,-0.028996507477606424,0.06014736466807292,-0.23465520179181315,-0.2850972089384689,1.0042280472213867,-0.022531930931612508,-0.34266632417159004,0.06039038845723874,0.35527941371936134,1.0,0.0,0.0,0.0,1.0,0.0,2.0121406957059342,2.0221970596792267,1.5913291693220688,0.19809656662717384,-0.17315333215134845,2.1699250014423126,0.7088546576631827,-0.30295864440019243,-0.4721715500377613,0.19411149066154446,0.0,0.0,1.6002967374713295,2.0054117875095887,3.3321445276350143,-0.019219549267085845,-0.034300701733885545,-1.5029971341902073,-0.045567214654800445,-0.1357762783245005,0.7065217391304348,-0.08920228324913852,0.0,0.0,0.0
nastaran8888,nastaran8888,1,-0.12281688682420597,0.6363578150646604,-0.10541666296631585,-0.8982444017039272,-0.21828840969398952,0.17120187411105253,-0.5229899820190085,0.2256213942730902,1.5125292849936094,1.0,0.0,1.0,0.0,1.0,0.0,-0.0876675174649165,1.4534452978042594,-0.3154648767857287,0.21979315380507627,-0.3022907518057027,0.0,0.31507094449553663,-0.22035162881758727,0.25967365910181733,0.5579826645635316,0.0,0.0,0.0,0.0,-0.3236566839097652,-0.2576036959637148,-0.2785014162449113,0.3399695322553233,0.1709374929472577,0.06355000027956512,-0.5652173913043478,-0.4544360937391348,1.6094379124341003,1.4649735207179269,0.0
dariush2023,dariush2023,1,-0.18106192207428365,0.327927089551333,-0.22413449319732184,-0.19906407643677707,-2.0724471881721906,0.38097540429121785,-0.35191369124068844,-0.07448602388382967,0.7327801661417123,1.0,0.0,0.0,0.0,0.0,0.0,-0.6323078819263657,2.321928094887362,-0.3154648767857287,-1.2454986898910656,-2.170518077455312,1.0,-0.4652737715932464,-2.352467988847466,-0.36666680158670245,0.5738879927460014,0.0,0.0,1.0704345453822999,1.1065895113302244,0.4077591983577851,-0.2576036959637148,-0.2785014162449113,0.7869368500951655,0.3802991995201811,-1.4640415977333678,-0.42391304347826086,-0.31947724337897243,0.0,1.4649735207179269,0.0
shirinkhanomam,shirinkhanomam,0,-1.1182643664204037,-0.20922023780058485,-0.27515911866507947,-1.2850972089384687,-0.6091085093564336,-0.5549161667394215,-0.6046750577960441,-0.5386099565284536,0.3468509264703974,1.0,0.0,0.0,0.0,0.0,0.0,-0.6323078819263657,0.0,-0.3154648767857287,0.3113746724727663,-0.2713235927920488,0.0,0.4645900188559534,0.12462052143149252,-2.746795789993661,0.0035892258028724887,0.6931471805599453,1.0,-0.4425070493497601,-0.3236566839097652,-0.3236566839097652,-0.2576036959637148,-0.2785014162449113,0.30938424515958995,-0.5545948046833218,-0.18069627282274633,-0.782608695652174,-0.35050354407550127,0.0,0.0,0.0
amirmoghadam_ir,amirmoghadam_ir,0,-6.274903156870676,-1.3891401956176133,0.0050470674540834815,-1.2850972089384687,0.7173059105591713,-0.12489196071944066,1.0028255843822245,-1.5496913275229631,-0.5464391819560366,1.0,0.0,1.0,0.0,1.0,1.0,-0.6323078819263657,-0.5,0.0,1.8682480348365982,0.8863921955549819,0.0,-2.244921272495501,0.48718832102125975,-2.746795789993661,-0.49063704721918566,0.6931471805599453,1.0,-0.4425070493497601,-0.3236566839097652,-0.3236566839097652,-0.2576036959637148,-0.2785014162449113,0.5289558463373235,-0.12474441477262531,0.26697549176430563,0.6847826086956522,-0.7428218299901407,0.0,0.0,0.0
aminkhss,aminkhss,0,0.5402148490251348,-0.29666575786053245,1.2736228256212057,1.522443651197017,1.4948270974267703,1.2066507390346406,1.1631132802465964,-0.292798125627817,-0.3751040425270435,0.0,0.0,1.0,0.0,0.0,0.0,-0.35998769969564104,-0.5,-0.3154648767857287,0.3113746724727663,-0.5600483558264223,0.0,-2.244921272495501,0.4804743556821867,-2.746795789993661,0.6501336653669331,1.0986122886681098,1.5849625007211563,0.0,0.0,0.0,-0.2576036959637148,-0.2785014162449113,1.2088114162480283,1.2061935582693568,-1.3191554900801798,0.03260869565217391,0.4771230047661926,0.0,0.0,0.0
alinaghi2018,alinaghi2018,0,-0.2503911220480141,-0.17580343248297015,0.8540697499719208,0.10175559829607272,0.5510603359298257,0.6416219507932808,0.34266632417159004,-0.6288519717786141,-0.19944192304255604,1.0,0.0,1.0,0.0,0.0,0.0,0.4316172770252502,0.0,0.0,0.2406069937865183,-0.09665669487162372,0.5849625007211564,-0.9627508938815428,0.44713606898372915,0.14033254854706478,0.39715412460808197,0.0,0.0,0.0,0.4077591983577851,0.782932827420459,-0.2576036959637148,0.041956720211843865,0.10347662313497999,0.6413052675849354,0.28545359286979566,-0.8913043478260869,-0.02076454426187952,0.0,1.4649735207179269,0.0
SushyanPahlavi,sushyanpahlavi,0,-0.35654438132807664,0.3800840574835335,-0.02316659964825678,-0.5113915944693856,0.4560019345415541,0.44343092016854646,-0.6586180323657848,0.26793121879344434,1.3659614920538814,1.0,0.0,0.0,0.0,1.0,0.0,1.8261731242213965,2.307354922057604,0.9739860847955542,0.3060517224468445,0.3502803561192995,1.8073549220576042,0.007329711699952613,0.03754900385206809,-0.48286961691878866,1.0131685538211102,0.0,0.0,0.0,0.782932827420459,0.0,-0.02769783002866428,-0.03840258651044521,-1.1175110235183934,0.4367023808886556,0.08482180245337478,0.13043478260869565,-0.4047239981642597,0.0,0.0,0.0
protester0101,protester0101,0,0.2819968755424095,0.05538076601536886,1.1740767941602686,0.666340816932762,0.8932665414430002,0.6692117033995811,0.6724890829694323,-0.34038918588432004,-0.11652171666855188,0.0,0.0,1.0,0.0,0.0,0.0,-0.35998769969564104,-0.5,0.0,1.0898113536546823,0.9675861124677333,0.0,-1.244921272495501,-0.5041572168812194,0.8854731986913712,0.298448715307868,0.0,0.0,-0.4425070493497601,-0.3236566839097652,-0.3236566839097652,1.1518183684983854,0.4992988564401785,0.934406180477921,0.6689965940142241,-0.2983049940089306,0.22826086956521738,0.05829499914075489,0.0,1.4649735207179269,0.0
shino_sdch,shino_sdch,0,-0.05013905900832928,0.7713062887649933,-0.3836218410119338,-1.2850972089384687,0.3999917518391029,-0.7804692617216566,0.1479578731055741,-0.3688382501824727,0.9716933762220695,1.0,0.0,0.0,0.0,0.0,0.0,0.6768318864961318,-0.5,0.0,0.13838891630715866,-0.5146698593200223,1.0,-0.3170106396844216,-0.24050003058185726,-0.34367444037745865,-0.7321650248135381,0.0,0.0,0.9247041696625747,1.2847106379326625,1.7829328274204592,-0.13118761535546533,-0.20873774186508487,-0.8259571281822573,-0.7823658096085125,-0.3199910583896238,0.3695652173913043,-0.4912856472088251,0.0,0.0,0.0
kasrakarimi3,kasrakarimi3,0,0.9777973457954071,0.11303644348128988,-0.010740108833250403,0.7450782818005696,0.888429629875216,-0.04164767585916124,0.7695864371949653,0.2760288007722647,-0.09429470308561477,1.0,0.0,1.0,0.0,0.0,0.0,0.9561057896627505,1.0849625007211563,0.3154648767857287,0.2881383375394862,-0.020103617561032586,1.3219280948873622,0.3387306705845491,0.5716503681398389,0.022586016160107254,-0.3599052595647369,0.0,0.0,0.55749295065024,0.782932827420459,0.0,0.40200124006972726,0.08550657827094174,-0.6746047279446274,-0.043195533424553616,0.49108719088710306,0.7065217391304348,0.36522815894788746,0.0,0.6309297535714574,0.0
FAZEL_TWT,fazel_twt,0,0.20844308587289315,-0.694529086942152,-0.5142751153652,0.14642828402660843,0.10063305857247652,-0.29892721804447225,0.2604675057796044,-0.2068784726369717,-0.4164225155703668,1.0,0.0,1.0,0.0,1.0,0.0,-0.35998769969564104,-0.5,-0.3154648767857287,0.3113746724727663,-1.1548505235289066,0.0,-0.5354099811440466,0.17701440958779635,-2.746795789993661,-0.4005431765044613,0.6931471805599453,1.0,-0.4425070493497601,-0.3236566839097652,-0.3236566839097652,-0.2576036959637148,-0.2785014162449113,0.440094198294103,-0.29870686644945416,-0.06562618601439232,-0.33695652173913043,0.6393280583045408,0.0,0.0,0.0
agha_xavier2,agha_xavier2,0,-0.08145084533263665,-0.4358647409694449,0.1378036358689627,-0.12453878723484421,-1.209757648960416,0.22801595945398703,0.3000256871307475,-0.4772896518245547,-0.32876860683108144,1.0,0.0,1.0,0.0,1.0,0.0,0.5995493342790531,0.5,0.4170218835732348,-0.778436681181916,0.22057054328637063,0.0,0.6996538453070797,-0.1858234139523485,0.40801973326284435,0.03885204309365693,0.0,0.0,0.0,0.0,0.0,0.4713970414636101,0.12380317842241037,-0.2476485045071871,0.22755832230241876,-0.0077524647079024464,0.6413043478260869,0.26442640287868846,0.0,0.6309297535714574,0.0
Awat_Baggio,awat_baggio,0,0.03716696065002764,0.03789017350621271,-0.8704732572553572,-0.19906407643677707,-0.32510169062216854,-0.7025757911683795,-0.2733110711533522,0.046089911028098896,0.2670998150564163,1.0,0.0,1.0,0.0,0.0,0.0,0.2723201822307247,0.0,-0.3154648767857287,-0.15568733623638334,0.13147936242244854,0.0,-0.08574969435725534,0.6582674012245239,0.375727796838406,-0.4520441046782779,0.0,0.0,-0.4425070493497601,0.0,-0.3236566839097652,-0.2576036959637148,-0.2785014162449113,-0.44613531690795627,-0.7028734890685031,0.6747484574037748,-0.8478260869565217,-0.04361582598032077,0.0,0.0,0.0
itshamedfard,itshamedfard,0,1.2946649161442814,-1.2424648416729356,-2.140540188649926,0.666340816932762,-0.9925907330721921,-1.7269502628212796,0.36424351399948623,0.8298388022613717,-0.5219961299251766,1.0,0.0,1.0,0.0,0.0,0.0,0.8544055313371228,0.5,0.18453512321427132,0.18163574456690113,0.4003721031360594,0.0,-0.047511665422274064,1.102358284045377,0.24044088587347004,-1.3073037257025084,0.0,0.0,0.0,0.22963807175534695,-0.3236566839097652,-0.11570277858110647,-0.20019231706348223,-1.4543946700462167,-1.7457627183877902,1.0087306245260705,-0.5108695652173914,1.7510618491067955,0.0,0.0,0.0
hardseltzerr,hardseltzerr,0,0.10375926933100772,0.1271326008743348,0.6530984531597459,0.2623140199996974,0.3930369167503386,0.5263235066917109,-0.5979964038016954,0.6072345746964296,0.8024360887742963,1.0,0.0,0.0,0.0,0.0,0.0,-0.35998769969564104,-0.5,0.0,-0.46706200870914966,0.44603059163900033,0.0,-1.244921272495501,0.4264457939080795,0.043736276585754776,0.9926152960216339,0.0,0.0,-0.4425070493497601,-0.3236566839097652,-0.3236566839097652,-0.2576036959637148,1.0511569323264902,0.8614499934069206,0.526171905891271,0.10699155148535852,-0.5543478260869565,-0.07715874445741103,0.0,0.0,0.0
Moradian_ir,moradian_ir,0,-0.49605816920804663,-0.6091514339246217,-0.1326173070096802,0.41408311632868133,-1.098407367115992,-1.7936638672873604,0.2445414847161572,-0.7608433436525334,-0.3874410578548824,1.0,0.0,1.0,0.0,0.0,0.0,-0.35998769969564104,-0.5,-0.3154648767857287,0.3113746724727663,-1.0359614650097744,0.0,0.4645900188559534,0.04379376250186115,-2.746795789993661,-1.310835341912508,0.6931471805599453,1.0,-0.4425070493497601,-0.3236566839097652,-0.3236566839097652,-0.2576036959637148,-0.2785014162449113,-0.32328111613995747,-1.7931495666785642,-0.593396965352296,-0.08695652173913043,0.1923703089702537,0.0,0.0,0.0
arash_tehran,arash_tehran,0,1.6728227468467276,0.8346298704858005,1.0160571138161874,2.345850009066814,0.7780287663016335,1.4108196855059234,2.044695607500642,0.5531612073446496,0.3574735755877205,0.0,0.0,1.0,0.0,0.0,0.0,-0.2006906049011154,0.0,0.18453512321427132,-1.2454986898910656,0.9708666956123091,0.0,-2.244921272495501,-0.1660156699041723,0.05111090678151984,0.6457578511243558,0.0,0.0,0.0,0.0,0.4077591983577851,0.15181749948264733,0.6528441026523915,1.0985081388119229,1.4102576207022084,-0.8695645890035624,0.8586956521739131,0.1371686757213358,0.0,0.0,1.0
YasiPatriot,yasipatriot,0,0.22826483314932186,-0.43662321845274976,0.8380945134884485,0.714902791061531,0.46231939432070135,0.534235734776634,-0.5969689185717956,0.7388901820915672,0.08391662116223103,1.0,0.0,0.0,0.0,0.0,0.0,1.3854188080213323,2.3774437510817346,2.159511675459099,1.2910169963864968,0.2338547975626254,1.8073549220576042,0.23474602187475196,0.21713440297320896,-0.3014252327239976,0.9985411176453479,0.0,0.0,0.55749295065024,1.3362275830855712,1.6259116676376844,0.8278698959071241,0.776335313907715,-0.7237089303564956,0.5297039983102955,0.24465549701769673,-0.6739130434782609,0.4282255370893183,0.0,0.0,0.0
AlinejadMasih,alinejadmasih,0,3.772859746960726,0.12321602500638769,-0.5584459476956443,3.140031530603034,1.1721465130362905,0.20231044182527916,0.3817107629077832,3.678774105097183,0.01867239430130455,1.0,0.0,1.0,0.0,1.0,0.0,-0.2006906049011154,-0.5,-0.3154648767857287,1.8682480348365982,1.0317463602807206,0.0,-2.244921272495501,1.1270979153851675,0.9754810161343063,-0.017522214706315556,0.0,0.0,-0.4425070493497601,-0.3236566839097652,-0.3236566839097652,-0.2576036959637148,-0.2785014162449113,0.48147863413047887,0.2022983186088061,0.8111631800829654,0.7934782608695652,1.9346324584334684,0.0,0.0,0.0
CemalK25777Cema,cemalk25777cema,1,-0.494593492728079,0.2725589188256153,0.3234913693798566,-0.2850972089384689,0.6022039102945306,0.24477038679358012,-0.6776265091189314,0.17681266309576862,1.230600396248119,1.0,0.0,0.0,0.0,1.0,0.0,1.437301768195657,2.0221970596792267,2.2324867603589635,-0.4808154279922717,-0.33328960156125453,1.0,0.6546147126211564,-1.0075878630947084,-0.47820861747366195,0.860879047137555,0.0,0.0,2.6169589949838126,2.1616620775075397,2.558706543174701,1.0310077488784255,0.6260652236288089,-0.9136195243953513,0.23698784594242847,-0.8095723945507054,-0.21739130434782608,-0.3949291630374821,1.6094379124341003,1.6309297535714573,0.0
brgsht8970,brgsht8970,0,0.21191367986671403,0.6997088890156299,-1.0901553113573992,-0.38685280723454174,-0.43986040712279845,-0.13001490154115528,-0.4592858977652196,0.4651079320228525,1.5100050262710023,1.0,0.0,1.0,0.0,0.0,0.0,0.18465266476580805,-0.5,0.18453512321427132,0.0,0.4802389430591381,0.0,-0.19071461875573742,-0.28851937834377483,0.6267877941326941,0.20773357298904774,0.0,0.0,0.0,0.0,0.0,-0.2576036959637148,-0.2785014162449113,-0.07598588993709376,-0.13009764706791468,-0.14414274102210065,0.8043478260869565,-0.3846121076381423,0.0,1.4649735207179269,0.0
RealPersianGod,realpersiangod,0,2.8021083193690894,-0.7207316549855739,0.40513092111376375,1.785213457768842,0.17042867249791135,-0.13717817928794362,-0.036989468276393524,2.875322131831842,-0.38128644754133334,1.0,0.0,1.0,0.0,0.0,0.0,0.5032468543548593,0.0,0.9739860847955542,-0.29618581594954496,-0.05188465412226519,0.5849625007211564,-0.19857318757163864,1.2407476764301228,0.2173025084706646,-0.12062660507370143,0.0,0.0,0.55749295065024,0.8769514395748774,0.8769514395748774,0.3619984419243699,0.4836394042208261,-0.35450638732866274,-0.13799634475510436,0.9500760182367667,-0.30434782608695654,2.143942878292037,0.0,0.0,0.0
ArdavanMofid,ardavanmofid,0,0.8164419219621698,1.039398255359343,-4.507638762614572,0.41408311632868133,-0.7530641382299509,-2.212512688220297,1.4651939378371437,-0.13667811913421785,0.7888210747246835,1.0,0.0,1.0,0.0,0.0,0.0,0.0,-0.5,-0.3154648767857287,0.3113746724727663,0.5461887945638942,0.0,-2.244921272495501,0.5524507809593432,0.8845987766587668,-1.4925547621960606,0.0,0.0,0.0,0.0,0.0,-0.2576036959637148,-0.2785014162449113,-0.9664463267870663,-2.214965641109081,0.4997622702701156,-0.15217391304347827,-0.3622838559050524,0.0,0.0,0.0
HananyaPersian,hananyapersian,0,1.5350980719029332,-0.8507064281632484,-1.8355771425227851,1.3868528072345412,0.5969565768149546,-0.8064288994781349,0.14898535833547394,1.248353413990448,-0.44549406234662486,1.0,0.0,1.0,0.0,0.0,0.0,0.34394975956033375,0.0,-0.3154648767857287,0.4411136003786317,0.06783942864709824,0.0,-0.5354099811440466,1.2089307482955298,0.3738065615615905,-0.7514091510478859,0.0,0.0,-0.4425070493497601,-0.3236566839097652,-0.3236566839097652,-0.2576036959637148,-0.2785014162449113,-0.5612850181064527,-0.8069948349080444,0.9469974313750257,0.09782608695652174,1.5316907895136878,0.0,0.0,0.0
EboshiJasmine,eboshijasmine,0,-0.31357969476313746,0.3233502195759274,0.48330294145456415,-0.5113915944693856,0.7508262925234432,0.5334578991891185,0.36475725661443614,-0.6845900283016562,0.22854064136392083,1.0,0.0,1.0,1.0,0.0,0.0,-0.6323078819263657,0.0,0.6309297535714573,-0.07784366811819167,-0.4261716272159433,0.5849625007211564,0.5979364534867838,-1.2790864641481083,-0.233762912760871,0.28850960730986525,0.0,0.0,0.0,0.4077591983577851,0.5532947556651121,1.339758677980421,0.9695155191228659,0.8650628934712717,0.5332447991663563,-0.9015893115011836,-0.06521739130434782,-0.36241571224226093,0.0,0.0,0.0
golberg2582,golberg2582,1,0.10250874310272151,0.5361570813685953,-0.14148174958469956,-0.8982444017039272,-0.3143496905480453,0.043723706690903856,-0.5979964038016954,0.6058993607861958,1.4920928610454904,1.0,0.0,0.0,0.0,1.0,0.0,0.8070138134768777,1.660964047443681,-0.3154648767857287,0.36600224501138845,-0.25430751875106783,0.0,0.8136707853191496,0.0053381605476378,0.06839377606385373,0.5404501907035031,0.0,0.0,0.31396374801627,0.22963807175534695,-0.3236566839097652,-0.1377266492887991,-0.08651244188959165,-0.511064999824656,0.042575632312473195,0.22877728650780813,0.06521739130434782,-0.33520084938557093,1.6094379124341003,1.4649735207179269,0.0
MayraYazdari,mayrayazdari,0,0.7048910412059463,-0.7087690661074113,-0.16205524730153179,0.666340816932762,-0.05071694583262982,-0.33770145135443325,0.3811970202928333,0.19880910211295846,-0.43308582318025485,1.0,0.0,1.0,0.0,0.0,0.0,-0.0876675174649165,-0.5,-0.3154648767857287,-0.20758259602405685,0.5976675473409591,0.0,-0.15522797808748992,0.2964100132071251,0.5656680413256993,-0.47837120347773143,0.0,0.0,-0.4425070493497601,-0.3236566839097652,-0.3236566839097652,0.7423963040362852,0.27335618006846407,0.08025457186002734,-0.33754713619365023,0.30144626644390854,0.41304347826086957,0.9293800771130752,0.0,0.0,0.0
AccuracyHHM,accuracyhhm,0,0.3005922241540489,0.5938542133770542,-0.41261276681187997,0.41408311632868133,0.27208727919372505,-0.047910496322482704,-0.37349088106858463,0.43298679956960395,1.1893593084560896,1.0,0.0,1.0,0.0,1.0,0.0,0.9348641313801095,2.178776002309042,0.7324867603589635,0.06715884623228859,0.3787428902653006,1.0,0.4157503359826497,-0.061151465019051235,0.020390746269775717,0.19834991864217336,0.0,0.0,0.0,0.4077591983577851,-0.3236566839097652,0.15938244326446988,0.259198865700351,-0.6612550018893372,-0.05036408931443835,0.14028989977202916,0.8369565217391305,-0.29716566007723866,0.0,0.0,0.0
RADOCLUB,radoclub,0,1.3083479707197574,0.9267775027046319,-0.3622607117944125,0.8982444017039269,0.3382509363093545,-0.8216998713709355,-0.314410480349345,1.4598343247913903,1.703744609134397,1.0,0.0,1.0,0.0,0.0,0.0,0.5244885126375003,-0.5,0.8518938829506675,0.1215124090591346,-0.4800990908027194,1.3219280948873622,0.14383921865851176,0.8172363302635555,0.28215681209723453,-0.5189229631449032,0.0,0.0,0.0,0.6763433160902347,1.1704824501274749,0.2171399968646927,0.9304700996749518,-0.7220265479405259,-0.8239276322501732,0.7202652815476404,-0.11956521739130435,-0.10245724827566469,0.0,0.0,0.0
Ftmh_zhra_jnde,ftmh_zhra_jnde,0,0.1350456651752306,0.46509378691272085,-0.007331172222545694,0.10175559829607272,-0.20119244814216727,0.18530789207521361,-0.1782686873876188,0.0452220534819329,0.7569850821036576,1.0,0.0,1.0,0.0,1.0,1.0,0.18465266476580805,0.2924812503605782,0.3154648767857287,-0.33732308080328444,0.15390566497418542,0.0,0.5321639371342466,-0.142271237616218,0.5959742709353136,0.2567823125695407,0.0,0.0,-0.4425070493497601,0.0,-0.3236566839097652,0.02062869042422323,-0.12495676027632954,0.08499928552966073,0.18513013181130375,0.08594004975429222,0.2826086956521739,-0.28333753998962435,0.0,0.0,0.0
MadariSarzamin,madarisarzamin,0,0.02796107286351536,0.004390381002863834,-0.11851274382371417,-0.2850972089384689,0.117664580760959,-0.3082932481709532,0.3241715900333933,-0.39893957972779615,-0.06496061862532267,1.0,0.0,1.0,0.0,1.0,0.0,0.0,0.0,-0.3154648767857287,1.3492907663397748,0.37358009651351953,0.5849625007211564,1.274780933938094,-0.04482138463228352,0.7640803027965329,-0.4332700928064948,0.0,0.0,0.0,0.0,0.0,0.7423963040362852,0.27335618006846407,0.006207429618222207,-0.30822502929472495,0.24414752460491096,0.41304347826086957,-0.023568224421532703,0.0,0.0,0.0
hadint83,hadint83,0,-0.6553810314345292,0.35837657528047795,-0.1183913065167382,-0.19906407643677707,0.24207164119663777,0.02746766590340188,0.27896223991780117,-0.8775462875363632,0.3072143050959148,1.0,0.0,1.0,0.0,0.0,0.0,-0.35998769969564104,-0.5,-0.3154648767857287,0.3113746724727663,1.0191530709198298,0.0,0.4645900188559534,-1.7477293014320008,-2.746795789993661,-0.12981033619091234,1.0986122886681098,1.5849625007211563,0.0,0.0,0.0,-0.2576036959637148,-0.2785014162449113,0.6067489975473025,0.027549489359919934,-0.8514457812370639,-0.30434782608695654,-0.479559198192032,0.0,1.0,0.0
keykemiveyi,keykemiveyi,1,-0.42620986533766175,0.06486862994760977,-0.29549346379748376,-0.6719500161730103,-0.2112890031934934,0.020092870332672,-0.12175699974312869,-0.5029694580737836,0.18902377466281844,1.0,0.0,1.0,0.0,1.0,0.0,1.2452901478252905,1.7617809780285065,2.2064728451545172,-0.6925611033872894,-0.6467858101754599,2.3219280948873626,0.5917470994100672,-0.6279976501724774,-0.19933529093179483,0.06965289502514095,0.0,0.0,2.5487269865104136,2.5694212758653245,2.889522338750683,1.3959307256912814,1.0146539422530294,-0.8768486332599873,0.011198170907000444,-0.35296454325252413,-0.5,-0.25686573895043263,0.0,0.0,0.0
Nasim_zephyr,nasim_zephyr,1,0.6985388625650693,-0.3100128371975759,0.032986720392655766,0.7737056144690829,0.17370004957228502,-0.022678009372765207,0.10480349344978165,0.3735205627517302,-0.22154920559431152,1.0,0.0,1.0,0.0,1.0,0.0,1.036819586191773,1.7617809780285065,0.0,0.34521954249719355,0.25602684927199526,1.3219280948873622,0.08887160398376048,0.30451125885001595,0.09988639796875418,-0.09463608744812844,0.0,0.0,0.0,0.0,-0.3236566839097652,-0.2576036959637148,-0.23724649034098746,-0.7296775773780659,-0.02479326770077987,0.3367548803105281,0.391304347826087,0.5747205718296376,0.0,0.0,0.0
FAli1969,fali1969,0,1.0722847331915595,1.1822879932960577,0.6766842085279071,0.5543443693579063,1.4160910309819892,0.7511438910847466,0.46493706652966865,0.5297565664657709,1.4667660057683536,0.0,0.0,1.0,0.0,0.0,0.0,0.5820853491063983,-0.5,-0.3154648767857287,0.44675570944383797,-0.2600547585217978,0.0,1.0077703590947957,0.0066204986199554765,0.47696530097049356,0.44881790820663114,0.0,0.0,0.0,0.0,0.22963807175534695,-0.2576036959637148,-0.2785014162449113,0.033904782390619496,0.7507629194098137,0.1986646838689683,-0.4891304347826087,-0.3521142670759257,0.0,1.4649735207179269,0.0
PanteaRasouli,pantearasouli,1,0.880501903153619,0.11827644777143012,1.1134006183727212,0.7450782818005696,0.8203995188855179,1.0688334640915906,0.26200873362445415,0.45263041475595384,0.05652444613692769,1.0,0.0,1.0,0.0,0.0,0.0,0.5032468543548593,0.6609640474436811,0.4999999999999999,0.19161530281965333,0.23342990774961417,1.0,0.7339087241115274,0.04032188775351546,0.4005060933520854,0.8307400326837746,0.0,0.0,-0.4425070493497601,0.0,-0.3236566839097652,0.6748978747447631,0.398312933365529,0.26149389362706704,1.0683401725508859,0.08548708569081782,-0.5652173913043478,0.30969519572562143,0.0,0.0,0.0
firstzorba1,firstzorba1,0,-0.4812934230179157,-0.02519800897547945,-0.558771305009897,-0.05880282340755195,-0.6240689098418406,-0.4168353272597002,-0.6822501926534806,0.20222543124139003,0.7584774124553469,1.0,0.0,0.0,0.0,0.0,0.0,0.34394975956033375,0.5,0.18453512321427132,-0.6044327298373223,0.648708948557581,0.5849625007211564,-0.8441001095532022,0.004887318461647305,0.3354409875001086,0.25497660162515573,0.0,0.0,0.0,0.0,0.0,0.12902338228103225,-0.06513832617510192,-0.3624235309104854,-0.4172672887311011,-0.06038637451189825,-0.21739130434782608,-0.22291656609946262,0.0,0.6309297535714574,0.0
kouli2017,kouli2017,0,0.11682648300240321,-0.4150846434523818,-0.4313882692433888,-0.12453878723484421,-0.1436926424221623,-0.5995179337566383,-0.35910608784998715,0.22541386572468963,-0.10532832307365707,1.0,0.0,1.0,0.0,1.0,1.0,0.07162957732960912,0.5,0.4170218835732348,-0.40718154544591195,-0.7810173185418566,1.0,-0.266091644416586,0.44882024699050355,0.17480923530300366,-0.3009786398182959,0.0,0.0,0.0,0.4077591983577851,0.0,0.4641630653444398,0.8159701895066873,-0.21176746498930132,-0.5998736916101018,0.13747304903348628,-0.391304347826087,0.35086760172952797,0.0,1.4649735207179269,0.0
Reddington_LA,reddington_la,0,0.7527948499776473,1.0485128430159698,0.6732743624989179,-0.6719500161730103,0.2971093988582508,0.6757557724139833,-0.5122013871050604,1.1444714323542546,2.272759475378202,1.0,0.0,1.0,0.0,0.0,0.0,0.7168197601249716,0.0,0.6309297535714573,0.2714548825883953,0.1066563584613625,1.0,-0.41206922803334645,0.6551329123855975,0.20138569089681344,1.0177689606568148,0.0,0.0,0.0,0.0,0.0,0.7423963040362852,0.27335618006846407,-0.11501553193784701,0.6752608195204984,0.5137203703752292,-0.4673913043478261,-0.38759357882684464,0.0,0.0,0.0
jalilparsi,jalilparsi,0,-0.34195933239972887,0.5262174774367392,-0.3795054926036987,-0.38685280723454174,-1.4013966824105493,-0.5236334229813099,1.2540457230927304,-0.9568314070316777,0.17462192396063766,1.0,0.0,1.0,0.0,0.0,0.0,-0.0876675174649165,0.0,-0.3154648767857287,-0.46706200870914966,0.792620796980904,0.0,0.4645900188559534,-0.23174175019818508,0.3667344944964662,-0.8433119484980753,0.0,0.0,0.0,0.0,-0.3236566839097652,-0.2576036959637148,-0.2785014162449113,-0.014712173197987042,-0.5234907960002335,-0.3181098543699511,0.8260869565217391,-0.46676400868471,0.0,0.0,0.0
HosseinAshtarii,hosseinashtarii,0,-0.2848854420279205,-1.1983092267976863,-2.233860153550734,-0.12453878723484421,-2.453675415640473,-3.1900019690960746,-0.7135884921654251,0.4941120505236833,-0.3227477234258899,1.0,0.0,0.0,0.0,0.0,0.0,-0.35998769969564104,0.0,-0.3154648767857287,-1.2454986898910656,0.426649242234172,0.0,0.4645900188559534,0.7378830968592113,0.18127385646793814,-1.4368691271994347,0.0,0.0,-0.4425070493497601,-0.3236566839097652,-0.3236566839097652,1.1518183684983854,0.4992988564401785,-1.040629648075109,-3.1974866690190105,0.7563511687352757,-0.5108695652173914,0.8089116699962963,0.0,0.0,0.0
shooresh57,shooresh57,0,-0.07101584877103298,0.10007558739631067,-0.5223092887803158,-0.38685280723454174,-0.2867161805123969,-0.5445769160339342,1.096840482918058,-0.7530203024696519,-0.16534527583956038,1.0,0.0,0.0,0.0,0.0,0.0,1.3063234482874897,-0.5,0.18453512321427132,0.3558561013088632,0.22704020256065294,0.0,-0.21380077502459846,0.3977705279466273,-0.06402040147978284,-0.827346336767686,0.0,0.0,0.31396374801627,0.4077591983577851,0.0,-0.20829603877089126,-0.21118656471597913,-1.2104742172452372,-0.5523151894490026,0.3043085818962393,0.15217391304347827,-0.13503522049086086,0.0,1.0,0.0
vajname,vajname,0,-0.1740661595627286,-2.5642357868333003,-1.3040451807016857,-0.2850972089384689,-0.38588190428748975,-1.0678671606798518,0.566144361674801,-0.6626827792689882,-0.5690250817854713,0.0,0.0,0.0,0.0,0.0,0.0,-0.35998769969564104,-0.5,-0.3154648767857287,0.3113746724727663,0.5390162729842176,0.0,2.1741013102074076,-1.3428881202609053,-2.746795789993661,-1.0446739748523424,0.6931471805599453,1.0,-0.4425070493497601,-0.3236566839097652,-0.3236566839097652,-0.2576036959637148,-0.2785014162449113,0.047448307262355174,-1.0673809046745089,-1.6142474614235454,0.532608695652174,2.1566165802858257,0.0,0.0,0.0
ANUBIS_GOD2,anubis_god2,0,0.40945760243039886,0.8469064513560701,-0.03150992507516367,-0.05880282340755195,0.14798382251078857,-0.9296497887880514,-0.4443873619316722,0.6513190670322548,1.755968721507467,1.0,0.0,1.0,0.0,1.0,0.0,1.074264570836722,0.0,-0.3154648767857287,0.8775098744693008,0.28071572467327244,0.0,0.7845588580694878,0.09449295433293364,0.1499565518077435,-0.49993657756745524,0.0,0.0,0.0,0.4077591983577851,-0.3236566839097652,-0.2576036959637148,-0.2785014162449113,-1.222468290725353,-0.9375167809230571,0.06330981724683757,0.07608695652173914,-0.3955604450427145,0.0,0.6309297535714574,0.0
Aramofen,aramofen,0,-0.29957631299171195,-0.05914006124320545,-0.4909242940076826,-0.05880282340755195,-0.22755639087153004,-0.4069333926517018,-0.3452350372463396,-0.19196305829020982,0.2172260718032863,1.0,0.0,1.0,0.0,0.0,0.0,1.0196106318469234,1.4534452978042594,0.8154648767857287,0.16692173441920058,1.4341615955497924,1.0,0.20568059707450126,-0.18348346611644592,0.07427052775655352,-0.1467549890249808,0.0,0.0,0.0,0.22963807175534695,0.782932827420459,0.3641907910815838,0.36977370782664143,-0.9124185697449932,-0.41081242763980913,0.16873922115477424,-0.32608695652173914,-0.12525607316305815,0.0,0.0,0.0
ViemonX,viemonx,0,-0.2806056144219654,-0.25600661355577486,-0.6096842147998963,0.5113915944693853,0.5954051688835736,-0.20464925208461898,1.7739532494220396,-1.0121707463595395,-0.4033184053927638,0.0,0.0,1.0,0.0,1.0,0.0,-0.6323078819263657,1.584962500721156,1.6181086349396747,1.3724290182512264,0.3562368782504715,1.3219280948873622,0.5971091945498331,-0.4979235650798719,0.07079680710502141,-0.7066005516450736,0.0,0.0,1.75647079736603,2.12537239205223,2.5478460273405523,1.495846863725022,1.2919749867408776,0.48680225204680816,-0.20726755913521613,-0.24399127299393883,0.8152173913043478,0.024362684633879146,0.0,0.0,0.0
roshanak_ast,roshanak_ast,0,0.5558029157635787,-0.11148291677565404,-0.624032762287987,0.941197176592448,-0.7705115401592438,-1.1647860879363028,1.3871050603647572,-0.346912798073091,-0.3200795254649247,0.0,0.0,1.0,0.0,0.0,0.0,0.0,0.0,-0.3154648767857287,-0.20758259602405685,0.3803273080950521,0.0,-0.15522797808748992,0.6036316433775359,0.7185118145037773,-1.2221302163044534,0.0,0.0,0.0,0.0,0.0,-0.2576036959637148,-0.2785014162449113,-0.43121382590142715,-1.164918652202287,0.5654732182552058,0.7934782608695652,0.3295828944134283,0.0,0.0,0.0
amir41355273,amir41355273,1,-0.30837113670257027,0.17718777396552593,-0.1244685198305846,-0.6719500161730103,0.28796280152780024,0.09249100270216726,0.26817364500385305,-0.6382186440451045,0.1118984788005004,1.0,0.0,1.0,0.0,0.0,0.0,0.9827515906013219,-0.5,-0.3154648767857287,0.518957268496823,0.20917462882596022,0.0,-0.24492127249550139,0.24410115966321397,0.10223826163256507,-0.06806893273790543,0.0,0.0,0.0,0.22963807175534695,-0.3236566839097652,-0.2576036959637148,-0.2785014162449113,-0.627328799043105,0.0913556360203631,0.3724443809483992,-0.4891304347826087,-0.2793103544759733,0.0,2.0,0.0
Arrested_voice,arrested_voice,0,0.8526271019741656,0.3977819410458661,-0.7804261718269919,0.29614926566610034,-0.09174797202045913,-0.20946792548796894,0.08836372977138454,0.5474815127442348,0.4593337642964299,1.0,0.0,1.0,0.0,0.0,0.0,1.1267257135678475,0.792481250360578,0.4170218835732348,0.3113746724727663,0.13691943154629135,0.5849625007211564,0.31453631519955677,0.19438784792868755,-0.018470046516211168,-0.2488570161268364,0.0,0.0,0.0,0.6763433160902347,-0.3236566839097652,0.21559924141783968,-0.017360780653097978,-0.8966641864296276,-0.21243946851252946,0.15142608807288613,-0.010869565217391304,0.07292521103478523,0.0,0.0,0.0
mohammadd4456,mohammadd4456,0,0.45355253715121135,0.9545702708576459,0.6841914125213443,0.0,-0.011328207731433124,0.9103123385422551,-0.5034677626509119,0.7979194915255975,2.071742615997391,1.0,0.0,1.0,0.0,0.0,0.0,-0.35998769969564104,-0.5,-0.3154648767857287,0.3113746724727663,-2.5370637943392786,0.0,-2.244921272495501,0.9616294704908919,-2.746795789993661,1.2288488100206723,1.0986122886681098,1.5849625007211563,0.0,0.0,0.0,-0.2576036959637148,-0.2785014162449113,1.0575096143380331,0.9099934203810437,0.33770030634077647,-0.40217391304347827,-0.43341581119888983,0.0,1.4649735207179269,0.0
MohammadSaam_M,mohammadsaam_m,0,-0.03182777211328313,-0.6552850833380469,1.0347476070894044,0.4400464314018453,0.14395972987174957,0.7628584009980397,-0.5856665810428975,0.4377149325096213,-0.11687827790696204,1.0,0.0,0.0,0.0,0.0,1.0,-0.6323078819263657,-0.5,0.0,0.3113746724727663,-1.285078752712958,0.0,-2.244921272495501,-2.6038367623493377,-2.746795789993661,1.1978703193251998,0.6931471805599453,1.0,-0.4425070493497601,-0.3236566839097652,-0.3236566839097652,2.151819237514123,1.0511569323264902,0.9822236844394528,0.7626078470732336,-1.6142474614235454,0.21739130434782608,0.4741920586455185,0.0,0.0,1.0
GhassemiAbi,ghassemiabi,0,-0.049448056172526504,0.30187265667208035,-0.6462538174143291,-0.19906407643677707,0.735598174908459,-0.0031040319823218594,-0.15104032879527357,-0.15423687202976766,0.49932345763093516,1.0,0.0,1.0,0.0,1.0,1.0,0.6906183879401716,0.792481250360578,1.4170218835732347,0.7845427385091068,0.045511241429126624,1.0,1.1680489802571523,-0.7992670875667255,0.01711677231236569,0.0677155568028894,0.0,0.0,0.55749295065024,1.0371339325992097,1.7237772057925873,0.941084117142302,0.8427659352831938,-0.44083178702774883,-0.004802521904563919,-0.5553116986970604,0.717391304347826,-0.25579131566350877,0.0,0.0,0.0
Me_Unstoppable2,me_unstoppable2,0,0.12890958314111833,0.23063615048261532,0.5737015086203041,0.38685280723454135,0.8947400807644017,0.5562851582334308,-0.2661186745440534,0.12830637840591,0.5032497752528962,1.0,0.0,1.0,0.0,0.0,0.0,0.0,0.6609640474436811,0.0,0.15568733623638314,-1.244690721963034,0.5849625007211564,-0.7952609857087096,0.33002238389411,0.45801890893204966,0.6650062788199596,0.0,0.0,0.0,0.0,0.0,0.376157433745945,0.07124447743351088,0.44764423190651165,0.5560547610051548,0.057966912398751694,-0.5217391304347826,-0.13764840770777526,0.0,0.6309297535714574,0.0
pouriazeraati,pouriazeraati,0,3.927585916183471,-0.870316365855778,-0.5367682608216833,2.587233091627034,0.941221822289234,-0.24921389275876837,1.2555869509375803,3.4037531452771614,-0.5085728502613877,1.0,0.0,0.0,0.0,0.0,0.0,-0.0876675174649165,-0.5,-0.3154648767857287,-0.20758259602405685,0.21602357661654634,0.0,0.9595050740811384,0.6790237863505009,0.44052355829531087,-0.6452014231622427,0.0,0.0,-0.4425070493497601,-0.3236566839097652,-0.3236566839097652,0.7423963040362852,0.27335618006846407,0.1254362867923472,-0.2490847898300639,0.3347942891898336,-0.6413043478260869,2.931946205660294,0.0,0.0,0.0
TaraMedric,taramedric,0,0.6499160167486542,-0.008578410095361323,-0.0015012733075898442,0.683002072900642,0.21729985554570402,-0.39660376050199597,2.006164911379399,-0.42125322628988465,-0.32558498564062227,0.0,0.0,1.0,0.0,0.0,0.0,0.6162699417910583,0.9036774610288021,-0.3154648767857287,-0.22547885532442916,-0.15937012898143085,0.5849625007211564,0.13120831945395717,0.3941371930090912,0.08958547839793196,-0.8762435431205047,0.0,0.0,-0.4425070493497601,0.0,-0.3236566839097652,-0.13975897181652436,-0.21346791003883,-0.5804132515239601,-0.39760804152978924,0.2244137409211152,-0.7717391304347826,0.2938495272543859,0.0,0.0,0.0
BardiaGarshasbi,bardiagarshasbi,0,-0.3413574775247062,-0.9061271240280582,0.23065969816320372,0.14642828402660843,-0.014488195324120762,-0.8853295668681769,1.8438222450552273,-1.0528489375630439,-0.5248693160781622,0.0,0.0,1.0,0.0,0.0,0.0,0.5244885126375003,0.5,-0.3154648767857287,0.0,0.3982480811116409,0.0,0.6846610729209525,-0.24229744195683173,0.3290743051103925,-1.1420535544500667,0.0,0.0,0.0,0.0,0.5532947556651121,-0.12127004506069523,-0.20326465536094412,-0.7541158269583311,-0.8869177382892889,-0.2967597011193324,-0.043478260869565216,0.5215119037680029,0.0,0.0,0.0
fcpii_official,fcpii_official,0,0.8469750430458679,0.16941190696361064,1.5198559215768916,0.941197176592448,1.0112410174697988,0.3958186516050873,0.19059851014641666,0.46607734031046033,0.13651780898012003,1.0,0.0,1.0,0.0,0.0,0.0,-0.0876675174649165,-0.5,0.0,-0.6227493449455328,-0.14702319166198516,0.5849625007211564,0.2944326610283924,-0.1624680619860593,0.7537555332463478,0.23954045681558234,0.0,0.0,0.0,0.0,0.0,0.9119948339456488,0.3669504171225276,0.4547745689769404,0.39569969466007254,-0.15783291495785368,0.8043478260869565,0.2504220098627919,0.0,0.0,0.0
aliemamiofnyc,aliemamiofnyc,0,0.4957096920922522,0.6858209224559515,-0.3340836418238798,-0.12453878723484421,-0.3699764339961092,-0.1758248433491078,-0.3627022861546365,0.6246919940267647,1.334034681353561,1.0,0.0,1.0,0.0,0.0,0.0,0.4045117042654072,1.0849625007211563,0.5701569977949824,-0.4238151804494072,2.2553021564447513,0.5849625007211564,0.32361973474517747,0.5719298108443762,0.23214379358929227,0.07305342985320956,0.0,0.0,0.0,0.4077591983577851,1.0371339325992097,0.5944578971427653,0.7643112297167471,-0.29117505008798117,-0.17647094597638802,0.2761373647686872,0.42391304347826086,-0.2787110522192857,0.0,0.0,0.0
KFravahar,kfravahar,0,1.3978374345756837,-0.5974703440141673,-0.07201055367578561,1.061586423325228,0.6852236226556647,0.019048201823570796,0.5466221423067044,0.8337266841511837,-0.41808330459245474,0.0,0.0,1.0,0.0,1.0,1.0,0.8803187663792397,1.5,0.3154648767857287,-0.783301910439303,0.3636089973323111,0.5849625007211564,-0.07933537744551852,0.558743949475418,0.2449047078186093,-0.23840685896241595,0.0,0.0,0.31396374801627,0.5532947556651121,-0.3236566839097652,0.0038776190408301645,-0.1342009662656426,-0.5827964040607037,0.017700653419040525,0.5673244110563033,0.7717391304347826,1.223230003415092,0.0,0.0,1.0
yebekhe,yebekhe,0,0.042589864342920856,-1.5183508204500633,-1.8775846321720868,0.6131471927654583,-1.6253632075183526,-1.3075572094639636,-0.5060364757256615,0.3654688527583084,-0.4924160012533865,1.0,0.0,0.0,0.0,0.0,0.0,-0.35998769969564104,-0.5,0.0,-0.46706200870914966,0.3253909086352436,0.0,-1.244921272495501,-1.5539969896152785,0.15034081283273157,-0.7334424513231749,0.0,0.0,-0.4425070493497601,-0.3236566839097652,-0.3236566839097652,1.1518183684983854,0.4992988564401785,-0.0750670392104243,-1.307226445577313,-1.6142474614235454,-0.45652173913043476,1.2840535987136996,0.0,0.0,0.0
Hosein_Golzar75,hosein_golzar75,1,0.9946921838129942,1.2930616773538437,-0.1894996032668401,-0.2850972089384689,-0.19176944789063327,-0.272218251791937,-0.25635756486000516,1.0334849700044526,2.327985069788803,1.0,0.0,1.0,0.0,0.0,0.0,-0.35998769969564104,-0.5,-0.3154648767857287,0.3113746724727663,-0.14702319166198516,0.0,-0.5354099811440466,-0.0795079071668231,-2.746795789993661,-0.09831177532784427,0.6931471805599453,1.0,-0.4425070493497601,-0.3236566839097652,-0.3236566839097652,-0.2576036959637148,-0.2785014162449113,0.4537317748937418,-0.2720088891730277,-0.7289715473934494,0.16304347826086957,-0.4313371770961316,0.0,1.0,0.0
Scorpionofiran1,scorpionofiran1,0,-0.25973111810078137,-0.1926948702034862,-0.07219060608873852,0.14642828402660843,0.8044794000750454,0.45071215375248147,0.2496789108656563,-0.5928790357282282,-0.18711835290913315,1.0,0.0,1.0,0.0,0.0,0.0,-0.6323078819263657,-0.5,0.18453512321427132,-1.2454986898910656,0.38704176690298286,0.0,-0.5354099811440466,-2.2726491877990305,-0.4462755518762197,0.2624153020975529,0.0,1.0,-0.4425070493497601,-0.3236566839097652,-0.3236566839097652,1.1518183684983854,1.4792113113331582,0.8228439549933427,0.450593731956332,-1.6142474614235454,-0.15217391304347827,-0.012733626328999255,0.0,0.6309297535714574,0.0
Bermooda1380739,bermooda1380739,1,-0.4767508501228635,0.502411410873332,-0.1576099219252462,-0.8982444017039272,0.10328243687212707,-0.02729759123748529,-0.6498844079116363,0.1262528413963924,1.562475599578802,1.0,0.0,0.0,0.0,1.0,0.0,0.6323078819263657,1.9289904975637862,1.7222589228935266,-0.32163913855083115,-0.36797001279206404,1.0,0.7012960060573573,-0.4982945338624299,-0.10624070765192817,0.5566466573251132,0.0,0.0,1.6002967374713295,1.2847106379326625,2.1616620775075397,0.5256878523266996,2.1868836627319403,-0.40632578422063037,-0.03058589486836037,-0.3856899089593441,0.021739130434782608,-0.49189800105440445,0.0,1.892789260714372,0.0
lexi__princess,lexi__princess,0,-0.03983749684396244,-0.7512477277622711,0.8868624590446569,0.3280499838269894,0.7768540252405693,1.099396306316432,0.40791163627022864,-0.49484891307788004,-0.4461409691957755,1.0,0.0,1.0,0.0,0.0,0.0,0.0,-0.5,0.885621874580711,-0.8791757289670301,-1.795585146625425,1.0,-0.5354099811440466,-0.5150367817756994,0.5238448098436306,0.7962352270256383,0.0,0.0,0.9247041696625747,0.9610539540228976,-0.3236566839097652,1.7167445594526203,0.8110576662746535,0.7249405203417469,1.0989281019898993,-0.6518742642014548,-0.6521739130434783,0.5522598345995172,0.0,0.0,0.0
Iranaryan2579,iranaryan2579,0,0.5185794111684604,0.4543639362301125,-0.28088861576735896,0.18778873079776442,0.4242704578638029,-0.3215021575623996,-0.10531723606473158,0.3617241372265893,0.6766020389118623,1.0,0.0,0.0,0.0,0.0,0.0,1.074264570836722,0.0,0.6845351232142712,0.2570647021000664,0.002658875300687275,0.5849625007211564,-0.31603793742925584,-0.10800770155070091,0.1482943835336987,-0.24097718261568993,0.0,0.0,0.0,0.0,0.0,-0.2576036959637148,-0.2785014162449113,-0.912060418601424,-0.32462892062321824,-0.06018966085928632,0.5434782608695652,-0.12185466927969853,0.0,1.4649735207179269,0.0
NaghmeL,naghmel,1,-0.525180951500741,-0.33659172762468853,0.4857109806881369,-0.19906407643677707,0.7279119541643099,0.41252033471776123,1.0773182635499614,-1.0206031080442795,-0.3820989968303252,1.0,0.0,0.0,0.0,1.0,0.0,0.662543949149385,1.4534452978042594,1.8746546062242486,-0.5648990445468176,0.12760833879755112,1.8073549220576042,0.37306514721032163,-1.0720511133865513,-0.001997022470944977,-0.05292358634012509,0.0,0.0,1.5129415947320601,1.8895223387506836,1.6259116676376844,1.0424791973632757,1.1332356801142132,-0.20591910901695473,0.4105160278961265,-0.950045859732759,-0.5108695652173914,-0.03042525948259921,0.0,0.0,0.0
_Hassan_sabbah_,_hassan_sabbah_,0,-0.06563846739729273,-0.2399162077286981,-0.9701610498538541,0.714902791061531,0.9009900169582314,-0.024384863808570124,0.7115335217056254,-0.6346661930650785,-0.3023202723019691,1.0,0.0,1.0,0.0,0.0,0.0,-0.6323078819263657,0.0,-0.3154648767857287,-1.2454986898910656,3.7688625360184527,0.0,-2.244921272495501,-1.3782971073285664,-2.746795789993661,-0.3282478115717279,0.6931471805599453,1.0,-0.4425070493497601,-0.3236566839097652,-0.3236566839097652,-0.2576036959637148,-0.2785014162449113,0.5802737565617274,-0.024280495025980408,-0.8514457812370639,0.2717391304347826,0.1160110785187696,0.0,0.0,0.0
trollsiasi,trollsiasi,0,0.07965091968878675,0.1725368848313274,-0.21715372572214253,0.14642828402660843,0.2715769062904103,-0.692862925886932,-0.5050089904957616,0.4021208879298004,0.7076906885135723,1.0,0.0,1.0,0.0,0.0,0.0,0.9348641313801095,0.0,0.3154648767857287,0.3113746724727663,-0.16802857441971913,0.5849625007211564,0.023568350912525415,0.5746701351549739,-0.03181865334026746,-0.2421637430263298,0.0,0.0,0.31396374801627,0.4077591983577851,-0.3236566839097652,0.090292166370846,-0.08651244188959165,-0.9900859118210548,-0.6966228087825276,0.34942659047206553,0.07608695652173914,-0.11935707551036419,0.0,0.0,0.0
oshtb,oshtb,0,-0.16906119100546407,0.35438181252202394,0.04244790815166831,-0.5113915944693856,-0.09756917192485237,-0.0848023188774018,1.1281787824300025,-0.8257140203779684,0.03177296701120861,1.0,0.0,1.0,0.0,1.0,0.0,1.1847282031202166,1.4534452978042594,1.2170574992696026,-0.12842025616794314,0.260079055909337,0.0,0.3553802594800471,0.08532746276452438,-0.04707035768002888,-0.48827152917570776,0.0,0.0,0.9247041696625747,0.8769514395748774,1.9835409509051014,0.4666165171524784,0.30559732419691876,-0.8796216589870185,-0.08851313769962846,0.062460022832570385,0.6739130434782609,-0.32992068721916556,0.0,0.0,0.0
IRAANBAAN,iraanbaan,1,-0.41093883489076033,0.3149037792073278,0.36968647425161016,-0.38685280723454174,0.8965039415547417,-0.049664541425899975,-0.19984587721551503,-0.4296055296696161,0.5584118847348867,1.0,0.0,1.0,0.0,0.0,0.0,1.6646116140720808,0.5,1.4270249151001355,0.4697662977395754,0.15595414837311802,1.3219280948873622,1.030790554270137,-0.15355794720342353,-0.23643024997921888,0.05893263662394326,0.0,0.0,0.55749295065024,1.1065895113302244,1.1065895113302244,0.07134856985682883,0.01652423147138554,-1.241946810467426,-0.05960739897932091,0.029961188956728394,-0.41304347826086957,-0.3896275516193292,0.0,0.0,0.0
BELOVEDIRAAAAN,belovediraaaan,0,-0.09802991110194659,-1.3639356244047298,-0.6249530880378499,0.4886084055306143,0.7004714066880213,0.21940467963115268,-0.18186488569226816,-0.1716132075059037,-0.5067587014880683,1.0,0.0,1.0,0.0,1.0,0.0,-0.35998769969564104,0.0,-0.3154648767857287,-0.46706200870914966,-1.1548505235289066,0.0,0.4645900188559534,-0.11342667026963202,0.3176272842998904,0.2904641825934128,0.0,0.0,-0.4425070493497601,-0.3236566839097652,-0.3236566839097652,-0.2576036959637148,-0.2785014162449113,0.7047405746893152,0.2193853980863976,-0.2793806463168316,0.13043478260869565,1.063215102331831,0.0,0.0,0.0
artesh_shah,artesh_shah,0,-0.4958138661447634,-0.31119059199971383,0.2571460964799984,-0.2850972089384689,0.3896379720755553,0.2109674984835876,-0.44901104546622145,-0.2429770201980544,0.04886385114022259,1.0,0.0,0.0,0.0,0.0,0.0,1.2614601245864208,1.1609640474436813,0.6309297535714573,0.26179292650156544,0.2180529385536783,0.5849625007211564,0.19949757772671162,-0.15180392993604644,-0.011695958466108398,0.5104645288330093,0.0,0.0,0.75647079736603,0.6763433160902347,1.5143487096880095,-0.042964637280172704,-0.11464522490911634,-0.7891571604222057,0.20867949149710896,-0.13946611651518948,0.3804347826086957,-0.03535908199937511,0.0,0.0,0.0
BB_Goal,bb_goal,1,-0.25289479818881877,0.5020678256136236,0.5894678996971815,0.05319362416730372,-0.18145679342285637,0.7703291883511942,0.7356794246082713,-0.774890766368741,0.2954198724090494,0.0,0.0,0.0,0.0,0.0,0.0,-0.6323078819263657,0.9999999999999999,1.091329169322069,-1.2055789000066945,0.15878533983140286,1.584962500721156,-0.266091644416586,-2.032264998839265,-0.2636514177827197,0.37044410077242634,0.0,0.0,0.0,0.6763433160902347,1.1704824501274749,1.0615248561332067,1.1933174887824676,0.9859473129370151,0.7698975109139781,-1.5533255217698152,-0.8913043478260869,-0.4312743997103048,0.0,0.0,0.0
Mahizadyaar,mahizadyaar,0,0.17721982700755995,-0.1110887735106051,0.15631459540581832,0.9906197686659235,1.866611258027959,0.6558361973313723,1.9106087849987157,-0.760244020156623,-0.36123374107430917,1.0,0.0,1.0,0.0,0.0,0.0,0.5995493342790531,1.1609640474436813,0.0,0.36002696504663606,0.27997488456777087,0.0,0.8447723742416011,0.07649322111555919,0.34983836950345276,-0.019952958594268183,0.0,0.0,0.0,0.22963807175534695,-0.3236566839097652,0.24705804667679557,0.0,-0.02919625303655986,0.655388611382606,0.18659021304155224,0.2608695652173913,0.13553996779222638,0.0,0.0,0.0
cpiparty,cpiparty,0,0.46859557254074247,-2.1933010608047767,-1.8678285847962472,0.7874868239530826,1.0831917851136674,-0.44858163530248973,0.31184176727459545,0.00662326819051266,-0.5643563539381229,1.0,0.0,1.0,0.0,0.0,0.0,-0.35998769969564104,0.0,-0.3154648767857287,0.3113746724727663,0.9139964116427671,0.0,0.8447723742416011,-0.8472904804139485,0.8335130192116579,-0.541808659406674,0.0,0.0,-0.4425070493497601,-0.3236566839097652,-0.3236566839097652,-0.2576036959637148,-0.2785014162449113,0.363654916764935,-0.4483503303289642,-0.5563538098936985,0.5108695652173914,2.1610683123936925,0.0,0.0,0.0
azadsocial_,azadsocial_,0,0.8355916713211947,-1.3494051212283344,-2.0730547025651944,0.9514380258712308,-0.09041196984940153,-1.151475844864138,0.4623683534549191,0.28517827050525235,-0.5342265114773337,1.0,0.0,0.0,0.0,0.0,0.0,-0.35998769969564104,-0.5,-0.3154648767857287,0.3113746724727663,2.841915710140548,0.0,-2.244921272495501,-0.16710695931212247,-2.746795789993661,-1.067952905285679,1.0986122886681098,1.5849625007211563,0.0,0.0,0.0,-0.2576036959637148,1.8289572050115803,0.004750114989874553,-1.1509701962694225,-0.433879576050084,0.7934782608695652,1.5846091492158607,0.0,0.0,0.0
siavosh48,siavosh48,0,-0.5415818328969846,-0.17850383850494078,0.09218457511800901,-0.8982444017039272,-0.769249688527458,0.08836920280549683,-0.12535319804777806,-0.5906515516924571,-0.04298836318044125,1.0,0.0,1.0,0.0,0.0,0.0,-0.35998769969564104,-0.5,0.4999999999999999,-0.8995271775598501,-0.9383225183159567,0.5849625007211564,-0.15522797808748992,-1.1056892497947715,0.6700814043587332,0.13346598504388532,0.0,0.0,0.0,0.0,0.4077591983577851,1.2782355664123046,1.2532689227052196,0.6377926781858455,0.08832300540282283,-0.6020855790364936,-0.20652173913043478,-0.1482299444364055,0.0,1.0,0.0
koteh_bamishi,koteh_bamishi,0,-0.47034060863066496,0.22205109562327868,0.25691019094778983,-0.5113915944693856,-0.23640125827817718,0.3474605350891656,0.17159003339326998,-0.7097765237160065,0.20142409511758844,1.0,0.0,1.0,0.0,0.0,0.0,-0.6323078819263657,-0.5,0.3154648767857287,-1.2454986898910656,0.15072421892237953,0.0,-0.08574969435725534,-2.379267772724377,0.13790495823547355,0.2045239610608519,0.0,0.0,0.0,0.0,0.22963807175534695,2.151819237514123,1.0511569323264902,0.7701181631780473,0.3473736340539204,-1.6142474614235454,0.8043478260869565,-0.3614024034659115,0.0,0.0,0.0
Jo5x8HaTcF3o5Px,jo5x8hatcf3o5px,0,0.6974219144541582,0.8597792912494276,-0.10977074216034871,0.18778873079776442,0.7276584057603235,0.05187417803097998,-0.16028769586437194,0.6030069549741525,1.3929413129549195,1.0,0.0,1.0,0.0,1.0,0.0,1.4352714020414252,0.2924812503605782,0.9739860847955542,0.9212097528774911,0.9353628934951252,1.0,1.2743263030202063,-0.12658338455248247,0.0,0.1233452936791702,0.0,0.0,0.0,0.6763433160902347,0.8769514395748774,-0.20987629236468475,-0.23480357141788952,-1.008282465170286,0.0474303943615539,0.06556095458145712,0.717391304347826,-0.3053956695780863,0.0,1.4649735207179269,0.0
mrhosein00,mrhosein00,0,-0.3405557232053751,0.09098094958868205,-0.004726493622619875,0.4648554324615605,0.33755918372621796,0.17795497836807544,-0.8040071923966093,0.7818112796609972,1.382722513582733,1.0,0.0,0.0,0.0,0.0,1.0,-0.0876675174649165,0.0,0.0,0.0,-0.13519314180251482,0.0,-0.7952609857087096,-0.5711718565246318,-0.0978862911560666,1.1068514515430303,0.0,0.0,-0.4425070493497601,0.0,-0.3236566839097652,-0.2576036959637148,-0.2785014162449113,0.3435261264195692,0.17790056152731862,-1.0459004961956142,-0.40217391304347827,-0.23968307806419148,0.0,1.0,0.0
baaarzaaakh,baaarzaaakh,0,-0.357567390569579,0.32629733294553925,-0.43962742692901535,-0.2850972089384689,-0.45059529251232927,-0.5498406791774962,-0.6868738761880298,0.340557199973954,1.3515263952401297,1.0,0.0,0.0,0.0,0.0,0.0,0.2309266721241348,0.2924812503605782,0.7324867603589635,-0.8208972883936649,-0.3297327838136227,1.0,0.1741016184953216,-0.024842309516917474,-0.024572052776749058,0.14265829395648183,0.0,0.0,0.0,0.6763433160902347,1.3362275830855712,1.1867550765871837,0.518578944189165,-0.3319774425131607,-0.5505674566246895,-0.44449272207822266,0.25,-0.378322233952279,0.0,0.0,0.0
yYh8x5hC6nxh1Wd,yyh8x5hc6nxh1wd,1,1.4390182525070352,1.1850163987567106,0.5367345418033489,0.800935923563223,0.5838085137774038,1.1069570940281297,-0.0020549704597996403,1.266777634476266,1.8300924926256825,1.0,0.0,0.0,0.0,0.0,0.0,0.5820853491063983,0.792481250360578,-0.3154648767857287,-0.2594794126850928,-0.642883548880469,0.5849625007211564,-0.8883405615732004,0.5560131045539798,0.31860814482286964,1.0029749976767872,0.0,0.0,0.55749295065024,0.8769514395748774,0.5532947556651121,-0.2576036959637148,-0.2785014162449113,0.2155633527965847,1.1064521285083355,0.3897059827212672,0.18478260869565216,-0.21856970022570968,0.0,1.4649735207179269,0.0
mabi182,mabi182,0,-0.28637957739746817,-0.5409864844731149,-0.39176774046652973,-0.12453878723484421,-0.4615099570436786,-0.6632920879671191,0.9586437194965323,-0.8583832660323045,-0.43499927043074266,1.0,0.0,1.0,0.0,0.0,0.0,0.30976516687567374,0.0,0.7324867603589635,-0.7086451620938702,1.0252471000274894,0.0,2.0580185749274165,-0.7551974533554587,0.4651005112165633,-0.879468003744323,0.0,0.0,0.0,0.6763433160902347,1.0371339325992097,0.6819428454733408,0.766444173984509,-0.4590067690583863,-0.66426285059112,-0.49072759186970194,-0.8913043478260869,0.2443975345285101,0.0,1.2618595071429148,0.0
GreyWol08482159,greywol08482159,1,-0.43181717458028734,0.1453256588554669,0.9879273828419861,0.0,1.780572764060221,1.4645463007198973,-0.042126894425892625,-0.5621528850035062,0.22939368881446295,1.0,0.0,1.0,0.0,1.0,1.0,-0.6323078819263657,0.5,0.0,-0.7265414213942424,-0.3494229198495257,0.5849625007211564,-0.15522797808748992,-2.2726491877990305,0.07871996596238542,1.365199158206842,0.0,0.0,0.0,0.0,0.22963807175534695,0.27823469739656637,0.4992988564401785,1.3404818797009432,1.4639618659711506,-1.3967747462832687,0.15217391304347827,-0.3061416214255121,0.0,2.0,0.0
L0mpan,l0mpan,0,-0.39188509300938146,0.19195561375223788,-0.35521414793433115,-0.6719500161730103,-0.013696760904793645,-0.1733222317023228,-0.8379142049833034,0.9086979738536538,1.7617274138723251,1.0,0.0,0.0,0.0,0.0,0.0,0.7968086948682248,0.2924812503605782,2.024607052837459,-0.9607045163339368,-1.7279303925672178,1.3219280948873622,0.5915964024177173,-0.07559002456495088,-0.4089352592440494,0.897772013024013,0.0,0.0,2.5487269865104136,2.1616620775075397,2.047433889702352,1.5935364294643146,1.0935727264500874,-0.6161741567450095,-0.17967980722719723,-0.25304910010308124,0.043478260869565216,-0.3181658502947894,0.0,0.6309297535714574,0.0
georg_patriot,georg_patriot,0,-0.39897603027052203,-0.3409545478133726,0.513342018010583,0.14642828402660843,0.6086281206975934,0.37458594768414005,0.3318777292576419,-0.7312216856085765,-0.29012324209968154,1.0,0.0,1.0,0.0,0.0,0.0,0.4569728469965327,0.2924812503605782,0.0,-0.23353100435457483,-0.5165425548170989,0.0,-0.13767379035669688,0.07269423232418407,0.4906646525359793,0.15744218113639355,0.0,0.0,0.0,0.0,0.22963807175534695,0.07370044759339298,-0.09566870793282437,-0.054231260873033274,0.3742983264739685,0.1602769714217017,-0.8043478260869565,0.03183852420114419,0.0,0.0,0.0
jabijoon26588,jabijoon26588,1,-0.14434924974415977,0.005014420577499705,0.9524288509973813,-0.8982444017039272,0.05812771296307901,-0.24147952572106082,-0.6015926021063447,0.3543816743103942,0.627630447753132,1.0,0.0,0.0,0.0,1.0,0.0,1.2550717728320464,0.792481250360578,1.3634165139304208,-0.1518901221055778,-0.5533991245074262,1.3219280948873622,0.13926780104481473,0.040197303063155845,-0.05222006349449133,0.28253618625322124,0.0,0.0,1.4179811482680222,1.4734045760589987,2.1065895113302244,0.304778593060612,0.4261813783114608,-1.015747592261873,-0.2470367438298487,-0.2048575202421262,-0.043478260869565216,-0.10171973696472905,0.0,1.6309297535714573,0.0
adam_hesabi,adam_hesabi,0,1.1150246168343432,-0.2198964216669711,0.9549093708100505,0.4400464314018453,0.8800533398871642,0.8234604614867784,1.31466735165682,0.20006053974226196,-0.3590349489393272,1.0,0.0,0.0,0.0,0.0,1.0,1.6866890498572964,2.604726682814475,1.8360620392491975,-0.16639551122272167,0.261137053718617,1.584962500721156,0.38352683509228586,0.6320562846983466,-0.034928518837804734,0.25749864118404014,0.0,0.0,0.55749295065024,1.2296380717553468,1.4734045760589987,0.39957942590632334,0.21931626718531513,-0.8135354526389937,0.8198638193204054,0.5558114832209032,0.22826086956521738,0.7261565012162969,0.0,0.0,1.0
LawdanBazargan,lawdanbazargan,1,0.08210710611317874,0.10187469053749489,0.18483976627948415,0.5543443693579063,0.3331609510445876,0.1939198772724401,1.983560236321603,-0.8355930228322643,-0.270303413664413,0.0,0.0,1.0,0.0,1.0,1.0,-0.6323078819263657,0.0,-0.3154648767857287,0.3113746724727663,0.7700357832166455,0.0,-0.5354099811440466,-0.1879490092595731,-2.746795789993661,-0.4294224895216821,0.6931471805599453,1.0,-0.4425070493497601,-0.3236566839097652,-0.3236566839097652,2.151819237514123,1.0511569323264902,0.6917368429553273,0.19392828466113193,-0.08864410105058251,0.782608695652174,-0.068997982711165,0.0,0.0,1.0
ssaallaar,ssaallaar,1,0.09588183153271956,0.5549437627924289,-0.21861220139536142,-0.38685280723454174,0.10953188022341562,-0.13506425628169155,-0.3041356280503468,0.13802377467649235,1.0335324212366892,1.0,0.0,1.0,0.0,0.0,0.0,-0.6323078819263657,-0.5,0.7758642925363403,-1.2454986898910656,-1.3496432434021197,1.0,-0.18248020384454908,-2.1444718680965003,-0.09653496086987272,0.060334757144792986,0.0,0.0,0.55749295065024,0.4077591983577851,0.4077591983577851,1.409423140386123,1.5084991222132742,0.5236272398919688,-0.13517610787833936,-1.5826976735423681,-0.4673913043478261,-0.3476257939473121,0.0,0.0,0.0
Delban_Sa,delban_sa,0,-0.3812621213409885,-0.06556865575104298,-1.3094349584512,-0.38685280723454174,-1.12832883884174,-1.029510770754211,-0.44849730285127154,-0.13941555865888233,0.3117828968679693,1.0,0.0,0.0,0.0,0.0,0.0,0.0,-0.5,0.18453512321427132,-0.1334458433816536,0.4154496578595821,0.5849625007211564,0.21775409810113608,0.22806432609557625,0.24261090001229166,-0.5754908719134842,0.0,0.0,0.0,0.0,0.0,0.9822196647858482,0.4057045234715134,-0.3621793767157491,-1.0296753043785472,-0.03925211788215604,0.5543478260869565,-0.15582109122133397,0.0,0.0,0.0
realfarid7,realfarid7,0,-0.2617212423306725,-0.8559782307996894,0.37159490570154785,-0.12453878723484421,0.9627015095946305,0.5080758078648039,1.5550988954533778,-0.9672434900997574,-0.5142434959740975,0.0,0.0,1.0,0.0,0.0,0.0,-0.35998769969564104,-0.5,-0.3154648767857287,0.3113746724727663,-0.4819492584096751,0.0,-0.5354099811440466,0.06933128057988436,-2.746795789993661,-0.08032447245778981,0.6931471805599453,1.0,-0.4425070493497601,-0.3236566839097652,-0.3236566839097652,-0.2576036959637148,-0.2785014162449113,0.8521381833074559,0.5079423844934229,-0.16626344239920746,-0.6956521739130435,0.5216466557853693,0.0,0.6309297535714574,0.0
Nilgonbanoo,nilgonbanoo,0,-0.6196723633306235,0.2701884811126979,-0.8049845312689167,-0.6719500161730103,-2.1950095087285932,-0.923055027864527,0.6257385050089905,-0.9675126702062429,0.0801212212838869,1.0,0.0,1.0,0.0,1.0,0.0,-0.6323078819263657,0.0,0.3154648767857287,-0.9341240174182993,-1.6245669680172978,1.3219280948873622,0.6237615969941994,-2.1472908413545277,0.1256656390053558,-0.9725722690589192,0.0,0.0,0.0,0.0,0.0,1.785579498208045,0.8490447501186008,0.12123472924188061,-0.9229308843262919,-1.6142474614235454,-0.25,-0.4315606362421204,0.0,0.0,0.0
Tymsar2578,tymsar2578,1,-0.4177629166818128,-0.34535605088958476,0.009698557935110479,-0.12453878723484421,-0.6864896927392594,0.09095870375824071,1.983560236321603,-1.1065978611625205,-0.4387541145653133,1.0,0.0,1.0,0.0,1.0,0.0,-0.35998769969564104,-0.5,-0.3154648767857287,0.3113746724727663,-0.33798862998355345,0.0,1.1741013102074076,0.06036661476774428,-2.746795789993661,-0.5129229039195622,0.6931471805599453,1.0,-0.4425070493497601,-0.3236566839097652,-0.3236566839097652,-0.2576036959637148,-0.2785014162449113,0.6391665990992972,0.09101269950345305,0.24052427002647817,-0.34782608695652173,0.0262200542969057,0.0,1.4649735207179269,0.0
Im_zhozefin,im_zhozefin,0,-0.48803613901646997,0.3001549268742956,-0.00514975222569017,-0.5113915944693856,-3.1696917607527544,-0.7048221827995257,-0.09350115592088364,-0.5715362432591976,0.4526918112093499,1.0,0.0,1.0,0.0,0.0,0.0,-0.35998769969564104,-0.5,0.3154648767857287,-1.2454986898910656,-1.0941133143913904,0.0,-0.5354099811440466,-2.078916875982308,-0.07706335208048104,-0.5639462079389659,0.0,0.0,-0.4425070493497601,0.0,-0.3236566839097652,1.687655768698089,0.7950047961291952,0.23272376438962883,-0.7046713053462449,-1.6142474614235454,-0.4673913043478261,-0.4063798824463559,0.0,0.0,0.0
shahira60210003,shahira60210003,1,-0.43001846356727985,0.3526819952724921,0.22207296031889376,-0.6719500161730103,-0.26542312347288266,-1.0935254284507574,-0.188543539686617,-0.4546445766627488,0.6014601272433018,1.0,0.0,1.0,0.0,0.0,0.0,1.2249644959646924,-0.5,0.0,0.40781830665111857,-0.38222737344112273,1.0,-0.1708669637581244,0.4364496447619979,0.07165787622848382,-0.802532684135752,0.0,0.0,0.75647079736603,0.5532947556651121,-0.3236566839097652,-0.19661897173642243,-0.2448465329210037,-1.4261931715254095,-1.109196095511255,0.30265852510828434,-0.5217391304347826,-0.4139325182136138,0.0,2.0,0.0
mohammadsoltann,mohammadsoltann,0,1.295930023139931,-1.238631437170549,-1.7828551676632858,1.1245387872348436,-2.1009953794728893,-2.5875323649261945,1.3362445414847162,0.3771166471084231,-0.5423780623921993,1.0,0.0,1.0,0.0,0.0,0.0,-0.35998769969564104,-0.5,-0.3154648767857287,0.3113746724727663,0.9410539735030821,0.0,-2.244921272495501,1.4565352950429629,-2.746795789993661,-1.5242872226356374,0.6931471805599453,1.0,-0.4425070493497601,-0.3236566839097652,-0.3236566839097652,-0.2576036959637148,-0.2785014162449113,-0.7292299180550736,-2.5878664146271517,1.1879031180513953,-0.8913043478260869,1.7482773714001882,0.0,0.0,0.0
ariyaii_rahjoo,ariyaii_rahjoo,0,-0.189441061410461,0.3691243841914696,-0.806599851133456,-0.5113915944693856,-0.5915978576502015,-0.0902218572764209,0.27125610069355255,-0.5491367396614633,0.32382202380621905,1.0,0.0,1.0,0.0,1.0,0.0,0.2723201822307247,-0.5,0.18453512321427132,-0.5378296873953976,-0.3757703185674989,1.0,-0.12340429316648525,-1.693063710632195,0.6094799513620534,-0.22870484815839714,0.0,0.0,0.0,0.0,-0.3236566839097652,0.04485300051694862,0.4402692455415465,-0.13345263495230142,-0.0903612585046842,-1.338960330168452,0.30434782608695654,-0.3449625345842658,0.0,0.0,0.0
esmaeilion,esmaeilion,0,3.727679763451242,-1.4554283057210358,-2.6240183810857824,2.331484521598418,-1.2943127989606387,-1.7568319021608205,1.160030824556897,3.208787070386604,-0.5512214283691358,1.0,0.0,0.0,0.0,0.0,1.0,-0.6323078819263657,0.0,-0.3154648767857287,-1.2454986898910656,1.747157053796825,0.0,2.554283665593055,1.5693286525371934,-2.746795789993661,-1.3987587412100073,0.6931471805599453,1.0,-0.4425070493497601,-0.3236566839097652,-0.3236566839097652,-0.2576036959637148,-0.2785014162449113,-0.3044622944113267,-1.7563083822342977,1.5101206780147067,-0.40217391304347827,3.3542731993488526,0.0,0.0,0.0
atheistChild789,atheistchild789,0,-0.0801567991064757,-0.100949372467353,0.06673669961236565,-0.38685280723454174,0.24126982092216814,0.0,-0.3873619316722322,0.06599976873914157,0.2086025993287017,1.0,0.0,0.0,0.0,0.0,0.0,-0.2006906049011154,0.0,0.18453512321427132,-0.20758259602405685,-1.355163972474592,1.0,-0.3379999946395465,0.7320025222875098,0.5595598560458599,0.25479267899394703,0.0,0.0,0.0,0.0,0.0,0.27823469739656637,0.4992988564401785,0.3781461598671339,0.0,0.40146053379069435,-0.40217391304347827,0.003480449530388748,0.0,1.2618595071429148,0.0
keyonek1,keyonek1,0,0.0036873776269251905,-0.8613066191605618,0.5113086540293937,0.41408311632868133,0.2508271660804298,0.5010246365474623,0.33393269971744155,-0.4241389584107206,-0.4645744785649697,1.0,0.0,1.0,0.0,1.0,0.0,-0.6323078819263657,-0.5,0.0,-1.2454986898910656,-1.7724259221215535,0.0,-0.5354099811440466,-2.2726491877990305,-2.746795789993661,0.27169029329319816,0.6931471805599453,1.0,-0.4425070493497601,-0.3236566839097652,-0.3236566839097652,2.151819237514123,1.0511569323264902,0.8485380234601536,0.5008944324549848,-1.6142474614235454,-0.40217391304347827,0.6720021995951239,0.6931471805599453,0.6309297535714574,0.0
HegeI_javan,hegei_javan,0,0.9662904102039108,0.4317865497647042,0.5663546904505558,0.4648554324615605,0.941130445329502,0.9184505521568888,0.2496789108656563,0.5512613933570439,0.4127681011682301,1.0,0.0,0.0,0.0,1.0,0.0,1.3664814084053594,0.6609640474436811,0.5701569977949824,0.5025696194845816,0.09524465070401315,0.0,-0.16762159007565042,0.3309953195856757,-0.06849889178333965,0.6954646130979177,0.0,0.0,0.31396374801627,0.5532947556651121,-0.3236566839097652,-0.07930360751765538,-0.18010515801260674,-0.5111531753236234,0.9172511888533263,0.4028472800029353,-0.358695652173913,0.10216040138150853,0.0,0.0,0.0
netvand,netvand,0,-0.20495537263533792,-0.6517601685309005,0.08014155447014466,0.5113915944693853,1.2174029213459228,0.5148553222750104,1.777035705111739,-0.9721642860480073,-0.49268179104581045,0.0,1.0,1.0,0.0,0.0,0.0,-0.2006906049011154,-0.5,0.0,-0.20758259602405685,-1.4290393811390796,0.5849625007211564,-0.15522797808748992,0.04379376250186115,-0.40500207218787676,-0.11907820678818697,0.0,1.5849625007211563,0.0,0.0,0.4077591983577851,-0.2576036959637148,-0.2785014162449113,0.6410522402945559,0.5146987464692855,-0.054567701316887214,-0.8913043478260869,0.3784999341125529,0.0,0.0,0.0
LadiKhanom,ladikhanom,0,0.911883486585708,-0.1525670133748156,-0.16269481804306107,1.2680976015649235,-0.9613841580821986,0.15694087542724677,1.3156948368867198,0.0,-0.3315163038362526,1.0,0.0,0.0,0.0,0.0,0.0,-0.6323078819263657,0.0,-0.3154648767857287,-1.2454986898910656,0.3462518058005977,0.0,-2.244921272495501,0.6356280369769836,-2.746795789993661,-0.33143821505511384,0.6931471805599453,1.0,-0.4425070493497601,-0.3236566839097652,-0.3236566839097652,-0.2576036959637148,-0.2785014162449113,0.6728560176333138,0.15696571717530405,0.35888516053140224,0.75,0.5554314507469811,0.0,0.0,0.0
Sssccpp,sssccpp,0,-0.27505815228888847,-0.038974432860846765,0.5264926542437138,-0.2850972089384689,-0.4467410756961902,0.7384705384151532,-0.18391985615206782,-0.32770124843475673,0.11892202726438776,1.0,0.0,1.0,0.0,0.0,1.0,0.07162957732960912,-0.5,-0.3154648767857287,1.522276522505383,-0.6240370617574519,0.0,1.1741013102074076,1.2982143499080963,-0.19407731953150364,0.7737008079959847,0.0,0.0,1.19897784671579,0.8769514395748774,0.5532947556651121,-0.2576036959637148,-0.2785014162449113,0.4716201499673122,0.7382035178110069,1.065647234780877,-0.4673913043478261,-0.12841172183613442,0.0,0.0,0.0
Kourosh634,kourosh634,1,-0.45860659432702816,0.4013031887240392,0.01863453293967045,-0.8982444017039272,-0.27716661531935965,0.2990897470873585,-0.5990238890315952,0.03421094565403323,1.2551085068910077,1.0,0.0,0.0,0.0,0.0,0.0,-0.6323078819263657,-0.5,1.6049158383670117,-0.8247225262449928,-0.7735735157099269,1.3219280948873622,0.19484392896460967,-2.100939307592877,0.04542480896015139,0.7804469076379905,0.0,0.0,1.4179811482680222,1.1704824501274749,0.8769514395748774,1.1518183684983854,2.1394192912677807,0.7449515787406805,0.298105577187286,-1.5169539491555744,-0.5869565217391305,-0.4446708879389452,0.0,1.2618595071429148,0.0
ahampay,ahampay,0,1.12313277240679,-0.6831745620991665,0.6112632491588172,1.1170472569470629,1.1771280366326051,0.6571942460074424,0.7449267916773696,0.43743162055093804,-0.4552661680750537,1.0,0.0,1.0,0.0,0.0,0.0,0.5244885126375003,-0.5,-0.3154648767857287,0.16984087197363268,-0.3504670358839899,0.5849625007211564,-0.37273719701152525,0.42341553326530784,0.11366460076589929,0.2636498964922388,0.0,0.0,0.0,0.6763433160902347,0.5532947556651121,-0.2576036959637148,0.041956720211843865,0.033649137753193746,0.6568576310419417,0.3335332607308996,-0.45652173913043476,1.1437803222825271,0.0,0.0,0.0
iraj_mesdaghi,iraj_mesdaghi,1,1.7862877635100276,-2.248516070560884,-3.9085984226800923,1.4051531557947852,-0.8669911433410289,-1.7004075651828339,0.2697148728487028,1.4424595292765898,-0.5649580985087312,1.0,0.0,0.0,0.0,0.0,0.0,-0.6323078819263657,0.0,-0.3154648767857287,-1.2454986898910656,0.426649242234172,0.0,-2.244921272495501,0.3842593503483173,-2.746795789993661,-1.2818255721696106,0.6931471805599453,1.0,-0.4425070493497601,-0.3236566839097652,-0.3236566839097652,-0.2576036959637148,-0.2785014162449113,-0.2756345419577231,-1.699872939007739,-0.19563562052633654,0.8369565217391305,2.9767535984429503,0.0,0.0,0.0
enferadi_shode,enferadi_shode,0,-0.2002519743346607,0.2701884811126979,0.593967463897917,-0.2850972089384689,0.8940528436517539,0.8175707300780625,0.31903416388389416,-0.5802358082606208,0.18869190399329103,1.0,0.0,1.0,0.0,1.0,0.0,1.8045131132462182,1.0849625007211563,0.6845351232142712,0.7019786303562282,0.4738924139253432,1.0,0.06875461537871046,0.03596502570804557,-0.18686434108603106,0.5703222983214239,0.0,0.0,0.55749295065024,0.8769514395748774,2.321844570531872,0.1832867064024888,-0.023202390079357562,-0.9090673290728893,0.8141951958541169,0.1742890351816465,0.7391304347826086,-0.29358429530584296,0.0,0.0,0.0
RezaRez11109331,rezarez11109331,1,-0.07030618541208769,0.007502763713644576,0.7736783007676409,-0.12453878723484421,0.2007208095435622,1.0659300409512333,-0.4022604675057796,0.09516973621473324,0.35038848538800427,1.0,0.0,0.0,0.0,1.0,0.0,0.34394975956033375,1.8774437510817343,0.3154648767857287,0.12454986898910649,0.09016072566118051,1.0,0.7587298065759908,-0.3259320737826742,0.33485884994075465,1.265697128268566,0.0,0.0,0.55749295065024,1.0371339325992097,1.1065895113302244,0.07370044759339298,0.10295249695936383,0.39470936893527564,1.065381045334865,-0.014190036168933466,0.5434782608695652,-0.07056127343613615,0.0,2.0,0.0
chehre3521,chehre3521,0,1.2323443572983774,0.3799375550724803,0.42506361546067556,0.4400464314018453,-0.4014678813932729,0.5281616125629809,-0.18135114307731826,1.2126656824709916,0.6340099135081119,1.0,0.0,1.0,0.0,0.0,0.0,0.30976516687567374,-0.5,-0.3154648767857287,-0.46706200870914966,-0.2909838200881068,0.0,-0.19071461875573742,0.19863562053890776,0.5890891810201992,0.5753702192439696,0.0,0.0,-0.4425070493497601,-0.3236566839097652,-0.3236566839097652,-0.2576036959637148,-0.2785014162449113,0.14969949021098225,0.5279307143043168,0.02486711281988856,0.43478260869565216,0.2778925710824268,0.0,1.4649735207179269,0.0
nazanin7,nazanin7,0,0.9238930013645408,-0.21550110446754145,0.331922166884618,0.5942263765186843,0.512534903631187,0.3255560364133908,1.782173131261238,-0.12554396786736843,-0.3906573759463218,0.0,0.0,1.0,0.0,1.0,0.0,1.4703032561638747,1.7924812503605783,0.9170218835732348,0.21052508667892442,0.18657399068519248,0.5849625007211564,0.2671806173080059,0.4365218017903387,-0.10435436248593948,-0.28362940265456676,0.0,0.0,0.0,0.782932827420459,0.22963807175534695,0.03898509125262296,-0.06554686482473666,-0.8963432143167464,0.32212507180462363,0.4447600719335989,0.30434782608695654,0.6165074718552612,0.0,0.6309297535714574,0.0
proudlypersian1,proudlypersian1,0,-0.46821546902798383,0.04914349655155041,-0.1685868817343416,-0.5113915944693856,0.4525300615914952,0.09448123271533003,1.2884664782943744,-1.030582847233363,-0.2255465689398444,1.0,0.0,1.0,0.0,0.0,0.0,1.6111759979771048,1.6961587113893801,0.6845351232142712,0.16903129782520354,-0.2864651427840805,1.0,0.1679278314836831,0.03886997147669705,-0.21713482441111467,-0.3776767438507243,0.0,0.0,0.55749295065024,1.2847106379326625,1.6259116676376844,-0.09274001271992537,-0.1257998135369794,-1.1257814430565543,0.08791750545454248,0.046020343614415454,-0.358695652173913,-0.2634242204686028,0.0,0.6309297535714574,0.0
RufusBeyn,rufusbeyn,1,-0.4534988097840004,0.3912368542190658,0.5892629266992313,-0.8982444017039272,-1.0385721490431719,-0.04348445745536493,-0.2902645774466992,-0.3844458202424665,0.7581893704985342,1.0,0.0,1.0,0.0,1.0,0.0,-0.35998769969564104,0.0,-0.3154648767857287,-1.2454986898910656,0.1459383568549123,0.0,-0.5354099811440466,-0.25131610174859154,0.18718259175036892,0.13171876220003584,0.0,0.0,-0.4425070493497601,-0.3236566839097652,-0.3236566839097652,-0.2576036959637148,-0.2785014162449113,0.5705088579478168,-0.043397017627782,-0.11928521521004742,0.75,-0.43870730929783475,0.0,0.0,0.0
starbombaIR,starbombair,0,-0.39639007262185355,0.7603969249638544,-0.8436663279003042,-0.5113915944693856,0.35732779569891665,-0.2032701228921799,-0.5795016696634986,0.05667479035452948,1.8648675019835503,1.0,0.0,0.0,0.0,0.0,1.0,0.07162957732960912,0.5,1.1115600383144066,-0.8952021833592034,-1.69649737674718,1.3219280948873622,-0.47451050521729327,-1.7131742961312781,-0.2971175783136385,0.2860468745586091,0.0,0.0,0.9247041696625747,0.8769514395748774,1.1065895113302244,1.5868932782973821,0.7950047961291952,-0.009634234202801906,-0.20404097153336112,-1.5934761358945382,0.25,-0.5639886141136553,0.0,0.0,0.0
Bob00033791,bob00033791,0,-0.2933272786767781,0.4504386190292842,-0.587397206722301,-0.8982444017039272,-2.0540869271662308,-0.9396231716477096,0.2645774466992037,-0.6253450940828772,0.4291228347469296,1.0,0.0,1.0,0.0,0.0,0.0,-0.0876675174649165,-0.5,-0.3154648767857287,0.3113746724727663,0.055089456941019674,0.0,0.4645900188559534,0.0,0.38232510321237406,-0.8845975367233504,0.0,0.0,-0.4425070493497601,-0.3236566839097652,-0.3236566839097652,-0.2576036959637148,-0.2785014162449113,-0.22710264540784267,-0.93939258235767,0.24774014901677796,-0.31521739130434784,-0.4191905316777487,0.0,2.0,0.0
pasargadguard,pasargadguard,0,-0.05499322689358378,-0.8758017632845365,-0.18093505041833202,0.2623140199996974,0.3701814178519361,-0.09467489823308264,-0.6277934754687902,0.5061977264259265,-0.22679453986084558,1.0,0.0,0.0,0.0,0.0,0.0,1.203529636312808,0.792481250360578,0.6309297535714573,0.11086806588065311,-0.056058507906756934,0.5849625007211564,0.5682571892410766,0.47462786996990275,-0.02205696160434327,0.45772190585114275,0.0,0.0,0.31396374801627,0.6763433160902347,1.3362275830855712,0.02062869042422323,0.05421460849609154,-0.8992070188880529,-0.09775552040220642,0.3058668402017516,-0.32608695652173914,0.6522339654479942,0.0,0.0,0.0
mandela08940434,mandela08940434,0,-0.5261960047381286,0.12198573090393634,0.7101668946716699,-0.2850972089384689,0.42608562706374004,0.28652983634093404,0.20344207552016438,-0.7631589420516608,0.08324745491081322,1.0,0.0,0.0,0.0,0.0,1.0,-0.6323078819263657,-0.5,0.0,-1.2454986898910656,-1.7724259221215535,0.0,-0.5354099811440466,-2.078916875982308,-2.746795789993661,0.13426773782134901,0.6931471805599453,1.0,-0.4425070493497601,-0.3236566839097652,-0.3236566839097652,-0.2576036959637148,2.380815280897892,0.7390217147650391,0.28649681572462476,-1.6142474614235454,-0.20652173913043478,-0.32659323673611895,0.0,2.0,1.0
hoda2728,hoda2728,0,-0.10734487945191896,0.3208808557563332,0.5440489005108673,-0.5113915944693856,0.21951573924156714,0.45207117959493287,-0.07346519393783714,-0.269839601480518,0.4654077155771428,1.0,0.0,1.0,0.0,1.0,0.0,0.7413824439009239,0.2924812503605782,1.6614861671170513,-0.6846895516671778,-1.2353086383319343,1.584962500721156,-0.35642821086688237,-0.6946183362493669,-0.024283849336665764,0.4335475175920495,0.0,0.0,3.770926063898006,2.8070020559409214,2.600728645367464,1.5626235337395848,0.8786100052798893,-0.24961130886797497,0.45074977241891484,-0.737350579795196,0.13043478260869565,-0.28883435951961,0.0,1.4649735207179269,0.0
PanteaPeyvandi,panteapeyvandi,0,1.3540942044374895,-0.34158094968355374,1.1050294791241908,0.9713726673314864,0.28870921828916396,1.124442537971241,0.97148728487028,0.5790916815769055,-0.37455237153116294,1.0,0.0,1.0,0.0,1.0,0.0,0.8632345540505003,2.8073549220576046,1.2758642925363401,-0.8765290442510115,-0.13744183250772615,0.5849625007211564,-0.17773212761204102,0.3992234811183866,-0.06409956968578433,0.6264020358070852,0.0,0.0,0.75647079736603,0.8769514395748774,0.0,0.2638528251296372,0.3008790267078666,-0.004682391939596479,1.1233924843752832,0.3289221041363974,0.5543478260869565,0.9683256867561637,0.0,0.0,0.0
afshari_aku,afshari_aku,0,1.083938032693948,-0.127510892239027,-1.1103868031976911,1.348347152501389,-0.23807311767522266,-0.5403871276612358,0.891343436938094,0.3307180836947562,-0.27100654670962543,1.0,0.0,1.0,0.0,0.0,0.0,0.0,-0.5,-0.3154648767857287,-1.2454986898910656,0.7700357832166455,0.0,-2.244921272495501,0.28306553284144487,0.4851324566871807,-0.7802150182547508,0.0,0.0,-0.4425070493497601,-0.3236566839097652,-0.3236566839097652,-0.2576036959637148,-0.2785014162449113,-0.11228154726184043,-0.5402428052860906,-0.023017883026585712,0.8478260869565217,0.628140154324178,0.0,0.0,0.0
mehdimmj,mehdimmj,0,1.505507991198318,-0.5163200819105828,1.4505678125429016,1.5508885649632524,0.4031286718892522,1.18888486716848,1.8150526586180324,0.4420737603031588,-0.47033092467645965,0.0,0.0,1.0,0.0,0.0,0.0,-0.6323078819263657,0.0,-0.3154648767857287,3.4251213972004306,0.5745081963384273,0.0,-0.5354099811440466,-0.2259400853355871,-2.746795789993661,0.48382687092587434,0.6931471805599453,1.0,-0.4425070493497601,-0.3236566839097652,-0.3236566839097652,-0.2576036959637148,-0.2785014162449113,1.1997406899566883,1.188436001225586,-0.2793806463168316,-0.8913043478260869,1.2114645919303155,0.0,0.0,0.0
shahii1984,shahii1984,0,-0.16922214331576374,0.5727473254942811,-0.17405735797353028,-0.5113915944693856,0.5178051169648736,0.16188158673154365,-0.4895967120472643,0.12410945853317282,1.3359720211657888,1.0,0.0,0.0,0.0,0.0,0.0,0.6906183879401716,0.6609640474436811,0.4999999999999999,0.1631011671879596,-0.8068707972173566,0.5849625007211564,0.014929732069161893,0.10938770091862023,0.24631627957574953,0.5096245036428287,0.0,0.0,0.0,0.4077591983577851,0.6763433160902347,0.5510066012231944,0.16773631871490063,-0.35608475299054204,0.16125767211319986,0.081903833650501,-0.6956521739130435,-0.43929519488521823,0.0,1.4649735207179269,0.0
javadsimin,javadsimin,0,-0.3806293023465499,-0.3895851109597794,-0.40868746026059594,-0.38685280723454174,0.0354215137169229,-0.398592276018756,1.7898792704854867,-1.0646192286775065,-0.44143051217242407,0.0,0.0,1.0,0.0,0.0,0.0,-0.6323078819263657,-0.5,0.0,-1.2454986898910656,-0.7310665461128588,0.0,-2.244921272495501,1.3259466598849419,-2.746795789993661,-0.8469009144273025,1.0986122886681098,1.5849625007211563,0.0,0.0,0.0,2.151819237514123,1.0511569323264902,0.38920495001917715,-0.3983316043295247,-0.2438827837478326,0.4782608695652174,0.07754083919510436,0.0,0.0,0.0
6njeli,6njeli,0,2.5757828996203824,1.7887069738263155,0.9819245542502912,0.9307648985254562,0.40935757719498833,1.2689209991880857,0.257385050089905,2.3618365054482573,2.7857002752792464,0.0,0.0,1.0,0.0,0.0,0.0,0.4569728469965327,-0.5,-0.3154648767857287,0.3113746724727663,-0.932790425041846,0.0,-0.5354099811440466,0.11322474396386342,0.3773823088698688,1.0212231001520056,0.0,0.0,0.0,0.0,0.22963807175534695,-0.2576036959637148,-0.2785014162449113,0.4024115403195025,1.2683941830630945,-0.15636238403327998,-0.20652173913043478,-0.14243230501718332,0.0,0.6309297535714574,0.0
hajmaameed,hajmaameed,0,0.22719825116149864,0.7622997138307832,1.1086418450833597,-0.6719500161730103,-0.09711953674715156,0.02271928569120815,-0.5188800410994092,0.5817871321236924,1.7366571383532086,1.0,0.0,0.0,0.0,0.0,0.0,-0.6323078819263657,-0.5,0.18453512321427132,-1.2454986898910656,-2.0611506047816808,0.0,-0.5354099811440466,-2.135193865340115,0.2651893078618066,0.41533518391402646,0.0,0.0,0.0,0.0,0.0,2.151819237514123,1.0511569323264902,0.6043130030460817,0.022780597661022823,-1.6142474614235454,-0.42391304347826086,-0.41059465329147143,0.0,0.0,0.0
rezayyyyyyy,rezayyyyyyy,0,0.20973395981243914,0.7764746518488855,-0.5521979065306902,-0.19906407643677707,-1.1505748948165766,-0.3725859951858567,-0.16337015155407142,0.10418298996810574,1.2497318188561064,1.0,0.0,1.0,0.0,0.0,0.0,-0.6323078819263657,-0.5,0.7324867603589635,-1.2454986898910656,-0.1524345884936406,0.0,0.6791862736663212,-2.5240179479358056,-0.09671000692338129,-0.24909310901068915,0.0,0.0,0.31396374801627,0.22963807175534695,0.22963807175534695,1.8205154415632498,1.2963783728260765,0.40230668650333057,-0.37268262920700035,-1.6142474614235454,-0.2608695652173913,-0.42254160767785315,0.6931471805599453,0.0,0.0
megamaniran,megamaniran,1,0.8203641104544552,1.2252544328554429,-0.15205361864038744,0.10175559829607272,-0.5207255942188159,0.3092156352446768,0.28820960698689957,0.3730321730244059,1.6638461148315744,0.0,0.0,0.0,0.0,0.0,0.0,-0.35998769969564104,0.0,-0.3154648767857287,-0.46706200870914966,0.09713451809741402,0.0,-0.5354099811440466,-2.4101044505326157,-1.5714745229184675,0.11688622647304073,1.6094379124341003,2.321928094887362,0.55749295065024,0.4077591983577851,0.22963807175534695,-0.2576036959637148,-0.2785014162449113,0.7505974306577694,0.30915833462459325,-1.6142474614235454,-0.8913043478260869,-0.450502926043155,0.0,0.0,0.0
HosseinGhatib,hosseinghatib,0,0.03605308908064282,-0.5289569966774939,-0.7162294124571297,0.4648554324615605,-0.9062284537572022,-1.1918139902534313,-0.5281274081685076,0.3973955253076286,-0.07134798850116139,1.0,0.0,1.0,0.0,1.0,0.0,-0.6323078819263657,0.0,-0.3154648767857287,0.3113746724727663,0.8863921955549819,0.0,-2.244921272495501,-0.470013932994519,-2.746795789993661,-0.625101847301809,0.6931471805599453,1.0,-0.4425070493497601,-0.3236566839097652,-0.3236566839097652,-0.2576036959637148,-0.2785014162449113,-0.01585074013679193,-1.1913000274552115,-0.40806999380622944,-0.2608695652173913,0.40346106387666936,0.0,0.0,0.0
Mard62881776,mard62881776,0,-0.28395305298694634,-0.5630108072254311,-0.9755489516664517,-0.38685280723454174,-0.4686242975191752,-0.8876578968807356,-0.17159003339326998,-0.34577621396387936,-0.2811104041916206,1.0,0.0,0.0,0.0,0.0,0.0,0.6477167186823524,0.0,0.4170218835732348,0.21407008732502683,-0.17895338390926574,0.5849625007211564,-0.21090275436284797,-0.3717051691973398,0.3316798946925555,-0.6618565659555006,0.0,0.0,0.0,0.22963807175534695,0.22963807175534695,0.24705804667679557,0.0,-0.8570873249400406,-0.8901694706617767,-0.05799272158944323,0.5760869565217391,0.2635888668137877,0.0,2.0,0.0
RezaVaisi,rezavaisi,0,2.591579347458374,0.12050534188562312,-0.8972917601886929,1.9697383744314745,-0.6798617085236491,-0.4216594906526156,1.2047264320575393,1.8638444995333057,-0.16852030702596885,1.0,0.0,1.0,0.0,0.0,1.0,-0.35998769969564104,-0.5,-0.3154648767857287,-1.2454986898910656,-0.7310665461128588,0.0,-2.244921272495501,0.4347846211173858,-2.746795789993661,-0.7624528323354145,0.6931471805599453,1.0,-0.4425070493497601,-0.3236566839097652,-0.3236566839097652,-0.2576036959637148,-0.2785014162449113,0.37742668236739324,-0.42138965425690894,0.7136573353155067,0.5652173913043478,1.257463088694846,0.0,0.0,0.0
eliiranabad,eliiranabad,1,-0.3709895715033099,-0.04239334042586166,-0.22532025266076355,-0.5113915944693856,-0.35980858090438655,0.3413339723997128,0.937066529668636,-0.9045022123773173,-0.23029712540307135,1.0,0.0,1.0,0.0,1.0,0.0,-0.35998769969564104,0.2924812503605782,0.9170218835732348,-0.8006781740366457,0.3711619321673726,1.0,0.4937771506034136,-1.986148632349893,-0.1597650244527705,-0.07799779277945322,0.0,0.0,0.9247041696625747,1.1704824501274749,1.1704824501274749,1.4680416546062836,1.1835052437580367,0.7668944364607586,0.3410626166957586,-1.599308231162102,0.7282608695652174,-0.16687255528553452,0.0,0.0,0.0
JananKhorram,janankhorram,0,0.9304818306459562,-0.46312620896132095,0.05220481203614769,0.714902791061531,-0.26658799628383206,-0.15182403348659826,0.17056254816337016,0.5685216486513688,-0.31735032075559416,1.0,0.0,1.0,0.0,0.0,1.0,0.9420730488020393,1.0849625007211563,0.4999999999999999,-0.6645763046987995,0.21330180673196988,1.0,1.1463378254812384,0.317281164478196,0.27085474288615347,-0.23794647864754886,0.0,0.0,0.0,0.0,-0.3236566839097652,-0.2576036959637148,-0.2785014162449113,-0.7196622028937436,-0.15365608458570434,0.25233406202679076,0.7065217391304348,0.8377639369273597,0.0,0.0,1.0
IranImmortals,iranimmortals,0,0.3444009769903103,0.1640086055514376,-0.1660472204296369,0.05319362416730372,-0.33344518234730663,-0.18558937919869944,0.6267659902388903,-0.2665779587451204,-0.017974884897991667,1.0,0.0,1.0,0.0,0.0,0.0,0.18465266476580805,-0.5,-0.3154648767857287,0.3113746724727663,0.35803068750640643,0.5849625007211564,0.08440807452084802,0.7938401399318639,0.4566214859805404,-0.4363542956829217,0.0,0.0,-0.4425070493497601,0.0,-0.3236566839097652,-0.2576036959637148,-0.2785014162449113,-0.10433215658441758,-0.18560722136883293,0.6227452029888735,0.34782608695652173,0.006477212530725612,0.0,0.0,0.0
Baranaryaee2,baranaryaee2,1,-0.035618785215923265,0.5584332119651348,0.550026475909024,-0.38685280723454174,0.2568606814084895,0.48214582853566246,-0.043668122270742356,-0.22841600725460198,0.7818196128204276,1.0,0.0,0.0,0.0,1.0,0.0,0.6323078819263657,1.4534452978042594,1.5913291693220688,-0.3851206499012164,-0.4581857989069052,1.0,0.32361973474517747,-0.5451955529781553,0.07440341767929222,0.44323109839745145,0.0,0.0,1.19897784671579,1.3846203144649545,1.1704824501274749,1.3301162554383672,0.8842433981798494,-0.14519673937192518,0.4809437356751629,-0.3462264685436215,0.40217391304347827,-0.3924235095995304,0.0,0.6309297535714574,0.0
king_fishpoet,king_fishpoet,0,-0.05041563095646285,-0.5298720631416673,-0.05790815388516494,0.0,-0.4529188107102557,-0.4515877591877301,-0.5050089904957616,0.2683719815994017,-0.09157697877916007,1.0,0.0,0.0,0.0,0.0,0.0,1.131165026071999,2.2924812503605785,1.952672241792362,-0.5665617852978222,0.1516340278519678,1.584962500721156,0.2695832017380107,0.17543761390337673,-0.25361069419959253,-0.03140968122406208,0.0,0.0,1.6002967374713295,2.0054117875095887,2.9512193047732964,0.9638782284149143,0.7526439180605337,-1.028557736034062,-0.4652432601304315,0.03153433679166227,0.18478260869565216,0.3583172533164123,0.0,0.0,0.0
NapelOn_daii,napelon_daii,0,-0.3592069901488986,-0.1529955187240383,0.5639571523740382,-0.38685280723454174,0.10493284586808334,0.5331172820356407,0.29283329052144874,-0.6864557988964258,-0.17223025292652158,1.0,0.0,1.0,0.0,1.0,0.0,0.7968086948682248,0.2924812503605782,1.5843806433096308,-0.3394497698162734,-0.6676055866820416,1.3219280948873622,0.00682993019317567,-0.3603619982517534,0.006940458010971083,0.3187398249724659,0.0,0.0,0.55749295065024,1.0371339325992097,1.553294755665112,1.1707621776821246,0.9872077329074507,-0.2530524493356388,0.5319791205482737,-0.16014269034568,-0.44565217391304346,-0.08645472450145682,0.0,0.0,0.0
jwd06342045,jwd06342045,0,-0.24505290462877546,0.43690774667912613,-0.22549397236252533,-0.6719500161730103,-0.39221300153890487,-0.10674940684591205,-0.502954020035962,0.07079776052715087,1.1250244787606283,1.0,0.0,0.0,0.0,0.0,0.0,0.0,0.2924812503605782,0.8518938829506675,-0.9624310888927984,-2.124713854184403,1.3219280948873622,-0.47998455087925285,-0.4783237541226866,0.40773496882011395,0.2773961046564647,0.0,0.0,0.9247041696625747,0.6763433160902347,0.6763433160902347,1.5495155260545233,0.8197569928969336,0.10893471043941723,-0.10708509813777553,-0.5105323363864595,-0.45652173913043476,-0.3979674827696137,0.0,2.0,0.0
sohrab_siyavosh,sohrab_siyavosh,1,-0.4767508501228635,0.2967015326605551,0.6405682711836649,-0.38685280723454174,-1.0272371474414848,0.6450875206190071,1.7415874646801952,-1.103126464898842,-0.12112999624445442,1.0,0.0,1.0,0.0,1.0,1.0,0.34394975956033375,1.7297158093186489,2.2982885133078534,-1.0706633681709696,-0.9153991632784553,1.9999999999999998,0.6406020034169002,-1.5169987805827359,-0.19440087212391066,0.00298390492791532,0.0,0.0,1.893068428008873,2.047433889702352,1.9140853721740871,0.8880118764440641,1.7108443452018232,0.17852373610783134,0.6421184443158519,-1.173558513053868,0.30434782608695654,-0.40122935015057554,0.0,0.0,0.0
5anazazana5,5anazazana5,0,-0.39876020734976736,0.05481696877560679,-0.7750451979784548,-0.6719500161730103,-0.4646623025567327,-0.693819872459516,-0.05137426149499101,-0.5302049900685928,0.1368043337969418,1.0,0.0,1.0,0.0,1.0,1.0,0.07162957732960912,0.0,-0.3154648767857287,0.3113746724727663,0.3462518058005977,0.0,1.64082933905305,0.2636552985668499,0.3447047843163328,-0.5773840861361715,0.0,0.0,-0.4425070493497601,0.0,-0.3236566839097652,0.27823469739656637,0.01720507152731438,-0.25973254593742107,-0.6938161649416262,0.48802354057341146,0.6847826086956522,-0.24012751181664008,0.0,1.0,0.0
Bahram2541,bahram2541,0,-0.23483440624569796,-0.9342720202214947,0.15869143716090187,-0.6719500161730103,-0.7148556214497833,-0.21036326187870327,0.3133829951194452,-0.603999752752636,-0.47723210386903414,1.0,0.0,1.0,0.0,1.0,0.0,-0.6323078819263657,-0.5,0.7324867603589635,-1.2454986898910656,0.08369167164499881,1.0,0.12621078051697465,-1.9698542530406347,-0.034904126197463615,-0.3478459429624068,0.0,0.0,0.55749295065024,0.4077591983577851,0.5532947556651121,1.5711294274270806,1.3256658093487275,0.48517916252539545,-0.21044504502089992,-1.4757062419152074,-0.6413043478260869,0.6041379051284113,0.0,1.4649735207179269,0.0
upuouo,upuouo,1,0.27864228886359094,0.6734838011405238,1.1984436214858267,0.5113915944693853,1.222882314591467,2.1441606461541856,1.587978422810172,-0.6216718682968752,0.2617588733950501,0.0,0.0,1.0,0.0,0.0,0.0,0.30976516687567374,0.6609640474436811,0.0,0.3113746724727663,3.2974865618279505,0.5849625007211564,0.212339035597329,0.0892621841172222,-0.03595034902369243,1.4307242383466128,0.0,0.0,0.0,0.8769514395748774,1.0371339325992097,0.27823469739656637,3.090824457524317,0.9747790735045395,2.1432526314487204,0.37890119784582277,-0.30434782608695654,-0.34906574939967483,0.0,0.0,0.0
voltaireiran,voltaireiran,0,-0.1532884611357352,-0.5769115711111731,-0.8016174421494132,0.0,-0.9961521963838104,-0.41348574940306754,-0.6195735936295915,0.3845316710675042,-0.017920929544312184,1.0,0.0,0.0,0.0,0.0,0.0,1.3309717723856205,1.9289904975637862,0.6845351232142712,-0.8308970860001277,0.6435648590079,1.0,0.0627174738947797,-0.04160005098889914,-0.09855836462931039,0.15275451351101083,0.0,0.0,0.31396374801627,1.1704824501274749,0.0,-0.0026994657811198444,-0.11855034004907962,-1.1638878343658254,-0.42171877704682054,0.06172151734492952,0.5760869565217391,0.3432581037204941,0.0,0.0,0.0
AkhoondeMorde,akhoondemorde,0,1.3861075596986674,-1.5319523128183008,0.548960595736615,0.8268992386363867,1.1583459146034436,0.43324412031126835,2.0313382995119444,0.25888119190715075,-0.5592384954216163,0.0,0.0,1.0,0.0,1.0,0.0,0.8169605466921739,0.5,-0.3154648767857287,-0.2817193486664601,0.19085155009038132,1.0,-0.08086098564148049,0.557626137770112,0.2070459190856437,-0.23632447500895298,0.0,0.0,0.0,0.22963807175534695,-0.3236566839097652,-0.17580859912435276,-0.23336217071292123,-0.32002894424363343,0.4326742193185743,0.551119803020326,0.6195652173913043,2.0702740466553746,0.0,0.0,0.0
Sadaf__12,sadaf__12,0,0.021426712089567194,-0.23281707977284,0.35406003220165455,-0.12453878723484421,0.08857574557672647,0.8238944700367402,-0.26817364500385305,0.02533383345311014,-0.01191564360823893,1.0,0.0,1.0,0.0,0.0,0.0,-0.6323078819263657,-0.5,0.0,0.3113746724727663,-1.589973671609874,0.0,-0.5354099811440466,-2.2726491877990305,-2.746795789993661,0.9176479711778985,0.6931471805599453,1.0,-0.4425070493497601,-0.3236566839097652,-0.3236566839097652,-0.2576036959637148,1.8289572050115803,1.0133870464075982,0.8236156605658916,-1.6142474614235454,-0.7282608695652174,0.153660431242137,0.0,1.0,0.0
Bachejirjirak,bachejirjirak,0,-0.42019873035015326,0.25572312204170156,0.20480581624650288,-0.8982444017039272,-0.7348746926264171,0.07436164349227212,0.6098124839455433,-0.8449352221459742,0.07087003180120019,1.0,0.0,1.0,0.0,0.0,0.0,0.2723201822307247,0.0,1.72740157211131,-1.0508895195955865,-1.995305941120643,1.0,-0.27445851089478007,-2.3614724894908616,-0.5229482615657935,-0.2119570203064755,0.0,0.0,3.4060100227409333,2.5143487096880097,1.3362275830855712,1.7752189251598443,0.9990738430097738,-0.05033479414946995,0.07240795134862633,-1.6067123205064795,-0.43478260869565216,-0.362391505962955,0.0,0.0,0.0
Ffarhad7412,ffarhad7412,1,-0.3014798468968763,-0.40430022043174846,0.5522051069904719,-0.2850972089384689,0.3496733486199419,0.8094549101935372,-0.29694323144104806,-0.2454411797577693,-0.13237342711346184,1.0,0.0,1.0,0.0,1.0,0.0,1.2214722509575808,0.9036774610288021,1.2010867513664396,0.145553647520757,0.3087468732449675,1.0,0.610959139783265,-0.19926497476950863,-0.015313267933870507,0.9275912434153066,0.0,0.0,0.75647079736603,0.9610539540228976,1.7539028791497544,0.44741137465409114,0.4955109693813744,-0.45177885019290154,0.8083001058658347,0.020990429762001987,0.31521739130434784,0.12773715029495195,0.0,1.4649735207179269,0.0
aokurucz,aokurucz,1,0.010114805886192225,0.445327393271569,-0.889397167027632,-1.2850972089384687,0.09261968511263802,-0.8676064876205783,-0.4597996403801695,0.2575774161509768,1.0671120578460271,1.0,0.0,0.0,0.0,0.0,0.0,1.5431721877592295,0.2924812503605782,1.2324867603589635,0.1702985927421677,-1.4231562119741588,1.8073549220576042,-0.03505935835407013,0.17346823660117336,-0.12515692674793624,-0.4351884974662831,0.0,0.0,0.55749295065024,0.8769514395748774,1.7539028791497544,-0.16875370082867974,0.27335618006846407,-1.5645323751911153,-0.8955938364457154,0.11501284978593375,0.7282608695652174,-0.3173665867030434,0.0,0.0,0.0
Gard_e_Javidan,gard_e_javidan,0,-0.5418408418171574,0.05819018730117891,0.3099466419132892,-0.6719500161730103,-0.2636797087082052,0.002154055586350798,-0.26200873362445415,-0.483633649750346,0.28162030250970554,1.0,0.0,1.0,0.0,1.0,0.0,0.9046280641570903,0.792481250360578,1.3279346873234075,-0.22813643815398424,0.2721260354785154,1.0,0.4235523674039584,-0.3604790155712414,0.175718198605471,0.1509936763759217,0.0,0.0,1.0704345453822999,0.9610539540228976,1.1704824501274749,0.5659101291253564,0.4414571397321068,-0.6112581010495365,0.00016411885997503903,-0.2649661287492393,0.7608695652173914,-0.2961792667418219,0.0,0.0,0.0
sirous15,sirous15,1,-0.4091873922529493,0.35576825585805755,0.538024426668119,-0.12453878723484421,0.5132400659009257,1.043472998576136,1.2119188286668379,-0.9855912672765719,0.01537345172275626,1.0,0.0,1.0,0.0,0.0,0.0,0.07162957732960912,0.0,1.7938911881498352,-1.1736427567245253,-1.3808503172705702,1.584962500721156,0.4327659224736975,-1.5262329852668997,0.13467565012090152,0.48561682598021466,0.0,0.0,1.893068428008873,1.7237772057925873,1.6598842669953369,1.4912154694640953,1.3636531514724548,0.6271252327554541,1.0426432789424993,-1.110952630447667,0.7608695652173914,-0.4090936600805462,0.0,1.0,0.0
REZAKH__,rezakh__,0,0.5858938874869427,-0.7220788021250519,0.04808068702746779,1.1674915621233648,1.1804913220967554,0.3570241193746414,-0.0765476496275366,0.40522453286502846,-0.37418302733342484,1.0,0.0,1.0,0.0,0.0,0.0,-0.6323078819263657,0.0,0.0,0.3113746724727663,1.1285204029385272,0.0,-0.5354099811440466,-0.37563310523515037,0.8223285036876672,0.3478229869160266,0.0,0.0,-0.4425070493497601,-0.3236566839097652,-0.3236566839097652,-0.2576036959637148,-0.2785014162449113,0.7750079817955293,0.35694632208845284,-0.7858195632130672,-0.6956521739130435,0.874163530947383,0.0,0.0,0.0
Sheyda_RI,sheyda_ri,0,-0.5058933184238549,-0.4869066085390206,-0.18066597770367687,-0.19906407643677707,-0.7136969612971065,-0.8591290335663968,0.01592602106344721,-0.6535607860934071,-0.29476697283251063,1.0,0.0,1.0,0.0,0.0,0.0,0.0,0.0,-0.3154648767857287,0.6227493449455326,1.802459345892585,0.0,0.9142503056427443,-0.2751844848256822,0.7057643298088592,-0.7345110012647955,0.0,0.0,-0.4425070493497601,-0.3236566839097652,-0.3236566839097652,-0.2576036959637148,-0.2785014162449113,-0.2750904411558089,-0.8590888862306677,-0.06339138968228622,-0.7717391304347826,0.09138871335055074,0.0,0.0,0.0
alirzadabir,alirzadabir,0,0.8557640912215796,-1.811485385937531,-1.2521508022984251,-0.38685280723454174,-3.4861196173907927,-4.09730480912796,-0.1330593372720267,0.7458099340574011,-0.5467995341826701,1.0,0.0,0.0,0.0,0.0,0.0,-0.35998769969564104,-0.5,-0.3154648767857287,0.3113746724727663,-1.9830515877391794,0.0,-2.244921272495501,1.1258345291658494,-2.746795789993661,-1.5587549099883253,1.0986122886681098,1.5849625007211563,0.0,0.0,0.0,-0.2576036959637148,-0.2785014162449113,-1.5097077011361328,-4.11579023343861,0.710049451657745,-0.22826086956521738,2.023470165941101,0.0,0.0,0.0
nafasjan903269,nafasjan903269,0,0.30578746379797167,0.8238427863427507,0.17773019003546361,-0.19906407643677707,0.8888258281635428,0.37596259975201435,-0.43000256871307474,0.518837475137204,1.6883220770796579,1.0,0.0,1.0,0.0,0.0,0.0,-0.6323078819263657,-0.5,0.0,0.3113746724727663,-1.1548505235289066,0.0,-0.5354099811440466,-1.834843028323376,-2.746795789993661,0.644205560814892,0.6931471805599453,1.0,-0.4425070493497601,-0.3236566839097652,-0.3236566839097652,2.151819237514123,1.0511569323264902,0.7846842053524027,0.3758892475235973,-1.6142474614235454,0.08695652173913043,-0.41617969872572524,0.0,1.7712437491614221,0.0
SiamakGhassemi,siamakghassemi,0,2.5880885259029176,-1.0399013741372123,-0.5860342697966531,1.6606746705339976,-0.4490508695995137,-0.7608188276044445,1.679424608271256,1.6827591181214785,-0.5336241403153912,1.0,0.0,1.0,0.0,0.0,1.0,-0.35998769969564104,-0.5,-0.3154648767857287,-1.2454986898910656,0.426649242234172,0.0,-0.5354099811440466,-0.6555784788859653,-2.746795789993661,-1.056892792915664,0.6931471805599453,1.0,-0.4425070493497601,-0.3236566839097652,-0.3236566839097652,-0.2576036959637148,-0.2785014162449113,0.20424492960493942,-0.7604236802924565,-1.146537752580429,0.782608695652174,2.312404955408144,0.0,0.0,0.0
Aryammehr_2,aryammehr_2,0,1.4174791552887178,0.0819836904333373,0.4424440432294439,1.1811046913089847,0.9938600897273372,0.1779025102372512,-0.5974826611867454,2.083645341342876,0.7328076250675334,1.0,0.0,1.0,0.0,1.0,0.0,1.6554211370603455,1.7617809780285065,1.4739860847955542,0.3774686173251982,-0.3272354268660005,1.8073549220576042,-0.2526886451620934,0.9434740436676368,-0.24124854865531517,0.6647231038715159,0.0,0.0,1.19897784671579,1.0371339325992097,1.3846203144649545,0.0407528846591425,0.0795216066453145,-1.1185116976047957,0.17074292754965378,0.8101646928947857,-0.29347826086956524,0.6297114818370197,0.6931471805599453,0.6309297535714574,0.0
farshadeashour,farshadeashour,0,0.5955312025992737,-1.1878578214799678,-2.639103562756306,0.10175559829607272,-1.2914974763789389,-2.2593849837956794,-0.5070639609555613,0.9601616571851198,-0.421282847013663,1.0,0.0,0.0,0.0,0.0,0.0,0.07162957732960912,-0.5,-0.3154648767857287,0.0,0.6091014927458517,0.0,1.7244410234206158,0.7485466490574938,0.6484308774529765,-1.2707153750240483,0.0,0.0,-0.4425070493497601,-0.3236566839097652,-0.3236566839097652,-0.2576036959637148,-0.2785014162449113,-1.0594820693566405,-2.2630887654869194,0.5811255962898972,-0.2391304347826087,1.299195985025097,0.0,0.0,0.0
Sheina__,sheina__,0,0.023191333547971912,-0.9002982106847176,0.28283565318077825,0.29614926566610034,0.5244201187945546,0.25853774503286003,1.2956588749036733,-0.7374771844348077,-0.5132078430676438,0.0,0.0,0.0,0.0,0.0,1.0,-0.35998769969564104,-0.5,-0.3154648767857287,0.3113746724727663,0.7079177126949658,0.0,0.4645900188559534,-2.6038367623493377,-2.746795789993661,-0.24054135545925934,0.6931471805599453,1.0,-0.4425070493497601,-0.3236566839097652,-0.3236566839097652,-0.2576036959637148,-0.2785014162449113,0.7247295085751241,0.2585172848086657,-1.6142474614235454,0.8369565217391305,0.717084807441111,0.0,0.0,0.0
kharmagas_UK,kharmagas_uk,0,0.8082147541271484,-0.24815578968453633,0.6228009438801895,1.2738218632994565,0.6763673139821111,0.8101949768518285,0.2661186745440534,0.37469668277375784,-0.2256535648906545,0.0,0.0,1.0,0.0,0.0,0.0,-0.35998769969564104,0.0,-0.3154648767857287,0.3113746724727663,-1.285078752712958,0.0,-0.5354099811440466,-0.30846267367663033,0.8679662368909268,0.586921315527545,0.0,0.0,-0.4425070493497601,-0.3236566839097652,-0.3236566839097652,-0.2576036959637148,-0.2785014162449113,1.0063893125431085,0.8099163542165819,-1.4416297239237945,0.5,0.5812912388476179,0.0,0.0,0.0
akhtar1989,akhtar1989,0,-0.3604389465587179,-0.6080780855794384,-0.5774552846041024,0.18778873079776442,-0.07285545605292303,-0.534920982741045,1.6727459542769072,-1.0380219701557687,-0.48243669022236646,1.0,0.0,1.0,0.0,0.0,0.0,0.0,0.2924812503605782,0.0,-0.07784366811819167,0.08465623755131552,1.0,0.5979364534867838,0.44850105986613337,-0.04670894194512913,-0.9198292187608429,0.0,0.0,0.0,0.4077591983577851,0.6763433160902347,0.5180572387887257,1.0511569323264902,-0.10957729082483326,-0.5349472507280156,0.361631937423617,-0.43478260869565216,0.2608700038565331,0.0,1.4649735207179269,0.0
max_mad777,max_mad777,0,0.13787829904249077,-0.4427331222420704,0.4390910124227025,0.2262943855309167,0.2159110926843591,0.6476636851962773,-0.4335987670177241,0.3489309330100696,-0.07763058099862485,1.0,0.0,1.0,0.0,1.0,0.0,0.18465266476580805,-0.5,-0.3154648767857287,0.5944422734710335,0.02049598973832814,0.0,0.4645900188559534,1.0447302958572884,-0.2261762317235589,0.9026333770358947,0.0,0.0,0.0,0.22963807175534695,0.5532947556651121,-0.2576036959637148,-0.2785014162449113,0.32111196781402157,0.647417937325089,0.9578090076059318,-0.05434782608695652,0.3851453111681663,0.0,1.2618595071429148,0.0
Baran27922,baran27922,0,-0.48997334090229555,-0.35107308240084095,0.2731811289952378,-0.38685280723454174,0.3789005601219047,0.08631808856591867,-0.3960955561263807,-0.30359470810516276,-0.029237024438042453,1.0,0.0,1.0,0.0,0.0,0.0,0.6323078819263657,1.2297158093186487,1.1845351232142711,-0.5080326881131163,0.4780641717799522,1.0,0.7694596611676352,-0.6104654046493376,0.22951562005194093,0.3421366555515181,0.0,0.0,0.9247041696625747,1.0371339325992097,1.4302461952399892,0.7991037763668666,0.5654539152713438,-0.3472452702455632,0.08517325988419097,-0.4328306522224779,-0.32608695652173914,-0.0035073746645606706,0.0,1.6309297535714573,0.0
margbar3fased,margbar3fased,0,-0.41665822830141636,0.16310230969724746,-1.1087779110417695,-0.6719500161730103,-1.4114495217805154,-1.8650669502500905,-0.474184433598767,-0.13629723805667857,0.6480844612985961,1.0,0.0,0.0,0.0,1.0,0.0,0.34394975956033375,-0.5,0.0,0.3113746724727663,-0.033093711086637966,1.0,0.7244407767902578,0.7696777067368075,-0.1673722861693176,-1.1103510371947276,0.0,0.0,-0.4425070493497601,0.0,-0.3236566839097652,0.27823469739656637,0.01720507152731438,-1.1022204195005314,-1.8701977893499653,0.8175438982134444,-0.5760869565217391,-0.31077204340794645,0.0,0.6309297535714574,0.0
Alireza7553,alireza7553,0,-0.33060244403584343,0.34488134110879276,-0.09872586061523489,-0.5113915944693856,0.7268971681839315,0.09536368641352978,0.06730028255843823,-0.5506048442437874,0.4034877583618081,1.0,0.0,0.0,0.0,0.0,0.0,0.30976516687567374,-0.5,0.0,0.19161530281965333,-0.06714785625543265,0.5849625007211564,0.9766919086594607,-0.598678874457237,0.34689393799327245,0.028984878084654213,0.0,0.0,0.0,0.22963807175534695,0.22963807175534695,0.0,-0.13634085978893412,-0.07128853991941457,0.09521538636861376,-0.5248038902396656,-0.07608695652173914,-0.37908099892090824,1.3862943611198906,1.4649735207179269,0.0
prime_factor_,prime_factor_,0,0.12769861107257538,-0.8648909193257399,-1.084131623139524,0.4648554324615605,-0.5276499213870395,-0.27413226233442056,-0.14487541741587465,0.0072190122203141536,-0.40884549071983234,1.0,0.0,1.0,0.0,0.0,0.0,-0.35998769969564104,0.0,-0.3154648767857287,-1.2454986898910656,-0.30424957694458304,0.0,0.014929732069161893,-0.25305673271337464,0.5343533445448015,-0.17586498207060777,0.0,0.0,-0.4425070493497601,-0.3236566839097652,-0.3236566839097652,-0.2576036959637148,-0.2785014162449113,0.4527356595551966,-0.2739589617888531,-0.7289715473934494,-0.6956521739130435,0.7440619438164238,0.0,0.0,0.0
Arad60292050,arad60292050,1,0.6815063934374047,0.2048394802218196,0.5407317204856102,-0.38685280723454174,0.17518162821491556,-0.8373654853857176,-0.3853069612124326,0.8575194874322517,0.5928945412983893,1.0,0.0,1.0,0.0,0.0,0.0,2.076037195961504,0.2924812503605782,0.9170218835732348,0.34805927951014526,-0.9369355404405093,1.584962500721156,0.4451423748494213,0.5875249313020745,-0.42784398435844223,-0.4766253341524655,0.0,0.0,0.9247041696625747,1.3846203144649545,2.417474153162741,-0.19912693373756749,-0.22677253008837067,-1.969010726658783,-0.9382884666183166,0.49337860822302615,-0.6304347826086957,0.13835228721674603,0.0,2.0,0.0
rezatorkamand,rezatorkamand,0,-0.35409459790273556,0.3205506772165586,0.26543619927452916,-0.2850972089384689,0.11474848567589198,0.34732829270657933,1.3989211405086053,-0.9904330201228566,-0.05027947012687096,1.0,0.0,1.0,0.0,0.0,0.0,0.7168197601249716,0.9999999999999999,0.7324867603589635,0.1421487654772672,0.6165072238694413,0.5849625007211564,0.935013202813141,-0.11740543741667206,0.3107998640901426,-0.1871613145064091,0.0,0.0,0.0,0.22963807175534695,-0.3236566839097652,0.23478261933251804,0.06428124519069128,-0.282779404992442,0.34667270653198207,0.08517163424170471,-0.05434782608695652,-0.37426261805804734,0.0,0.0,0.0
kharkhali,kharkhali,0,-0.15376178448831637,0.15602184648613573,-0.06008885021407229,-0.38685280723454174,-0.14321004620297986,0.10344628231068607,0.0,-0.36333486722210884,0.21694955810865793,1.0,0.0,1.0,0.0,0.0,0.0,0.3753965364516277,-0.5,-0.3154648767857287,0.8303319409695896,0.04221938955746002,0.0,0.4645900188559534,0.16286518966548028,0.4761393086171219,0.07230313430980143,0.0,0.0,-0.4425070493497601,-0.3236566839097652,-0.3236566839097652,0.02062869042422323,-0.12495676027632954,-0.12358346105808057,0.10327730167517514,0.23915756669008092,-0.08695652173913043,-0.2062758300334694,0.0,0.0,0.0
samirkh1389,samirkh1389,1,-0.46703732308138013,-0.02852302754312815,-0.7095220369105376,-0.38685280723454174,-0.5896809557853302,-0.19596729092694157,-0.18237862830721807,-0.4897016519355051,0.12863453622835216,1.0,0.0,0.0,0.0,1.0,0.0,0.13219152203468268,-0.5,-0.3154648767857287,-0.46706200870914966,-0.26052203896969806,0.0,0.32361973474517747,0.26444314135350433,0.5030972818780431,-0.08311754574962248,0.0,0.0,-0.4425070493497601,-0.3236566839097652,-0.3236566839097652,-0.2576036959637148,-0.2785014162449113,-0.06191848553083391,-0.19595166797175553,0.24952520923461524,0.15217391304347827,-0.2151422484398685,0.0,1.4649735207179269,0.0
drfalahatpishe,drfalahatpishe,0,0.52854789433152,-3.6549895177852574,-6.705445342208991,1.0860331325016919,-2.2415826144036037,-2.6045145826000367,0.2727973285384023,0.08825048219099524,-0.5717932110384917,1.0,0.0,0.0,0.0,0.0,0.0,-0.35998769969564104,-0.5,-0.3154648767857287,-1.2454986898910656,0.12175432333725651,0.0,0.4645900188559534,1.2195520724656135,-2.746795789993661,-1.491063596900197,0.6931471805599453,1.0,-0.4425070493497601,-0.3236566839097652,-0.3236566839097652,-0.2576036959637148,-0.2785014162449113,-0.7379248460153566,-2.6048882797223,0.5273494238800026,0.5,3.505511285422212,0.0,0.0,0.0
Bahar00452227,bahar00452227,0,-0.4379185078532736,0.2951396328416707,0.35067592478308734,-0.38685280723454174,-0.10617171232238747,0.5955207261293675,-0.10172103776008219,-0.52667110538029,0.45217474815202774,1.0,0.0,1.0,0.0,0.0,1.0,-0.6323078819263657,-0.5,0.0,-1.2454986898910656,-1.0359614650097744,0.0,-0.5354099811440466,-2.078916875982308,-2.746795789993661,0.5844543674261471,0.6931471805599453,1.0,-0.4425070493497601,-0.3236566839097652,-0.3236566839097652,-0.2576036959637148,1.8289572050115803,0.8967854165557362,0.595347269812232,-1.6142474614235454,-0.32608695652173914,-0.3882979990530194,0.0,2.0,0.0
HichkasOfficial,hichkasofficial,0,3.8951219213815573,-0.6782102865674177,-0.7363709036676405,2.3263247564051386,-0.6529484643169944,-0.661822788836548,1.7636783971230414,3.176890422548277,-0.4962984240104912,0.0,0.0,0.0,0.0,0.0,0.0,-0.35998769969564104,-0.5,-0.3154648767857287,3.4251213972004306,0.9410539735030821,0.0,-2.244921272495501,1.467322671032709,-2.746795789993661,-1.0107905093584306,0.6931471805599453,1.0,-0.4425070493497601,-0.3236566839097652,-0.3236566839097652,-0.2576036959637148,-0.2785014162449113,0.2547954242591021,-0.661462112764051,0.9572564271546359,-0.6086956521739131,2.7372405670644104,0.0,0.0,0.0
aalchaa,aalchaa,0,0.26535565971413155,0.4487832360893484,0.5341881035190053,0.10175559829607272,0.3207329627779725,-0.20091317635150394,1.0608784998715644,-0.49217397246112904,0.14021490459360317,1.0,0.0,1.0,0.0,1.0,0.0,-0.0876675174649165,0.0,0.0,0.6227493449455326,-0.33798862998355345,0.0,0.11165991271597224,-0.1735598865954828,0.5916828811491401,-0.5651000326702045,0.0,0.0,-0.4425070493497601,-0.3236566839097652,-0.3236566839097652,0.376157433745945,0.07124447743351088,0.15006508270236785,-0.20086413862832697,-0.12055794477876516,0.18478260869565216,-0.22340703752764152,0.0,0.0,0.0
sasanrahimpour1,sasanrahimpour1,1,-0.30357909223656715,-0.17850383850494078,0.4005670825768456,-1.2850972089384687,-0.3537831497209439,-0.46215274601018536,0.5003853069612124,-0.730664169430132,-0.23491313876601463,1.0,0.0,0.0,0.0,1.0,0.0,1.1355547362812248,2.142701109431124,1.8360620392491975,0.34303991978988446,0.8441548141194943,1.3219280948873622,1.545908870007097,-0.17406069007702202,-0.33864080149286263,-0.6169505567186307,0.0,0.0,1.19897784671579,1.3846203144649545,2.377884109086853,0.7305950461758645,1.118247661335258,-1.0364426504503403,-0.473946571493757,-0.034651808973795564,0.5869565217391305,-0.04324966715362595,0.0,0.6309297535714574,0.0
zootopiazz,zootopiazz,0,-0.5641757374441599,0.35206243398614245,-0.33268341882697716,-0.6719500161730103,-0.3043896699435058,-0.17947208018045402,-0.31852042126894425,-0.449515399528671,0.7304366305379612,1.0,0.0,1.0,0.0,1.0,0.0,-0.0876675174649165,-0.5,-0.3154648767857287,0.3113746724727663,-0.20776040079950145,0.0,0.1741016184953216,-0.0967946437301695,0.4483105291581328,0.032233944733105244,0.0,0.0,-0.4425070493497601,-0.3236566839097652,-0.3236566839097652,0.7423963040362852,0.27335618006846407,0.1610461562105506,-0.17936446058979091,0.0,-0.13043478260869565,-0.4524708912618913,0.0,0.0,0.0
inventor_kevin,inventor_kevin,0,-0.2329113674195353,0.5021823804580804,0.5073604332703887,0.4648554324615605,0.3721534198533106,0.34986231989451433,0.8363729771384536,-0.7913190284688372,0.2623921418180578,0.0,0.0,1.0,0.0,1.0,0.0,1.4311789173646752,0.6609640474436811,0.3154648767857287,0.30351090511946655,-0.28221121740779487,1.3219280948873622,1.0066118419697951,0.1462034407469632,-0.00027608336097004313,-0.04155032894957966,0.0,0.0,0.31396374801627,0.22963807175534695,0.0,0.060910316247881346,0.3516652984329603,-0.8527431784250658,0.3472150044749084,0.17002324759701906,0.7717391304347826,-0.42547881982542474,0.0,0.0,0.0
PeaceHappyJoy,peacehappyjoy,0,0.5426831914464335,0.47426556060568503,0.012603701781313542,0.18778873079776442,1.0896994297581657,0.4688068300749658,0.2332391471872592,0.12692922050308586,0.4770832719602028,1.0,0.0,1.0,0.0,0.0,0.0,0.5995493342790531,1.1609640474436813,0.6309297535714573,0.37364960696731964,1.1507607673824223,1.3219280948873622,-0.1693612086349214,0.4240169696762039,0.12915212148196553,0.28643067123263094,0.0,0.0,0.0,0.8769514395748774,1.2296380717553468,0.009917694439866643,-0.06110396188414018,-0.12473668575512212,0.4682908757644131,0.4457716684339344,0.8478260869565217,-0.12501284884282793,0.0,0.0,0.0
Iraneshghal,iraneshghal,1,-0.3213603197509944,0.4936331040471817,0.5423249110236686,-0.6719500161730103,-0.6301505667007639,0.6293132566395472,0.3513999486257385,-0.6845660065607169,0.44178796006671456,1.0,0.0,1.0,0.0,1.0,0.0,-0.6323078819263657,0.0,0.885621874580711,0.21979315380507627,-0.8082204478710499,1.3219280948873622,-0.46391735486133867,-2.160442159383181,-0.1391420414957015,0.3821291267900751,0.0,0.0,0.31396374801627,0.4077591983577851,0.4077591983577851,1.598899695463673,1.3629154704030009,0.913983891513352,0.6290163377916396,-1.4674392174743827,-0.08695652173913043,-0.4470357369630454,0.0,0.0,0.0
AhmadySetareh,ahmadysetareh,0,-0.12921465931646586,0.5174095565806651,-0.7621818095278898,-0.2850972089384689,-0.06767941695447084,-0.8421452120739378,-0.1736450038530696,-0.20731669307332015,0.8328778491051455,1.0,0.0,1.0,0.0,0.0,0.0,-0.2006906049011154,0.0,0.0,-0.6227493449455328,-0.712968768642103,0.5849625007211564,-0.08574969435725534,-2.111881854286867,0.11171346829638748,-0.626028216655023,0.0,0.0,0.0,0.0,0.0,-0.2576036959637148,-0.2785014162449113,-0.051922102324827274,-0.8420056222444738,-1.4710019020509235,-0.4782608695652174,-0.4014290382422732,0.0,0.0,0.0
BehzadZara,behzadzara,1,0.09988753572948872,-0.11385437072614416,-0.4351362376496149,0.14642828402660843,0.18078110969409014,-0.10711314497152107,1.2442846134086822,-0.670505707512104,-0.3069394820696163,0.0,0.0,1.0,0.0,0.0,0.0,0.7413824439009239,-0.5,0.4999999999999999,0.10098659064972988,1.2978108976670428,0.5849625007211564,1.9290184376543207,0.07239376948906931,0.2908442009775342,-0.5321783112736111,0.0,0.0,0.0,0.22963807175534695,-0.3236566839097652,0.7188297059608237,0.4819380060310041,-0.5347492947048132,-0.10798116713989543,0.16378913051998367,0.2391304347826087,0.09956051967371123,0.0,0.0,0.0
hamidsanati6661,hamidsanati6661,0,0.32177169893452445,0.38965885619080565,-0.9088838776983059,0.14642828402660843,-0.6603728296297572,-1.2981020319628969,-0.04829180580529155,0.11289090545664572,0.539970543114666,1.0,0.0,1.0,0.0,1.0,0.0,0.6323078819263657,0.0,-0.3154648767857287,0.3113746724727663,0.5509495245501241,0.0,1.2148677869963571,0.48755856720128005,0.3849568956749971,-0.9999564856356872,0.0,0.0,0.0,0.22963807175534695,0.6763433160902347,-0.1436253432028511,-0.21560159645854313,-1.0539046273253876,-1.3023789113228768,0.4077713949460866,-0.25,-0.16226368040106354,0.0,1.4649735207179269,0.0
ryaniran,ryaniran,0,-0.3369579521162156,0.15510083802853714,0.0029119008581061498,-0.2850972089384689,-0.2112890031934934,-0.2771257922234307,0.8204469560750064,-0.8538210358006801,-0.07240947348945895,1.0,0.0,1.0,0.0,0.0,0.0,-0.35998769969564104,-0.5,-0.3154648767857287,0.3113746724727663,0.3042065738489362,0.0,0.4645900188559534,0.6307162586649809,-2.746795789993661,-0.5652872709367144,0.6931471805599453,1.0,-0.4425070493497601,-0.3236566839097652,-0.3236566839097652,-0.2576036959637148,-0.2785014162449113,0.4512259914921221,-0.27691440503409787,0.5189188964386489,0.7717391304347826,-0.2769714730126254,0.0,0.0,0.0
Mahnush_A,mahnush_a,0,-0.13628224099316374,-0.11783214374185577,-0.40982319535215295,-0.8982444017039272,-0.5037299463203785,-0.26954143126050206,-0.5666581042897508,0.2917357246293818,0.40145525198874193,1.0,0.0,0.0,0.0,0.0,0.0,0.34394975956033375,-0.5,1.5165516281521685,-0.2475023859084279,-0.7217560654198893,1.3219280948873622,-0.2946041150210133,-0.4192923327572597,0.02802400648742235,0.20809070793658743,0.0,0.0,1.75647079736603,1.3846203144649545,1.2296380717553468,1.597362935864077,1.0876973572651383,-0.2881249909850718,-0.27171508297290725,-0.4257702916098104,-0.2826086956521739,-0.010281573215354346,0.0,0.0,0.0
Peleja11,peleja11,1,0.4851020880188286,-0.2030178462941028,0.5321857865925606,-0.12453878723484421,-0.31059682318702087,0.19477098305587798,-0.3210891343436938,0.5589620291434695,0.049973737180061734,1.0,0.0,1.0,0.0,0.0,0.0,0.5820853491063983,0.0,0.18453512321427132,-0.33732308080328444,-0.19232111536002214,0.0,-0.15522797808748992,0.23559635692657013,0.34942810095327403,0.37454177790964605,0.0,0.0,0.0,0.0,-0.3236566839097652,0.02062869042422323,-0.12495676027632954,-0.2501924412538815,0.19438782545679772,0.11713938829839489,-0.6739130434782609,0.3685123753174146,0.0,1.0,0.0
Ansari_Bahman,ansari_bahman,0,1.727598116621677,-0.3249395003797992,-0.06641058847358519,1.3914844572730762,0.7266432246139051,0.20602860098836664,0.38273824813768303,1.2992453961091452,-0.29153467555419404,1.0,0.0,1.0,0.0,0.0,1.0,-0.35998769969564104,-0.5,0.0,-0.20758259602405685,1.1089166704128446,0.0,-0.15522797808748992,0.4913677626351649,0.8346353751149309,-0.014622837637247284,0.0,0.0,0.0,0.0,0.0,-0.2576036959637148,-0.2785014162449113,0.6979108109180391,0.2060149230143294,0.18626744369804524,0.7391304347826086,1.1656478114838114,0.0,0.0,1.0
Kamran99575602,kamran99575602,0,-0.19541019568185716,0.18808903362807575,0.09906153717908156,-1.2850972089384687,-0.09174797202045913,0.10108838887016365,0.20292833290521448,-0.5192050009747993,0.15057948048883962,1.0,0.0,0.0,0.0,1.0,0.0,0.4807907438642421,1.1609640474436813,1.7324867603589633,-0.7954642051460892,-0.17421040962661208,1.3219280948873622,-0.0005330362140287964,-0.9352364777343702,0.11079288510651268,-0.031655880444210124,0.0,0.0,2.770926063898006,2.087353987783417,1.3362275830855712,1.4633158344347916,1.1532954322456244,-0.21482543286307773,0.09889138489038414,-0.6474894523050603,0.1956521739130435,-0.24283092662008138,0.0,2.0,0.0
Iranistics_UT,iranistics_ut,0,0.35055873863619635,-0.6576490088347998,-1.2506665607156864,0.4648554324615605,0.2924285331054564,-1.1072105587444578,-0.2835859234523504,0.3724702760909166,-0.2915904711970778,1.0,0.0,0.0,0.0,1.0,0.0,-0.35998769969564104,0.0,-0.3154648767857287,0.3113746724727663,0.8148385584318815,0.0,0.014929732069161893,-0.2781157987522976,0.7450310532127817,-0.75719451607093,0.0,0.0,-0.4425070493497601,-0.3236566839097652,-0.3236566839097652,-0.2576036959637148,-0.2785014162449113,0.027281757103031056,-1.1068605067844477,-0.42077922785254535,0.6739130434782609,0.6856839974296396,0.0,0.0,0.0
Lilium52709755,lilium52709755,0,-1.8081943109209924,-0.4465903554497012,-0.03840206113951688,-0.8982444017039272,-0.7768577067969957,-1.0279747255206335,-0.337015155407141,-1.1877503442085924,-0.14122245628443317,1.0,0.0,0.0,0.0,0.0,0.0,-0.6323078819263657,-0.5,0.0,-1.2454986898910656,-0.14702319166198516,0.0,-0.5354099811440466,-2.2726491877990305,-2.746795789993661,-0.6630583410582317,0.6931471805599453,1.0,-0.4425070493497601,-0.3236566839097652,-0.3236566839097652,2.151819237514123,1.0511569323264902,0.06782053067725165,-1.0274986606535588,-1.6142474614235454,-0.7934782608695652,-0.4480706369002555,0.0,2.0,0.0
NaaserXA,naaserxa,0,0.5219163578530246,-0.5542758589962694,0.4613360544802008,0.9810791837532257,-0.38518223039933,0.23290742356517374,-0.2733110711533522,0.5398943789755694,-0.24025589169271608,1.0,0.0,0.0,0.0,0.0,0.0,-0.35998769969564104,0.0,0.3154648767857287,-1.2454986898910656,-0.10798142251572881,0.0,-0.5354099811440466,-0.3394735854030827,0.32989547536509456,0.3705949011610488,0.0,0.0,0.0,0.0,0.0,0.7423963040362852,0.701411422306331,0.7116105367014776,0.23283456835140517,-1.0240635187368146,-0.6630434782608695,0.6900922596488377,0.0,0.0,0.0
KamranMatin,kamranmatin,0,1.0259930536599762,-0.27867335892272804,-1.421903109432449,1.1245387872348436,-0.2795409209114353,-0.6998910630749648,0.8338042640637041,0.2963989715868492,-0.33549848667838283,0.0,0.0,1.0,0.0,0.0,0.0,-0.35998769969564104,-0.5,-0.3154648767857287,0.3113746724727663,0.7079177126949658,0.0,-0.5354099811440466,0.22550922550709218,-2.746795789993661,-0.8769784399036079,0.6931471805599453,1.0,-0.4425070493497601,-0.3236566839097652,-0.3236566839097652,-0.2576036959637148,-0.2785014162449113,0.2353566862132795,-0.6995168934531308,0.12882852894415772,0.5543478260869565,0.728262147030246,0.0,0.0,0.0
AliAlimartin893,alialimartin893,0,0.20075320240868524,-0.32981240739618833,-0.5768876288618239,0.0,0.13897264737135798,-0.08558515502348582,0.4577446699203699,-0.3163484700128756,-0.30674212400007594,1.0,0.0,0.0,0.0,1.0,1.0,1.4551177919012197,0.0,0.5701569977949824,0.3560693929595071,0.26061565134743886,0.5849625007211564,1.2752526433137938,-0.0736143161597721,-0.019044828104710625,-0.2966864638486277,0.0,0.0,0.0,0.4077591983577851,-0.3236566839097652,0.2376053472004955,0.026361384549185594,-1.0940811487540392,-0.09109663743988088,0.15843147408777072,0.75,0.32416408862973256,0.0,1.2618595071429148,1.0
crissss_sh,crissss_sh,1,0.7696229316595634,-0.6299987953754873,1.2383509021560943,0.7737056144690829,-0.2825210183040443,0.5088970113878919,-0.24813768302080658,0.7763998221637777,-0.29006513708990705,1.0,0.0,1.0,0.0,0.0,0.0,-0.35998769969564104,-0.5,-0.3154648767857287,-1.2454986898910656,0.6091014927458517,0.0,-0.5354099811440466,-0.29304834752684616,-2.746795789993661,0.6067215824101128,0.6931471805599453,1.0,-0.4425070493497601,-0.3236566839097652,-0.3236566839097652,-0.2576036959637148,-0.2785014162449113,0.8525574701882975,0.5087632129987828,-1.3191554900801798,0.6630434782608695,0.8956321812502888,0.0,0.0,0.0
vahid__bahman,vahid__bahman,0,1.927129109398324,-3.310895026446924,-0.10097549853344688,1.606911254967993,0.7233329224652381,-0.09366121165498825,1.046493706652967,1.1742402700016743,-0.5715294118129857,1.0,0.0,1.0,0.0,0.0,0.0,0.13219152203468268,-0.5,-0.3154648767857287,0.5337849303999763,2.0366900087468007,0.0,-2.244921272495501,1.3289549315850964,0.6211664375275531,-0.4760692994309005,0.0,0.0,0.0,0.0,0.0,-0.2576036959637148,-0.2785014162449113,-0.009681752139859142,-0.09366383034151632,1.236189396474663,-0.30434782608695654,4.31521247007317,0.0,0.0,0.0
Behrouzjt,behrouzjt,0,-0.38231795736853597,-0.5789295552569078,-0.6492963065301769,0.4886084055306143,0.16081749498094533,-0.5196407047425551,1.0315951708194195,-0.9331458024217085,-0.4488484660275928,0.0,0.0,0.0,0.0,0.0,0.0,0.0,-0.5,-0.3154648767857287,-0.07784366811819167,1.157408629582271,0.0,-0.24492127249550139,-0.7541665777810785,-0.27994424275994223,-0.7965094785018844,0.0,0.0,0.0,0.0,0.5532947556651121,-0.2576036959637148,-0.2785014162449113,-0.10168811442570347,-0.5194985070700704,-0.8514457812370639,0.7282608695652174,0.22594652411614813,0.0,0.0,0.0
Tondbad3,tondbad3,1,-0.05304794759628932,0.5922326924663599,-0.1662967691650723,-1.2850972089384687,-3.2218592884533392,-0.4963277206061202,-0.2666324171590033,-0.04765790744045098,1.050890333050213,1.0,0.0,1.0,0.0,1.0,1.0,-0.6323078819263657,-0.5,0.3154648767857287,-1.2454986898910656,-0.5335164796237627,0.0,1.1741013102074076,-2.2726491877990305,-0.1782332483782244,-0.2847937354378574,0.0,0.0,0.0,0.0,-0.3236566839097652,0.7423963040362852,1.6030152479992252,0.3392460394621182,-0.4961350409637663,-1.6142474614235454,0.30434782608695654,-0.41421322740466804,0.0,0.6309297535714574,0.0
KarimSnowman,karimsnowman,1,-0.36517948206360934,0.378910825820748,0.5824098892243446,-0.8982444017039272,-0.011722369318425772,0.530492988351932,-0.5604931929103519,0.05173451289293035,1.134761717764196,1.0,0.0,0.0,0.0,0.0,0.0,-0.35998769969564104,-0.5,-0.3154648767857287,0.3113746724727663,0.6428405457848221,0.0,-0.5354099811440466,-0.2781157987522976,-2.746795789993661,0.9430763668757451,0.6931471805599453,1.0,-0.4425070493497601,-0.3236566839097652,-0.3236566839097652,-0.2576036959637148,-0.2785014162449113,0.8635838562169684,0.5303493211671769,-0.22718543881663786,0.5217391304347826,-0.4068041616485624,0.0,0.0,0.0
ZananFirouzehie,zananfirouzehie,1,-0.11632049017711359,-1.582725928508882,-2.454156374602669,0.683002072900642,0.9170216978449204,-0.44008779784000285,0.17415874646801952,-0.4394892355137352,-0.5425068245187253,0.0,0.0,1.0,0.0,0.0,0.0,0.2723201822307247,0.0,-0.3154648767857287,0.15568733623638314,-0.14702319166198516,0.0,0.7732803116853343,-0.02674711212363083,0.4507975258059885,-0.4803039242602638,0.0,0.0,-0.4425070493497601,0.0,-0.3236566839097652,0.376157433745945,0.07124447743351088,-0.3120906389880386,-0.44024694690724236,0.16355939110291734,-0.043478260869565216,1.2520709182473952,0.0,0.0,0.0
mahrokh19726311,mahrokh19726311,0,-0.6449691131195242,0.14155055764943583,-0.13236876442618176,-0.5113915944693856,-0.8135855170371336,-0.4745448193462894,-0.3719496532237349,-0.46172404044794535,0.49046155172745665,1.0,0.0,1.0,0.0,0.0,0.0,0.7755670365855839,-0.5,2.3333690159282665,-1.0662901108960896,-1.5932543142864595,1.3219280948873622,0.3864790265088229,-0.7846469476827781,-0.29449639938757105,-0.18290951900515504,0.0,0.0,2.1744519456340528,1.8641793974976288,2.213179022660449,1.4778137782274392,1.2949057874057976,-0.7589556914767248,-0.4935350116708324,-0.6243831361711667,0.021739130434782608,-0.37701003541336536,0.0,2.0,0.0
bardi1980,bardi1980,0,0.3468199266078344,0.8509510044024601,-0.659371972730261,-0.2850972089384689,-0.1436926424221623,0.6705479093713211,-0.5050089904957616,0.6850500063141188,1.876117952891124,1.0,0.0,0.0,0.0,0.0,0.0,0.34394975956033375,-0.5,0.6845351232142712,-0.4184097161352799,-0.7169072253790052,0.0,0.10572416144554993,-0.33281617642260075,0.31997863690996137,1.004137022394938,0.0,0.0,1.893068428008873,1.3846203144649545,1.2847106379326625,0.6876548996823512,0.7950047961291952,0.19286634386545556,0.6702003249724879,-0.32001467957751184,0.43478260869565216,-0.41669925753311077,0.0,1.4649735207179269,0.0
IRAN_javid863,iran_javid863,0,-0.3423608261091152,-0.7599064952376918,0.12087949764507143,0.10175559829607272,-0.15932748306937072,0.4949177663565841,0.48137683020806576,-0.7504234575380285,-0.45407037410093026,1.0,0.0,1.0,0.0,1.0,0.0,1.199840642294104,0.9999999999999999,0.6309297535714573,-0.1465298071189592,-0.36699966833061565,1.0,0.1004745635673804,-0.14911266487755917,-0.04751764657594078,0.2073083163621241,0.0,0.0,1.19897784671579,1.1065895113302244,-0.3236566839097652,-0.05891593113672075,-0.1688540639306092,-0.5951436485886753,0.4935662725063249,0.015633576343203743,0.11956521739130435,0.3963690377781987,0.0,1.2618595071429148,0.0
TahsinZhaleh,tahsinzhaleh,0,0.7253922920233098,0.5679547854598626,0.6404531054899499,0.2623140199996974,0.3249804184178408,0.9313304057281863,-0.2661186745440534,0.7495245366730634,1.010265663658134,1.0,0.0,1.0,0.0,1.0,0.0,1.9012993868519301,2.1609640474436813,0.6845351232142712,-0.2503841585021633,0.16970177709440068,1.0,0.1827127715377486,-0.05697259359472785,-0.2521377415551676,1.017238070948868,0.0,0.0,0.31396374801627,0.8769514395748774,0.0,-0.1024201569371621,-0.1740407740521349,-0.9274444762627827,0.9275767388462961,0.12771941286771893,0.5,-0.10984394756616475,0.0,0.0,0.0
tanhatak5112,tanhatak5112,0,0.5309873994094074,1.033855928342912,0.44484568369817945,-0.19906407643677707,-0.8135855170371336,0.748153945672101,-0.0015412278448497304,0.2843778692450044,1.5485098601224692,1.0,0.0,1.0,0.0,1.0,0.0,-0.35998769969564104,-0.5,0.18453512321427132,0.3113746724727663,0.8770655483314231,0.0,1.1741013102074076,-0.16131534086867133,-2.568797863132202,0.6657557128699305,1.3862943611198906,2.0,0.31396374801627,0.22963807175534695,0.0,-0.2576036959637148,-0.2785014162449113,0.9747090111144595,0.747896539957587,0.015711325026533742,-0.42391304347826086,-0.44699422473892925,0.0,1.4649735207179269,0.0
samadiHosein,samadihosein,1,-0.11632049017711359,0.32154055474544585,-0.4422264970816091,-0.8982444017039272,-2.543095720314554,-0.9519021419793251,1.223221166195736,-0.8139600489043298,-0.017201995689337266,1.0,0.0,0.0,0.0,0.0,0.0,-0.2006906049011154,0.0,0.0,-0.46706200870914966,0.007294319663286609,0.0,0.24999355852028826,0.42875351711450943,0.37907666621535835,-1.0989252155644538,0.0,0.0,-0.4425070493497601,0.0,-0.3236566839097652,1.1518183684983854,1.8289572050115803,-0.1079890474317013,-0.9517853089402218,0.47169225561632944,0.40217391304347827,-0.29251716697872887,0.0,0.0,0.0
chawshin_83,chawshin_83,0,2.0937211977427777,0.19472953217177497,0.6825130335985082,2.1017555982960725,1.164861475857761,0.45344936964021215,0.5055227331107115,1.6387757274207808,0.044839747521228386,1.0,0.0,1.0,0.0,0.0,0.0,-0.2006906049011154,-0.5,-0.3154648767857287,1.0898113536546823,0.6757665299373563,0.0,-0.5354099811440466,1.1012752364142875,-0.49150645954959965,0.16063051002851556,0.0,1.5849625007211563,0.0,0.0,0.22963807175534695,-0.2576036959637148,-0.2785014162449113,0.6097049299422316,0.45332975252466373,0.6810006519917879,-0.13043478260869565,0.9078566991563636,0.0,1.0,0.0
omiddana19,omiddana19,0,-0.37600418925507895,-3.1096126523092784,-2.371544691495928,-0.05880282340755195,0.1677398236334171,-1.3887970619619185,-0.5990238890315952,0.11501922934586947,-0.5689866005669939,1.0,0.0,0.0,0.0,0.0,1.0,-0.0876675174649165,-0.5,-0.3154648767857287,0.3113746724727663,0.8956556114160755,0.0,-1.535410597719989,-0.17890515557183947,0.027108109163312685,-0.6958535278404754,0.0,0.0,-0.4425070493497601,-0.3236566839097652,-0.3236566839097652,-0.2576036959637148,-0.2785014162449113,-0.4564982175873342,-1.3887179431488679,-0.6484059669855963,0.6847826086956522,2.6676883408391237,0.6931471805599453,1.0,1.0
NikiPatriot,nikipatriot,0,-0.5046571485333802,-0.7914599030208073,-0.22951784627724164,-0.6719500161730103,-0.10845453834883803,0.18166865637782426,-0.5255586950937581,-0.14017357663459812,-0.2507965425159738,1.0,0.0,1.0,0.0,1.0,0.0,0.9762576414866992,1.9770981551934377,1.0701569977949823,-0.18521499642697564,0.5281240573829541,0.5849625007211564,0.4432366659247822,-0.24235405053666234,-0.001045643312229168,0.5708977815012585,0.0,0.0,0.31396374801627,0.4077591983577851,0.8769514395748774,0.2953157403240561,0.3857572068655921,-0.5770381135059317,0.1798032033302889,0.0361177610348822,0.20652173913043478,0.336865544634953,0.0,0.0,0.0
AmirHadiAnvari,amirhadianvari,0,0.4862181312653547,-0.9281051904053643,-1.0075036556951922,0.7450782818005696,-0.08113585972387437,-0.5165533363417841,1.0495761623426663,-0.30277462571208746,-0.5098004155353922,0.0,0.0,1.0,0.0,0.0,0.0,-0.2006906049011154,-0.5,-0.3154648767857287,-1.2454986898910656,1.0191530709198298,0.0,-0.5354099811440466,1.3924134658168879,-0.149312339283494,-0.7981304340203249,0.0,0.0,0.0,0.0,0.22963807175534695,-0.2576036959637148,-0.2785014162449113,0.11443061739197363,-0.5163015164912717,0.7815868649470517,-0.5978260869565217,1.002055973912315,0.0,0.0,0.0
AmiinMosavii94,amiinmosavii94,0,1.065228564653972,0.0296505915503745,0.5169568256792136,1.1674915621233648,0.3648933875099306,0.24714658004788925,0.09452864115078345,0.7709081655992656,0.04071717728163639,1.0,0.0,1.0,0.0,0.0,0.0,-0.6323078819263657,0.0,-0.3154648767857287,0.3113746724727663,-0.33798862998355345,0.0,-0.5354099811440466,0.7370055894107145,-2.746795789993661,0.1515770802336624,0.6931471805599453,1.0,-0.4425070493497601,-0.3236566839097652,-0.3236566839097652,-0.2576036959637148,-0.2785014162449113,0.7189134011150469,0.24713122192044623,0.5015398416361483,-0.32608695652173914,0.4824409132877206,0.6931471805599453,1.0,0.0
YRnESzv9zRLIXuQ,yrneszv9zrlixuq,0,0.765974087750371,0.9596096806701373,-0.03526922342989376,-0.05880282340755195,0.11539763529552133,0.3350638911138398,-0.23991780118160802,0.7629391248810311,1.6669036387380791,1.0,0.0,1.0,0.0,1.0,0.0,1.4627838883295532,-0.5,0.7758642925363403,0.9986424064280186,0.9785496338990496,1.0,1.332752212141463,-0.1513205525914657,-0.0050714926713998675,0.4390394128394689,0.0,0.0,0.0,0.22963807175534695,0.782932827420459,-0.1345445052001264,-0.21059026702584832,-0.8853460483657595,0.3321017314248163,0.0822299477823319,0.6413043478260869,-0.3367784912951804,0.0,0.6309297535714574,0.0
IraniMamoka,iranimamoka,0,-0.5216385905390977,0.3230216799105594,-0.17084593610584214,-0.38685280723454174,-0.4406213484400936,-0.6672277184788151,-0.6046750577960441,-0.015251315227864383,1.1335917952951708,1.0,0.0,0.0,0.0,0.0,0.0,0.7531109260949667,0.5,0.3154648767857287,0.5337849303999763,-0.5130249085512019,1.0,-0.5649474968787054,0.13637827524315752,0.24491651362542605,-0.09587141616738279,0.0,0.0,0.0,0.0,0.4077591983577851,-0.01777877098624916,-0.022349519834069437,-0.8304163785394831,-0.6695493834269429,0.11439569852061886,-0.5,-0.42727097544906034,0.0,0.0,0.0
mirakh838,mirakh838,0,-0.4684513110604863,-0.5110012087111403,-0.0011907064514417524,-0.05880282340755195,0.3633429286140336,-0.2174396450521491,0.331363986642692,-0.7783655772217799,-0.3643145607160206,1.0,0.0,1.0,0.0,1.0,0.0,-0.6323078819263657,0.0,-0.3154648767857287,0.3113746724727663,0.5390162729842176,0.0,-0.5354099811440466,-0.05584947706071257,-2.746795789993661,-0.360778230205771,0.6931471805599453,1.0,-0.4425070493497601,-0.3236566839097652,-0.3236566839097652,-0.2576036959637148,-0.2785014162449113,0.4817015749968787,-0.2172530399850186,0.05120918759553278,0.7065217391304348,0.12851667759433755,0.0,1.2618595071429148,0.0
Camel6561,camel6561,0,-0.23939863123451002,0.0730922870789589,0.2664435979341189,-0.2850972089384689,0.1716201649032979,0.6396980189366537,-0.09863858207038274,-0.3655537058923036,0.1836369496883427,1.0,0.0,1.0,0.0,0.0,0.0,0.2723201822307247,0.6609640474436811,1.547951637144692,-0.7866305056880368,-0.8460390184463198,1.3219280948873622,-0.021686156906399794,-1.0354528157395733,0.04909524886176448,0.6236447590640062,0.0,0.0,0.55749295065024,1.1704824501274749,1.6924698362904478,1.3301162554383672,1.1969202861625279,0.23899553679357566,0.6389245266675035,-0.6699583807157461,-0.391304347826087,-0.18786550919575584,0.0,1.4649735207179269,0.0
khalaji_mehdi,khalaji_mehdi,0,0.5930417527817278,-0.9575626778225054,-2.0004286574165184,1.1094537979535737,-1.3914965503158747,-0.8469629237433604,-0.06421782686873877,0.40162425321102524,-0.44630645696925775,1.0,0.0,0.0,0.0,0.0,0.0,-0.35998769969564104,-0.5,-0.3154648767857287,-1.2454986898910656,0.858218780449036,0.0,-2.244921272495501,-0.865788377756131,-2.746795789993661,-0.6880413331795785,0.6931471805599453,1.0,-0.4425070493497601,-0.3236566839097652,-0.3236566839097652,-0.2576036959637148,-0.2785014162449113,0.16025613444236603,-0.8465395561658043,-0.9290651225856889,0.11956521739130435,1.089218944337233,0.0,0.0,0.0
R0tterdamer,r0tterdamer,0,-0.5123530473224976,-1.0608065015581272,0.3124644775553599,-0.12453878723484421,0.38921185492129373,0.2965064569158509,0.6981762137169278,-0.9263186796220143,-0.5143530394182914,1.0,0.0,1.0,0.0,0.0,1.0,-0.35998769969564104,0.0,-0.3154648767857287,-0.46706200870914966,0.6757665299373563,0.0,0.4645900188559534,-0.38244275975761544,0.11750547378530932,-0.04632535510147421,0.0,0.0,-0.4425070493497601,-0.3236566839097652,-0.3236566839097652,-0.2576036959637148,-0.2785014162449113,0.7441082319495828,0.2964545761241299,-0.6339731512423235,0.22826086956521738,0.5619116312011985,0.0,0.6309297535714574,0.0
FereydounJRL,fereydounjrl,0,0.7377739918666395,-2.68899415387368,-5.861669066527109,0.69918032526715,-0.5597533491985479,-2.028047622195498,-0.34318006678653995,0.8604689254666061,-0.5667591916192766,1.0,0.0,0.0,0.0,0.0,0.0,-0.0876675174649165,-0.5,-0.3154648767857287,0.3113746724727663,3.0444238758048425,0.0,-2.244921272495501,0.40515882505052775,0.6886304281084092,-1.2504802640017172,0.0,0.0,0.0,0.0,0.0,2.151819237514123,1.0511569323264902,-0.7831003669556705,-2.028969043267624,0.3829893933901418,-0.3695652173913043,2.8144411229653077,0.0,0.0,0.0
atheistcyrus,atheistcyrus,0,0.4762572202106357,-1.055497109596999,-0.01754377665499224,0.69918032526715,0.3555348202511263,0.13799938394251166,-0.6098124839455433,1.040385076518611,-0.33131423969734447,1.0,0.0,0.0,0.0,0.0,0.0,0.962938570170896,1.4036774610288019,0.6845351232142712,0.2714548825883953,0.5591504841106233,0.5849625007211564,0.6668591445603437,0.15057570927338906,0.030009647126481735,0.6459974079150961,0.0,0.0,0.31396374801627,0.22963807175534695,-0.3236566839097652,0.04113887156731689,-0.06902468057552315,-0.5884170571398731,0.13659317786049902,0.0748815299494789,-0.2391304347826087,1.1110999743200445,0.0,0.0,0.0
Ario1401,ario1401,0,1.0404827299263566,-0.013409036109857164,-0.21897020481968069,0.714902791061531,0.5768140975687344,0.1648553940430657,-0.5625481633701516,1.5707142119297548,0.5333170282551952,1.0,0.0,0.0,0.0,0.0,0.0,1.2614601245864208,1.6961587113893801,0.6845351232142712,0.024352613134094956,0.05813935731902559,1.584962500721156,-0.1889180886281416,1.1477391562073291,-0.13932312165107902,0.6031448830788169,0.0,0.0,0.55749295065024,1.0371339325992097,1.838005393597775,0.21383320540281758,0.09961144743488828,-0.8128214351619526,0.16219137716979676,0.8624420931079744,-0.5,0.5058464685582803,0.0,1.4649735207179269,0.0
Adlin_SheHulk,adlin_shehulk,0,0.2511812734220802,-0.1812190143689304,0.5971911731489451,0.38685280723454135,1.0422499712984907,0.6172241669250269,-0.2578987927048549,0.2417390728834606,0.027974462544039194,1.0,0.0,1.0,0.0,0.0,0.0,0.6162699417910583,1.7297158093186489,1.2758642925363401,-0.17937827819147364,0.08192831304291522,1.584962500721156,0.5695551145255032,0.025780098789700723,0.09296090855514275,0.71549682621394,0.0,0.0,0.9247041696625747,1.1704824501274749,1.4302461952399892,0.8630742257145887,0.8304207419629412,-0.06285802550373369,0.6164051853164338,-0.10528997388138986,0.6413043478260869,0.22867972448596563,0.0,0.0,0.0
Diiyako_ir,diiyako_ir,0,0.32288877544138794,0.06872329591931231,-0.9838974493011434,-0.6719500161730103,-0.0913023336002061,-1.0497092982932519,-0.5759054713588492,0.7961585883615933,0.6728070655096176,1.0,0.0,0.0,0.0,0.0,0.0,0.8361289812906576,-0.5,-0.3154648767857287,0.3113746724727663,-0.5758216736287328,0.0,-0.4467904232110018,0.528114703018411,0.18207518249308616,-0.4589617275395775,0.0,0.0,0.75647079736603,1.1704824501274749,-0.3236566839097652,-0.17383992778946497,-0.23227574448211902,-1.092700233365933,-1.0545498976048426,0.28569855134240757,-0.5869565217391305,0.06785805829171286,0.0,0.0,0.0
ketn7912,ketn7912,0,-0.11858055946009033,0.6762340764092343,0.38873901493362134,-0.38685280723454174,0.6990155815712727,-0.8583554165810771,0.1566914975597226,-0.4314774692926308,0.814972343613066,1.0,0.0,0.0,0.0,0.0,0.0,0.4045117042654072,-0.5,-0.3154648767857287,0.3113746724727663,0.03913681592273626,0.0,-0.6251041759486462,-0.17847860851251837,0.5778256894668237,-0.7914179073906568,0.0,0.0,0.0,0.0,0.0,-0.2576036959637148,-0.2785014162449113,-0.6394621893811839,-0.8590888862306677,-0.08277190141742954,-0.44565217391304346,-0.4702947611904391,1.791759469228055,1.4649735207179269,0.0
AliZolg85051503,alizolg85051503,1,-0.38528189399185336,0.566548201270989,0.4927138664347125,-1.2850972089384687,-0.6393808004046454,-0.9243467020630998,-0.5990238890315952,0.1058702322843348,1.5497927208386189,1.0,0.0,0.0,0.0,0.0,0.0,-0.6323078819263657,-0.5,1.2474100518427786,0.21979315380507627,-0.7098001479737228,0.5849625007211564,0.4645900188559534,-1.720418871878139,-0.28429663856636855,-0.3254202950493259,0.0,0.0,0.75647079736603,0.782932827420459,0.5532947556651121,1.5384464834634326,1.5457481045992725,0.11914002399346392,-0.9270316417236524,-1.3868738285216693,-0.8913043478260869,-0.494310806984372,0.0,2.0,0.0
abdolah_abdi,abdolah_abdi,0,1.8779950030668366,-0.7584528385144866,-1.1654741244891902,1.5611924384221656,2.0190482863428874,0.5461377014207441,0.7896223991780118,1.238219202256377,-0.47336580371379183,1.0,0.0,1.0,0.0,0.0,0.0,-0.0876675174649165,-0.5,-0.3154648767857287,0.3113746724727663,0.002865442267751927,0.0,-2.244921272495501,0.41480877208175515,-1.1031141789941021,0.14850799610766274,0.0,2.0,0.0,0.22963807175534695,-0.3236566839097652,-0.2576036959637148,-0.2785014162449113,0.5315302002391504,0.5459678300553942,-0.013000297927480508,-0.15217391304347827,1.6450254935751447,0.0,0.0,0.0
Chetoriarzeshi,chetoriarzeshi,0,0.4471311459030543,-0.23940574658731784,0.5270521754172667,0.4400464314018453,0.5406697167315015,0.3327787706036329,0.2239917801181608,0.039164668689516506,-0.21003958720223817,1.0,0.0,1.0,0.0,0.0,0.0,0.18465266476580805,-0.5,-0.3154648767857287,0.3113746724727663,-0.8253357993921486,0.0,-0.5354099811440466,0.12371563714843534,0.33999935982587914,0.16669326574890178,0.0,0.0,-0.4425070493497601,0.0,-0.3236566839097652,-0.2576036959637148,-0.2785014162449113,0.16033914697200075,0.33264367949671964,-0.03476287072703727,0.8260869565217391,0.37884176899494365,0.0,0.0,0.0
BobbyHeravi,bobbyheravi,0,1.230756682774962,0.4888321797161444,0.37112243316653154,0.7874868239530826,0.0069335352236663695,0.09202768921235192,1.240174672489083,0.34407206454242706,0.13840942502603462,1.0,0.0,1.0,0.0,0.0,0.0,0.07162957732960912,-0.5,0.0,-0.7265414213942424,-0.10798142251572881,0.0,-0.5354099811440466,0.38913489979964,0.6849033837183502,-0.3688509674216919,0.0,0.0,-0.4425070493497601,-0.3236566839097652,-0.3236566839097652,-0.2576036959637148,0.4992988564401785,0.14155037357579736,0.09198049162363454,0.5347056846476184,0.11956521739130435,0.18905173446166995,0.0,0.0,0.0
ANTYTHEZIS,antythezis,0,-0.28544540877541535,0.42286333999383086,0.45032707866001165,-0.2850972089384689,-0.17839455052593675,0.056186678073470935,-0.1530952992550732,-0.3622437573544254,0.6712843775833214,1.0,0.0,1.0,0.0,1.0,0.0,0.18465266476580805,0.5,0.946394630357186,-0.4151667489214761,-0.7931849343932319,1.0,-0.19071461875573742,-1.241761580531349,0.4430630103421817,0.12245863202104888,0.0,0.0,0.0,0.4077591983577851,0.6763433160902347,1.3029760757705127,0.8490447501186008,0.018919653843548677,0.05574285254577104,-1.0101040164399449,0.43478260869565216,-0.40361307254054996,0.0,0.0,0.0
Iran_Mehr_2016,iran_mehr_2016,0,-0.6317826066693328,0.5448516052256716,0.008851889684462098,-0.5113915944693856,-0.4806568761586934,-0.1577889907832852,0.6843051631132803,-0.9893849513996329,0.3658101930000918,1.0,0.0,1.0,0.0,0.0,0.0,-0.6323078819263657,-0.5,0.0,-1.2454986898910656,-1.9830515877391794,0.0,-0.5354099811440466,-2.6038367623493377,-2.746795789993661,-0.4310440654411902,0.6931471805599453,1.0,-0.4425070493497601,-0.3236566839097652,-0.3236566839097652,2.151819237514123,1.0511569323264902,0.5121588697482524,-0.1576274784174936,-1.6142474614235454,-0.05434782608695652,-0.542910494422105,0.0,1.4649735207179269,0.0
ServinPooryamin,servinpooryamin,0,0.30998882027324287,-2.5119323597124725,-1.0730755400382441,0.10175559829607272,-0.07112553821120299,-1.408829660118623,-0.05291548933984074,0.10511560537512679,-0.5666066469574172,1.0,0.0,0.0,0.0,1.0,0.0,1.2860228083623728,-0.5,-0.3154648767857287,0.6831653726454237,-0.09867821915378258,1.0,0.917316206691165,0.02112943394563863,0.0978102027373864,-1.0621489446887356,0.0,0.0,0.0,0.22963807175534695,0.4077591983577851,-0.15535833568201698,-0.2220765374856585,-1.6356553195588015,-1.4402616378600137,0.20454618447091155,0.10869565217391304,2.383205454502752,0.0,0.0,0.0
runykeyoldpics,runykeyoldpics,0,-0.48731092199010423,-2.8560268510508053,1.0344882548236738,0.2623140199996974,-0.13173366167829315,-0.14080660499661599,1.4975597225789878,-1.073899177216844,-0.5709290742290377,0.0,0.0,1.0,0.0,1.0,1.0,-0.0876675174649165,-0.5,-0.3154648767857287,-0.46706200870914966,0.31483979656566047,0.0,0.014929732069161893,-1.5409056865543649,0.1698690169985874,-0.6098440694067657,0.0,0.0,0.0,0.0,0.0,-0.2576036959637148,-0.2785014162449113,0.180788488000797,-0.1407114450804961,-1.3191554900801798,-0.14130434782608695,2.289287385563248,0.0,0.0,0.0
bashirtash,bashirtash,0,1.941292028159147,-0.5779195377848865,-0.9387516450385461,1.5187838962696527,-0.1804344462889468,-1.0069924916516382,1.3711790393013101,1.0601415924897821,-0.46552713030709814,0.0,0.0,1.0,0.0,0.0,1.0,-0.35998769969564104,-0.5,-0.3154648767857287,0.3113746724727663,0.12175432333725651,0.0,-2.244921272495501,0.4834699935287754,-2.746795789993661,-1.1473343662207087,0.6931471805599453,1.0,-0.4425070493497601,-0.3236566839097652,-0.3236566839097652,-0.2576036959637148,-0.2785014162449113,0.07853559931886454,-1.00652201153859,0.4020835228287239,0.1956521739130435,1.5171456833763615,0.0,0.0,0.0
CheNahaara,chenahaara,0,0.033944776955832145,0.4013031887240392,-0.2592813162647655,-0.5113915944693856,0.10822117859669787,-0.048469206161062775,-0.5671718469047008,0.46902454287592826,1.1864272099315718,1.0,0.0,1.0,0.0,1.0,0.0,1.4291165767945906,1.5,0.6309297535714573,0.16518893436688958,-0.006916798898621678,1.3219280948873622,0.9658123080128949,0.15544053716317474,-0.1204243063292389,0.41149425276238805,0.0,0.0,0.9247041696625747,1.2847106379326625,0.22963807175534695,0.12816487173685248,0.013340483770513303,-1.0547296856526094,-0.053711330534631674,0.22246560095211457,0.7391304347826086,-0.2835077544783974,0.0,0.0,0.0
persepolis78,persepolis78,0,-0.32410190506724107,0.3489529755500924,0.3892823894606092,-0.5113915944693856,-0.22865545717621377,0.2341361031809738,1.1559208836372976,-0.9266390860870625,0.020844442375942716,0.0,0.0,1.0,0.0,0.0,0.0,-0.35998769969564104,-0.5,0.4170218835732348,-0.6227493449455328,-1.9830515877391794,1.0,0.11165991271597224,-0.703228161572168,0.21557249791290606,-0.22850315569235122,0.0,0.0,-0.4425070493497601,-0.3236566839097652,-0.3236566839097652,1.785579498208045,0.8490447501186008,0.7122379432116603,0.2340628279787341,-0.31007701749807104,-0.6956521739130435,-0.3790561643003713,0.0,1.0,0.0
ImNotMarsh,imnotmarsh,1,-0.6262809549797226,-0.6907153159471042,-0.19698320015897855,0.35822547456602793,0.021333164112802203,0.07217921676396069,0.4587721551502697,-0.9225139483385154,-0.4355271368619633,1.0,0.0,1.0,0.0,0.0,0.0,-0.35998769969564104,-0.5,-0.3154648767857287,0.3113746724727663,-1.589973671609874,0.0,-0.5354099811440466,-0.516102905863641,-2.746795789993661,-0.16140732581942263,0.6931471805599453,1.0,-0.4425070493497601,-0.3236566839097652,-0.3236566839097652,-0.2576036959637148,-0.2785014162449113,0.6295780781852153,0.07224146756144657,-1.6142474614235454,-0.717391304347826,0.19171460902400583,0.0,0.0,0.0
yaamaashitaa,yaamaashitaa,0,1.2477302900583076,0.9090807399475923,1.6897284441117613,0.9810791837532257,2.348696054140926,1.345648251723238,1.3382995119445158,0.3267027555142731,0.6344514724627405,0.0,0.0,1.0,0.0,0.0,0.0,0.9275204600633797,-0.5,0.0,0.7438398413234669,0.17318720543657493,0.0,0.7920152616518055,0.06840942275975295,0.2111975541589784,0.7355689116109645,0.0,0.0,0.0,0.0,0.0,-0.13118761535546533,-0.20873774186508487,0.05679274498177677,1.3449934702150765,-0.020398004381514796,0.75,-0.11675315327667238,0.0,0.0,0.0
searusM,searusm,0,-0.37474752121915644,-0.11823167971211547,-0.33645927657222086,-0.2850972089384689,-0.3957570350907855,-0.15980060071545477,0.27228358592345236,-0.6884631165657551,-0.14271268480678007,1.0,0.0,1.0,0.0,1.0,0.0,-0.0876675174649165,-0.5,0.18453512321427132,0.934124017418299,0.6626911935708177,0.0,0.11165991271597224,0.2764908186069824,0.3815268792702364,-0.28862730985484336,0.0,0.0,0.0,0.0,-0.3236566839097652,0.376157433745945,0.07124447743351088,0.17105911142514463,-0.15976031606520252,0.33508579828532925,-0.5978260869565217,-0.11741098003780655,1.0986122886681098,0.0,0.0
baharr_ali,baharr_ali,0,0.6107202797833367,0.962971272285889,-1.5996269211798388,-0.8982444017039272,-0.13458386810511577,-1.3171621971084457,1.502697148728487,-0.3317394280135904,0.6632692961796145,0.0,0.0,0.0,0.0,0.0,0.0,-0.35998769969564104,-0.5,-0.3154648767857287,0.3113746724727663,-0.40807384974518746,0.0,0.4645900188559534,-1.047109532778259,-2.746795789993661,-1.293812787127269,1.0986122886681098,1.5849625007211563,0.0,0.0,0.0,-0.2576036959637148,-0.2785014162449113,-0.07986911790143539,-1.316627367129286,-1.146537752580429,-0.03260869565217391,-0.3898509421616856,0.0,0.0,0.0
king_Sarab47,king_sarab47,0,-0.3532797034868476,0.42165238648746933,-0.5680034782104573,-1.2850972089384687,-2.4053758290506306,-1.23448935056131,-0.5327510917030568,0.014711425742922404,1.1533787275783067,1.0,0.0,0.0,0.0,1.0,0.0,-0.6323078819263657,-0.5,0.0,-1.2454986898910656,0.426649242234172,0.0,-0.5354099811440466,-1.029077103248249,-2.746795789993661,-0.652915612368486,1.0986122886681098,1.5849625007211563,0.0,0.0,0.0,-0.2576036959637148,6.245986629732453,-0.03764563357836728,-1.233967400620377,-0.3837360723939479,-0.14130434782608695,-0.42351043732709054,0.0,1.0,0.0
GenJahanbani,genjahanbani,1,-0.3106817755945718,0.1162867720968568,-0.08764690438433333,-0.2850972089384689,-0.19594063757938707,0.36312378788577976,-0.1679938350886206,-0.3716340545790077,0.2781735354549856,1.0,0.0,1.0,0.0,1.0,0.0,-0.0876675174649165,-0.5,-0.3154648767857287,0.3113746724727663,-0.8920011781742513,0.0,-0.5354099811440466,0.2512753043708418,0.5880125673412526,0.4130337998381601,0.0,0.0,-0.4425070493497601,-0.3236566839097652,-0.3236566839097652,-0.2576036959637148,-0.2785014162449113,0.43808752081069413,0.3630304834943859,0.33624979911431135,0.21739130434782608,-0.24359888156751866,0.0,0.0,0.0
EghbaliBabak,eghbalibabak,0,0.08280746102318025,0.5133944273042321,0.2755757854500484,-0.05880282340755195,0.08075401758594077,-0.2973546477000028,0.26098124839455433,-0.3187219860421318,0.5146582854122669,1.0,0.0,1.0,0.0,0.0,0.0,-0.35998769969564104,-0.5,0.3154648767857287,0.3113746724727663,-1.2580211908526437,0.5849625007211564,-0.5354099811440466,-1.1821207867487415,0.49773349645312653,-0.3994492107522089,0.0,0.0,0.0,0.0,0.0,0.376157433745945,1.4009028260049123,0.4408384703149896,-0.2972498218377571,-0.7981603613007205,0.08695652173913043,-0.3295713900354315,0.0,0.0,0.0
Forouzandy,forouzandy,0,-1.2099612098043757,-1.6840436425458996,-0.5813138604096695,0.10175559829607272,0.5237269560977595,-0.6260044433392479,1.9445157975854097,-1.3611342236298423,-0.5623113623778264,0.0,0.0,1.0,0.0,1.0,0.0,-0.0876675174649165,-0.5,0.0,0.3113746724727663,-0.5467176216237851,0.0,0.7244407767902578,0.14247712660941425,0.5383126126212113,-1.012483586601464,0.0,0.0,0.0,0.4077591983577851,0.22963807175534695,0.7423963040362852,0.27335618006846407,-0.06698994755128204,-0.6258542931795966,0.0,0.06521739130434782,0.7252040094493424,0.0,0.0,0.0
RezaS49,rezas49,0,0.32159969949104633,0.5472632138492857,0.9186747943840252,-0.19906407643677707,0.00193339259025483,0.8802172432247599,0.30875931158489595,-0.13056831148812345,0.5353326929034798,1.0,0.0,1.0,0.0,1.0,1.0,0.0,-0.5,1.491492843651506,-1.0406468497445949,-0.8924501020166269,1.3219280948873622,0.5600717126660295,-1.1045971616537125,0.27324761307004236,0.6331818431373455,0.0,0.0,0.9247041696625747,1.0371339325992097,1.590428688264322,1.7136940194530694,1.1615043862445469,0.6129135205514449,0.879610359015832,-0.8269562965928423,0.33695652173913043,-0.2619448453942517,0.0,1.0,0.0
homeyramis,homeyramis,0,-0.41732085431444105,-0.3923545653741349,0.016566039881822696,-0.05880282340755195,0.3487668864929771,0.400113180182227,-0.594400205497046,0.06519103932553205,0.1250217150375096,1.0,0.0,0.0,0.0,1.0,0.0,1.6460105080580139,1.0849625007211563,0.9739860847955542,0.613977920421975,0.2886019078142744,0.5849625007211564,0.5599839231864598,0.167176861470464,-0.21181706209652698,0.8684422032966713,0.0,0.0,1.19897784671579,1.0371339325992097,0.4077591983577851,0.051375791683621684,-0.06883894609541051,-0.9971240961029507,0.39574850949536106,0.29260062244389945,0.09782608695652174,0.06191103869679496,0.0,0.0,0.0
Sho_Ber_5,sho_ber_5,0,-0.27893724566050393,0.36127562913472483,0.535968413251407,-0.12453878723484421,0.9656124738192708,0.7568713034981646,-0.44746981762137167,-0.044874816338454145,0.9111445500056701,1.0,0.0,1.0,0.0,1.0,0.0,0.4569728469965327,0.2924812503605782,1.0479516371446922,-0.053000639874952,-1.0048243085462192,0.5849625007211564,0.7609025527843122,-0.5371491197456995,0.3393766799404054,1.020205942864369,0.0,0.0,0.55749295065024,1.0371339325992097,1.1704824501274749,1.1270783007797247,1.0915433285139458,0.14090145398489634,0.75638802534385,-0.2913625580776095,0.043478260869565216,-0.3707075246281691,0.0,0.6309297535714574,0.0
Fariba60867811,fariba60867811,0,0.18688167230151526,0.6766372465899674,0.3488753660635695,-0.19906407643677707,0.313831076564324,0.3658108994891327,-0.012329822758797843,-0.046458934378163196,0.9416261735022575,1.0,0.0,1.0,0.0,0.0,0.0,-0.35998769969564104,0.2924812503605782,0.0,-0.46706200870914966,-0.7310665461128588,0.5849625007211564,-0.24492127249550139,-0.13745533118668504,0.611095825247964,0.3176656204003019,0.0,0.0,-0.4425070493497601,-0.3236566839097652,-0.3236566839097652,0.5180572387887257,1.0511569323264902,0.7794813173251762,0.36570367054019387,-0.06283451880672797,-0.2717391304347826,-0.38097496800369923,0.0,2.0,0.0
sedaye_mardoom,sedaye_mardoom,0,0.20325820570581565,0.8424248206322744,-1.4666119098655386,-0.38685280723454174,-0.19176944789063327,-1.5226251940980664,1.2555869509375803,-0.59666435766105,0.565517908071204,1.0,0.0,1.0,0.0,1.0,0.0,-0.2006906049011154,-0.5,-0.3154648767857287,0.3113746724727663,-0.3843106650854127,0.0,0.7244407767902578,0.6415635502179107,0.0952194455300509,-1.3414267025636362,0.0,0.0,0.0,0.0,0.0,-0.2576036959637148,-0.2785014162449113,-0.39935658167375865,-1.5223653603681553,0.5015398416361483,0.09782608695652174,-0.45415842764450476,0.0,0.0,0.0
BabakShekarabi,babakshekarabi,0,1.4759778337882552,-1.0101070287123186,0.5252160316649277,1.1535380696849022,0.0,-0.4270914437587583,0.3375288980220909,1.046986074074029,-0.49161227859007506,1.0,0.0,0.0,0.0,0.0,0.0,0.6162699417910583,1.0849625007211563,-0.3154648767857287,0.6227493449455326,1.5702704170689605,0.0,0.44098920439859907,0.6866361906926569,0.4580533524102439,-0.534223370079226,0.0,0.0,0.0,0.4077591983577851,0.5532947556651121,0.20655933834447765,-0.022349519834069437,-0.5960360744930414,-0.42824396846274315,0.7305125198325477,-0.8043478260869565,1.6429979382437017,0.0,0.0,0.0
morrysafi,morrysafi,0,-0.35859173795304805,-0.40715323642393797,0.0388667713374684,-0.6719500161730103,-1.1239693164718976,-0.7799595429182098,0.20549704597996404,-0.6455318082887812,-0.29798686363013327,1.0,0.0,1.0,0.0,0.0,0.0,0.30976516687567374,0.2924812503605782,-0.3154648767857287,0.3113746724727663,-0.723496954895683,0.0,-0.24492127249550139,0.24670202296429047,0.47640983185773317,-0.7536681315941463,0.0,0.0,-0.4425070493497601,-0.3236566839097652,-0.3236566839097652,1.687655768698089,0.9695155191228659,-0.5183098045991739,-0.7804924736444505,0.41886452566628374,-0.4782608695652174,0.1018214780709844,0.0,0.0,0.0
flexcr7,flexcr7,0,-0.452573690405291,0.3358364577731304,0.6892762706958983,-0.38685280723454174,0.9148370187203514,1.115010298737145,-0.5034677626509119,-0.12632577684480867,0.9587959306445629,1.0,0.0,0.0,1.0,0.0,0.0,-0.35998769969564104,-0.5,0.0,-1.2454986898910656,-0.360953009947408,0.0,-0.5354099811440466,-1.9830358381806326,0.1880812357767937,1.4228558824124307,0.0,0.0,0.0,0.0,0.0,0.7423963040362852,0.27335618006846407,1.162020611028909,1.114592250268723,-1.6142474614235454,-0.33695652173913043,-0.4127184588174881,0.0,0.6309297535714574,0.0
estemnayi1,estemnayi1,0,0.9071335160795887,-0.6564656389865838,-0.6395562207127979,0.4648554324615605,0.1769550882594666,-0.43892551815273945,-0.3760595941433342,1.0935502346293147,-0.25398939097520146,1.0,0.0,1.0,0.0,0.0,0.0,-0.35998769969564104,-0.5,-0.3154648767857287,-1.2454986898910656,-0.33798862998355345,0.0,-0.5354099811440466,0.8745706287493565,-2.746795789993661,-0.14834959631196237,0.6931471805599453,1.0,-0.4425070493497601,-0.3236566839097652,-0.3236566839097652,-0.2576036959637148,-0.2785014162449113,0.36861051537124834,-0.43864886628835537,0.4058016925210248,-0.17391304347826086,0.9969941537643946,0.0,0.6309297535714574,0.0
BParnian1,bparnian1,0,-0.37600418925507895,-1.212595778695786,-0.9379576342047935,-0.8982444017039272,-0.19908664287167,-1.0579809897224532,-0.44952478808117136,-0.1331446240391341,-0.4428164436358584,1.0,0.0,0.0,0.0,0.0,0.0,0.18465266476580805,0.792481250360578,1.1115600383144066,-0.9535849344478471,0.8528709762706922,1.0,0.23123860995442183,-1.3206606239251182,0.19534358976922117,-0.5967786060665425,0.0,0.0,0.55749295065024,1.0371339325992097,1.3362275830855712,1.0538938444597632,1.2047024736604504,-0.5516570672040287,-1.0619452230097723,-0.9739200150806785,0.8152173913043478,0.7706229391552107,0.0,0.6309297535714574,0.0
fuzakeruna16,fuzakeruna16,0,-0.5039163821565283,-0.7899109987494108,1.3674783815443698,0.18778873079776442,-0.4429095175460308,-0.11395272831635785,0.8420241459029026,-0.9581561812387074,-0.48171809464451903,1.0,0.0,1.0,0.0,0.0,0.0,-0.2006906049011154,0.2924812503605782,-0.3154648767857287,-0.46706200870914966,0.4069890149381146,0.5849625007211564,-0.5354099811440466,-0.1759281822566463,0.6950274321676054,-0.4400952926824008,0.0,0.0,-0.4425070493497601,-0.3236566839097652,-0.3236566839097652,-0.2576036959637148,-0.2785014162449113,0.31997014146790065,-0.11389473278211507,-0.2568501128148833,-0.5652173913043478,0.3359661482465739,0.0,1.0,0.0
LisaDaftari,lisadaftari,0,1.8553215132822976,-0.19455587862948454,-1.1200675437523295,2.341663113012609,0.9850353746334937,0.37815373322826923,1.9851014641664526,0.765840126222696,-0.39536536343897233,0.0,0.0,1.0,0.0,0.0,1.0,-0.2006906049011154,0.0,-0.3154648767857287,-0.20758259602405685,1.4310776613450715,0.5849625007211564,-0.5354099811440466,1.1536816281476672,-0.6002615227227759,-0.2754342164329421,0.0,1.5849625007211563,0.0,0.4077591983577851,0.4077591983577851,1.518058803016898,1.3468625979738438,0.5712542538693997,0.378054260122402,1.3041405743256835,0.7934782608695652,1.1210866844981047,0.0,0.0,0.0
siamakfarid,siamakfarid,0,-0.5888150473451087,0.101618074653646,0.17875945917702235,0.2623140199996974,0.3517082905950698,0.2331789047802396,1.0886206010788595,-1.0547336256572537,-0.1629581758738367,1.0,0.0,0.0,0.0,0.0,0.0,-0.35998769969564104,-0.5,-0.3154648767857287,-1.2454986898910656,0.9675861124677333,0.0,0.4645900188559534,-0.42297900323077137,-2.746795789993661,-0.2126101264081866,0.6931471805599453,1.0,-0.4425070493497601,-0.3236566839097652,-0.3236566839097652,-0.2576036959637148,-0.2785014162449113,0.7117817737331615,0.23316979524068285,-0.5563538098936985,0.18478260869565216,-0.33718926516606723,0.0,0.0,0.0
Verethragnan,verethragnan,0,0.1790792187707004,-0.06270122010345969,-0.1852700229077777,0.14642828402660843,0.21396183972544477,-0.7188619568951583,0.7274595427690727,-0.44872136555149705,-0.20790921400731624,1.0,0.0,1.0,0.0,1.0,1.0,1.4867134132634885,1.5,1.1309297535714573,0.29320128971389325,0.22291767054641365,1.3219280948873622,1.0027444206614775,0.36566462770441355,-0.12025794015690028,-0.8651779520678401,0.0,0.0,0.0,0.5532947556651121,0.0,1.0465446352433039,0.6268312031282646,-1.4438443393673515,-0.7384546892921167,0.5470463967822998,0.4891304347826087,0.09880020074927658,0.0,0.0,0.0
israelrouydad,israelrouydad,0,0.7386329182968908,-0.7672393230443694,-0.22574016017950388,0.683002072900642,0.5882207387037166,-0.5275406077567135,0.31697919342409453,0.27115018838204485,-0.44187878146870974,1.0,0.0,1.0,0.0,0.0,0.0,1.6909594720812615,2.064641508472483,0.885621874580711,0.32488366263799734,-0.0097023783814039,1.9999999999999998,1.2125864124299246,0.5311145375309669,-0.2517443562429682,-0.6055446582228767,0.0,0.0,0.55749295065024,1.1704824501274749,2.1963734419342567,1.2631213655977842,1.0449046337517403,-1.5074885036214605,-0.5509166001377216,0.4296003208399037,0.782608695652174,1.0007928304831872,0.0,0.0,0.0
aryaieeasil,aryaieeasil,0,-0.3944561928718762,0.09541915852290991,0.24451537248895852,-0.5113915944693856,0.46933054147232134,0.627624732484724,-0.09504238376573337,-0.49674140083794494,0.20585219975674982,1.0,0.0,1.0,0.0,0.0,0.0,0.7863314079241716,-0.5,0.6845351232142712,-0.07784366811819167,-0.21734918753654672,0.5849625007211564,0.052584399865831556,0.4224822279716132,0.16560206272972652,0.6100866362718966,0.0,0.0,0.55749295065024,0.4077591983577851,0.9610539540228976,0.3538041539627354,0.058908650182628454,-0.1960246013837273,0.6270784239986855,0.21040922763336561,0.782608695652174,-0.2631430120755695,0.0,0.0,0.0
HiwaTubeAI2,hiwatubeai2,1,-0.49630254850882916,-0.49112433498318264,-1.0404003623434546,-0.5113915944693856,-1.705064970747269,-0.5523439427043786,-0.5687130747495505,-0.05928947090853392,0.0,1.0,0.0,0.0,0.0,0.0,0.0,0.8169605466921739,0.2924812503605782,1.5554744466570678,-0.46706200870914966,-0.46226505492020303,0.0,1.0659332592361004,0.3052986501572222,-0.35392793248675347,-0.04338721556198065,0.0,0.0,1.75647079736603,1.6924698362904478,1.9610539540228973,0.9744294260258485,0.7826948948039255,-0.8250969078863953,-0.5578831700370542,0.30063358118470723,-0.7282608695652174,0.09933506075113575,0.6931471805599453,0.6309297535714574,0.0
AngelOnDuty06,angelonduty06,1,0.24976847588391737,-1.1709133978511232,0.05857517255460948,0.7595754767920667,0.853422670739063,0.1525434405906801,-0.10994091959928076,0.0947634011393951,-0.484447751869704,1.0,0.0,1.0,0.0,0.0,0.0,1.291930814077648,2.737866715483199,0.5701569977949824,0.25969426120909894,0.3783429597406497,1.0,1.1919456625439628,0.26559473664930705,-0.029087912892037993,0.18179261455843537,0.0,0.0,0.55749295065024,0.782932827420459,1.3362275830855712,0.8454255161938296,0.34176998105018624,-0.8439221398373121,0.14843636431713414,0.07518183931951303,0.8043478260869565,1.0864331683759605,0.0,1.0,0.0
hadinik,hadinik,0,0.7335668282844938,-0.7977043050562141,0.3926950635286402,0.9614943452668478,0.9466811268404992,0.7499673810111518,2.183406113537118,-0.38894176396297186,-0.5197695352497261,0.0,0.0,1.0,0.0,0.0,0.0,-0.35998769969564104,-0.5,-0.3154648767857287,-1.2454986898910656,0.80006693106742,0.0,-2.244921272495501,0.2967779415062022,-2.746795789993661,0.015194230460324542,1.0986122886681098,1.5849625007211563,0.0,0.0,0.0,-0.2576036959637148,-0.2785014162449113,0.9756418748531147,0.7497227863375544,-0.8514457812370639,0.33695652173913043,1.025254578780399,0.0,0.0,0.0
saman_sarraf,saman_sarraf,0,0.48454346938577647,0.07417855319346714,0.12241832732117407,0.29614926566610034,-0.7832662752873034,0.48391154033744316,0.40893912150012846,-0.03244894567404311,-0.03302033606702159,0.0,0.0,1.0,0.0,0.0,0.0,1.1649815859649324,1.7924812503605783,0.885621874580711,-0.37270614170972716,-0.39668071507855895,1.0,-0.22013439033839816,0.4419080501383902,-0.06980191380375582,0.22534615125456556,0.0,0.0,0.0,0.22963807175534695,-0.3236566839097652,0.16350212750885226,-0.020534236298585314,-0.5731464959275734,0.48240513067414287,0.38517335047370255,-0.7608695652173914,0.14294738794062586,0.0,0.0,0.0
foster_spar,foster_spar,0,-0.01327508995994212,0.3638552461502533,1.0002667510864112,-0.19906407643677707,0.8705504354647834,0.9797219339647626,1.1466735165681994,-0.7259960605823779,0.03653227393876185,0.0,0.0,1.0,0.0,0.0,1.0,-0.6323078819263657,0.0,-0.3154648767857287,-1.2454986898910656,0.993612846498441,0.0,-2.244921272495501,-2.2726491877990305,-2.746795789993661,0.4435532143561975,0.6931471805599453,1.0,-0.4425070493497601,-0.3236566839097652,-0.3236566839097652,-0.2576036959637148,-0.2785014162449113,1.092948189864257,0.9793707233934504,-1.6142474614235454,0.6956521739130435,-0.2790950554358877,0.0,0.0,0.0
california123AA,california123aa,0,-0.5231547835838803,-0.5729000469283376,-0.3487089716726708,-0.6719500161730103,0.22529684132713124,0.07149168537592411,-0.7849987156434626,0.5002056968850142,0.2991617422295584,1.0,0.0,0.0,0.0,1.0,0.0,1.2249644959646924,0.0,0.5701569977949824,-0.22072105032904518,0.21429312217547505,0.5849625007211564,0.5715050523673356,-0.1151603165609605,-0.14593081252841392,0.9478174303384014,0.0,0.0,0.55749295065024,0.9610539540228976,2.087353987783417,-0.08591109736302813,-0.1607781389109245,-0.8313129145172985,0.06909047566295694,-0.08499228218374567,0.6195652173913043,0.14994510409072684,0.0,1.2618595071429148,0.0
suuoozanam,suuoozanam,0,0.8466231807706965,-0.08462192989950856,0.4444268025680828,0.5332810912611501,-0.4406213484400936,0.3659904724627486,-0.09401489853583354,0.6977830022435931,0.023548294918111178,1.0,0.0,1.0,0.0,0.0,0.0,0.0,-0.5,-0.3154648767857287,-0.8562803493001077,-0.6008383169288074,0.0,0.24999355852028826,0.4486349436729571,0.5834233061098468,0.3669590944059738,0.0,0.0,-0.4425070493497601,-0.3236566839097652,-0.3236566839097652,-0.2576036959637148,-0.2785014162449113,0.3505080972709988,0.36588317369860707,0.3387849635482959,-0.15217391304347827,0.4618107825825169,0.0,0.0,0.0
shahnazteherani,shahnazteherani,0,0.2708809422516596,-2.077329178294279,-2.5040500815049587,0.18778873079776442,-1.3114650037092705,-2.767540627877557,0.025687130747495505,0.005003351470204799,-0.559614636304722,1.0,0.0,0.0,0.0,1.0,0.0,0.07162957732960912,-0.5,-0.3154648767857287,0.934124017418299,-0.14702319166198516,0.0,-0.08574969435725534,0.32484794875034817,0.5332517652481785,-1.4946330991095615,0.0,0.0,-0.4425070493497601,-0.3236566839097652,-0.3236566839097652,0.9119948339456488,0.3669504171225276,-1.319584603369156,-2.7774820714237443,0.0426083349974109,-0.532608695652174,1.9359351859460563,0.0,0.0,0.0
gh0lch0magh,gh0lch0magh,0,1.903438137331408,-0.7399327441054628,0.6766348789792607,1.3727226695575252,0.8531089541677933,0.901729597839218,0.5697405599794503,1.3842256645657365,-0.4560964806634843,1.0,0.0,0.0,0.0,0.0,0.0,-0.35998769969564104,-0.5,-0.3154648767857287,0.3113746724727663,-0.642883548880469,0.0,-0.5354099811440466,0.8635785175126902,-2.746795789993661,0.5491134881487898,1.0986122886681098,1.5849625007211563,0.0,0.0,0.0,-0.2576036959637148,-0.2785014162449113,1.0531275074270867,0.9014146681462502,0.6262256530436996,-0.5,1.6428043738094118,0.0,1.0,0.0
ariamehr104,ariamehr104,0,-0.3871932227147663,0.4328413675135002,-0.6501393002797528,-0.8982444017039272,-0.7871418833234842,-0.350277307334031,-0.663241715900334,0.24832705266411065,1.473249201699665,1.0,0.0,0.0,0.0,0.0,0.0,0.13219152203468268,-0.5,0.7758642925363403,-0.6960142485050124,-0.25609960860956105,1.0,0.15589989044679722,-1.3193849666277875,0.33676035572624874,0.28155969370442324,0.0,0.0,0.31396374801627,0.5532947556651121,0.0,0.6386273548270549,2.0083676531735297,-0.14092247425638948,-0.350663111758835,-0.9767117046950657,-0.043478260869565216,-0.438514319528582,0.0,1.2618595071429148,0.0
rahe_AZADI_5,rahe_azadi_5,1,0.0,0.0,0.9460974164996211,-0.5113915944693856,0.2241996253032971,1.3469184634936215,-0.4438736193167223,-0.2127415883173307,0.32327759458898414,1.0,0.0,1.0,0.0,0.0,0.0,0.2309266721241348,1.4534452978042594,1.6614861671170513,-0.4511756729195891,-0.7460204761810791,1.584962500721156,-0.20608135346619183,-1.4973589289166065,-0.05126762469956537,1.5752467519885365,0.0,0.0,2.31396374801627,2.229638071755347,0.4077591983577851,1.5109562142559423,0.9712162058823853,0.6366841980699043,1.3461489529964592,-1.1436514748853046,-0.8913043478260869,0.0,0.0,0.6309297535714574,0.0
iranaxis,iranaxis,0,-2.525753919077454,-1.3688752016396875,-0.4159494989121165,-1.2850972089384687,-1.7211582862877912,-0.7609011113545331,-0.09915232468533265,-1.4290766182380608,-0.5132689673409588,1.0,0.0,1.0,0.0,1.0,0.0,-0.35998769969564104,-0.5,-0.3154648767857287,0.3113746724727663,-1.285078752712958,0.0,0.4645900188559534,0.15674095215176956,-2.746795789993661,-0.6046793332905585,0.6931471805599453,1.0,-0.4425070493497601,-0.3236566839097652,-0.3236566839097652,-0.2576036959637148,-0.2785014162449113,0.20420291248941724,-0.760505936255401,0.10699155148535852,-0.2391304347826087,-0.1908529396455409,0.0,0.0,0.0
Alighazizade,alighazizade,0,3.563854185853458,-0.9447234255392133,-1.3010713550957556,2.352484388841666,-0.5698867092410843,-0.5815631267415092,1.1584895967120472,3.016928365051515,-0.5147656576584793,1.0,0.0,1.0,0.0,0.0,0.0,-0.35998769969564104,-0.5,-0.3154648767857287,-1.2454986898910656,2.291232036790251,0.0,-2.244921272495501,1.3132321812412322,-2.746795789993661,-0.8645915887870829,0.6931471805599453,1.0,-0.4425070493497601,-0.3236566839097652,-0.3236566839097652,-0.2576036959637148,-0.2785014162449113,0.2957778279314653,-0.5812317819582777,1.0176374734056841,-0.41304347826086957,2.7896402823831274,0.0,0.0,0.0
saeed_akbari39,saeed_akbari39,1,-0.13736335628981355,0.7748239772673741,-0.8153516447868545,-0.8982444017039272,0.03834907019115591,-0.5548575857346064,-0.5646031338299512,0.28667138938858894,1.8578622169415189,1.0,0.0,0.0,0.0,0.0,0.0,0.7644994039610483,2.441321524680921,-0.3154648767857287,-0.6778891288203727,0.2749858179716512,0.0,0.7626792951916186,-0.8371917309999495,-0.12176802108101942,-0.05094756917422469,0.0,0.0,1.3139637480162702,1.2296380717553468,0.5532947556651121,-0.2576036959637148,-0.2785014162449113,-0.7838014297166055,-0.5598884191615936,-0.7660147222033074,-0.09782608695652174,-0.513705734897771,0.0,1.0,0.0
policenama1401,policenama1401,0,-0.13350906431311071,0.35638321216618235,0.0,-0.05880282340755195,0.517980058897001,-0.09253991358230747,-0.5265861803236579,0.22107264960559395,1.0326663760552257,1.0,0.0,0.0,0.0,0.0,0.0,0.34394975956033375,-0.5,0.3154648767857287,0.1631011671879596,-0.2589859069133961,0.5849625007211564,0.6889538159620978,0.20602464910422577,0.413303195533688,0.31862824310494176,0.0,0.0,0.55749295065024,0.6763433160902347,0.8769514395748774,0.3484590217250529,0.20359249046411326,-0.19676168084157541,-0.09276134231995159,0.15914570961493593,-0.4673913043478261,-0.31853624717552737,0.0,1.4649735207179269,0.0
Pirooz25372,pirooz25372,0,-0.43001846356727985,0.256287346481586,-0.46647558414304424,-0.05880282340755195,-0.24311458284585058,-0.199151460629717,-0.5620344207552016,-0.00813596418418132,0.9354186190086812,1.0,0.0,0.0,0.0,1.0,1.0,0.6162699417910583,0.6609640474436811,1.396331065463111,-0.6696688374670916,-0.45926195796888786,1.8073549220576042,-0.10269993181308189,-0.23015670977555097,0.03267558841519007,0.2661512122989483,0.0,0.0,0.31396374801627,0.9610539540228976,0.5532947556651121,0.836350493277713,0.9843108932732187,-0.48022194584329325,-0.20119087821569964,-0.3769860297547911,0.5652173913043478,-0.3659312643682922,0.0,1.6309297535714573,0.0
pirozzzzzzzzz,pirozzzzzzzzz,0,-0.20108979774078084,-0.8454900220259539,0.639786112021022,0.14642828402660843,0.9489424092568293,0.6603512450645717,-0.6021063447212947,0.29720583096160297,-0.22945041470252972,1.0,0.0,0.0,0.0,0.0,0.0,0.6768318864961318,0.9036774610288021,1.1495086439321982,-0.5189572684968232,0.05029845842128697,1.8073549220576042,-0.4545399297941455,0.3269658902688708,-0.12372665057504217,1.1253287767787077,0.0,0.0,0.0,0.5532947556651121,1.5143487096880095,0.5273134769455459,0.8347826519321421,-0.09035907029745716,0.6597060958014497,0.18152923622886527,-0.8695652173913043,0.5456330390443864,0.0,0.0,0.0
ShawnaAzad2,shawnaazad2,0,-0.06268252199444191,-0.19315946866159128,-0.9325208882698136,0.10175559829607272,-0.37134421238736465,-1.1924844083785457,-0.6432057539172874,0.5350652098352154,0.4352144020808634,1.0,0.0,0.0,0.0,0.0,0.0,-0.2006906049011154,0.2924812503605782,0.4170218835732348,-0.6793634878945312,1.1998789459306016,1.0,0.5382164126958695,-1.163858503836908,-0.012643597779857962,-0.4852638701737353,0.0,0.0,0.0,0.0,0.4077591983577851,1.6422169447876185,0.9619180728427426,-0.23124970067430134,-1.1931451012825196,-0.8263957734303939,-0.2717391304347826,0.08132655212567913,0.0,0.6309297535714574,0.0
majidfallah11,majidfallah11,0,-0.47342047193154335,-1.4102677848017182,-0.6548407223554304,-0.38685280723454174,-1.1438209881154557,-1.5453042368962702,0.5954276907269458,-0.8736032758836249,-0.5413019490295141,1.0,0.0,1.0,0.0,0.0,1.0,0.18465266476580805,-0.5,0.18453512321427132,0.0,0.3337735252544998,1.0,1.047596480662698,0.711201402879721,0.5786887817810777,-1.2762591486774117,0.0,0.0,0.0,0.0,0.0,-0.2576036959637148,0.3669504171225276,-0.7990021951142973,-1.5471612399553052,0.6725778826159402,0.782608695652174,0.892499208208566,0.0,1.0,0.0
arezoubehrang_,arezoubehrang_,0,-0.10482038141454295,0.1125344986293741,-0.2308748090696334,-0.38685280723454174,-0.5801801145937415,-0.9916287537548276,-0.5091189314153609,0.22017197323029442,0.6263424538537025,1.0,0.0,0.0,0.0,0.0,0.0,1.653089527982831,1.850219859070546,0.946394630357186,0.1819720292131717,-0.35028779092974444,1.3219280948873622,0.8584617570047763,0.44073368711470207,-0.22326427102274593,-0.48699994654412515,0.0,0.0,0.55749295065024,0.6763433160902347,1.1704824501274749,0.01158773435277759,-0.06199309048957128,-1.715672187477709,-1.037940578993986,0.5156850214485772,-0.30434782608695654,-0.1577717154361573,0.0,0.0,0.0
MehranShirazii,mehranshirazii,0,-0.4431536994615041,-0.2353408443151041,0.3275725708276848,0.18778873079776442,1.1444474701316434,0.2981294747578161,-0.31235550988954536,-0.3539094604685815,0.014072709168095134,1.0,0.0,1.0,0.0,1.0,0.0,1.0639251589516157,1.0849625007211563,0.4999999999999999,0.0602665678571038,-0.056207472687971716,0.0,1.154131172677604,-0.1545850750922476,0.11837410307256563,0.46262074422310046,0.0,0.0,0.0,0.4077591983577851,0.782932827420459,-0.0755707586596393,-0.17804515701442086,-0.5873412391279009,0.29685697348737206,-0.1794353454753186,0.34782608695652173,-0.06585726915197916,0.0,0.0,0.0
IranianArts,iranianarts,0,1.4792796271095587,-2.966800535108591,-6.705445342208991,1.2906505943253226,-0.6311697165006588,-2.0469725868290856,-0.22861546365271,1.546422982056642,-0.5696565845954163,1.0,0.0,1.0,0.0,0.0,0.0,-0.35998769969564104,-0.5,-0.3154648767857287,0.3113746724727663,-1.589973671609874,0.0,-2.244921272495501,1.0915470573726882,-2.746795789993661,-1.2959241040207936,0.6931471805599453,1.0,-0.4425070493497601,-0.3236566839097652,-0.3236566839097652,-0.2576036959637148,-0.2785014162449113,-0.4527321594812509,-2.046572965497611,0.21811237320459637,-0.75,3.557866923469732,0.0,0.0,0.0
SHAYA9000,shaya9000,1,0.5950460773162948,-0.08015966689916611,0.6444640608461077,0.14642828402660843,-0.11999016983181615,1.166230339788811,-0.5060364757256615,0.9577509813070291,0.3634230036865689,1.0,0.0,1.0,0.0,0.0,0.0,0.30976516687567374,-0.5,0.6845351232142712,-0.01638764901224175,-1.0419672818985055,1.3219280948873622,0.04075534071273432,0.5023079471893618,0.35681245230067904,1.4745730668952852,0.0,0.0,0.0,0.0,0.0,0.8326894540183611,0.7214985837550886,0.47546594408193443,1.1657338581206373,0.3883007634270979,-0.41304347826086957,0.32422733688320055,0.0,1.4649735207179269,0.0
SamanArbabi,samanarbabi,0,2.532762461229999,-0.7628266414006246,-0.8479187527889366,1.9446317143638763,0.683054748227411,-0.18766358358095492,1.7153865913177497,1.6073484972294152,-0.5066920793597258,0.0,0.0,1.0,0.0,0.0,0.0,-0.35998769969564104,-0.5,-0.3154648767857287,1.8682480348365982,0.16970177709440068,0.0,-2.244921272495501,1.1197627594841866,-2.746795789993661,-0.6842873261744857,0.6931471805599453,1.0,-0.4425070493497601,-0.3236566839097652,-0.3236566839097652,-0.2576036959637148,-0.2785014162449113,0.4969050873536417,-0.18748946546302622,1.0365618210977832,-0.6304347826086957,2.0267872833509473,0.0,0.0,0.0
PIISHGOO,piishgoo,1,0.9831370292831588,-0.9322078866186887,0.5292725618100835,0.8140685442158888,-0.06425142133712229,0.49258051342048287,-0.0965836116105831,0.8485719833237605,-0.43558021274154896,1.0,0.0,1.0,0.0,0.0,0.0,-0.6323078819263657,-0.5,0.18453512321427132,-1.2454986898910656,-0.962085696776328,0.0,-2.244921272495501,0.07813084183693281,0.21608803856887712,0.48553320877736816,0.0,0.0,0.0,0.0,0.0,2.151819237514123,1.0511569323264902,0.8442213406755436,0.49244375956225733,-0.9290651225856889,0.8260869565217391,1.2889692840922666,0.0,0.0,0.0
kalaq666,kalaq666,1,-0.5433966968911892,0.21249442098379645,-0.15859497005858003,-0.6719500161730103,-1.5757253326467247,0.06341233605648333,0.31132802465964554,-0.8196922576765854,0.13071755273986657,1.0,0.0,1.0,0.0,1.0,0.0,0.2309266721241348,-0.5,0.5701569977949824,-1.2454986898910656,-0.5773812274600301,1.0,-0.2843826515247498,-0.8973440774012127,0.10760054295130685,-0.11179698124368145,0.0,0.0,0.0,0.22963807175534695,-0.3236566839097652,0.6159801958402586,0.4057045234715134,-0.018589722341776863,0.06320385681597177,-0.7729825620506265,0.7717391304347826,-0.3803481511075673,0.0,1.2618595071429148,0.0
BeniSabti,benisabti,0,0.6506508834441542,0.257601381627262,-1.4778399708283942,1.3630998341654876,0.313831076564324,-0.20353257239153358,-0.0035961983046493705,0.4093478082017132,0.3378635084012965,1.0,0.0,0.0,0.0,0.0,0.0,-0.35998769969564104,0.2924812503605782,-0.3154648767857287,-0.6227493449455328,-0.4972160342569376,0.0,-2.244921272495501,0.722017271430219,0.6967193036322136,-0.19677428417714485,0.0,0.0,0.0,0.0,0.22963807175534695,0.9119948339456488,0.3669504171225276,0.4887689533431587,-0.2034173921986011,0.49558551067763923,0.8152173913043478,0.08224964922930805,0.0,0.0,0.0
Katierebel2nd,katierebel2nd,1,-0.21889437835592954,-0.15385364065984453,0.027517649623618266,-0.12453878723484421,0.12153252187170044,0.4155060313937006,-0.7654764962753661,0.7458013864888955,0.8102083237856165,1.0,0.0,0.0,0.0,0.0,0.0,0.5820853491063983,1.2297158093186487,1.4649735207179269,-0.2974032909189134,0.4346339202910091,0.5849625007211564,0.8220833305148002,-0.1399896026651261,-0.7421456738797931,1.218135833203915,0.0,0.0,2.2229646731172967,2.377884109086853,2.600728645367464,0.5358369390893063,0.3457530773691402,-0.13781981957281575,0.41448076945828316,0.05905071833762718,0.7608695652173914,-0.02222191378441223,0.0,0.6309297535714574,0.0
HosseiniRouzbeh,hosseinirouzbeh,0,-0.026041358827429292,-0.5419240171715116,1.0623133210928948,0.10175559829607272,0.5366026447864489,-0.009574607304612338,1.5926021063447213,-0.8339288539181089,-0.46726617396331405,1.0,0.0,0.0,0.0,0.0,0.0,0.4569728469965327,0.5,0.8518938829506675,0.5337849303999763,-0.020879084387949505,0.5849625007211564,0.08440807452084802,0.2994727269087529,0.24811601790344145,-0.5247290616842777,0.0,0.0,0.0,1.0371339325992097,1.553294755665112,0.7246177794305209,0.6377275855094813,-0.2505400690837538,-0.01016778624513683,0.17137475224928994,0.20652173913043478,0.3813201925248898,0.0,0.0,0.0
ArminNavabi,arminnavabi,0,1.732226334005865,0.805160605647647,-1.062789455066421,1.9325172096244565,0.20836020520628423,-0.45595089623977353,2.0138710506036475,0.6249917172283759,0.3275625826136495,0.0,0.0,1.0,0.0,0.0,1.0,-0.35998769969564104,-0.5,-0.3154648767857287,-1.2454986898910656,0.6428405457848221,0.0,-0.5354099811440466,-0.0311106371667503,-2.746795789993661,-0.9161902731289411,1.0986122886681098,1.5849625007211563,0.0,0.0,0.0,-0.2576036959637148,1.8289572050115803,0.35991720620129725,-0.4556675623140446,0.42745353071895337,0.7282608695652174,0.1902569298054341,0.0,0.0,1.0
Nasrinrose1,nasrinrose1,0,-0.03358560329581136,0.4653405795681896,1.2885389282723239,0.29614926566610034,0.9015728873183453,1.1829186231357578,1.2946313896737733,-0.7758743215682912,0.10221770784041646,1.0,0.0,1.0,0.0,0.0,0.0,-0.35998769969564104,-0.5,0.0,-0.46706200870914966,-1.285078752712958,0.5849625007211564,0.4645900188559534,-0.528354927712082,0.8844849536248,0.5943332083391241,0.0,0.0,-0.4425070493497601,-0.3236566839097652,-0.3236566839097652,1.1518183684983854,0.4992988564401785,1.1966928010768356,1.1824692176507434,-0.4757882441661117,-0.8043478260869565,-0.34357719757855243,0.0,0.6309297535714574,0.0
simurgh2580,simurgh2580,0,0.507533334165805,1.0188339845443855,-0.11733582303211719,-0.2850972089384689,0.05741890792940284,0.06093556659620612,-0.4998715643462625,0.8504304627089726,2.1893806649124654,1.0,0.0,1.0,0.0,0.0,0.0,0.5032468543548593,-0.5,0.18453512321427132,0.028307071474499068,0.18672848716623056,0.0,0.6097084068588441,0.23741251242466596,0.22706452858872278,0.42802644008285895,0.0,0.0,0.0,0.4077591983577851,0.4077591983577851,0.32308621135574744,0.041956720211843865,-0.25311801651414156,0.06062097658658002,0.28276616478472455,-0.16304347826086957,-0.4469259994603462,0.0,1.4649735207179269,0.0
steveimcqueen,steveimcqueen,0,-0.19424596179618722,-0.2353408443151041,0.7180124880665769,-0.2850972089384689,-0.29457957068728363,0.25001061847438794,-0.10737220652453121,-0.3199301795760354,-0.09689055827399416,1.0,0.0,0.0,0.0,1.0,0.0,1.0989818385125394,0.6609640474436811,0.18453512321427132,-0.038484352644271635,-0.15976463264302398,0.5849625007211564,0.14973355485783554,0.23474599710525818,0.08329301208029528,0.26898323611133523,0.0,0.0,0.0,0.0,0.22963807175534695,-0.06760689728531975,-0.17365023961901596,-0.6398377158346212,0.24865763400465773,0.15383070051000639,0.5543478260869565,0.049965255001288206,0.0,0.0,0.0
H_2Arya,h_2arya,0,-0.30377021205765076,-1.606183367034106,0.510094879433638,0.2262943855309167,1.9408726326947803,0.781921150995091,-0.1895710249165168,-0.3476788017821433,-0.5312582507792143,1.0,0.0,1.0,0.0,0.0,0.0,0.13219152203468268,-0.5,0.5701569977949824,-0.5535556652286346,-1.6883156241527957,1.3219280948873622,-0.6763798300247866,-0.9291910017959151,0.5672681599952217,0.8185172098707203,0.0,0.0,0.55749295065024,0.6763433160902347,0.782932827420459,1.2782355664123046,0.5690631474136263,0.43735308341516804,0.7815907729739082,-0.7115925096200578,-0.8913043478260869,1.1664511704614358,0.6931471805599453,0.6309297535714574,0.0
mohammad2zab,mohammad2zab,0,-0.09891229256206781,-0.730239370815139,0.9796099137915752,0.2623140199996974,-0.35712373194081704,0.9273554077589465,1.119958900590804,-0.777731469382039,-0.483546653960689,0.0,0.0,1.0,0.0,0.0,0.0,-0.35998769969564104,-0.5,-0.3154648767857287,-1.2454986898910656,-0.8253357993921486,0.0,-0.5354099811440466,-0.5538437798019387,-2.746795789993661,0.4022601735148093,0.6931471805599453,1.0,-0.4425070493497601,-0.3236566839097652,-0.3236566839097652,-0.2576036959637148,-0.2785014162449113,1.0662113263481463,0.9270285664581087,-0.40806999380622944,-0.5,0.5020261805672315,0.0,0.6309297535714574,0.0
imdearie2,imdearie2,0,-0.34719487518109654,0.14462001066806246,0.2753469172403114,-0.6719500161730103,-0.14999913013601984,0.02041045593303203,-0.5055227331107115,-0.023845713264359168,0.6673498468161918,1.0,0.0,1.0,0.0,0.0,0.0,1.2214722509575808,1.4036774610288019,-0.3154648767857287,1.0469054806612976,-0.15170892837326833,0.5849625007211564,-0.068012059145759,0.5011674456245153,-0.06015731683798471,0.39723724101642266,0.0,0.0,0.0,0.4077591983577851,0.4077591983577851,-0.17644695952424175,-0.23371445474878563,-0.8546943484466469,0.017700653419040525,0.36585763148349826,-0.17391304347826086,-0.27461186299279705,0.6931471805599453,0.6309297535714574,0.0
Persian_picture,persian_picture,0,1.0804536873594321,-1.876046804156634,-0.9643327973149122,0.5113915944693853,-0.3321545954617709,-1.9071828761308116,-0.411507834574878,1.3413847511243453,-0.5393329649115535,1.0,0.0,0.0,0.0,0.0,0.0,0.3753965364516277,-0.5,-0.3154648767857287,0.46706200870914966,-0.8800971700530978,0.0,-1.5978513786354822,1.5344158921520317,-0.31210803037354895,-1.1668375598428096,0.0,0.0,0.0,0.6763433160902347,0.9610539540228976,-0.2576036959637148,-0.2785014162449113,-1.1504138322425708,-1.912737256061367,0.8828483113570637,-0.5760869565217391,2.2137546500674756,0.0,0.0,0.0
golrokhiraee,golrokhiraee,0,0.6590247050946074,-1.1142975450737316,-1.9138288765490252,0.649166827234239,-1.4182386057135554,-1.653077460207659,1.4944772668892885,-0.2873095257699634,-0.5364620450079715,0.0,0.0,1.0,0.0,0.0,0.0,-0.35998769969564104,-0.5,-0.3154648767857287,0.3113746724727663,4.821672882571303,0.0,0.4645900188559534,0.6696776983158377,-2.746795789993661,-1.3948806398464526,1.0986122886681098,1.5849625007211563,0.0,0.0,0.0,-0.2576036959637148,-0.2785014162449113,-0.2514544540353837,-1.6525361242022616,0.8545870536720417,0.18478260869565216,1.2686890009656704,0.0,0.0,0.0
abelbalb,abelbalb,0,-0.5218910856123812,-0.2298054016807738,-0.24930797970091334,-0.12453878723484421,0.4226527191139398,-0.015416867015145167,-0.4382224505522733,-0.2801422007254744,0.11891181066553129,1.0,0.0,1.0,0.0,0.0,0.0,-0.6323078819263657,-0.5,0.0,0.3113746724727663,-0.5600483558264223,0.0,-0.5354099811440466,-1.834843028323376,-2.746795789993661,0.29042443041328625,0.6931471805599453,1.0,-0.4425070493497601,-0.3236566839097652,-0.3236566839097652,-0.2576036959637148,1.8289572050115803,0.5848527077678682,-0.015316385137523238,-1.6142474614235454,-0.8913043478260869,-0.10475431721106442,0.0,0.0,0.0
sanazazanas,sanazazanas,0,-0.21786599545961463,-0.04445604456914953,-0.7702072294497929,0.10175559829607272,-0.5652610960402992,-0.754272052015633,0.1119958900590804,-0.4870423946414233,-0.03244633704712356,1.0,0.0,1.0,0.0,1.0,0.0,0.2723201822307247,0.2924812503605782,-0.3154648767857287,0.3113746724727663,0.669838642476314,0.0,1.2837327389140023,0.31421180906965984,0.24964064436601266,-0.6984285420385267,0.0,0.0,-0.4425070493497601,0.0,-0.3236566839097652,-0.2576036959637148,-0.2785014162449113,-0.4725781169451153,-0.7546933351661381,0.48621639497617797,0.11956521739130435,-0.0997137236423159,0.0,0.0,0.0
VidaSarafraz,vidasarafraz,0,1.894787143911489,-0.23030608091257576,1.2985339459536442,1.2906505943253226,0.7028466737341753,0.8509978645612858,0.48600051374261494,1.4237432119903728,-0.26125047209902824,1.0,0.0,1.0,0.0,0.0,0.0,1.3688991081978976,1.4036774610288019,2.1535362774150313,-0.5717632992014797,-0.6072295985877192,1.8073549220576042,0.14508603106176857,0.4602714098029429,-0.03885625082966211,0.5332576058558811,0.0,0.0,1.75647079736603,2.1616620775075397,2.9036507712989885,1.312908585454049,0.7501466234192222,-0.5481867991524814,0.8483982579007225,0.4714803696608832,-0.31521739130434784,1.1757691910130084,0.0,0.0,0.0
KathyMobarez,kathymobarez,1,-0.40787637610467503,0.0296505915503745,0.9925069480646933,-0.38685280723454174,0.8470138956340447,1.2370217965048933,-0.6956075006421782,0.3131866285849855,0.8785529172093822,1.0,0.0,0.0,0.0,0.0,0.0,-0.35998769969564104,2.4036774610288023,2.8145274519160743,-0.6506064800183089,-1.1307615067007653,2.3219280948873626,0.43067643056899446,-1.2610541673410811,-1.003120177464928,1.8360053686451703,0.0,0.0,3.356767534837359,2.989851146613239,3.2365893690963303,1.5659720255729155,1.4579218103535403,1.2227201612233451,1.2334223957817676,-1.0175286679285285,-0.8913043478260869,-0.22811883662325705,0.0,0.0,0.0
marianmeyer0,marianmeyer0,1,-0.08650367348164037,-0.29097276638290975,0.5365399950965288,0.10175559829607272,1.010830572110666,0.9167726932393447,0.7176984330850245,-0.6521771285518708,-0.3266124143558272,1.0,0.0,1.0,0.0,0.0,0.0,0.34394975956033375,0.2924812503605782,0.18453512321427132,0.25149420920952864,0.09330732373998452,1.0,-0.02330875929776204,-0.28941609929151063,0.3836345173884511,0.5117465452357458,0.0,0.0,0.55749295065024,1.1704824501274749,1.1704824501274749,0.0,0.1788407736418726,0.31860319041506424,0.9163784244217227,-0.32045537351305853,-0.5543478260869565,0.1456232748724198,0.0,0.6309297535714574,0.0
hossein_d15,hossein_d15,0,1.1407954370571192,-0.40146350747706483,-0.346974151530153,0.730194449712521,0.8922823277793281,0.550466884969288,-0.3365014127921911,1.2999608258582358,-0.10843050737804202,1.0,0.0,1.0,0.0,1.0,1.0,-0.35998769969564104,-0.5,-0.3154648767857287,0.3113746724727663,1.0930284795843175,0.0,-0.5354099811440466,0.25409892658446653,-2.746795789993661,0.718382840784108,0.6931471805599453,1.0,-0.4425070493497601,-0.3236566839097652,-0.3236566839097652,-0.2576036959637148,-0.2785014162449113,0.8737820414189472,0.5503140791866062,0.12167327272198654,0.2608695652173913,0.9012797326230748,0.0,1.0,0.0
MardomakOnline,mardomakonline,0,0.24750268489858007,-2.8560268510508053,-2.743844447265886,0.714902791061531,-1.4182386057135554,-0.996949738089863,-0.7341381967634215,1.1423260067771699,-0.5631208111945629,1.0,0.0,0.0,0.0,0.0,0.0,-0.6323078819263657,-0.5,0.7758642925363403,-1.2454986898910656,0.5345142517009314,0.0,3.7107011357260884,-1.687048509918287,-0.05718281629189817,-0.16020279965601797,0.0,0.0,0.0,0.0,0.782932827420459,-0.2576036959637148,-0.2785014162449113,0.08310538460539485,-0.9975758455649987,-1.2136447641796577,-0.7282608695652174,2.714448536735621,0.0,0.0,0.0
AriaOmid,ariaomid,0,-0.12631395304703139,0.009051667985040921,-0.3411159788514457,0.41408311632868133,-0.31372271006272523,0.011316445505990627,1.0644746981762137,-0.7820313655243014,-0.21867101879777903,1.0,0.0,1.0,0.0,0.0,0.0,-0.2006906049011154,-0.5,0.0,-1.2454986898910656,0.6539041577705816,0.0,-0.5354099811440466,-2.1989956494357714,-0.12951006428535966,-0.39441473457001835,0.0,0.0,0.0,0.0,-0.3236566839097652,-0.2576036959637148,-0.2785014162449113,0.38394836648228853,0.011359284988845614,-1.6142474614235454,-0.5869565217391305,-0.09658173488168828,0.0,0.0,0.0
Parvin965631051,parvin965631051,1,-0.1650480969356978,0.41048102589560415,-0.08503194867510433,-0.38685280723454174,0.3862212084744119,-0.4345386735927315,-0.06730028255843823,-0.3250954940632468,0.5832053993126532,1.0,0.0,0.0,0.0,0.0,1.0,0.0,-0.5,-0.3154648767857287,0.3113746724727663,-0.25515343692950676,0.0,1.844772374241601,-0.3667019541476343,0.37409466696330845,-0.3586477100992666,0.0,0.0,-0.4425070493497601,-0.3236566839097652,-0.3236566839097652,-0.2576036959637148,-0.2785014162449113,-0.05823408271424719,-0.43440780925423383,-0.11928521521004742,-0.7391304347826086,-0.358735133362584,0.0,2.095903274289385,0.0
PahlaviahoraeeP,pahlaviahoraeep,1,0.994072905777648,0.6963893514307504,0.9182525978759085,0.69918032526715,2.123183768211068,1.525706342983044,-0.04880554842024146,0.8154686473750162,1.0046418620165591,1.0,0.0,1.0,0.0,1.0,1.0,2.1676691766976997,3.11440934524794,1.7010867513664396,0.37429726628606297,0.16377400230190736,2.3219280948873626,0.6121240600505543,0.06101121336792196,-0.3747679762912266,1.4273195857042162,0.0,0.0,2.3979556934315798,2.2922769088018664,3.1692283483767434,0.03223751898805439,0.04601845788235734,-0.8341728175407431,1.522301559703243,0.24421159541099063,0.8043478260869565,-0.08067718938483087,0.0,0.0,0.0
LakLak_Muzik,laklak_muzik,0,-0.09261041914041192,-1.2310523064978656,-1.1166147908662585,0.10175559829607272,-1.65904024218852,-1.1261520232932063,-0.30310814282044696,-0.046215525386739634,-0.4729777792884288,1.0,0.0,1.0,0.0,0.0,1.0,-0.35998769969564104,-0.5,-0.3154648767857287,0.3113746724727663,0.07206294819042468,0.0,0.4645900188559534,0.7396332917517233,-2.746795789993661,-0.7584281609700938,1.0986122886681098,1.5849625007211563,0.0,0.0,0.0,-0.2576036959637148,-0.2785014162449113,0.017682911127539662,-1.1256519518671741,0.7981074738110864,-0.17391304347826086,0.9464358857021995,0.0,0.0,1.0
sadeghZibakalam,sadeghzibakalam,0,3.3619808214293427,-3.310895026446924,-6.705445342208991,2.4879620700483596,-2.2917416777590054,-1.1213608852675996,1.54379655792448,2.6282116127763735,-0.5715804981521797,1.0,0.0,0.0,0.0,0.0,1.0,-0.35998769969564104,-0.5,-0.3154648767857287,-1.2454986898910656,0.80006693106742,0.0,-2.244921272495501,0.8025606517900002,-2.746795789993661,-1.2201548469727757,0.6931471805599453,1.0,-0.4425070493497601,-0.3236566839097652,-0.3236566839097652,-0.2576036959637148,-0.2785014162449113,0.02012971502387607,-1.1208618988583432,0.18211394888050128,0.2608695652173913,5.14591226677713,0.0,0.0,1.0
BamdadPirouzi,bamdadpirouzi,1,-0.1525002240656595,-0.25971325895131275,0.5785969429684894,-0.12453878723484421,0.8704485921699091,1.0034772031022916,-0.10531723606473158,-0.2849994444662021,-0.11621647849054793,1.0,0.0,1.0,0.0,1.0,0.0,1.5192576070036352,2.7617809780285065,1.9649735207179269,0.06726627049429167,-0.3421610324673912,1.8073549220576042,0.7585772996645196,-0.33687669965169403,-0.3156010519205403,0.969183181546347,0.0,0.0,1.4179811482680222,1.9140853721740871,2.782932827420459,0.5876039069050196,0.6940448698004773,-0.5892447952947358,1.000974789167177,-0.04314068085559968,0.6521739130434783,0.08875307133784513,0.0,0.0,0.0
MohajranIran,mohajraniran,0,-0.4762742137946964,0.46681876453011484,-0.6734134457655881,-0.5113915944693856,-0.07069377525124082,-0.6782561262303402,-0.04315437965579245,-0.5956546595047162,0.6451185022817725,1.0,0.0,1.0,0.0,1.0,0.0,0.4807907438642421,-0.5,-0.3154648767857287,0.3113746724727663,-0.110389302321255,0.5849625007211564,0.19329443012434797,-0.22470598390545052,0.5362214812503191,-0.5693735109162907,0.0,0.0,-0.4425070493497601,-0.3236566839097652,-0.3236566839097652,0.33975854076739515,0.051157471845900554,-0.6117649983927077,-0.678967197950619,-0.09911947687229113,0.6304347826086957,-0.47747277835475327,0.0,0.0,0.0
hadimehrane1,hadimehrane1,0,1.6058253840593066,-0.7207316549855739,1.0064041415003628,1.3176177057599976,0.8928730343130222,0.6287897350244113,0.16696634985872078,1.3141339814821915,-0.41271127380365313,1.0,0.0,1.0,0.0,1.0,1.0,-0.2006906049011154,-0.5,-0.3154648767857287,-0.46706200870914966,-0.5204408804952325,0.0,-0.5354099811440466,1.210509237634884,-0.19035194925169713,0.465129034260826,0.0,0.0,0.0,0.0,0.22963807175534695,-0.2576036959637148,-0.2785014162449113,0.6992294539503038,0.6285926887527945,0.34630115893889835,0.6195652173913043,1.454123821776247,0.0,0.6309297535714574,0.0
SabaBakhtyari,sababakhtyari,0,0.7899845975773667,-1.4734820558813426,-2.3910433453994395,0.69918032526715,-1.2401949072183507,-2.112143030774705,-0.04264063704084254,0.5897521623959208,-0.5270538884761327,1.0,0.0,1.0,0.0,0.0,1.0,0.2723201822307247,0.0,-0.3154648767857287,0.5508934117789923,0.5362476651200832,0.0,0.3347547300021322,1.3377554730311387,0.503296766014358,-1.3603341310901564,0.0,0.0,0.0,0.4077591983577851,0.4077591983577851,-0.2576036959637148,-0.2785014162449113,-1.1665198895682156,-2.1187156214816825,1.29235712229275,0.44565217391304346,1.672305963275488,0.0,0.0,1.0
RustaMasoud,rustamasoud,0,-0.47342047193154335,0.38227642119514227,0.28736611462473755,-0.8982444017039272,-2.4053758290506306,-0.2999650453436884,0.8255843822245055,-0.9368913089494038,0.13428476614433618,1.0,0.0,1.0,0.0,0.0,0.0,-0.6323078819263657,-0.5,1.2618595071429148,-1.2454986898910656,-1.5503662157981448,1.0,-0.4289346515612811,-2.207094051911647,-0.3002614601605625,-0.5845243861367858,0.0,0.0,0.0,0.5532947556651121,0.4077591983577851,1.598899695463673,1.523825105258075,0.43897442381148644,-0.3008990237930405,-1.5142696972855845,-0.20652173913043478,-0.4403597106610638,0.0,0.0,0.0
ardeshir1387,ardeshir1387,0,-0.45049615899757783,0.40438135956676,0.19622763755824008,-0.8982444017039272,-2.669636157988084,0.3648608434048756,-0.5183662984844593,-0.1012193048352089,1.0977020907790094,1.0,0.0,0.0,0.0,0.0,0.0,-0.2006906049011154,0.9999999999999999,1.1673587597363964,-1.2454986898910656,0.4806803118678625,0.0,-0.014257866687043905,-1.1896362309514084,0.25669962389688294,0.7330475712615578,0.0,0.0,0.55749295065024,1.0371339325992097,1.4734045760589987,1.0363230006803514,1.0884067766021615,0.5642636122860774,0.3643685511608286,-1.058836064341087,-0.8913043478260869,-0.4437514097497495,0.0,1.4649735207179269,0.0
onlymuratt,onlymuratt,0,0.15572597362529433,-0.5943317239726407,0.8181958166597716,0.6131471927654583,-0.1393620871922269,-0.3456136907417217,1.697919342409453,-0.733950582673862,-0.48085662422216247,0.0,0.0,1.0,0.0,1.0,0.0,0.0,0.0,0.0,-0.1334458433816536,-0.5832072416593607,0.5849625007211564,0.08440807452084802,-0.10586130691319576,0.6508859931477979,-0.7960813357265861,0.0,0.0,0.0,0.0,0.0,0.6159801958402586,0.20359249046411326,-0.01287088825693913,-0.3455816616386363,-0.3095090301536785,0.2391304347826087,0.5236189399046145,0.0,0.0,0.0
AbiDel23952698,abidel23952698,0,-0.23500946234635,0.5211720347235789,-0.4842651916948549,-1.2850972089384687,-2.957598959515885,0.08739528113753335,-0.12175699974312869,-0.3439485808753922,0.7909205657950605,1.0,0.0,0.0,0.0,0.0,0.0,0.18465266476580805,-0.5,0.0,-0.46706200870914966,-0.08318999428898491,0.0,0.2944326610283924,-0.496549665198733,0.6127484410257636,0.1302858379184019,0.0,0.0,0.0,0.0,0.22963807175534695,0.07370044759339298,-0.09566870793282437,0.035040481054335,0.0873087462692494,-0.3120710620038317,0.25,-0.43482377076228923,0.0,2.0,0.0
iman_inj,iman_inj,0,-0.08650367348164037,-0.3076656771925674,-0.49756649430717687,-1.2850972089384687,-0.11488932002665903,-0.46984259961874025,-0.17210377600821988,-0.16977050732724522,-0.12256533097771559,1.0,0.0,1.0,0.0,0.0,0.0,-0.0876675174649165,-0.5,0.0,1.0898113536546823,0.80006693106742,0.0,0.4645900188559534,-1.132389082095134,0.04322446669372469,-0.3262221860859463,0.0,0.0,0.0,0.0,-0.3236566839097652,-0.2576036959637148,-0.2785014162449113,0.012756500326816255,-0.46970654241887316,-1.3191554900801798,0.45652173913043476,0.1587886614613709,0.0,0.0,0.0
honarparvar2020,honarparvar2020,0,-0.41886916557746334,0.4099295974398474,-0.5195803074300456,-0.38685280723454174,-0.5302656285671596,-0.21790987375265625,1.629591574621115,-1.0605413313583716,-0.013385797494073468,0.0,0.0,0.0,0.0,1.0,0.0,-0.6323078819263657,0.0,0.18453512321427132,-0.20758259602405685,0.21602357661654634,0.5849625007211564,0.7244407767902578,-0.3593846265381949,0.5623371774666271,-0.6922241382148064,0.0,0.0,-0.4425070493497601,-0.3236566839097652,-0.3236566839097652,-0.2576036959637148,0.701411422306331,0.48142716342594183,-0.21779024935148733,-0.46135541374257283,0.3695652173913043,-0.43723385111933943,0.0,1.4649735207179269,0.0
Ebne_noah,ebne_noah,0,1.6314642424676238,-1.1142975450737316,0.1198131334398035,1.2200584477334513,1.5063305076724913,0.4296754365351004,-0.045723092730542,1.5254674755008517,-0.48072187469175326,1.0,0.0,1.0,0.0,0.0,1.0,0.6162699417910583,0.6609640474436811,0.8154648767857287,0.20016876507248021,3.0201956918796995,1.0,1.0266460665919284,0.8140106035286004,0.3552454228043838,0.39600260414452587,0.0,0.0,0.55749295065024,0.8769514395748774,1.5143487096880095,0.41729556628498554,1.3073088287373322,-0.15847494364551687,0.4291505744079446,0.7743333804867806,0.5760869565217391,1.8279089200547476,0.0,0.0,1.0
IranLionness,iranlionness,0,1.0508208989863317,-0.32131595570562826,0.7035040770609905,0.649166827234239,1.5994730669589707,0.7983446785205665,1.3203185204212688,0.13409366536007433,-0.3956533286195912,0.0,0.0,1.0,0.0,0.0,0.0,-0.35998769969564104,-0.5,-0.3154648767857287,0.3113746724727663,2.2195711540940533,0.0,-2.244921272495501,1.2426584351856833,-2.746795789993661,0.23321321661115196,1.0986122886681098,1.5849625007211563,0.0,0.0,0.0,-0.2576036959637148,-0.2785014162449113,1.0003420195769817,0.7980777046578454,0.7628017121960858,0.7608695652173914,0.7796810117278907,0.0,0.0,0.0
Benyami1980,benyami1980,1,-0.18680264758433268,0.572051288542245,-0.06806281664453083,-0.12453878723484421,-2.217880141813257,0.08147765351458494,0.12483945543282815,-0.4692704618970131,0.6792109893570504,1.0,0.0,0.0,0.0,0.0,0.0,-0.6323078819263657,-0.5,0.18453512321427132,-1.2454986898910656,-1.873684255720482,0.0,-0.5354099811440466,-2.6038367623493377,-2.2079584265888768,-0.012305357908906493,1.0986122886681098,1.5849625007211563,0.0,0.0,-0.3236566839097652,-0.2576036959637148,2.991702368216647,0.6343152500695203,0.08151532251636953,-1.6142474614235454,-0.07608695652173914,-0.44397889793322903,0.0,1.4649735207179269,0.0
Shirzad1968,shirzad1968,0,-0.3547063256747635,-0.4343512537719588,0.223369411620224,-0.2850972089384689,0.23993125778122915,0.3041951345648679,-0.2543025944002055,-0.33393263139621704,-0.17411511311170436,1.0,0.0,1.0,0.0,0.0,0.0,0.6906183879401716,0.5,0.18453512321427132,0.4487453936009391,0.3364747463633667,0.0,0.15589989044679722,-0.1702017007341182,0.38934325478845483,0.4215058509665716,0.0,0.0,0.0,0.22963807175534695,0.0,-0.05891593113672075,-0.1688540639306092,-0.28337587640191786,0.30369977404973736,-0.06993148728707538,-0.6413043478260869,0.12488573539534734,0.0,1.4649735207179269,0.0
shaheen_ir,shaheen_ir,0,-0.11556858088938737,0.6508303191067109,-0.1756294246677383,-0.5113915944693856,-0.7136969612971065,-0.6709761936984788,1.680452093501156,-0.9051679291560694,0.21611026945958742,0.0,0.0,1.0,0.0,0.0,0.0,-0.6323078819263657,-0.5,0.0,-1.2454986898910656,-0.20776040079950145,0.0,-0.5354099811440466,-2.6038367623493377,-2.746795789993661,-1.005152824318103,0.6931471805599453,1.0,-0.4425070493497601,-0.3236566839097652,-0.3236566839097652,2.151819237514123,1.0511569323264902,0.250121449912188,-0.6706122473200556,-1.6142474614235454,-0.33695652173913043,-0.45870989050467376,0.0,0.0,0.0
hightesla,hightesla,1,-0.5392545994962787,0.2690906035927844,-0.09572362106737173,-0.6719500161730103,-0.5003833604604014,0.5661457235412906,-0.5538145389160031,-0.1256829167619347,0.9404719468075126,1.0,0.0,0.0,0.0,1.0,0.0,-0.0876675174649165,-0.5,-0.3154648767857287,-0.07784366811819167,-0.16195626077335154,0.0,-1.244921272495501,-0.8850313543522458,0.16629654994602786,0.9676479032093255,0.0,0.0,0.0,0.0,0.0,0.5180572387887257,0.1495529627617564,0.5417458048628984,0.5659673082690538,-0.742487848456186,0.8152173913043478,-0.4070569657401781,0.0,0.0,0.0
Saeed48920740,saeed48920740,1,-0.5171075453258016,0.26725539478824795,0.037110593915564795,-0.38685280723454174,0.6592718081804241,0.47833257576374705,-0.2188543539686617,-0.5005078786483357,0.5097724232341644,1.0,0.0,0.0,0.0,0.0,0.0,-0.2006906049011154,-0.5,0.0,-0.20758259602405685,-1.4290393811390796,0.5849625007211564,-0.9850697746701946,-1.5366204491420088,0.31857305472832603,0.5561295116791094,0.0,0.0,-0.4425070493497601,-0.3236566839097652,-0.3236566839097652,0.7423963040362852,0.27335618006846407,0.6224042750007663,0.4781914210812275,-1.491773334011875,-0.7065217391304348,-0.39933982377937044,0.0,2.0,0.0
BugsBuny90,bugsbuny90,0,0.5887730969539937,-0.7868276135804035,-0.6004996354865505,0.730194449712521,-0.08245296255857265,-0.37016230169121855,-0.5157975854097098,0.9688117227860278,-0.2540647432162949,1.0,0.0,0.0,0.0,0.0,0.0,0.8885901240217831,-0.5,0.3154648767857287,0.4047870742145963,0.42742979765290745,0.0,0.03458165646372941,0.6071715384508574,0.07474558231177111,0.053644294088941356,0.0,0.0,0.0,0.4077591983577851,-0.3236566839097652,-0.18876852547079626,-0.16672466475239933,-0.7880388881377647,-0.37203236420082453,0.5095063606134065,0.43478260869565216,0.9335393020149357,0.0,1.0,0.0
nooralitoon,nooralitoon,0,-0.28656654491966627,-0.8104338080622673,0.20131866885759536,0.38685280723454135,0.3747735084642842,0.1415011111715888,1.8777292576419213,-1.0301393030339736,-0.5157761757705914,1.0,0.0,0.0,0.0,0.0,0.0,-0.35998769969564104,-0.5,0.0,0.3113746724727663,0.36679899335067495,0.0,-0.5354099811440466,-0.24100341354749438,0.7567518630028405,-0.45427677849141845,0.0,0.0,-0.4425070493497601,-0.3236566839097652,-0.3236566839097652,1.1518183684983854,0.4992988564401785,0.6649632536371406,0.14151423044828454,-0.7031619651495948,0.8152173913043478,0.46914261920774175,0.0,0.0,0.0
trumppersia,trumppersia,0,0.5495277293346784,-2.3816885952433333,-2.2761054009924844,-0.12453878723484421,-3.4861196173907927,-3.487731785387211,-0.903159517081942,2.5344080941819533,-0.49153696133948604,1.0,0.0,0.0,0.0,0.0,0.0,0.18465266476580805,-0.5,-0.3154648767857287,-0.7664612112786134,-1.3607070983445029,0.0,-2.244921272495501,1.1433259429433698,-0.1719868522549915,-1.3190705772258757,0.0,0.0,0.0,0.4077591983577851,0.782932827420459,-0.2576036959637148,-0.2785014162449113,-1.794080469133571,-3.540032098827022,0.46499243472478546,0.8260869565217391,2.3914612252337695,0.0,0.0,0.0
F7_Arash,f7_arash,0,0.6404139603792733,1.0135467770925228,-0.17504275545830425,-0.5113915944693856,-0.25103520663126433,-0.40441441467378403,-0.19059851014641666,0.5736976281946445,1.7076820030833075,1.0,0.0,0.0,0.0,0.0,0.0,-0.35998769969564104,-0.5,0.0,-0.46706200870914966,-1.0941133143913904,0.0,0.4645900188559534,0.01183151839829413,-0.41412353188757284,-0.2587468857975289,0.0,1.5849625007211563,0.0,0.0,0.22963807175534695,1.1518183684983854,0.4992988564401785,0.3862087939968004,-0.40419711165170996,-0.3181098543699511,-0.2391304347826087,-0.40544700587348276,0.0,0.6309297535714574,0.0
SalmanSima,salmansima,0,1.7192410745442293,0.017637339466958182,0.6905955190922268,1.7200467042168468,0.4274939385083283,0.15467345634849053,1.416388389416902,0.7991901136589649,-0.2589635392925086,0.0,0.0,1.0,0.0,0.0,0.0,0.2309266721241348,0.2924812503605782,-0.3154648767857287,0.028307071474499068,0.9459165261888981,0.5849625007211564,0.6097084068588441,0.2557413824881716,0.5351011936602732,-0.355186339409924,0.0,0.0,0.0,0.0,0.0,0.04485300051694862,-0.11158839073620826,0.028052918854689468,0.15453579425067943,0.31415548796882065,0.5652173913043478,0.8543853352817877,0.0,0.0,0.0
shayan_shahnazi,shayan_shahnazi,0,1.8681142495440388,0.5234817523590222,0.6683035737091246,1.431525492965077,1.2514279640746269,0.6603038929436454,0.3159517081941947,1.503187842021785,0.4991912799000448,1.0,0.0,1.0,0.0,0.0,0.0,1.437301768195657,2.1239637567217926,1.9102289274181699,0.010322070392472071,0.4110310270443161,1.3219280948873622,0.48944553729158136,0.7287693252477601,-0.14723678653329214,0.4258157525367243,0.0,0.0,0.55749295065024,0.5532947556651121,0.0,0.02800722152278094,0.006576851625010467,-0.6997227332483422,0.6572461268970169,0.4848841923284382,0.8152173913043478,0.49520363199990597,0.0,0.0,0.0
____ROHI____,____rohi____,0,-0.7006888372730642,-0.19037837782340933,0.46220673335903195,-0.6719500161730103,0.6078666459477784,0.7581016726409001,0.0015412278448497304,-0.7820346002734324,-0.10707458697923428,1.0,0.0,1.0,0.0,0.0,0.0,0.2723201822307247,0.0,-0.3154648767857287,0.778436681181916,-0.512655319696417,0.0,-0.08574969435725534,-0.08955696160856934,0.5577065287983426,0.6732687370293169,0.0,0.0,-0.4425070493497601,-0.3236566839097652,-0.3236566839097652,-0.2576036959637148,-0.2785014162449113,0.29970866538261437,0.757792894345292,0.06544329870991626,-0.5869565217391305,-0.20638471189770832,0.0,0.0,0.0
Tondar1985,tondar1985,0,-0.08418976313554184,-0.27537119541902083,0.20126839965415355,-0.38685280723454174,-0.09982201262019326,0.5227790397897161,-0.4017467248908297,0.08086429059503054,0.042805661598184594,1.0,0.0,1.0,0.0,1.0,1.0,1.2614601245864208,1.9036774610288019,1.6309297535714573,0.12709224318984663,0.1287079743811698,0.5849625007211564,0.5921015524063719,-0.1435685269588414,-0.10736025612631715,0.7531232838728631,0.0,0.0,2.2229646731172967,1.8641793974976288,1.7237772057925873,0.9422657772812415,0.6034270276064577,-0.6303134410102806,0.5204575140218646,0.13297866339288147,0.4782608695652174,0.1345229398532336,0.0,1.4649735207179269,1.0
hosseintajik07,hosseintajik07,1,-0.3662138415628224,-0.3261532501684335,-1.2286760953900469,0.05319362416730372,-1.1950559843016357,-1.1806933196570526,-0.5306961212432572,-0.0011949364374074123,0.11526778649796587,1.0,0.0,0.0,0.0,0.0,1.0,0.30976516687567374,0.6609640474436811,0.0,0.01946091702954783,0.7354424868092211,0.0,0.8447723742416011,0.22989240142585557,0.48890701145481197,-0.613886785822485,0.0,0.0,0.0,0.0,0.0,-0.2576036959637148,-0.2785014162449113,-0.7232856103452205,-1.1824880342735267,0.39192698448581104,-0.6413043478260869,0.03630659488792573,0.0,1.0,1.0
Arashir22142540,arashir22142540,0,0.1242757621474442,0.6035670527771573,0.4850535486510897,-0.38685280723454174,-0.08819136748237448,0.4558979185018992,-0.047264320575391726,-0.07843907541724186,0.854587124003221,1.0,0.0,1.0,0.0,0.0,0.0,0.07162957732960912,-0.5,0.0,0.05189525978767352,0.42012708371271323,0.0,0.1741016184953216,-0.09637561854764515,0.7334367179434816,0.4211281921948063,0.0,0.0,-0.4425070493497601,0.0,-0.3236566839097652,0.27823469739656637,0.01720507152731438,0.32733999157005933,0.45573302120621084,-0.08864410105058251,-0.358695652173913,-0.3638120332705036,0.0,2.0,0.0
Ariaroshangar,ariaroshangar,1,-0.5063883332715665,-0.14155375552245023,-1.0694729837161387,-0.2850972089384689,-1.3882296454093517,-1.4546042659946405,-0.42383765733367584,-0.2845559850112027,0.1985585278629402,1.0,0.0,0.0,0.0,1.0,1.0,0.4569728469965327,-0.5,-0.3154648767857287,0.20758259602405668,-0.047746713656118406,0.5849625007211564,0.5187969406721655,0.0539286627670021,0.47740218491594916,-0.9023136835943854,0.0,0.0,-0.4425070493497601,0.0,-0.3236566839097652,-0.2576036959637148,-0.2785014162449113,-0.9882625614000778,-1.4576851729164786,0.21076203321901588,0.358695652173913,-0.1580140809948553,0.0,0.0,1.0
dkhos,dkhos,0,2.462953218266322,-0.39794026049315284,-1.7981978595589416,2.556064280199921,-0.9979402528255648,-1.8979851682625866,1.9984587721551503,1.438627819601427,-0.45196917573433537,1.0,0.0,1.0,0.0,0.0,0.0,-0.35998769969564104,-0.5,-0.3154648767857287,-1.2454986898910656,1.1167918998238051,0.0,-2.244921272495501,0.06755175274482422,-2.746795789993661,-1.4660067763741358,1.0986122886681098,1.5849625007211563,0.0,0.0,0.0,2.151819237514123,1.0511569323264902,-0.37658756348369055,-1.8975064008618243,-0.2793806463168316,0.0,1.653704388563701,0.0,0.0,0.0
hassanshariatm5,hassanshariatm5,0,1.5016864804145695,-1.5530799020024058,-4.596004653004288,1.2009213514504302,-1.0678033335048567,-1.6621069021982502,0.2851271512972001,1.111004866653943,-0.5433923679396276,1.0,0.0,1.0,0.0,0.0,0.0,-0.35998769969564104,-0.5,-0.3154648767857287,-1.2454986898910656,-0.14702319166198516,0.0,0.4645900188559534,0.014827156244882792,-2.746795789993661,-1.2701152070494353,0.6931471805599453,1.0,-0.4425070493497601,-0.3236566839097652,-0.3236566839097652,-0.2576036959637148,-0.2785014162449113,-0.25606734241060214,-1.661566672124063,-0.16626344239920746,0.8152173913043478,2.156605564300734,0.0,0.6309297535714574,0.0
amoopoya,amoopoya,0,1.0133664686587556,0.3523723112847506,0.015231876234923631,0.4886084055306143,-0.2819239077132835,0.21894718790311346,0.8990495761623427,0.25537187152158863,0.08422408226109543,1.0,0.0,1.0,0.0,1.0,0.0,0.8070138134768777,0.0,0.3154648767857287,-0.46706200870914966,0.2534603521905183,0.0,0.03830765644346501,0.0485436047022508,0.33199274469345663,-0.17449652420429956,0.0,0.0,-0.4425070493497601,0.0,-0.3236566839097652,0.13337798961368813,0.01720507152731438,-0.4214203819161168,0.2182742135726592,0.06063233900788593,0.043478260869565216,0.18800376140578065,0.0,0.0,0.0
ProSHaHansHaaHi,proshahanshaahi,0,-0.27229908849652984,-0.37798431078671885,0.4148958003675252,0.38685280723454135,0.5938500591879324,0.4088152178172556,0.23580786026200873,-0.5956873945717001,-0.289790575019826,1.0,0.0,0.0,0.0,0.0,0.0,-0.0876675174649165,0.0,0.0,0.0,0.682257574084783,0.0,-1.4150786303230616,0.41710179943784165,0.7471678606604568,0.23044690992340625,0.0,0.0,-0.4425070493497601,-0.3236566839097652,-0.3236566839097652,0.376157433745945,0.6231025533198227,0.46140435668933377,0.40867919847655276,0.3420224523339361,0.782608695652174,0.12161460690180063,0.0,0.0,0.0
JashniMitra,jashnimitra,0,0.8721154059078334,-0.3706198364421638,-0.14737477370046784,1.2137520458709286,0.4877274493429335,-0.10644179880340722,0.3760595941433342,0.3723209685427624,-0.3122668694583506,1.0,0.0,1.0,0.0,0.0,0.0,0.7644994039610483,-0.5,0.0,0.22721943974355166,0.4743418692334961,0.5849625007211564,-0.02539266432893279,0.4666311700629015,0.36035956534328767,-0.28428658248768857,0.0,0.0,0.0,0.0,0.22963807175534695,-0.07461096547168367,0.009783389632961664,-0.553113802582271,-0.1072530101700987,0.42526084953439575,0.5760869565217391,0.7234422544604279,0.0,0.0,0.0
eisa_1355,eisa_1355,0,-0.16745348470685648,0.47656242210211847,1.3026985879528512,-0.12453878723484421,0.24871539051319358,0.5513176881513934,0.0611353711790393,-0.4149395652629472,0.5842666193000376,1.0,0.0,1.0,0.0,1.0,0.0,-0.35998769969564104,-0.5,-0.3154648767857287,-1.2454986898910656,0.5390162729842176,0.0,-2.244921272495501,-0.7443146272730875,-2.746795789993661,0.44773386803990917,1.0986122886681098,1.5849625007211563,0.0,0.0,0.0,-0.2576036959637148,-0.2785014162449113,0.8742164406870285,0.551164492872894,-1.3191554900801798,0.07608695652173914,-0.39326508929996346,0.0,1.4649735207179269,0.0
zarin_farzad,zarin_farzad,0,0.2219411296032819,-2.4214236696326124,-4.375120074319034,-0.2850972089384689,-1.098407367115992,-2.6010798678718032,0.040071923966092986,-0.052365818945310595,-0.5660329882531506,1.0,0.0,0.0,0.0,0.0,0.0,0.0,-0.5,-0.3154648767857287,0.3113746724727663,0.6091014927458517,0.0,0.6619996259291807,0.5721365416484682,0.5749351023716741,-1.4742028563657066,0.0,0.0,-0.4425070493497601,-0.3236566839097652,-0.3236566839097652,-0.2576036959637148,-0.2785014162449113,-1.1652507668184013,-2.606617064204838,0.5328784330684012,-0.7282608695652174,2.241411796485323,0.0,0.0,0.0
ordinaryman1980,ordinaryman1980,0,0.9842079917205727,-0.008578410095361323,0.7506849935213368,0.9999999999999997,0.9741813018494412,0.8591539884473618,0.31030053942974567,0.5303340946679475,-0.07113311121212539,1.0,0.0,1.0,0.0,0.0,0.0,0.6906183879401716,0.2924812503605782,0.0,0.4118179143190313,0.5528647721257225,0.0,-0.20111321334759363,0.4081357000335759,0.36153318952173347,0.6128621473208088,0.0,0.0,0.0,0.0,-0.3236566839097652,-0.04027944781907787,-0.15856937904320045,0.0,0.8586883251785207,0.43765853222112866,-0.5760869565217391,0.4712724318070024,0.0,1.4649735207179269,0.0
chamli69,chamli69,0,-0.4832139965446316,0.3274387241245864,0.2067448028176106,-0.19906407643677707,-0.2903336523205573,0.4794503564606854,0.3406113537117904,-0.7918411329943138,0.24335650298545297,1.0,0.0,1.0,0.0,0.0,0.0,-0.0876675174649165,-0.5,-0.3154648767857287,-0.46706200870914966,-0.6644015089213542,0.0,0.6619996259291807,-1.941461613248723,0.11919138464029254,0.2491669947362083,0.0,0.0,0.0,0.0,0.0,0.5180572387887257,0.1495529627617564,0.49748124029014723,0.47930873149923403,-1.4416297239237945,-0.8913043478260869,-0.41795031032693164,0.0,1.0,0.0
dariush25371,dariush25371,0,-0.5254345914909767,0.3169041449076616,0.6500484159641028,-0.6719500161730103,0.24659675016162402,-0.17569946709555156,0.35037246339583866,-0.8231417546451026,0.2272915047271916,1.0,0.0,1.0,0.0,0.0,0.0,-0.35998769969564104,-0.5,-0.3154648767857287,0.3113746724727663,-0.4819492584096751,0.0,-0.5354099811440466,-2.6038367623493377,-2.746795789993661,-0.33308232306277336,0.6931471805599453,1.0,-0.4425070493497601,-0.3236566839097652,-0.3236566839097652,-0.2576036959637148,-0.2785014162449113,0.5030138959181637,-0.17553038819955044,-1.6142474614235454,0.40217391304347827,-0.42555008745035316,0.0,1.6309297535714573,0.0
Safa_8863,safa_8863,0,0.0589977459289886,0.6766372465899674,-0.2894163898256331,-1.2850972089384687,0.08688333703231103,-0.07865586700949352,0.3061905985101464,-0.36340305603175826,0.7224007069786686,1.0,0.0,0.0,0.0,0.0,0.0,0.5995493342790531,0.2924812503605782,1.752277687689868,-0.6247841784301423,-0.7733912277138936,1.0,-0.16214614131464017,-0.49802802927107526,-0.06047532229501004,-0.23311042720922756,0.0,0.0,1.0704345453822999,1.838005393597775,2.0266993317241107,1.1137447077033416,1.2018069160267073,-0.4054711058967747,-0.08163245769174149,-0.4391291018788353,-0.8804347826086957,-0.4205344701064261,0.0,1.4649735207179269,0.0
Pedar_Bozorgggg,pedar_bozorgggg,0,-0.3551144098231354,0.4674333782229006,0.571551709338071,-0.5113915944693856,-0.8149362867729277,0.48916756015149715,-0.565630619059851,0.0709565257498642,1.2977595968434699,1.0,0.0,0.0,0.0,0.0,0.0,0.13219152203468268,-0.5,-0.3154648767857287,-0.8006781740366457,0.5745081963384273,0.5849625007211564,0.08440807452084802,0.07738286169484673,0.5898499328417334,0.9111990448975731,0.0,0.0,0.0,0.0,0.0,-0.2576036959637148,-0.2785014162449113,0.2879003372237425,0.4889904549893293,-0.1238482203024642,0.010869565217391304,-0.4449043424490608,0.0,0.0,0.0
NoushaEshghi,noushaeshghi,0,0.483634863364882,-0.5190010429698438,-0.44181320452531064,0.35822547456602793,0.7786153437548073,0.21341369238348595,-0.2394040585666581,0.4609086110098221,-0.2332814904043773,1.0,0.0,1.0,0.0,1.0,1.0,1.2352587524016205,0.0,0.18453512321427132,-0.17756140697759518,-0.0706437890346435,1.0,1.1278086448180074,0.08048856892913714,0.11651061688844401,0.3265538998553442,0.0,0.0,0.0,0.4077591983577851,0.4077591983577851,-0.11685424081111805,-0.026316569921153807,-0.7669822715154017,0.21148127530859778,0.16619406879769083,0.32608695652173914,0.6380716952394477,0.0,0.0,1.0
Omidam_Hamin,omidam_hamin,0,-0.5431371729574127,0.2572262978041658,0.4664532902505017,-0.19906407643677707,1.086782682154679,0.5470516811882742,0.36475725661443614,-0.8398182152526624,0.15639562831177897,1.0,0.0,1.0,0.0,0.0,0.0,-0.6323078819263657,-0.5,0.4170218835732348,-1.2454986898910656,0.5745081963384273,0.0,0.014929732069161893,-1.885184564165586,-0.16962210827300936,0.3009634240750707,0.0,0.0,0.0,0.0,-0.3236566839097652,2.151819237514123,1.0511569323264902,0.8720237495658624,0.5468719107341681,-1.6142474614235454,0.5108695652173914,-0.4024994722007039,0.0,0.0,0.0
JahangirTaban,jahangirtaban,0,-0.2026001423998867,-0.6266483434025935,0.5087573590763161,0.4648554324615605,0.05314981298709366,0.4060724634695856,0.3072180837400462,-0.5765428056579628,-0.4013381775226254,0.0,0.0,1.0,0.0,0.0,0.0,0.13219152203468268,-0.5,-0.3154648767857287,0.3113746724727663,0.7569604906437674,0.5849625007211564,-0.7181825397408232,0.08750470786460575,0.662627630010616,0.19645614955462967,0.0,0.0,0.0,0.0,0.0,-0.2576036959637148,-0.2785014162449113,0.24547389242157852,0.40592547181414984,0.0690745338808598,0.29347826086956524,0.3587205319362456,0.0,0.0,0.0
DamDami,damdami,0,1.6872108637995455,0.21392946799335813,0.7153087285091443,0.4886084055306143,0.5921351418472152,0.6764401257864497,-0.3930131004366812,2.007815262401062,0.6150035429468343,1.0,0.0,1.0,0.0,0.0,0.0,-0.35998769969564104,-0.5,-0.3154648767857287,-1.2454986898910656,-1.7724259221215535,0.0,-2.244921272495501,-0.6167113150474937,-2.746795789993661,0.8888595088832689,0.6931471805599453,1.0,-0.4425070493497601,-0.3236566839097652,-0.3236566839097652,-0.2576036959637148,-0.2785014162449113,0.9381007963004745,0.676229460393011,-1.146537752580429,-0.7717391304347826,0.6636684611108183,0.0,0.0,0.0
RageAndHope,rageandhope,0,-0.5940588222850337,0.18592784860276956,-0.23128395024506335,-0.6719500161730103,-0.6787635681387847,-0.5849394104957982,0.016953506293347034,-0.7174151411920966,0.24105227604999613,1.0,0.0,0.0,0.0,0.0,0.0,-0.35998769969564104,-0.5,0.0,-1.2454986898910656,-1.5071384785558273,0.5849625007211564,0.4645900188559534,-2.078916875982308,-0.2852912591421713,-0.525368207404552,0.0,0.0,-0.4425070493497601,-0.3236566839097652,-0.3236566839097652,1.1518183684983854,0.4992988564401785,0.2940223980147313,-0.5846683476622289,-1.6142474614235454,-0.6521739130434783,-0.38315413047328456,0.0,0.0,0.0
obeydzacany,obeydzacany,1,-0.20934825363401352,0.3127275813499116,0.08534198364767073,-0.8982444017039272,0.09563625798462415,0.4629880992400831,0.7906498844079116,-0.762177706862434,0.07430977865699338,1.0,0.0,1.0,0.0,0.0,0.0,-0.0876675174649165,1.292481250360578,1.491492843651506,-0.8710613050023899,-0.10846878106428254,1.3219280948873622,0.34737817132860993,-1.5587244261523636,-0.4275200807909493,0.07320066483252233,0.0,0.0,0.31396374801627,1.2296380717553468,1.2847106379326625,1.1955422197297036,1.3846461536831485,0.4887242670703681,0.46216479164331337,-1.3164695500369192,0.043478260869565216,-0.32099918634727065,0.0,0.0,0.0
Nickkhoo_arash,nickkhoo_arash,0,-0.28843867935899004,-0.26505694258628854,0.3392195480321379,0.2623140199996974,-0.033776789191557056,-0.26415045791530567,-0.2604675057796044,-0.2700708389468697,-0.044020098430690976,1.0,0.0,0.0,0.0,0.0,0.0,-0.35998769969564104,-0.5,-0.3154648767857287,0.3113746724727663,1.140149087795299,0.0,-2.244921272495501,1.2254342624911059,-2.746795789993661,-0.08817654331901255,1.0986122886681098,1.5849625007211563,0.0,0.0,0.0,-0.2576036959637148,-0.2785014162449113,0.45785117669442804,-0.263944428829677,0.8054100151838923,-0.2391304347826087,0.027422278376684657,0.0,0.0,0.0
EbneHava,ebnehava,0,2.1793474073966888,-0.6178228057777565,1.6748450272163584,2.267137823810676,1.3991163519185255,1.163097916861597,0.16491137939892114,1.972070032499928,-0.3788621249970652,1.0,0.0,1.0,0.0,0.0,0.0,-0.6323078819263657,-0.5,0.0,0.3113746724727663,-1.4290393811390796,0.0,-2.244921272495501,-0.6891222612242457,-2.746795789993661,0.9658370907287145,0.6931471805599453,1.0,-0.4425070493497601,-0.3236566839097652,-0.3236566839097652,2.151819237514123,1.0511569323264902,1.1865746367603403,1.1626611147207773,-1.146537752580429,0.8043478260869565,1.6905078655118508,0.0,0.0,0.0
BehrouzBoochani,behrouzboochani,0,2.0312467111470998,0.2758224884659967,-1.731924917298855,2.0698548801351833,-0.9802766740497347,-0.9315005281214064,0.5692268173645004,1.5298140143769587,0.10327717729453116,1.0,0.0,1.0,0.0,0.0,0.0,-0.35998769969564104,-0.5,-0.3154648767857287,-1.2454986898910656,1.0191530709198298,0.0,-2.244921272495501,1.2415903783143585,-2.746795789993661,-0.9643954345659049,0.6931471805599453,1.0,-0.4425070493497601,-0.3236566839097652,-0.3236566839097652,-0.2576036959637148,-0.2785014162449113,0.11708672986592514,-0.9310513295001671,1.1161398212188107,-0.7608695652173914,0.8008247469425891,0.0,0.0,0.0
Baraye_Azadi_,baraye_azadi_,0,-0.34759906278387753,0.3491089119158328,0.13084529358348765,-0.12453878723484421,-0.4115838786013358,0.10734928904582548,-0.7058823529411765,0.40514102680671954,1.4515590931971198,1.0,0.0,0.0,0.0,0.0,0.0,0.6162699417910583,1.9534452978042594,1.5,-0.647569020088337,-0.2172441163786285,1.3219280948873622,0.06447012459739704,-0.4296251097738335,-0.16921424624520992,0.7876441870682269,0.0,0.0,1.19897784671579,1.2296380717553468,1.9610539540228973,1.014812984721536,0.6930521216988856,-0.3237836638633225,0.1053500357827775,-0.4894074521254592,0.5108695652173914,-0.38665474703807473,0.0,0.0,0.0
sazanist40,sazanist40,0,-0.09348671180514494,-0.4962333689244284,0.7000169541008503,0.4648554324615605,0.6806061060325476,0.7458349483233654,0.3955818135114308,-0.5320214526433324,-0.3676762802924126,1.0,0.0,1.0,0.0,0.0,0.0,-0.35998769969564104,-0.5,-0.3154648767857287,-1.2454986898910656,0.8294521974486694,0.0,-0.5354099811440466,-1.2228094150649713,-2.746795789993661,0.47150066723712103,0.6931471805599453,1.0,-0.4425070493497601,-0.3236566839097652,-0.3236566839097652,-0.2576036959637148,-0.2785014162449113,0.9735319650574029,0.7455922633395963,-1.3191554900801798,-0.6413043478260869,0.3077422998690355,0.0,1.0,0.0
majid53866855,majid53866855,1,-0.18565113088887084,0.48362778839517157,0.7254487140535238,-0.38685280723454174,-1.7661241256384306,1.0276211177540315,0.36475725661443614,-0.5897899832469987,0.42236017375338974,1.0,0.0,1.0,0.0,0.0,0.0,-0.2006906049011154,-0.5,0.18453512321427132,-0.8006781740366457,-0.3186075692468308,0.5849625007211564,0.3442587913501386,-2.3878769324785307,-0.14036949899311277,0.7468944220280748,0.0,0.0,0.0,0.0,0.4077591983577851,0.6159801958402586,0.5885383304414776,0.9028574641225129,1.0272346745381933,-1.6142474614235454,-0.08695652173913043,-0.40240016744067286,0.0,2.0,0.0
Haleh_Panzer,haleh_panzer,0,-0.31571167184853255,0.44584089051544196,0.0626290328971112,-0.8982444017039272,-0.5906387019741793,-0.1966806501027912,0.27074235807860264,-0.6448359285878135,0.4200076801779751,1.0,0.0,0.0,0.0,0.0,0.0,0.18465266476580805,0.0,1.3634165139304208,-0.7350481774461983,-0.3777607819793961,1.0,-0.3411129151129495,-1.2566144144991007,0.15438542410428793,-0.31923545886158927,0.0,0.0,1.6002967374713295,1.1704824501274749,1.3362275830855712,1.2455193367344501,1.2736020952633764,-0.11065865009124969,-0.19799640215751574,-0.8020784398431184,-0.8913043478260869,-0.42368489684456484,0.0,0.0,0.0
Samar_Iran,samar_iran,0,-0.5178609012886666,-1.0247807103013549,0.5076817497636457,0.29614926566610034,0.5211210103459436,0.343041275344772,0.1988183919856152,-0.7554157993827652,-0.4850780244072593,1.0,0.0,1.0,0.0,0.0,0.0,-0.0876675174649165,0.2924812503605782,0.18453512321427132,0.8303319409695896,-0.1804325159367657,0.0,0.8836129098467761,0.3485518837164734,0.6310133842204468,0.1876303474301799,0.0,0.0,0.0,0.4077591983577851,0.22963807175534695,-0.2576036959637148,-0.2785014162449113,0.4278066162139578,0.3429029174173939,0.18350293371237839,0.6413043478260869,0.5277452480639966,0.0,0.0,0.0
UomoMees,uomomees,0,0.4320395068860692,-0.9729739549740849,0.009029196800733632,0.714902791061531,0.838833096294528,-0.08572022900364726,-0.021577189827896224,0.20062956738605875,-0.455070347984015,1.0,0.0,1.0,0.0,0.0,0.0,0.8803187663792397,0.6609640474436811,0.3154648767857287,0.17682967649728387,0.339076573285846,0.5849625007211564,-0.49015548175692986,0.47853200666489093,0.3040650694308585,-0.08404728177123018,0.0,0.0,0.55749295065024,1.1704824501274749,1.838005393597775,-0.2576036959637148,-0.2785014162449113,-0.6361775646989442,-0.08699537697381755,0.3373784127150164,-0.6304347826086957,1.011637979535264,0.0,0.0,0.0
ggehhry2,ggehhry2,0,0.15593854514207317,-0.29097276638290975,1.0486177908512075,0.4648554324615605,-0.1954177766093249,0.6995856317234954,-0.5990238890315952,0.6653940978447693,0.24118331824633205,1.0,0.0,1.0,0.0,0.0,0.0,0.8632345540505003,1.850219859070546,0.6845351232142712,-0.4367325587369399,0.7896114886352922,1.3219280948873622,0.2412428542095606,0.1419325633424268,0.052306262267118514,1.1577680921267484,0.0,0.0,0.0,0.22963807175534695,-0.3236566839097652,0.24583726465268776,0.33464861732380413,-0.22148526946892383,0.6988021129802379,0.14845744032067065,-0.4891304347826087,0.26885055179008843,0.0,0.6309297535714574,0.0
MasoudSlii,masoudslii,0,-0.4342971674670869,-0.8454900220259539,-0.06665590634173844,0.38685280723454135,-0.3491349148888484,-0.6011596245551669,-0.21936809658361162,-0.43252908485283365,-0.3876674070632291,1.0,0.0,1.0,0.0,0.0,0.0,-0.6323078819263657,0.0,-0.3154648767857287,0.3113746724727663,0.8294521974486694,0.0,-2.244921272495501,0.08848076286567089,-2.746795789993661,-0.40535991586900466,0.6931471805599453,1.0,-0.4425070493497601,-0.3236566839097652,-0.3236566839097652,-0.2576036959637148,-0.2785014162449113,0.2857714651557589,-0.600821013523992,0.12882852894415772,-0.5,0.4195738720742281,0.0,0.0,0.0
IrBozorg,irbozorg,0,0.17784011493147875,-3.1096126523092784,-2.1112927930737806,0.4400464314018453,-0.5399473836572016,-1.7400495009550756,-0.47007449267916773,0.4465839231135451,-0.5696950905455315,1.0,0.0,1.0,0.0,0.0,0.0,0.0,-0.5,-0.3154648767857287,0.3113746724727663,3.892206899142775,0.0,-1.535410597719989,-0.14342516462426355,-0.10346463693252043,-1.0447747275448585,0.0,0.0,0.0,0.4077591983577851,0.22963807175534695,-0.2576036959637148,-0.2785014162449113,-0.7249723670047971,-1.740765258719361,0.0,0.021739130434782608,2.988272052864772,0.0,0.0,0.0
mostafaa_karimi,mostafaa_karimi,0,-0.3606444611808136,0.6270934461819938,-1.6239142581454056,-0.6719500161730103,-0.5311398690258465,-1.6361091073796274,1.2617518623169792,-0.9687073905043225,0.28631543600319354,1.0,0.0,0.0,0.0,0.0,0.0,-0.6323078819263657,0.0,-0.3154648767857287,-1.2454986898910656,-2.232168875442363,0.0,0.4645900188559534,-2.2726491877990305,-2.746795789993661,-1.3749238887508664,0.6931471805599453,1.0,-0.4425070493497601,-0.3236566839097652,-0.3236566839097652,-0.2576036959637148,-0.2785014162449113,-0.24278590854025647,-1.635565907466342,-1.6142474614235454,-0.5543478260869565,-0.5114223610181573,0.0,0.0,0.0
SaiedehSaideh59,saiedehsaideh59,0,0.8437584239335653,-0.006021168555028488,0.25355833579317266,0.4886084055306143,0.817865039103994,0.3941437073139394,-0.5969689185717956,1.4233824485721513,0.603260881234042,1.0,0.0,0.0,0.0,0.0,1.0,1.3309717723856205,0.2924812503605782,0.4170218835732348,0.179949650715461,-0.3124979244385639,0.0,-0.1506565192246806,0.6730442040706297,-0.03871798062834372,0.8666373178440022,0.0,0.0,0.55749295065024,0.4077591983577851,0.0,-0.16846909205184477,-0.22931180798176193,-0.7507045365929955,0.3921992016531706,0.5697745039484527,0.6086956521739131,0.39382249025547517,0.0,1.0,0.0
KambizGhafouri,kambizghafouri,0,1.7487762504739792,0.026674423066266224,0.08610608145888483,1.6991803252671498,-0.25905327462861893,-0.3019688437259156,1.1189314153609042,0.9453313662635826,-0.21589489383952373,1.0,0.0,1.0,0.0,0.0,0.0,-0.35998769969564104,-0.5,-0.3154648767857287,0.3113746724727663,2.9691109475723714,0.0,0.4645900188559534,1.1854087885789126,-2.746795789993661,-0.6562262006816826,0.6931471805599453,1.0,-0.4425070493497601,-0.3236566839097652,-0.3236566839097652,-0.2576036959637148,-0.2785014162449113,0.4385411442941542,-0.30174724536844727,1.0331830119046497,0.4782608695652174,0.8629705867878462,0.0,0.0,0.0
MehdiHajati,mehdihajati,0,2.2007362645581527,0.07472079619249351,-0.15670404897298354,1.805347888250938,-0.8669911433410289,-0.6726812707241288,0.5558695093758027,1.7315796694668792,-0.07363113042132544,1.0,0.0,1.0,0.0,0.0,0.0,0.0,0.0,-0.3154648767857287,-0.9860192772059728,0.6539041577705816,0.5849625007211564,-0.9850697746701946,0.8562213532922137,0.6067160624916257,-0.7891087814961548,0.0,0.0,0.0,0.22963807175534695,0.0,0.27823469739656637,0.01720507152731438,-0.17987009645681257,-0.6726012619316832,0.8794342694699581,0.40217391304347827,1.0757455274063867,0.0,0.0,0.0
jiar06731264,jiar06731264,1,-0.1695441472113374,-1.614255470355296,-0.6831623851398394,-0.5113915944693856,-0.13984184147537437,-0.12815753813781183,-0.3549961469303879,-0.059972043126701485,-0.5216074741619726,1.0,0.0,1.0,0.0,1.0,0.0,0.5820853491063983,0.2924812503605782,-0.3154648767857287,0.3790644125216209,0.004407318936650494,0.0,1.379745611706237,0.10481743809211753,0.3505368155049065,0.10919209875974176,0.0,0.0,0.0,0.22963807175534695,-0.3236566839097652,-0.10966468453763561,-0.19686014899833829,-0.41507891021589693,-0.12864615748843983,0.30103472000199705,0.782608695652174,1.2505306475594116,0.0,2.0,0.0
D0wn_Under,d0wn_under,0,0.7984512800453485,-0.6600242450229161,0.07768297386306035,1.0939497280244532,0.1984399807443104,-0.07825542738343298,1.2776778833804263,-0.09524960429278222,-0.4774835720371343,0.0,0.0,1.0,0.0,0.0,0.0,-0.6323078819263657,-0.5,0.0,-1.2454986898910656,0.993612846498441,0.0,0.4645900188559534,0.6329055072666717,-2.746795789993661,-0.5163694723077363,0.6931471805599453,1.0,-0.4425070493497601,-0.3236566839097652,-0.3236566839097652,-0.2576036959637148,-0.2785014162449113,0.5527680364204014,-0.0781278253005045,0.5074120412693011,-0.10869565217391304,0.938685300485921,0.0,0.6309297535714574,0.0
GolestanParsa,golestanparsa,0,0.1985421516346808,-0.23838639629845143,1.2554061123770972,0.3280499838269894,-0.22154443393933454,0.6122809160460013,0.09606986899563319,-0.1136979994004835,-0.17364802770077906,1.0,0.0,1.0,0.0,0.0,0.0,0.30976516687567374,0.0,-0.3154648767857287,-0.33732308080328444,-0.046826110328707635,0.5849625007211564,-0.06868144202874035,0.24557737918376513,0.6032940124500965,0.48566012299605266,0.0,0.0,0.0,0.0,0.0,-0.2576036959637148,-0.2785014162449113,0.19264436408764418,0.6120143687063023,-0.013000297927480508,-0.8913043478260869,0.24798597014652266,0.0,0.0,0.0
BarfiiIran,barfiiiran,1,-0.42867213636518114,0.059868239883518894,-0.4073000426721742,-0.6719500161730103,-0.8397414602041117,0.1350594900630054,-0.7747238633444644,0.5576710157261413,1.194986801707245,1.0,0.0,0.0,0.0,0.0,0.0,1.1649815859649324,-0.5,0.18453512321427132,0.35270810337016356,-0.6285997117373359,0.0,-0.3162703580738954,0.551184160751693,-0.10892490273484476,0.9784152862106601,0.0,0.0,0.0,0.4077591983577851,1.3846203144649545,-0.1665215026705143,-0.22823701598717547,-0.7510882738684622,0.13327131293302105,0.4351061930709539,-0.5434782608695652,-0.2547848757378226,0.0,0.0,0.0
IranPlateau1,iranplateau1,1,-0.04216066910372526,0.35776408486810846,0.5038758688042928,-0.38685280723454174,0.8469083069478309,0.7781055676302832,-0.03750321089134344,-0.23889667140253476,0.48884001376755387,1.0,0.0,1.0,0.0,1.0,0.0,1.1130986257906077,1.4534452978042594,1.2474100518427786,0.02268364488964099,0.35418057070004483,1.584962500721156,0.8887114962955857,-0.17255955693440986,0.10315103657264199,0.714980386267687,0.0,0.0,0.9247041696625747,0.8769514395748774,1.6924698362904478,0.5226592786933594,0.9865620540598882,-0.38155989080522346,0.7770224717355352,0.035413110623055015,0.5543478260869565,-0.2862532388707715,0.6931471805599453,0.6309297535714574,0.0
A_Jafarzadeh,a_jafarzadeh,0,1.5564282076921436,0.769504629117045,-1.6827037883861584,2.0403629297468058,-0.2584772726784212,-0.5605664649899028,1.9691754431030053,0.45137265372114643,0.29374921552487043,0.0,0.0,1.0,0.0,0.0,0.0,-0.35998769969564104,-0.5,-0.3154648767857287,-1.2454986898910656,1.7018591300987875,0.0,-0.5354099811440466,0.4454119792002066,-2.746795789993661,-0.9762333764472937,1.0986122886681098,1.5849625007211563,0.0,0.0,0.0,-0.2576036959637148,-0.2785014162449113,0.30649910612425274,-0.5602429765445015,1.0202681371231856,0.7934782608695652,0.13039811349501335,0.0,0.0,0.0
AliAghell,aliaghell,0,0.4341282085399999,0.823063236214414,-0.04678561830065654,-0.05880282340755195,-0.7481637680446414,-1.1034343453546704,-0.23683534549190854,0.4063956302636798,1.414237803752894,1.0,0.0,0.0,0.0,0.0,0.0,-0.2006906049011154,-0.5,-0.3154648767857287,0.3113746724727663,-0.8750271745389805,0.0,0.8447723742416011,0.4474288782330678,0.4732824882497449,-0.7826259799340185,0.0,0.0,-0.4425070493497601,-0.3236566839097652,-0.3236566839097652,1.1518183684983854,0.4992988564401785,-0.18525763463267853,-1.103084271575387,0.5000590480609166,-0.5760869565217391,-0.3757331216706815,0.0,0.0,0.0
Neda73Neda,neda73neda,0,-0.44521181750027644,0.12173930577291378,-0.24404598637472597,-0.8982444017039272,0.21312465763958455,0.26369117332569264,-0.5050089904957616,-0.11712145913206444,0.6333800568704905,1.0,0.0,1.0,0.0,1.0,0.0,0.9275204600633797,2.721471747924364,1.7982885133078534,0.18573187838328026,-0.4454196053564438,1.584962500721156,0.5579892319351434,-0.5279631660681333,-0.1851111788559265,0.6223464458289157,0.0,0.0,1.4179811482680222,1.7539028791497544,2.1792064233027966,0.8504710171773316,0.8340287871880349,-0.49709313322883264,0.26001531730501487,-0.3344231796360504,0.32608695652173914,-0.297508084457347,0.0,1.0,0.0
Marie36822764,marie36822764,1,-0.4293450106408653,0.774559359235388,0.24105400363066745,-0.6719500161730103,-0.923567342852619,0.6369564861103328,-0.5055227331107115,-0.1015212459784604,1.7330886340643825,1.0,0.0,1.0,0.0,1.0,0.0,0.34394975956033375,0.2924812503605782,2.1309297535714573,0.05364829919369514,-0.8345988561045805,1.9999999999999998,-0.4294035717537744,-0.7035728585537097,-0.5566617522814925,0.9730872894560058,0.0,0.0,1.19897784671579,1.8109439681499915,2.5143487096880097,1.4588402882696452,1.4895529017593954,0.1748370279091404,0.6349000848595088,-0.9579239698188488,-0.2826086956521739,-0.574401304783612,0.0,2.0,0.0
mahistan,mahistan,0,0.7349886401757821,-1.1025473298528192,-0.331906906804658,0.5942263765186843,0.3433014778259885,-0.5245242762317781,1.755458515283843,-0.28955029559819245,-0.5390216676285539,0.0,0.0,1.0,0.0,0.0,0.0,0.6323078819263657,0.792481250360578,0.18453512321427132,-0.20758259602405685,1.3070743960901827,0.0,0.1741016184953216,0.700796329216033,0.27855480019309115,-0.9251030489343344,0.0,0.0,0.55749295065024,0.6763433160902347,1.1704824501274749,-0.01777877098624916,-0.06273520303961383,-0.6589647016603433,-0.5258876858975695,0.5920090856712493,-0.44565217391304346,1.3015007142584545,0.0,0.0,0.0
parwaz22,parwaz22,0,-0.30683448972827476,-0.8369160020472497,-0.2388290947510346,0.05319362416730372,-0.19594063757938707,-0.4200159020959969,-0.48086308759311586,-0.02316678261864463,-0.29869046037416297,1.0,0.0,1.0,0.0,0.0,0.0,0.7039374592559748,0.6609640474436811,0.18453512321427132,0.18163574456690113,-0.05143423434802324,1.0,-0.5699045760453454,0.18876266858813398,0.2868513371372516,-0.030053207430599613,0.0,0.0,0.0,0.0,0.0,-0.2576036959637148,-0.2785014162449113,-0.6641201065949669,-0.42134265130532045,0.14221548891315228,-0.7717391304347826,0.48082762179076943,0.0,1.0,0.0
MahmoudZibaie,mahmoudzibaie,0,0.30850341632763234,-0.8869578151595325,-1.0274491663368848,0.6131471927654583,-1.2831237488015563,-1.6371558279755272,0.47932185974826613,-0.23135877826329682,-0.47946696025577107,1.0,0.0,1.0,0.0,0.0,1.0,-0.0876675174649165,-0.5,-0.3154648767857287,0.3113746724727663,0.6972845967252863,0.0,0.1741016184953216,0.8803530983423353,0.777704469719617,-1.2931055761944885,0.0,0.0,-0.4425070493497601,-0.3236566839097652,-0.3236566839097652,1.518058803016898,0.701411422306331,-0.5833621038690768,-1.6373116261906913,0.8000670496757016,-0.4891304347826087,0.8648937013741684,0.0,0.0,0.0
sedaye_iran,sedaye_iran,0,-0.05207711700333818,-0.25442648463678175,-0.02197361394456228,1.131931089035111,1.0483250870837069,1.1255682712444743,1.982019008476753,-0.9172932649592446,-0.41383634520741625,1.0,0.0,1.0,0.0,0.0,0.0,0.2309266721241348,-0.5,-0.3154648767857287,-0.39629433002290165,-0.8612951396602186,0.0,-0.22013439033839816,0.4836735388991695,0.46544247003900613,0.39277813544173473,0.0,0.0,0.0,0.4077591983577851,0.4077591983577851,0.04485300051694862,-0.11158839073620826,0.5237862703388554,1.1251233823147384,0.10767000896368621,0.8043478260869565,0.13404768285907578,0.0,0.0,0.0
saba_khoi,saba_khoi,0,0.5882225778009155,0.38445914528726816,0.12315362631641961,0.839441578296375,0.48864295190143053,0.384816786959018,1.5222193680965836,-0.3563940963126829,-0.01740052634503564,0.0,0.0,1.0,0.0,0.0,0.0,0.8266616562818146,2.3639602272816,1.2894509615812828,0.26842676389859765,1.7444913855526767,1.584962500721156,1.1181932794849323,0.08602658537340681,-0.010140372660402634,-0.18121430797966093,0.0,0.0,2.0144552665319764,1.553294755665112,1.590428688264322,0.6079818487513068,2.0690565989495133,-0.35311365369104825,0.3831965204488883,0.17951541881328592,0.8478260869565217,-0.04171147253320748,0.0,0.0,0.0
Peroz401939762,peroz401939762,0,-0.14512932099404302,0.3453528530165708,0.11970639419246182,-0.38685280723454174,-0.12795267260145082,0.5285246424352148,-0.5373747752376059,0.22836272590170628,1.0341762299587305,1.0,0.0,1.0,0.0,0.0,0.0,0.962938570170896,2.4999999999999996,1.482823636522125,-0.14992067730218764,-0.11042747424354918,1.3219280948873622,0.7594243599204609,-0.2668539747304921,-0.11255895551422922,0.9106234050925965,0.0,0.0,0.55749295065024,0.6763433160902347,1.5143487096880095,0.558284932891841,0.9892712572660186,-0.38939409419635945,0.5267128654080275,0.028256328245283752,-0.6847826086956522,-0.3164847542721625,0.0,2.095903274289385,0.0
MajidH44995071,majidh44995071,1,-0.16970519882383361,0.4678017815171743,-0.13238118914522756,-0.8982444017039272,-0.9979402528255648,-0.10134708572959748,-0.13511430773182637,-0.2762399021001559,0.7219442025186239,1.0,0.0,1.0,0.0,0.0,0.0,-0.35998769969564104,0.0,1.1495086439321982,-0.6793634878945312,0.427831609807938,0.0,0.6097084068588441,-1.772491431888554,0.15374278961720445,-0.030293973064960247,0.0,0.0,0.55749295065024,0.6763433160902347,0.8769514395748774,1.9344947922906401,0.9921279808406559,0.5406235718582182,-0.10190277069103094,-1.3891037780745354,0.07608695652173914,-0.3896200962905806,0.0,2.0,0.0
0mhp037,0mhp037,0,-0.11918434781922511,0.5674528913555894,-0.9096408294555958,-0.38685280723454174,-0.9124802634618319,-0.7742124852537038,-0.4834318006678654,0.16409138877926358,1.315739539034468,1.0,0.0,0.0,0.0,0.0,0.0,-0.35998769969564104,-0.5,-0.3154648767857287,0.3113746724727663,1.0930284795843175,0.0,-0.5354099811440466,1.0573108293294124,-2.746795789993661,-0.3341791489652282,1.0986122886681098,1.5849625007211563,0.0,0.0,0.0,-0.2576036959637148,-0.2785014162449113,0.19740562409164186,-0.7738128350184797,0.6371144236773014,-0.09782608695652174,-0.4222990509803602,0.0,1.4649735207179269,0.0
Schahrzad_b,schahrzad_b,0,1.2236400034429589,-1.5603270878842177,0.7938819157640453,-0.2850972089384689,0.7214154566390161,1.043456219336791,1.5355766760852814,0.23698383364751027,-0.5576221194641905,1.0,0.0,1.0,0.0,0.0,0.0,0.4807907438642421,0.0,-0.3154648767857287,0.21979315380507627,-0.03953898937253429,0.0,-0.014257866687043905,0.49406700315462754,0.3057453550558202,0.4083849902115486,0.0,0.0,-0.4425070493497601,0.0,-0.3236566839097652,-0.2576036959637148,-0.2785014162449113,0.2673178299373105,1.043008212471872,0.3715799035416441,-0.5434782608695652,2.0026476846309853,0.0,0.0,0.0
mery202120,mery202120,0,-0.4936185614312866,0.4566289899677068,0.058874705723002484,-0.2850972089384689,-0.4718113266777918,0.2630379866556984,-0.17056254816337016,-0.5201837433790445,0.7370636610678541,1.0,0.0,1.0,0.0,1.0,0.0,0.30976516687567374,0.5,0.885621874580711,-0.3672617555615409,-0.02889614203176746,0.5849625007211564,0.052584399865831556,-1.0848439722834429,0.19311402131306737,0.32265873752932367,0.0,0.0,0.55749295065024,0.6763433160902347,1.2847106379326625,0.9373666544877777,0.8159701895066873,0.01420903536896687,0.2626355961994889,-0.8017067533229584,0.6304347826086957,-0.4778029547273288,1.6094379124341003,1.7712437491614221,0.0
Masad75405681,masad75405681,1,-0.23571007832956392,0.5056067910220852,-0.10923225152602611,-1.2850972089384687,-1.2350222914621305,0.20168852546251279,0.09504238376573337,-0.49155615996431157,0.6028474969580694,1.0,0.0,1.0,0.0,0.0,0.0,0.13219152203468268,0.0,0.0,-1.2454986898910656,0.4603882952731424,0.0,0.35962509445747076,-0.08224429647398024,0.46929646738236797,0.11023551194330451,0.0,0.0,0.0,0.0,-0.3236566839097652,-0.2576036959637148,-0.2785014162449113,0.14110245546825742,0.2015757929029541,0.07801930549065933,-0.15217391304347827,-0.4278877011486043,0.0,2.0,0.0
KhatibiOfficial,khatibiofficial,0,2.038597497550651,-1.0743338621534722,-1.0899156122603662,1.1094537979535737,-0.9513054083010567,-1.4367803080469688,-0.25327510917030566,2.2215438951109223,-0.4469224131627532,1.0,0.0,1.0,0.0,0.0,0.0,-0.6323078819263657,0.0,-0.3154648767857287,-1.2454986898910656,-1.0359614650097744,0.0,-2.244921272495501,1.063559622176494,-2.746795789993661,-0.9928465529151254,1.0986122886681098,1.5849625007211563,0.0,0.0,0.0,-0.2576036959637148,-0.2785014162449113,-0.14096519301589736,-1.4362337805684566,-0.12568725650917995,-0.4891304347826087,2.026360822157641,0.0,0.0,0.0
smjm1972,smjm1972,1,-0.498505400771497,0.39608282900634095,0.3987267301514681,-0.8982444017039272,-0.6071394862145802,0.2398477703997733,0.33393269971744155,-0.7993044182271293,0.32710334285226844,1.0,0.0,1.0,0.0,1.0,0.0,-0.6323078819263657,-0.5,1.2010867513664396,-1.0446122061985357,0.0,1.3219280948873622,0.8104381980009381,-2.296346690178977,-0.2574051092614663,0.03526000383559521,0.0,0.0,0.55749295065024,0.6763433160902347,0.5532947556651121,1.5404115493149544,1.701023972408532,0.7149770679995685,0.23942515102862297,-1.5876308637666334,0.2717391304347826,-0.4535142338202157,0.0,1.4649735207179269,0.0
Rezahashemi1919,rezahashemi1919,1,-0.5315467275955094,0.6620788114836708,0.20539101433806603,-0.8982444017039272,0.4747735216351501,0.2700794690112398,-0.5039815052658618,-0.19809661149298174,1.5225340273441783,1.0,0.0,1.0,0.0,0.0,0.0,0.5244885126375003,0.6609640474436811,2.109356064935564,-1.0891605805892144,-0.7024033361204158,1.0,1.0114876600103988,-1.140196440866293,-0.18894059580108977,0.6270836555042575,0.0,0.0,2.5129415947320606,2.1963734419342567,1.2296380717553468,1.7677576924161624,1.0591663200066155,-0.1656100202370188,0.266650606220576,-0.8473096300100914,-0.717391304347826,-0.5601151399820643,0.0,1.4649735207179269,0.0
MasIoob,masioob,0,0.7526956589119027,0.2667035065532507,0.1825334366472082,0.41408311632868133,0.05883574797484029,0.3812505974622677,0.19624967891086564,0.3640028929371412,0.23960397662460634,1.0,0.0,1.0,0.0,0.0,0.0,-0.2006906049011154,-0.5,0.0,-0.7265414213942424,0.07206294819042468,0.5849625007211564,-0.15522797808748992,-1.6102740386984158,-0.5801093160078099,0.22359653942739025,0.0,1.0,-0.4425070493497601,0.0,-0.3236566839097652,0.7423963040362852,0.27335618006846407,0.5728354776521101,0.3811498504176997,-1.3191554900801798,-0.8913043478260869,0.12524782056925604,0.0,0.0,0.0
Me_Hamed_Myself,me_hamed_myself,0,1.2267598194011065,-0.15773365237557802,0.9765655605984004,0.9906197686659235,0.6935604935373384,0.7976655046216448,0.45414847161572053,0.7010834431062783,-0.21315349514582246,1.0,0.0,1.0,0.0,0.0,1.0,-0.35998769969564104,-0.5,0.18453512321427132,-1.2454986898910656,0.002865442267751927,0.0,-0.5354099811440466,-0.07388198649084105,0.7805413799850128,0.4961139075483108,0.0,0.0,-0.4425070493497601,-0.3236566839097652,-0.3236566839097652,1.518058803016898,0.701411422306331,0.9999888265376384,0.7973862665808762,-0.6633453445740144,0.43478260869565216,0.7337196057225029,0.0,0.0,0.0
pegah_shirazi,pegah_shirazi,0,0.00793539400707074,0.5575119186300266,-0.7902334556546148,-0.6719500161730103,-0.7806952811674069,-0.9208011992819578,-0.4022604675057796,0.1726986176539496,1.168455359342846,1.0,0.0,1.0,0.0,1.0,0.0,0.2309266721241348,-0.5,0.18453512321427132,0.46706200870914966,0.17440526615666818,0.5849625007211564,0.6237615969941994,0.45311087964975727,-0.4237645834978244,-0.5295576103025493,0.0,0.0,0.9247041696625747,0.6763433160902347,1.1065895113302244,0.07370044759339298,-0.09566870793282437,-0.5211858297051682,-0.9213197731668151,0.16940471483418523,0.5217391304347826,-0.3780836158553245,0.0,0.0,0.0
Havin_N5,havin_n5,1,2.223234483932361,0.795675919606495,-0.7351655114113225,0.730194449712521,-0.13078635604025732,0.6870443913282923,0.10069355253018238,2.075218626004806,1.0464713271932657,1.0,0.0,1.0,0.0,0.0,0.0,-0.35998769969564104,-0.5,-0.3154648767857287,0.3113746724727663,-2.232168875442363,0.0,-2.244921272495501,1.5094997249635091,-2.746795789993661,0.5526559237025878,1.0986122886681098,1.5849625007211563,0.0,0.0,0.0,-0.2576036959637148,-0.2785014162449113,0.9435150581907106,0.6868288392385145,-0.013000297927480508,-0.6086956521739131,0.45506865423618276,0.0,0.6309297535714574,0.0
ToukaNeyestani,toukaneyestani,0,1.1108603589527428,-0.8613066191605618,-0.19239972913097886,1.1811046913089847,-0.3830877042338411,-0.860194371456404,1.2453120986385822,0.22004615130100055,-0.5071575435207878,1.0,0.0,1.0,0.0,0.0,0.0,-0.6323078819263657,-0.5,0.18453512321427132,-1.2454986898910656,-0.40807384974518746,0.0,-2.244921272495501,-0.9708378227772452,0.3483703895360394,-1.052038498302597,0.0,0.0,-0.4425070493497601,-0.3236566839097652,-0.3236566839097652,2.151819237514123,1.0511569323264902,0.15345001471866693,-0.8598637438172064,-1.2241570939290543,-0.391304347826087,1.2978131692908248,0.0,0.0,0.0
FaranakAzad1,faranakazad1,0,1.1648372810433856,-0.10677372652471268,1.0408234424418965,1.1392267566689955,1.3994330740011642,1.5238251905793325,0.6293347033136398,0.5384167084778213,-0.21692802554388868,1.0,0.0,1.0,0.0,0.0,0.0,1.3807693457521064,3.8183123102718244,2.188265632734657,-0.6657657559476455,-0.31401086081574253,2.4594316186372973,-0.3392159920649941,-0.5283435722770368,-0.09596617966402946,1.1114862078980652,0.0,0.0,1.893068428008873,2.5904286882643217,3.6406487434485295,0.4893154508289098,1.1116214511582498,-0.21398788440272634,1.5216852406908694,-0.2302525306252741,-0.2391304347826087,0.6547210481997607,0.0,0.6309297535714574,0.0
naslsokhteh60,naslsokhteh60,0,-0.18008200937540716,-0.37395378729598966,-0.07382476423701868,-0.05880282340755195,-0.10662763830406322,0.012190632438679681,-0.05805291548933984,-0.3449113843779979,-0.21141378711558506,1.0,0.0,1.0,0.0,0.0,1.0,0.5995493342790531,0.5,0.0,-0.051895259787673696,0.7506689952516348,0.0,-0.12024366399853016,-0.08332296273071214,0.41182010808980446,0.023703653122264093,0.0,0.0,0.55749295065024,0.4077591983577851,0.5532947556651121,0.07370044759339298,0.01720507152731438,-0.3578348254731313,0.011704385264012343,0.10474496197817554,-0.7717391304347826,0.16435259931592433,0.0,1.0,0.0
iran_vdt,iran_vdt,0,0.2399978098984451,-1.317068446312418,-0.897553773074476,-0.12453878723484421,-0.15048678160974494,-0.9541616508486882,-0.28769586437194966,0.2638479486342473,-0.4899912628558852,1.0,0.0,1.0,0.0,0.0,0.0,1.1609103062525072,0.0,0.0,0.48093530724117356,0.28590596762518344,0.5849625007211564,0.23440489132726597,0.6552911344244905,0.08031666572662491,-0.6410286390221219,0.0,0.0,0.0,0.4077591983577851,0.5532947556651121,0.13264483315423237,0.0035901686151287283,-1.304112836895486,-0.9646671892898181,0.6230031031106322,0.2717391304347826,1.2133398450401547,0.0,0.0,0.0
navidi49,navidi49,0,0.5097685771554079,-0.16251744548658217,-0.4303940481609367,0.5942263765186843,0.22529684132713124,0.11383785401092707,-0.691497559722579,1.296385858417891,0.5806394826997602,1.0,0.0,0.0,0.0,1.0,0.0,1.0137026261316482,0.2924812503605782,1.6433995641091363,0.896441454555645,0.7769804792806089,0.5849625007211564,0.6848528055237925,0.1428506877653926,-0.08564692751369786,0.7646786007245754,0.0,0.0,1.19897784671579,1.0371339325992097,1.4734045760589987,-0.14862774472961793,-0.17157175483781079,-0.6419494937462141,0.11117480995433314,0.16452882799548096,0.8043478260869565,0.34775621452200184,0.0,1.0,0.0
green_Amir,green_amir,0,-0.10749363307816288,-0.17133514474381561,0.22074592055920242,-0.05880282340755195,0.11181928450147499,0.2673843593408812,1.983560236321603,-0.9493891566147885,-0.3875266977234531,1.0,0.0,1.0,0.0,0.0,0.0,0.34394975956033375,-0.5,-0.3154648767857287,1.0190436749684342,-0.3504670358839899,0.0,0.05936927498855935,0.15214667387616174,0.4603072342111596,-0.3686043089347065,0.0,0.0,-0.4425070493497601,-0.3236566839097652,-0.3236566839097652,-0.2576036959637148,-0.2785014162449113,-0.012947925220842647,0.26720908192561255,0.06865016935724011,0.3804347826086957,0.04312442952241404,0.0,0.0,0.0
SARBAZEH_VATAN1,sarbazeh_vatan1,0,-0.5246739178391281,0.08966800670155137,-0.6918850148899635,-0.5113915944693856,0.09530177187811545,-0.17972442443836803,-0.4371949653223735,-0.28390536330906657,0.4963996894317972,1.0,0.0,1.0,0.0,0.0,0.0,0.0,-0.5,0.3154648767857287,-0.1334458433816536,0.7348861746151748,0.0,0.9913287516106307,-0.08298544989945915,0.6311365684850331,0.1397896886663247,0.0,0.0,-0.4425070493497601,-0.3236566839097652,-0.3236566839097652,0.20655933834447765,-0.022349519834069437,0.07182588915152853,-0.179742896253242,-0.295549410209471,0.2826086956521739,-0.3079553758193139,0.0,0.6309297535714574,0.0
frarandeh,frarandeh,1,0.374475574241904,0.951521885257705,0.17264038085502126,-0.2850972089384689,-0.04571311193114062,0.8681492338296433,1.9167736963781146,-0.6205462412499575,0.5384983255631126,1.0,0.0,1.0,0.0,0.0,0.0,0.30976516687567374,-0.5,0.18453512321427132,-1.2454986898910656,-2.215195213397691,1.3219280948873622,-0.5354099811440466,-2.4516787189011295,-0.1134827631610481,0.16959943251361126,0.0,0.0,0.0,0.4077591983577851,0.5532947556651121,0.33975854076739515,0.051157471845900554,0.32328256723791593,0.8677883074989141,-1.6142474614235454,-0.5108695652173914,-0.4544018716915096,0.0,0.0,0.0
Radman2576,radman2576,0,-0.07329110285167313,-0.6919833202540112,0.26446597177215575,-0.19906407643677707,0.331998571274685,0.6939674379012105,0.5579244798356023,-0.5842175645922343,-0.44410180215169215,1.0,0.0,1.0,0.0,1.0,0.0,0.07162957732960912,-0.5,0.18453512321427132,0.3113746724727663,0.14935860774315124,0.0,0.08440807452084802,0.030769456418867667,0.4698642660831913,0.36117856691469225,0.0,0.0,-0.4425070493497601,-0.3236566839097652,-0.3236566839097652,-0.2576036959637148,0.20359249046411326,0.4488904172698996,0.6937039171659989,-0.030320468592583447,0.6956521739130435,0.4831403524944217,0.0,1.4649735207179269,0.0
young_sheldon1,young_sheldon1,0,-0.05764100160158915,-0.4711983122825112,0.9391698011383421,0.2262943855309167,0.6685007216322577,0.5358562574532317,0.6637554585152838,-0.611906388601378,-0.39011756726692176,1.0,0.0,1.0,0.0,1.0,0.0,-0.35998769969564104,-0.5,0.0,-1.2454986898910656,-0.12736315956054467,0.0,0.7244407767902578,-0.7410753070041305,-0.47545003864388424,0.17972863949117657,0.0,1.0,0.0,0.0,0.0,-0.2576036959637148,1.3468625979738438,0.8663172634253039,0.5357004510400089,-0.8284278886075966,0.010869565217391304,0.3058057198217044,0.0,0.6309297535714574,0.0
Malusakam,malusakam,0,-0.5016982780246678,0.2394643039944548,0.6720694305970785,-0.5113915944693856,0.574893429682966,0.3204484275778999,-0.22604675057796045,-0.4821014134710507,0.47872051451038083,1.0,0.0,0.0,0.0,0.0,0.0,1.4352714020414252,2.39067985676233,1.9237149396865632,-0.043525508591605665,-0.9871360522822279,1.9999999999999998,-0.3490410787465634,-0.0469871117686433,-0.32032109264424363,0.41513808269452507,0.0,0.0,1.19897784671579,1.553294755665112,2.669330952397617,0.48047742559245205,0.5813984341462192,-0.8722993901494248,0.3151120725163893,-0.04025621330827373,-0.532608695652174,-0.3806214379596922,0.0,0.0,0.0
roshangarnasl,roshangarnasl,0,-0.2132549116977151,-0.6819288314172209,0.20494146101556845,0.14642828402660843,0.014930521005093591,-0.49531800877689014,0.7346519393783715,-0.747693205500818,-0.45432656681004685,1.0,0.0,0.0,0.0,0.0,0.0,-0.35998769969564104,-0.5,-0.3154648767857287,-1.2454986898910656,-0.40807384974518746,0.0,-0.5354099811440466,0.5605243452631857,-2.746795789993661,-0.709165852596312,0.6931471805599453,1.0,-0.4425070493497601,-0.3236566839097652,-0.3236566839097652,2.151819237514123,1.0511569323264902,0.33981593140352184,-0.4950193763153993,0.3983325935101005,-0.8913043478260869,0.3994537460142572,0.0,0.0,0.0
navidmajd11,navidmajd11,0,-0.3415580444263034,0.3898025180110104,0.3254856181934448,-0.8982444017039272,0.21256593821897468,0.45075676031796014,0.5014127921911122,-0.7571481011212896,0.24946953176118583,1.0,0.0,0.0,0.0,0.0,0.0,0.8718695165097776,-0.5,1.1845351232142711,-0.14992067730218764,0.014155569964758252,0.5849625007211564,0.38726975285883286,-1.0881272680955798,-0.46586020563990993,0.15971210867260796,0.0,0.0,0.9247041696625747,1.2847106379326625,2.047433889702352,0.46617338645843404,0.6030151438813265,-0.3555103194554024,0.4498687315337807,-0.9105523229824173,0.8369565217391305,-0.4048300335555983,0.0,1.0,0.0
AliHamid27,alihamid27,0,1.2463055835470893,-0.6167305645973049,-0.6941635172032439,0.714902791061531,0.22639221328955247,-0.7892869317376268,0.38273824813768303,0.7655199314446349,-0.40706309131579826,1.0,0.0,1.0,0.0,0.0,0.0,0.18465266476580805,0.0,0.18453512321427132,-0.15568733623638334,0.3042065738489362,0.5849625007211564,-2.244921272495501,1.055600531580741,0.6123524786709058,-0.8199785455466394,0.0,0.0,-0.4425070493497601,0.0,-0.3236566839097652,-0.2576036959637148,-0.2785014162449113,-0.41272043348491555,-0.7896586093934566,0.7850945823170441,-0.5543478260869565,1.1541074282835204,0.0,1.0,0.0
__Injaneb96,__injaneb96,0,2.1575559092073786,-0.36009921135548456,0.2146784639443567,1.8812447943303818,0.4360788643077302,0.10561772090921502,0.15412278448497302,1.9554446216917662,-0.2626241126969419,1.0,0.0,1.0,0.0,0.0,1.0,-0.6323078819263657,0.2924812503605782,0.0,1.2454986898910656,0.6022525449552656,0.5849625007211564,-1.4150786303230616,0.47609704581523005,0.3840648165100452,-0.004932223343878611,0.0,0.0,0.55749295065024,0.4077591983577851,0.22963807175534695,0.376157433745945,0.07124447743351088,0.6466311409707949,0.10562586539903147,0.5137792639110439,0.6847826086956522,1.4436350182785964,0.0,1.0,1.0
hzarkesh,hzarkesh,0,0.04467506079319171,0.21126107024689375,0.17007564606847764,-0.2850972089384689,-0.4467410756961902,0.2501503608072936,1.7970716670947855,-0.8270030489710791,-0.18721138101492157,1.0,0.0,1.0,0.0,0.0,0.0,0.0,-0.5,-0.3154648767857287,-0.46706200870914966,0.3462518058005977,0.5849625007211564,-0.8647389171098534,-0.22102269025403434,0.752417061934104,-0.3500693556537916,0.0,0.0,-0.4425070493497601,-0.3236566839097652,-0.3236566839097652,-0.2576036959637148,-0.2785014162449113,0.2913625167884332,0.25008710147640684,-0.21111833489419704,0.3695652173913043,-0.16041988073946883,0.0,0.0,0.0
mahdieh_golroo,mahdieh_golroo,0,1.3977503832791283,-0.17760207001673275,-0.2578595973760598,1.4484392305597695,-0.3950466849777108,-0.5137005050636178,0.8969946057025431,0.658341213777915,-0.2971418915207146,0.0,0.0,1.0,0.0,0.0,0.0,-0.6323078819263657,-0.5,0.0,-1.2454986898910656,0.8294521974486694,0.0,-0.5354099811440466,-0.6720560659394088,-2.746795789993661,-0.7624689047212659,0.6931471805599453,1.0,-0.4425070493497601,-0.3236566839097652,-0.3236566839097652,-0.2576036959637148,-0.2785014162449113,0.33042959062752564,-0.5133948047440088,-1.3191554900801798,0.391304347826087,0.8469264883945548,0.0,0.0,0.0
Amooamirkhan,amooamirkhan,1,-0.19241994123528733,-0.6720739486536497,0.8689965659400484,0.3280499838269894,1.1786531843587584,0.676985517171095,0.20190084767531466,-0.5162874066848091,-0.4023384583265762,1.0,0.0,1.0,0.0,0.0,0.0,-0.0876675174649165,0.2924812503605782,0.0,-0.3805683521896645,0.3599840684064386,0.0,-0.15522797808748992,-0.23930606657101433,0.6338680596476736,0.49293475944354664,0.0,0.0,0.55749295065024,0.6763433160902347,0.5532947556651121,-0.2576036959637148,-0.2785014162449113,0.5983260320246924,0.6767362264054508,-0.7173070559877909,0.33695652173913043,0.40225425828461986,0.0,0.0,0.0
AntiProp_aganda,antiprop_aganda,0,1.6052912571588727,-0.5136535217858964,1.0149922999626337,1.3228582196297995,0.32356767328904107,0.5303071990715806,0.47932185974826613,1.1018531862895187,-0.3844829387065922,1.0,0.0,1.0,0.0,0.0,0.0,0.0,-0.5,0.18453512321427132,-0.46706200870914966,0.31130471697889517,0.0,0.014929732069161893,0.05245887659851645,0.5006081203214696,0.2403314294526019,0.0,0.0,0.31396374801627,0.22963807175534695,-0.3236566839097652,-0.2576036959637148,-0.2785014162449113,0.43439445313059755,0.530114737820927,-0.47092263475239154,0.4673913043478261,1.2661025600539648,0.0,0.0,0.0
AliReza_Hafezi1,alireza_hafezi1,1,1.1990375572162228,1.3364443422702246,-0.09578211699001932,0.35822547456602793,-0.3206528940703869,-0.03587179347823533,-0.043668122270742356,1.0363950806325901,2.162415600137657,1.0,0.0,1.0,0.0,1.0,0.0,-0.35998769969564104,-0.5,-0.3154648767857287,-1.2454986898910656,-1.589973671609874,0.0,-2.244921272495501,0.7200192341580472,-2.746795789993661,-0.0274601095890196,1.0986122886681098,1.5849625007211563,0.0,0.0,0.0,-0.2576036959637148,-0.2785014162449113,0.5744086645605553,-0.035762453849631975,0.45139633798001194,0.31521739130434784,-0.39011847134047917,0.0,0.6309297535714574,0.0
Bahar_e_Azadi,bahar_e_azadi,0,0.7342272762797242,0.1852776541204942,1.1685719779473196,0.5332810912611501,1.5840840646054735,1.553074733088784,0.4885692268173645,0.1686738762588454,0.04132267183107184,1.0,0.0,1.0,0.0,1.0,0.0,-0.35998769969564104,-0.5,-0.3154648767857287,0.3113746724727663,-1.0359614650097744,0.0,-0.5354099811440466,0.4093184163872402,-2.746795789993661,1.1916024437360584,1.0986122886681098,1.5849625007211563,0.0,0.0,0.0,-0.2576036959637148,-0.2785014162449113,1.3856849775709112,1.5524549549697089,0.44469182581653033,-0.29347826086956524,0.18019837354969453,0.0,0.0,0.0
abornaei,abornaei,0,0.1779434485019926,-0.5912128231400482,0.20863506219560676,0.5942263765186843,0.8668740136335538,0.5677476203540401,1.9779090675571538,-0.7719267531092546,-0.4886298210519869,1.0,0.0,1.0,0.0,0.0,0.0,-0.6323078819263657,0.0,0.0,-0.20758259602405685,0.6316866185070094,0.0,-0.9850697746701946,-0.6891222612242457,0.4582288169582138,-0.11007824167833183,0.0,0.0,0.0,0.0,0.0,-0.2576036959637148,1.0511569323264902,0.8826004655012684,0.5675777098649437,-0.8757796776065389,0.21739130434782608,0.5330287610142568,0.0,0.0,0.0
_AshkAval_,_ashkaval_,0,1.2603595283134694,1.445409715888959,0.6171410357640518,0.69918032526715,-0.1954177766093249,0.6370713062114639,0.5527870536861033,0.681167897287302,1.9009874162768856,1.0,0.0,1.0,0.0,1.0,0.0,0.563808799059933,0.0,1.1115600383144066,-0.6400477648747573,0.06171542187011539,1.0,0.7786473822762532,-0.22150595556095581,0.3310854955880356,0.3107682497380405,0.0,0.0,0.55749295065024,0.6763433160902347,1.1704824501274749,1.194471079609435,0.6142014433596789,-0.009332525987731294,0.6365343948771865,-0.10744906820707881,0.4891304347826087,-0.4239115280804388,0.0,0.0,0.0
quietgirl7319,quietgirl7319,0,-0.3935982213119365,0.08491245064664801,0.82779947274134,-0.05880282340755195,-0.791040675593458,0.49969914863235004,1.1774980734651939,-0.9703405732688742,-0.1879227073150813,0.0,0.0,1.0,0.0,0.0,0.0,-0.35998769969564104,-0.5,-0.3154648767857287,-1.2454986898910656,0.16970177709440068,0.0,-2.244921272495501,-0.5041572168812194,-2.746795789993661,-0.0011126024242958817,0.6931471805599453,1.0,-0.4425070493497601,-0.3236566839097652,-0.3236566839097652,-0.2576036959637148,-0.2785014162449113,0.847861260875364,0.4995695495494157,-1.146537752580429,-0.717391304347826,-0.25648893265558925,0.0,1.4649735207179269,0.0
jalovemila,jalovemila,1,0.263875643279271,0.4154165106213286,0.7899523684166574,-0.38685280723454174,0.8769346905637139,1.0431331284281755,1.1456460313382995,-0.5188433747372834,0.08604641522125248,0.0,0.0,1.0,0.0,1.0,0.0,1.5241583979084377,0.0,1.0701569977949823,0.3113746724727663,-0.5432795146248409,1.8073549220576042,1.3158554982343735,-0.06292320368954732,-0.2421428899403136,0.5025577030994334,0.0,0.0,0.0,0.6763433160902347,-0.3236566839097652,-0.08927088981638011,-0.057447280612032,-0.572370186823903,1.0416564388983691,-0.14611156190115204,0.44565217391304346,-0.20289831484881118,0.0,0.0,0.0
pahlavikhah43,pahlavikhah43,1,-0.2843258753996077,0.05930951904091445,-0.13698331211168105,-0.5113915944693856,-0.6518947111945944,0.2663422543888464,-0.8158232725404573,0.9027401145314851,1.387646458258815,1.0,0.0,0.0,0.0,0.0,0.0,1.3034867935350278,1.5,1.091329169322069,0.032776854897845736,-0.8243084861003606,1.0,-0.1239031061289435,0.502500612149058,-0.26774613890988164,1.2302448408763547,0.0,0.0,0.9247041696625747,1.0371339325992097,1.4734045760589987,-0.027551421349400855,-0.15154532094983147,-0.794391606557715,0.2637139275922499,0.4076486703579327,-0.5543478260869565,-0.1973406846890231,0.0,1.0,0.0
patrick_jane77,patrick_jane77,0,2.868423933800571,-0.7807177097910829,1.005230292332519,2.210571919736535,0.34284395154238595,0.27092017714131206,0.5702543025944002,2.497346016232511,-0.4648276182801411,1.0,0.0,1.0,0.0,0.0,0.0,-0.0876675174649165,-0.5,0.4170218835732348,0.05189525978767352,0.38704176690298286,0.0,-0.3379999946395465,1.362247164784684,0.6368584296396669,-0.026397411913286473,0.0,0.0,0.55749295065024,0.4077591983577851,0.6763433160902347,0.7423963040362852,0.27335618006846407,0.39097962774587075,0.27080418496786696,1.1993922833356185,-0.29347826086956524,2.2371358093944678,0.0,1.0,0.0
mahboubeh_mdi,mahboubeh_mdi,0,0.285066850388622,-0.48272441517445697,0.21289146411984253,0.574641538032306,0.01719746647053125,-0.20692179767483085,0.3221166195735936,-0.17167910848542262,-0.3519264262475208,1.0,0.0,1.0,0.0,1.0,1.0,0.4569728469965327,0.2924812503605782,-0.3154648767857287,0.44675570944383797,1.2724810313646482,0.0,-0.09470216260309587,0.9251041032621757,0.46314373942745274,-0.34838046092667424,0.0,0.0,0.0,0.4077591983577851,0.782932827420459,-0.2576036959637148,-0.2785014162449113,-0.3511549665203156,-0.20726755913521613,0.6824738914189497,0.10869565217391304,0.4980843903238549,0.0,0.0,0.0
satggin,satggin,0,0.2878554946946756,-0.06664822866564277,0.18773247264571669,0.38685280723454135,0.635026665979852,-0.1319071290281333,0.7855124582584125,-0.37969106511489203,-0.22043777681155313,1.0,0.0,1.0,0.0,1.0,0.0,1.4740096513552732,1.5,0.6309297535714573,0.6028742996015959,-0.14752883923519072,1.3219280948873622,0.8790166815319929,0.13448864166032184,0.099210545441517,-0.43915961919480395,0.0,0.0,0.55749295065024,0.782932827420459,0.0,-0.16996693768965682,-0.23013840547509337,-1.1329193944353473,-0.13858554992609343,0.2033670757164274,0.5543478260869565,0.15571257177666184,0.0,0.0,0.0
SHAHIAVID,shahiavid,1,0.0455320599002205,0.15279081330993605,-0.16389746324508592,0.10175559829607272,0.31574235700803327,-0.06047812957745107,-0.05497045979964038,-0.14580532346566116,0.24562231657924724,1.0,0.0,1.0,0.0,1.0,0.0,0.07162957732960912,0.6609640474436811,0.0,-0.8303319409695896,-0.306472889845145,0.5849625007211564,-0.705566898560314,-1.1015524042868952,0.5576782196470459,-0.042756213209074245,0.0,0.0,1.19897784671579,1.0371339325992097,0.6763433160902347,-0.2576036959637148,3.0262671142653312,0.06362702885380599,-0.06059135991960573,-0.636820853227538,-0.5108695652173914,-0.12064151434133091,0.0,0.0,0.0
With_pahlavi3,with_pahlavi3,1,0.5507482829468456,0.5262174774367392,-0.255223696769781,0.4400464314018453,-0.08465406618470718,-0.0750083056719737,-0.09863858207038274,0.38885400975928675,0.778469737023058,1.0,0.0,1.0,0.0,0.0,0.0,0.2309266721241348,-0.5,0.7758642925363403,0.06555215292232906,0.41011223393612384,0.0,1.0407553407127337,0.02231252025222177,0.5135612367101454,-0.029651614886456103,0.0,0.0,0.0,0.0,0.0,-0.2576036959637148,-0.2785014162449113,-0.08933641455477458,-0.07533333049305342,-0.03767149898095407,0.10869565217391304,-0.15657495665688678,0.0,0.6309297535714574,0.0
Rppress0,rppress0,1,0.6935802381980002,-0.9281051904053643,-0.23081638277496205,0.41408311632868133,0.9269966389295391,0.10878195982812872,-0.045723092730542,0.4903930607590522,-0.4415409507830485,1.0,0.0,0.0,0.0,0.0,0.0,0.8966909259957311,1.5437314206251698,1.3154648767857284,0.007023055737623139,0.5823879102643817,1.0,0.5969603831305479,-0.2898374057071458,-0.07212868455414015,0.10315952804565677,0.0,0.0,1.4179811482680222,1.6259116676376844,1.9835409509051014,1.0546422099848758,1.121950658213568,-0.5504545706038251,0.1069048606864939,-0.23251255346989927,0.782608695652174,1.1198867978798186,0.0,0.6309297535714574,0.0
saramobarez1,saramobarez1,1,0.32605945309235185,0.09749407655412422,0.624300927991823,-0.19906407643677707,0.5116523765305595,0.8906425856706065,-0.5060364757256615,0.6645383864918211,0.6002597022687318,1.0,0.0,1.0,0.0,0.0,0.0,2.184652664765808,2.084962500721156,2.498123215429867,-0.2350053634287334,-0.13734390941369268,1.8073549220576042,0.27689493204568927,0.22242134875152492,-0.6037348674531274,1.2133305059294701,0.0,0.0,2.799274584187119,2.430246195239989,3.3156001924029392,0.8779143547385871,0.5265184875378024,-1.1730146527018261,0.8804554311195856,0.2543848108104679,0.391304347826087,0.04754401034669882,0.0,0.6309297535714574,0.0
Miss_Maropelle,miss_maropelle,0,-0.39209902921150513,-0.4761053382295486,0.20115348302504424,0.0,-0.3823910220037113,0.34690492312320637,0.46545080914461856,-0.7782669097107128,-0.3693238547339603,1.0,0.0,1.0,0.0,0.0,0.0,-0.2006906049011154,-0.5,0.4999999999999999,-0.8562803493001077,0.2826886138080503,0.5849625007211564,-0.24492127249550139,0.24388549607507592,0.6471043735175362,0.07941622742229547,0.0,0.0,0.0,0.0,0.0,0.5180572387887257,0.7950047961291952,0.5552719148745449,0.3467653283502998,0.32446418148009876,-0.532608695652174,0.13904883246883692,0.0,0.0,0.0
Silmaethdante,silmaethdante,0,-0.14310274973883677,-0.5679308020688656,-0.554928200305203,-0.05880282340755195,0.748742664083618,0.16973227867163027,0.8820960698689956,-0.7438679467805296,-0.43679620698053995,1.0,0.0,1.0,0.0,0.0,0.0,-0.6323078819263657,0.0,-0.3154648767857287,-1.2454986898910656,1.0930284795843175,0.0,-2.244921272495501,-0.5948233963557906,-2.746795789993661,-0.21234549105194,0.6931471805599453,1.0,-0.4425070493497601,-0.3236566839097652,-0.3236566839097652,-0.2576036959637148,-0.2785014162449113,0.6793870860303659,0.16975144302485876,-1.146537752580429,-0.391304347826087,0.3411474006838757,0.0,0.0,0.0
DarGoldan2,dargoldan2,0,-0.12829748552862313,0.553912768826312,0.016770288470093677,-0.19906407643677707,0.5301107551376426,0.1301403770093915,0.502954020035962,-0.6044038833127794,0.4506705278370392,1.0,0.0,1.0,0.0,0.0,0.0,0.07162957732960912,0.5,0.7758642925363403,-0.3805683521896645,0.4566804749521626,1.0,-0.04049559854710889,-0.5920580903912249,0.4850059354902461,-0.1268141564247028,0.0,0.0,0.0,0.0,-0.3236566839097652,0.8842972561797942,0.8252149753141352,0.16089475725699567,0.129855439133478,-0.40116982489681197,0.20652173913043478,-0.418654317011201,0.6931471805599453,0.6309297535714574,0.0
Nastaran9638495,nastaran9638495,1,1.4979802866356056,0.6414021048125977,0.8763628067819774,0.839441578296375,0.9878484878125436,1.1242846949390497,0.13819676342152581,1.215077755698851,0.7740234410379486,1.0,0.0,1.0,0.0,1.0,0.0,1.7572437291800298,2.0221970596792267,1.2170574992696026,0.29886986562625995,0.37488347112263926,1.0,0.3007919224772832,0.24045435129346113,-0.1974000681635347,0.9427542985194384,0.0,0.0,0.31396374801627,0.8769514395748774,0.0,-0.008486481815005099,-0.04999298383475104,-0.7152100724791879,1.1220432126802902,0.34539403172610067,-0.09782608695652174,0.202479053622139,0.0,1.892789260714372,0.0
LoabatK,loabatk,0,0.6512721555616288,0.01976075481191971,0.4526931234486696,0.5543443693579063,0.15778470140124656,-0.034653649053900615,-0.45055227331107117,0.924206799763104,0.4204982543975631,1.0,0.0,1.0,0.0,0.0,1.0,-0.2006906049011154,-0.5,-0.3154648767857287,0.3113746724727663,-1.2184137155214538,0.0,0.4645900188559534,0.44094460336179986,-1.1446785169284546,0.28558288769153595,0.0,2.321928094887362,0.0,0.4077591983577851,0.22963807175534695,-0.2576036959637148,-0.2785014162449113,0.3604883567394283,-0.0345696610429987,0.35888516053140224,-0.03260869565217391,0.27132570844793946,0.0,0.0,1.0
vahid_esmaeilii,vahid_esmaeilii,0,0.6742484695937933,-0.9363447723612022,-0.2498653224742714,0.14642828402660843,-0.5130226608529207,-0.5885203436714358,1.0382738248137684,-0.12922058374911358,-0.5104639021237224,1.0,0.0,1.0,0.0,1.0,0.0,0.07162957732960912,-0.5,-0.3154648767857287,0.3113746724727663,0.17909261971875104,0.0,0.4645900188559534,0.16495384607169206,0.2619754324946913,-0.8455772925538481,0.0,0.0,-0.4425070493497601,-0.3236566839097652,-0.3236566839097652,0.376157433745945,0.07124447743351088,-0.20592640566384482,-0.5884340621464519,0.07761937335822942,0.2717391304347826,1.1163098616592781,0.0,0.0,0.0
soheili84,soheili84,0,0.7356985792571081,-0.7687189766472777,0.5316309669076709,0.4648554324615605,1.1245468331553732,0.7931434863426771,0.611353711790393,0.10778653087553604,-0.4650233967010896,1.0,0.0,1.0,0.0,0.0,0.0,1.8336282810599978,1.8774437510817343,1.540302387955628,0.32098525173863823,0.19234410117565984,1.8073549220576042,0.47219013122551434,0.4383787276072004,-0.2569346929640147,0.4335576826623227,0.0,0.0,1.19897784671579,1.3846203144649545,1.9610539540228973,0.23660438551996696,0.12332406404665144,-0.9447441418665253,0.7889758597696084,0.3169782711468413,0.07608695652173914,1.0004565631708728,0.0,1.0,0.0
Mayekhal,mayekhal,0,-0.0005838079514143091,0.12517817545123475,0.5226123690693388,-0.2850972089384689,0.14705738857479927,-0.44130088010305346,-0.4788081171333162,0.27631985071896914,0.6002329276086538,1.0,0.0,0.0,0.0,0.0,0.0,0.9420730488020393,-0.5,0.4170218835732348,0.4389869113656424,-0.3469780566645884,0.0,-0.3978116724335881,0.648614440858642,0.107349438771397,-0.05112418213188214,0.0,0.0,0.0,0.22963807175534695,0.4077591983577851,0.06851725200190424,-0.09852909379316542,-0.8673682614212684,-0.44379714079096266,0.3799693193514942,-0.3804347826086957,-0.12174402732659746,0.0,0.0,0.0
Mr20228,mr20228,1,-0.2269971105791798,0.6380159065962605,-0.0902267676142896,-0.6719500161730103,0.5630858179914641,0.2732859090854803,-0.4222964294888261,-0.029840349742651106,1.3385614648486226,1.0,0.0,1.0,0.0,1.0,0.0,-0.2006906049011154,0.2924812503605782,0.7758642925363403,-0.7875942102993401,-0.5044600351765522,0.5849625007211564,1.1375625183560987,-1.350986521570006,0.43866909439430884,0.5407152471150481,0.0,0.0,0.55749295065024,0.4077591983577851,0.4077591983577851,1.3505039446937075,0.993889781660223,0.5176257783930865,0.2730646216839231,-1.0565776536896503,-0.10869565217391304,-0.4828331378239957,1.6094379124341003,1.6309297535714573,0.0
SinaToossi,sinatoossi,0,1.0219240115060033,0.24198570203507586,-0.15432930698539638,2.122052766970472,-0.011722369318425772,-0.451192663106714,1.5520164397636784,0.03214747299332257,-0.13488760123480184,0.0,0.0,1.0,0.0,0.0,0.0,-0.6323078819263657,-0.5,0.0,0.3113746724727663,0.426649242234172,0.0,-0.5354099811440466,-1.4581159952502072,-2.746795789993661,-0.8456604687789488,0.6931471805599453,1.0,-0.4425070493497601,-0.3236566839097652,-0.3236566839097652,-0.2576036959637148,-0.2785014162449113,0.3623468042674065,-0.45091119277243896,-1.146537752580429,0.75,0.281662846111564,0.0,0.0,0.0
Roshanaeii,roshanaeii,0,-0.5181121810800112,-0.07463765872395832,0.2112405168084914,-0.05880282340755195,0.5629225753696393,-0.21707043535126685,1.8042640637040843,-1.1293031934208746,-0.33909541604219817,1.0,0.0,1.0,0.0,0.0,0.0,0.2723201822307247,0.0,0.18453512321427132,0.07185593316654017,-0.7737689855286547,0.5849625007211564,0.052584399865831556,-0.12059064668470598,0.4890796003224249,-0.7206389082239479,0.0,0.0,0.0,0.22963807175534695,0.0,0.0,0.2361066591247164,-0.19824424236671492,-0.2172530399850186,-0.19680676478932946,-0.5869565217391305,-0.20642157581473816,0.0,0.0,0.0
lnahalllnahall,lnahalllnahall,1,1.315656969447387,-0.7061494113936587,-0.024164277210928058,0.18778873079776442,-0.43834118460686283,-0.16633852577901456,-0.26252247623940406,1.4014026676183833,-0.3214788013903439,1.0,0.0,1.0,0.0,0.0,0.0,-0.35998769969564104,-0.5,-0.3154648767857287,0.3113746724727663,-1.7724259221215535,0.0,-0.5354099811440466,-0.6720560659394088,-2.746795789993661,0.0,0.6931471805599453,1.0,-0.4425070493497601,-0.3236566839097652,-0.3236566839097652,-0.2576036959637148,-0.2785014162449113,0.5077935339700603,-0.1661733981825368,-0.6788280437373131,-0.6739130434782609,1.2745060169235396,0.0,0.0,0.0
darushirani13,darushirani13,1,-0.4523425812216736,-0.1612081961573563,0.12175579787780648,0.05319362416730372,-0.00896823111217759,0.49914343156851537,-0.20344207552016438,-0.4607488149169652,0.01335895881893246,1.0,0.0,1.0,0.0,0.0,1.0,0.9124080208894924,0.2924812503605782,0.6845351232142712,-0.17355245806950814,-0.22311859617654153,1.0,0.5571698413597026,-0.23830711462538853,0.254950513240231,0.5641863980518133,0.0,0.0,0.0,0.22963807175534695,0.0,0.17076207692635378,0.1178446363092379,-0.363320812850227,0.49840660823602634,-0.09391086761835403,0.20652173913043478,-0.12164903416207307,0.0,1.0,0.0
Addison77866447,addison77866447,0,0.1708855192847365,0.6446794082059488,0.3033207393234339,-0.6719500161730103,-0.30810686346607996,0.19541702524103946,-0.1972771641407655,0.09862093864429745,1.0615306660221542,1.0,0.0,1.0,0.0,0.0,0.0,0.6477167186823524,0.2924812503605782,1.2170574992696026,0.04448142883609689,-0.5417996205902101,1.3219280948873622,-0.38175019452380754,-0.1889937080806528,0.25184063537757706,0.2793221784122289,0.0,0.0,0.55749295065024,0.6763433160902347,1.3846203144649545,0.6923817777858446,1.13165623621614,-0.30406261219182473,0.19450690879451132,-0.14937115335257237,-0.42391304347826086,-0.36981575958282925,0.0,2.0,0.0
parand____,parand____,0,-1.9112743163401065,-0.7483947117700815,-0.170938590894585,-0.6719500161730103,-0.13649095407221704,-0.25816032360582897,-0.5327510917030568,-1.1129584083752122,-0.2212563349548275,1.0,0.0,1.0,0.0,0.0,0.0,-0.35998769969564104,-0.5,0.4999999999999999,-0.9860192772059728,0.055089456941019674,0.0,-0.15522797808748992,-1.2097181120040577,0.5637732039494908,0.17502445893164725,0.0,0.0,-0.4425070493497601,0.22963807175534695,-0.3236566839097652,0.27823469739656637,0.8842433981798494,0.46081804202915866,-0.2581362632285428,-0.7660147222033074,0.010869565217391304,-0.3305812801844601,0.0,0.0,0.0
2EXPvZWQ7LLPX4P,2expvzwq7llpx4p,0,0.03975984953405189,0.5060615994975541,0.7670187693833065,0.18778873079776442,1.2519386702500808,0.32379870056089094,0.177241202157719,-0.3085722229285015,0.5521884362975702,1.0,0.0,0.0,0.0,0.0,0.0,-0.0876675174649165,-0.5,-0.3154648767857287,0.3113746724727663,0.10539067293350668,0.0,-0.9850697746701946,-0.004816044029189547,0.6382278581568448,0.18032399972416757,0.0,0.0,-0.4425070493497601,-0.3236566839097652,-0.3236566839097652,-0.2576036959637148,-0.2785014162449113,0.4180089664949254,0.32372142238639307,-0.06937707765799758,0.782608695652174,-0.3404610893990404,0.0,1.2618595071429148,0.0
hs_maryam,hs_maryam,0,-0.3670423139627621,-0.010183401523350387,-0.25237213369502093,0.05319362416730372,-0.5241785621060696,-0.24953240934571874,1.4975597225789878,-1.014064761748576,-0.2823334856475863,0.0,0.0,1.0,0.0,0.0,0.0,0.13219152203468268,0.2924812503605782,-0.3154648767857287,-0.27245283841367063,0.36679899335067495,0.0,0.014929732069161893,-0.07228657064649274,0.4719277738927421,-0.6923373913907758,0.0,0.0,-0.4425070493497601,-0.3236566839097652,-0.3236566839097652,0.5180572387887257,0.9273532354468461,-0.08930477767277883,-0.24958018460779888,-0.21707266585270604,0.8152173913043478,-0.18631613671477545,0.0,0.0,0.0
memarsadeghi,memarsadeghi,0,0.7401967747352474,-0.9363447723612022,-0.12064182815280619,1.522443651197017,-0.22865545717621377,-0.052036747936345475,1.9866426920113023,-0.3403470169173884,-0.5296786262760428,0.0,0.0,1.0,0.0,1.0,1.0,-0.35998769969564104,-0.5,-0.3154648767857287,-1.2454986898910656,0.5390162729842176,0.0,-2.244921272495501,-1.1269284206998997,-2.746795789993661,-0.6255748703034459,0.6931471805599453,1.0,-0.4425070493497601,-0.3236566839097652,-0.3236566839097652,-0.2576036959637148,2.380815280897892,0.5661550200433753,-0.05192042826373786,-0.6788280437373131,0.6630434782608695,1.15389225671797,0.0,0.0,0.0
mollah,mollah,0,1.4146514521449802,-1.047637999549875,1.110656862915683,1.0860331325016919,0.7214154566390161,0.5868611619008023,2.0750064217826867,0.2764391599284357,-0.5389974145996215,0.0,0.0,1.0,0.0,0.0,1.0,0.13219152203468268,0.0,0.0,-1.0508895195955865,0.0006453419523324267,0.5849625007211564,-1.0475116654222736,0.9818802269213857,0.5271375326418013,-0.11048629398090176,0.0,0.0,-0.4425070493497601,0.0,-0.3236566839097652,0.15181749948264733,-0.05255921944613323,0.337771217809654,0.5866293424422658,0.5860628619655656,-0.4673913043478261,1.6419482879381577,0.0,0.0,0.0
Sashtyani,sashtyani,0,1.8862844768480616,-0.46312620896132095,0.9711731532635763,1.805347888250938,1.1038057940472765,0.5961176381234657,0.9463138967377344,1.1729554250107832,-0.41247315798640993,0.0,0.0,1.0,0.0,0.0,0.0,-0.35998769969564104,0.0,0.0,-0.20758259602405685,0.5148321174699297,0.0,-0.5354099811440466,0.17274192802214464,0.29227047706863135,0.14719860646497512,0.0,0.0,0.0,0.0,-0.3236566839097652,-0.2576036959637148,-0.2785014162449113,0.8970812253699704,0.5959263680811135,-0.593396965352296,-0.6956521739130435,1.381349036476505,0.0,0.0,0.0
hastyarrr,hastyarrr,0,0.4413951027807992,-0.8869578151595325,0.2333975978573759,0.10175559829607272,-0.42408249602619186,0.5525068101546373,-0.06421782686873877,0.2459973901906591,-0.4283129654782432,1.0,0.0,1.0,0.0,0.0,0.0,1.2143932310327639,-0.5,-0.3154648767857287,-0.4456378743696609,0.01904898194110315,0.0,0.5388817896571149,-0.016379802806932336,-0.03758057902168088,0.5208947240374047,0.0,0.0,0.0,0.22963807175534695,-0.3236566839097652,-0.2576036959637148,-0.2785014162449113,-0.5772381079842461,0.5513344324807727,-0.0027694326947648755,-0.4673913043478261,0.9398144519971372,0.0,0.0,0.0
daystar98173834,daystar98173834,1,0.20245747612377857,-0.030193925843095416,0.8361111414184672,0.29614926566610034,-0.06896957804398876,0.5251903469072142,0.27793475468790135,-0.2221716421774423,-0.07831770676724019,1.0,0.0,1.0,0.0,1.0,0.0,1.2249644959646924,1.850219859070546,0.6845351232142712,0.2598219248248128,0.24821676642282403,0.0,0.5659228304911107,-0.234705461129399,0.07573066242947717,0.31801437945183497,0.0,0.0,0.55749295065024,0.4077591983577851,0.782932827420459,0.02947336890093526,0.09020707135883743,-0.5997552013188873,0.5236278477045382,0.06622239999109822,-0.40217391304347827,0.08516595161417678,0.0,2.0,0.0
aghachurchill,aghachurchill,0,-0.09817690565198012,-0.2836681587414514,0.8299864805991034,0.3280499838269894,-0.03786811564790161,0.820492450909929,-0.2840996660673003,-0.07200070321953977,-0.04573521213380975,1.0,0.0,1.0,0.0,1.0,0.0,0.13219152203468268,0.6609640474436811,0.4170218835732348,-0.46706200870914966,0.352154145395922,0.5849625007211564,0.5226237102254976,-0.19187792684380833,0.2586550557700351,0.9273541313595386,0.0,0.0,0.0,0.22963807175534695,-0.3236566839097652,0.20655933834447765,-0.022349519834069437,0.4570415720255175,0.820136473950001,-0.07288999575697429,0.8478260869565217,0.13408303714594064,0.0,0.0,0.0
DrShehabP,drshehabp,0,-0.3076024363090657,-0.3902760274474416,-0.8484826214727149,-0.19906407643677707,-1.1902282128620512,-1.0834956033807766,-0.4577446699203699,-0.057602070160725015,-0.015373492836825738,1.0,0.0,0.0,0.0,0.0,0.0,0.6323078819263657,1.0849625007211563,0.18453512321427132,-0.28390052824713197,0.221371514228694,1.0,0.7171761957827621,0.09752893915489452,0.30949276087919003,-0.6092151355133824,0.0,0.0,0.0,0.22963807175534695,-0.3236566839097652,-0.05891593113672075,-0.015309375170462072,-0.9449175042552023,-1.0876455115702022,0.19068163724937517,0.391304347826087,0.11377716720936781,0.0,0.0,0.0
YarabAydad,yarabaydad,1,-0.17051095407858458,0.579948427301075,0.6021362090085933,-0.19906407643677707,0.5109454934198033,1.0235556788120836,0.3472900077061392,-0.5703057901273071,0.5603180434784423,1.0,0.0,1.0,0.0,0.0,0.0,-0.2006906049011154,1.7617809780285065,0.7324867603589635,0.22155553445127218,0.0817604946569461,1.3219280948873622,0.30119865963553305,-1.211708879548515,-0.3268938401149973,0.7505097918717021,0.0,0.0,0.9247041696625747,1.0371339325992097,1.553294755665112,0.6748978747447631,1.2272708434389659,0.9007175466267237,1.0230453762806722,-0.7834867748096315,0.06521739130434782,-0.44289390654632105,0.0,0.0,0.0
Angel71as,angel71as,0,0.3315137423770613,0.6495551490856137,0.20757695596985057,-0.38685280723454174,-0.8327559038953536,-0.18833523080916473,0.005651168764449011,0.0791600430362935,0.8838626564459753,1.0,0.0,1.0,0.0,0.0,0.0,-0.35998769969564104,-0.5,-0.3154648767857287,0.3113746724727663,-1.0359614650097744,0.0,-0.5354099811440466,-0.9478988895978009,-2.746795789993661,-0.1885621756001337,0.6931471805599453,1.0,-0.4425070493497601,-0.3236566839097652,-0.3236566839097652,-0.2576036959637148,-0.2785014162449113,0.4965621479827413,-0.18816083016368235,-1.146537752580429,-0.2826086956521739,-0.31764960971370615,0.0,1.0,0.0
azarbayjanX,azarbayjanx,0,-1.0464825046020583,-1.787841707148914,-0.20362340140066335,-0.8982444017039272,0.05670933119711632,-0.5480423915219892,-0.6920113023375289,-0.306696407500515,-0.49650602247931236,1.0,0.0,0.0,0.0,0.0,0.0,-0.35998769969564104,-0.5,-0.3154648767857287,-1.2454986898910656,0.46514086431973,0.0,1.1741013102074076,0.879810463814069,-2.746795789993661,0.15398165179829323,1.0986122886681098,1.5849625007211563,0.0,0.0,0.0,-0.2576036959637148,-0.2785014162449113,0.3128941089819211,-0.5477236231440422,0.4020835228287239,-0.08695652173913043,0.9106376768046889,0.0,0.0,0.0
kamalpishvandi,kamalpishvandi,0,-0.3753756031640693,0.6325847156991407,-1.2578873217450182,-0.38685280723454174,-2.7978413377269495,-2.0531832612411893,-0.6581042897508348,0.24754724621332547,1.828049321234847,1.0,0.0,0.0,0.0,0.0,1.0,-0.2006906049011154,0.6609640474436811,0.0,-0.3805683521896645,0.6575722101428598,0.0,-1.535410597719989,0.5945800093537198,-0.17349395313154614,-1.0642641744289931,0.0,0.0,0.0,0.0,0.22963807175534695,-0.2576036959637148,0.10644312549475977,-0.6722268487689952,-2.0569666774537367,0.8759722621101038,0.6086956521739131,-0.5168735150942032,0.0,0.0,1.0
Farbodahmadi880,farbodahmadi880,0,-0.47342047193154335,0.09723518558802119,0.9117032337612123,0.0,0.6140846320836584,0.9849464084986559,-0.39866426920113024,-0.28603185345269977,0.4611164462950758,1.0,0.0,1.0,0.0,0.0,0.0,-0.35998769969564104,-0.5,-0.3154648767857287,0.3113746724727663,-1.4290393811390796,0.0,-2.244921272495501,1.401680767273551,-2.746795789993661,1.1854796829650696,1.0986122886681098,1.5849625007211563,0.0,0.0,0.0,-0.2576036959637148,-0.2785014162449113,1.0956156574303393,0.9845927647102896,1.0448933536023663,0.391304347826087,-0.293687731824139,0.0,1.2618595071429148,0.0
omid_AV2,omid_av2,1,0.23280575423869304,0.7720384277431471,0.7117646135048219,-0.5113915944693856,-1.368964809429275,-0.04735230092822469,-0.04983303365014128,0.02722889947862562,1.131476308832379,1.0,0.0,0.0,0.0,1.0,0.0,-0.6323078819263657,-0.5,0.18453512321427132,-1.2454986898910656,-1.873684255720482,0.5849625007211564,0.014929732069161893,-2.4101044505326157,-0.12202721616299814,-0.03409513431370587,0.0,0.0,0.0,0.0,0.22963807175534695,2.151819237514123,1.0511569323264902,0.5685338978766037,-0.047263352582373026,-1.6142474614235454,-0.40217391304347827,-0.4135482258592309,0.0,0.6309297535714574,0.0
Medinfo_X,medinfo_x,0,-0.414673707693552,-1.904421579222551,-1.3453631640815518,-0.2850972089384689,-0.9580072273966168,-1.2788489226856752,-0.8826098124839455,1.2116046330911625,-0.4047887220368759,1.0,0.0,0.0,0.0,0.0,0.0,0.0,-0.5,-0.3154648767857287,0.3113746724727663,4.073080870487908,0.0,-2.244921272495501,0.9331471794862836,-0.29897664764070214,0.08665456830227188,0.0,0.0,0.0,0.0,-0.3236566839097652,-0.2576036959637148,-0.2785014162449113,-0.4893857167827712,-1.2788999241532766,0.7758050505439023,0.7717391304347826,1.3782553261032204,0.0,0.0,0.0
hambastegi,hambastegi,0,-0.3766332803021679,0.34942063777615473,0.08326191004335116,0.05319362416730372,0.360453682574621,0.17492187200997114,1.9851014641664526,-1.0879749588506882,-0.11356204867826279,0.0,0.0,1.0,0.0,1.0,1.0,-0.6323078819263657,0.0,0.4170218835732348,-0.9341240174182993,-0.642883548880469,1.0,1.047596480662698,-1.2281480479391975,-0.03805480845151522,-0.4452453817102261,0.0,0.0,-0.4425070493497601,-0.3236566839097652,-0.3236566839097652,0.9119948339456488,1.0511569323264902,0.6820009023702369,0.17486845254167246,-0.7621619369766255,0.7391304347826086,-0.39596004610818936,0.0,0.0,0.0
twittbirds7,twittbirds7,1,-0.3806293023465499,0.42286333999383086,0.27911860117425163,-0.8982444017039272,-0.28431563944041877,-0.04578196444427487,0.08219881839198562,-0.5976672046585645,0.4966025988387786,1.0,0.0,1.0,0.0,0.0,1.0,-0.6323078819263657,-0.5,0.7324867603589635,-1.2454986898910656,-0.8806621176087995,1.0,0.0691368147312297,-2.6038367623493377,-0.24557359107973273,-0.10372654801370908,0.0,0.0,0.75647079736603,0.8769514395748774,-0.3236566839097652,1.2782355664123046,1.2532689227052196,0.5692453025006162,-0.04587065173501474,-1.6142474614235454,-0.16304347826086957,-0.43208464220131376,0.0,0.6309297535714574,1.0
bernoam,bernoam,0,0.08757652915738814,0.75070259269865,0.10669273370750156,-0.6719500161730103,-0.7845555856271139,-0.19911888449774184,0.04777806319034164,-0.1828980328055727,1.0133994692128263,1.0,0.0,1.0,0.0,0.0,0.0,-0.6323078819263657,-0.5,0.18453512321427132,-1.2454986898910656,-0.8750271745389805,0.0,-0.5354099811440466,-2.2726491877990305,-1.8262319311679918,-0.2197965453939852,1.6094379124341003,2.321928094887362,0.55749295065024,0.4077591983577851,0.22963807175534695,1.1518183684983854,1.4792113113331582,0.49103943790504345,-0.19897251558897802,-1.6142474614235454,-0.20652173913043478,-0.44607731454253313,0.0,0.0,0.0
majidazarpey,majidazarpey,0,0.8019056487999165,-0.41654043164011123,-0.12924579278030712,0.800935923563223,-0.007791439644296118,-0.19892346445805936,0.9838171076290778,0.011820380513690752,-0.4010751983183936,1.0,0.0,1.0,0.0,0.0,0.0,-0.35998769969564104,-0.5,-0.3154648767857287,-1.2454986898910656,0.80006693106742,0.0,0.4645900188559534,-0.016009521563355653,-2.746795789993661,-0.545127336655551,0.6931471805599453,1.0,-0.4425070493497601,-0.3236566839097652,-0.3236566839097652,-0.2576036959637148,-0.2785014162449113,0.4911558516058563,-0.1987446151026814,-0.2793806463168316,-0.6630434782608695,0.7247377029670508,0.0,0.0,0.0
NaeimehDoustdar,naeimehdoustdar,0,0.46937936297904365,-0.020908514416096344,-0.2077860060657717,-1.2850972089384687,-0.9267700331510575,-0.3502355087662304,1.434883123555099,-0.4331176236507214,-0.28132033426355196,0.0,0.0,1.0,0.0,0.0,0.0,-0.35998769969564104,-0.5,-0.3154648767857287,-1.2454986898910656,1.4861063957136227,0.0,-0.5354099811440466,0.17701440958779635,-2.746795789993661,-0.7547479767878008,0.6931471805599453,1.0,-0.4425070493497601,-0.3236566839097652,-0.3236566839097652,-0.2576036959637148,-0.2785014162449113,0.4138961181908589,-0.3499942592037459,0.15630436663664654,-0.33695652173913043,0.2108833047551618,0.0,0.0,0.0
sababagherii,sababagherii,0,0.5529276948259672,-0.7127246521059236,-0.7234051187049384,0.35822547456602793,-0.8149362867729277,-1.2579425223933545,-0.44490110454662213,0.807341870928056,-0.2519676792026419,1.0,0.0,1.0,0.0,0.0,0.0,-0.0876675174649165,0.0,-0.3154648767857287,0.05189525978767352,-0.39614024173697726,0.5849625007211564,-0.5354099811440466,-0.14574113428526955,0.6394783814089435,-0.7507746870408244,0.0,0.0,0.0,0.0,0.22963807175534695,-0.2576036959637148,-0.2785014162449113,-0.3897605762271421,-1.2579771800064619,-0.5683468115818519,-0.4891304347826087,0.8473068183371423,0.0,0.0,0.0
MashinMonee,mashinmonee,1,0.6190592173389499,1.071667089603389,0.13196495369256403,-0.38685280723454174,-0.9364736292345245,0.5207755112465313,-0.5517595684562034,1.0724047782501511,2.404852121501599,1.0,0.0,1.0,0.0,0.0,0.0,-0.35998769969564104,-0.5,0.18453512321427132,-1.2454986898910656,-0.7617722968627675,0.5849625007211564,-0.5354099811440466,-2.4663816190664356,-0.42795855970056756,0.922171424873112,0.0,0.0,-0.4425070493497601,0.0,-0.3236566839097652,1.518058803016898,2.213902269921686,0.8586122019285711,0.520616425278519,-1.6142474614235454,0.8369565217391305,-0.4389429775275396,0.0,0.0,0.0
shararehtalaeii,shararehtalaeii,0,0.5005153477806443,0.34692133272976683,-0.22578361542703415,0.2262943855309167,0.3909146544901121,-0.05045424597557625,-0.47983560236321604,0.807813644727376,0.9379591310156441,1.0,0.0,1.0,0.0,0.0,0.0,1.5814599506532219,2.721471747924364,1.2894509615812828,0.2528455752880604,0.594988460306485,1.0,0.7630784852831931,0.04977646379985196,-0.19101800220428325,0.30269256703456904,0.0,0.0,0.0,0.9610539540228976,0.0,0.8895191049318836,0.7214985837550886,-1.1775571875526882,-0.06053953264761537,0.28561303565486046,-0.5217391304347826,-0.05467404722336584,0.0,0.0,0.0
HeKasrehCrisis,hekasrehcrisis,0,1.508480034208423,-0.7207316549855739,0.6052430974713149,1.4184950810163963,0.16684106987449965,-0.2487894641338341,0.39866426920113024,1.0436410323791652,-0.4378026717472385,1.0,0.0,1.0,0.0,0.0,0.0,-0.35998769969564104,-0.5,-0.3154648767857287,0.3113746724727663,0.2608263518317823,0.0,-2.244921272495501,0.7643160322368732,-2.746795789993661,-0.41201408124862676,0.6931471805599453,1.0,-0.4425070493497601,-0.3236566839097652,-0.3236566839097652,-0.2576036959637148,-0.2785014162449113,0.46569446490345967,-0.248589799739437,0.6035752198807051,-0.6413043478260869,1.3982316259079584,0.0,0.0,0.0
MazdakBAMDADAN2,mazdakbamdadan2,0,0.15657591370384724,-1.904421579222551,-0.8787595686511782,0.4400464314018453,-0.7033606821382811,-1.3920513479169947,-0.1685075777035705,0.056953364801032816,-0.5502372770439237,1.0,0.0,0.0,0.0,0.0,1.0,-0.35998769969564104,0.0,0.0,-0.46706200870914966,0.9871524929816985,0.0,-2.244921272495501,0.8113801238713861,0.16111821600136908,-1.0060636677923331,0.0,0.0,0.0,0.0,0.0,0.5180572387887257,0.1495529627617564,-0.11835710494899722,-1.3919744345575578,0.7118572154087173,-0.22826086956521738,1.7068785611966981,0.0,0.6309297535714574,0.0
iranariyayi64,iranariyayi64,1,-0.39940785463382406,0.2264619950619674,0.2652487425177842,-0.6719500161730103,-0.3699764339961092,0.17562451823374806,-0.3801695350629335,-0.2420774750241572,0.6175700522206743,1.0,0.0,1.0,0.0,1.0,0.0,0.8632345540505003,-0.5,0.0,0.24909973797821297,-0.8410412852201703,1.0,0.11165991271597224,-0.13060460656651343,0.24982377547410334,0.40937816254170384,0.0,0.0,0.55749295065024,0.4077591983577851,0.6763433160902347,-0.18876852547079626,-0.24051420451486794,-0.4888923019149775,0.17486845254167246,-0.1348149999216635,-0.1956521739130435,-0.3397928808913494,0.0,1.0,0.0
mojtabanikoo,mojtabanikoo,0,-0.32882421161615427,-0.8850809758114481,-0.047811992436569466,-0.6719500161730103,-0.3929202681999868,-0.37663259008465244,0.3817107629077832,-0.7024712177131403,-0.472795675798681,1.0,0.0,1.0,0.0,0.0,0.0,-0.35998769969564104,-0.5,-0.3154648767857287,0.3113746724727663,-1.285078752712958,0.0,-2.244921272495501,1.1797051621037151,-2.746795789993661,-0.5099093737793654,1.0986122886681098,1.5849625007211563,0.0,0.0,0.0,-0.2576036959637148,-0.2785014162449113,0.40041767529898803,-0.37638070399616685,0.6173095633162812,-0.21739130434782608,0.5102160002560625,0.0,0.0,0.0
koroshCR7,koroshcr7,1,0.2623000549767767,0.8126322602642267,0.32130191487676935,-0.8982444017039272,-1.432032690224562,-0.04049310364410256,-0.18237862830721807,0.17461671026164036,1.3334083474404343,1.0,0.0,1.0,0.0,0.0,0.0,0.18465266476580805,-0.5,0.4170218835732348,-0.11322672902463456,-0.5821465625194197,0.5849625007211564,0.14591501830692455,0.10299552950801126,0.5851284350656446,0.05512352705098861,0.0,0.0,-0.4425070493497601,0.0,-0.3236566839097652,0.5806899455179216,0.18411729774793106,-0.030298462070966262,-0.04063246532040113,0.10699155148535852,-0.40217391304347827,-0.42386519829719915,0.0,0.6309297535714574,0.0
Mhrdadbarandaz3,mhrdadbarandaz3,1,0.021805180141881604,0.5519479615725557,-0.30020599888223465,-0.6719500161730103,-0.5782964538483575,-0.3218211396943851,-0.2851271512972001,0.04398794896368066,1.0059767036051537,1.0,0.0,0.0,0.0,0.0,0.0,1.1609103062525072,-0.5,0.0,0.2627223798988966,-1.347693459045284,0.5849625007211564,-0.23352918664310005,0.1779440147576039,0.16314136594996834,-0.12027044199966955,0.0,0.0,-0.4425070493497601,0.22963807175534695,-0.3236566839097652,-0.2576036959637148,-0.05255921944613323,-0.9811276054622433,-0.32539067891667733,0.10316210018456383,0.4782608695652174,-0.3707280476022888,0.0,0.6309297535714574,0.0
AplcarolineDr,aplcarolinedr,0,-0.5488666618289919,-0.002843030835406124,-0.6163344637146861,-0.05880282340755195,-0.10571610505865571,-0.4081738227197352,-0.5229899820190085,-0.18483644930407214,0.4867365137409135,1.0,0.0,1.0,0.0,0.0,0.0,0.5032468543548593,2.064641508472483,1.1673587597363964,-0.6576995950572384,-1.0965404647723522,1.3219280948873622,0.23622821854290182,-1.3346022487092206,-0.4604263990105976,0.028085148484745727,0.0,0.0,0.9247041696625747,1.2847106379326625,1.6598842669953369,0.41729556628498554,0.36415178164767087,-0.4940095963347714,-0.4113669779074062,-0.9876543445579687,-0.17391304347826086,-0.2628988896677083,0.0,0.0,0.0
MahnazShirali,mahnazshirali,0,1.4742427511321352,-1.525104984723916,0.2574997834294175,1.2794880096982202,0.010372836947548965,0.19567185249241395,0.3154379655792448,1.0597756893195482,-0.5424388929115941,1.0,0.0,1.0,0.0,0.0,0.0,-0.2006906049011154,-0.5,-0.3154648767857287,-0.46706200870914966,-0.6862637708976228,0.0,-2.244921272495501,0.9774204606861273,-0.8615396116599524,0.0034853924076550242,0.0,1.5849625007211563,-0.4425070493497601,0.0,-0.3236566839097652,-0.2576036959637148,-0.2785014162449113,0.4780890914072078,0.19566250207180896,0.4326987024919022,-0.44565217391304346,2.114874670284418,0.0,0.0,0.0
Far_yaddd,far_yaddd,0,-0.4372382297189902,-0.010826853870406166,0.30397627195978755,-0.5113915944693856,-0.3734012772120111,-0.5930576554180641,1.326483431800668,-1.0213996367865383,-0.26409971115025954,0.0,0.0,1.0,0.0,1.0,0.0,0.07162957732960912,-0.5,0.946394630357186,0.11676550217728733,-0.5802911293787302,0.5849625007211564,0.1741016184953216,-0.581346745428822,0.4126995312238443,-0.9025626445439358,0.0,0.0,0.55749295065024,0.5532947556651121,0.5532947556651121,1.0538938444597632,1.4141785173202892,-0.20872146612820633,-0.593908136170046,-0.40391643698950974,-0.4782608695652174,-0.2143924835493923,0.0,0.0,0.0
ArianArian00,arianarian00,0,-0.07215264949761406,0.07823101174887788,-0.14062473609050508,0.649166827234239,0.5025816735965221,-0.287966221850041,0.4212689442589263,-0.526610029831335,-0.03330154296494058,1.0,0.0,1.0,0.0,1.0,0.0,0.13219152203468268,-0.5,-0.3154648767857287,0.3113746724727663,0.13389984529340748,0.5849625007211564,-1.0475116654222736,0.5076700085722117,0.46721158564735615,-0.4522454373412114,0.0,0.0,0.0,0.0,0.22963807175534695,0.5180572387887257,0.1495529627617564,-0.10889286567437145,-0.2879389079912288,0.11255669901456769,0.42391304347826086,-0.1206529702580896,0.0,1.0,0.0
HHeLLFireeeeee,hhellfireeeeee,0,0.4708024298125939,-0.5022611340738963,1.358605622340146,0.5942263765186843,0.6479071581691239,0.6812319633096411,0.6385820703827383,-0.15753927861145847,-0.39784075964128973,1.0,0.0,1.0,0.0,0.0,0.0,0.34394975956033375,-0.5,0.18453512321427132,-0.10379207644870964,0.03096624958010946,0.5849625007211564,-0.08574969435725534,0.2698438674800229,0.5049810943816969,0.3209976058034843,0.0,0.0,0.0,0.0,0.22963807175534695,0.1774701914638031,-0.03840258651044521,0.19834525685190782,0.6809276310412304,-0.047351768663429855,-0.8913043478260869,0.6164226251309901,0.0,0.0,0.0
seedhossein2111,seedhossein2111,0,0.30754076904844885,0.713368603600988,0.005076807553813832,-0.12453878723484421,0.15014039415446784,0.30273066643858787,-0.5394297456974056,0.7061800549667552,1.687559040450952,1.0,0.0,1.0,0.0,0.0,0.0,-0.35998769969564104,-0.5,-0.3154648767857287,0.3113746724727663,-1.1548505235289066,0.0,-2.244921272495501,0.9854509467163605,-2.746795789993661,0.7013840579144828,0.6931471805599453,1.0,-0.4425070493497601,-0.3236566839097652,-0.3236566839097652,-0.2576036959637148,-0.2785014162449113,0.7472935297129183,0.3026903619826258,0.7277906738352675,-0.6521739130434783,-0.3604816749825698,0.0,1.4649735207179269,0.0
Shaheenchevv,shaheenchevv,0,-0.23869470897317752,-0.6958068827988793,0.2831935586600786,0.05319362416730372,-0.24255249038821805,-0.3692127812341987,-0.5101464166452607,0.0886694769300332,-0.20395751111564556,1.0,0.0,1.0,0.0,1.0,0.0,-0.35998769969564104,-0.5,-0.3154648767857287,0.3113746724727663,-0.642883548880469,0.0,-2.244921272495501,0.651119922200294,-2.746795789993661,0.047924397163098785,1.0986122886681098,1.5849625007211563,0.0,0.0,0.0,-0.2576036959637148,-0.2785014162449113,0.40420626007906574,-0.3689638767006921,-0.21111833489419704,0.44565217391304346,0.3975908700264147,0.0,0.0,0.0
mashrotehorg,mashrotehorg,0,-0.22526608984119884,-2.8560268510508053,-4.164679800177198,0.2262943855309167,-1.4979958555902344,-2.8241943246185897,-0.565630619059851,0.1996500740166252,-0.5666367390354687,1.0,0.0,0.0,0.0,0.0,0.0,0.2309266721241348,-0.5,-0.3154648767857287,0.5059838427682453,0.9410539735030821,0.0,1.0957993856282136,0.32567963333180494,0.2914961483992761,-1.4160256341616555,0.0,0.0,-0.4425070493497601,-0.3236566839097652,-0.3236566839097652,0.15181749948264733,-0.05255921944613323,-1.4940983896665068,-2.8428561526367306,0.46003876352125195,-0.8913043478260869,2.4408775988293994,0.0,0.0,0.0
Nemo_Regnum,nemo_regnum,1,-0.42219731960082574,0.24449435826252086,-0.514903711819999,-1.2850972089384687,-1.558573127898092,-0.3145660897855888,-0.5979964038016954,0.06758845014693754,0.9885537453923576,1.0,0.0,1.0,0.0,1.0,0.0,0.6162699417910583,-0.5,0.4170218835732348,0.08072699758528942,0.4381677865782849,0.0,0.4948517606219526,0.28582296799704177,0.11448883050081858,0.2105877003964515,0.0,0.0,-0.4425070493497601,0.0,-0.3236566839097652,0.5437102374813566,0.4269013156099822,-0.538466801897822,-0.31536441506007795,0.4253633979740955,0.8152173913043478,-0.35715935811041116,0.0,0.0,0.0
Ali49781135,ali49781135,1,-0.3884700384264259,0.09671699825887024,-0.18105617195850335,-0.05880282340755195,1.1976690086540158,0.12338491002672924,0.3467762650911893,-0.7300641718135212,0.0064059171094811886,1.0,0.0,1.0,0.0,1.0,0.0,0.920036900913077,0.9036774610288021,0.6845351232142712,0.47312758732891896,0.5149905819133146,1.0,0.08440807452084802,-0.5229858508834379,0.24640080660079708,-0.07347174367392047,0.0,0.0,0.55749295065024,0.8769514395748774,1.2296380717553468,0.12664640648130782,-0.06645007832643289,-0.5613889690141681,0.12219921151577497,-0.352361886118809,0.8152173913043478,-0.26164452763976936,0.0,2.0,0.0
Ariamehhr,ariamehhr,0,-0.3583867612569416,0.3078383317512691,0.3852827933396602,-0.6719500161730103,0.2978454194494347,0.4432051420508726,1.8828666837914205,-1.066357098835214,-0.13134074238498536,0.0,0.0,1.0,0.0,0.0,0.0,-0.35998769969564104,-0.5,0.18453512321427132,1.3492907663397748,-1.4806062870387842,1.0,-0.5354099811440466,-1.7218958638209778,-0.6980240408484506,-0.20133079002634122,0.0,2.0,-0.4425070493497601,0.22963807175534695,-0.3236566839097652,1.518058803016898,0.701411422306331,0.8190052114497426,0.4430787099765632,-1.0611066354928935,-0.5978260869565217,-0.36911843685349754,0.0,0.0,0.0
Mehr_mihan,mehr_mihan,0,0.45797302927037803,0.6712073713972324,0.37171975096186666,0.5113915944693853,0.8210590697910816,0.17478124498400327,-0.045723092730542,0.24693456532849611,0.9609811933919983,1.0,0.0,1.0,0.0,0.0,1.0,-0.35998769969564104,-0.5,-0.3154648767857287,0.3113746724727663,-0.5600483558264223,0.0,0.4645900188559534,-0.16420237485721642,-2.746795789993661,0.1628134959734747,0.6931471805599453,1.0,-0.4425070493497601,-0.3236566839097652,-0.3236566839097652,-0.2576036959637148,-0.2785014162449113,0.6819649994493033,0.1747981662000899,-0.2793806463168316,0.75,-0.284171265599543,0.0,0.0,1.0
NasehMohi,nasehmohi,1,0.34406674161903755,-0.9663104533643966,0.3576643094843755,0.2623140199996974,-0.8068733447940825,0.47973745296685283,-0.6319034163883894,0.9473489321536249,-0.27410362527239873,1.0,0.0,0.0,0.0,0.0,0.0,-0.6323078819263657,-0.5,0.0,-1.2454986898910656,-0.33798862998355345,0.0,-2.244921272495501,-1.3428881202609053,-2.746795789993661,1.0017875253015165,0.6931471805599453,1.0,-0.4425070493497601,-0.3236566839097652,-0.3236566839097652,2.151819237514123,1.0511569323264902,0.8376692910599343,0.47961695925257547,-1.6142474614235454,0.391304347826087,0.955841852912779,0.0,0.0,1.0
AAzadian2005,aazadian2005,1,-0.5609836944526154,0.3591411271276612,-1.6563105927140482,-0.8982444017039272,0.02655910637316475,-0.44769742320980466,0.51477010017981,-0.9016605280109872,0.2099009214477175,1.0,0.0,1.0,0.0,0.0,0.0,-0.6323078819263657,-0.5,0.0,0.3113746724727663,-1.4290393811390796,0.0,-0.5354099811440466,-2.6038367623493377,-2.746795789993661,-0.6103220933024888,0.6931471805599453,1.0,-0.4425070493497601,-0.3236566839097652,-0.3236566839097652,-0.2576036959637148,1.8289572050115803,0.3641315052572791,-0.44741732374631765,-1.6142474614235454,0.5652173913043478,-0.45467448112236414,0.0,1.4649735207179269,0.0
SFaeze_Alavi,sfaeze_alavi,0,0.011905072583919162,-0.8301618377733975,-0.9929748439970385,0.05319362416730372,-0.6711279608885055,-1.3887970619619185,0.31749293603904444,-0.4090467497840121,-0.45660992589516597,1.0,0.0,0.0,0.0,0.0,0.0,0.6906183879401716,2.064641508472483,0.3154648767857287,0.04061415540398524,0.4918314833523979,1.0,0.21398855490530266,0.7376989539284862,0.09088588248162163,-1.1578921682286087,0.0,0.0,0.0,0.4077591983577851,0.5532947556651121,0.7044081483796168,0.5630963506330805,-1.1522500354004035,-1.4032743154068033,0.5594576682483783,-0.32608695652173914,0.6492819700841284,0.0,0.0,0.0
Roobahyab1,roobahyab1,0,1.0433282367204193,1.3165499219760148,-0.2964525788693418,0.38685280723454135,0.9389335460665778,0.1869987544455512,-0.21525815566401232,1.0394709694588211,2.320252322443107,1.0,0.0,0.0,0.0,0.0,0.0,-0.0876675174649165,-0.5,-0.3154648767857287,0.3113746724727663,0.8391084115456107,0.0,0.4645900188559534,-0.2744544576838069,0.2875121881250778,0.2845084317672775,0.0,0.0,-0.4425070493497601,-0.3236566839097652,-0.3236566839097652,-0.2576036959637148,-0.2785014162449113,0.3481615763982482,0.18697579772327816,0.06241316771377308,0.8478260869565217,-0.4279570878638826,0.0,0.6309297535714574,0.0
Freedom_of_IR,freedom_of_ir,0,-0.4184264784752256,-0.26291256164388077,0.46682015047605724,-0.2850972089384689,0.5292517248772226,0.8461671723169902,0.014898535833547394,-0.5874247116569314,-0.16396976885455375,1.0,0.0,1.0,0.0,1.0,0.0,1.148437037150222,2.04373142062517,1.6788813907161493,-0.0418658815873258,-0.1291685357346954,1.3219280948873622,0.6983972051810268,-0.54889187265965,0.004688367692831458,0.7480019714578008,0.0,0.0,1.19897784671579,1.2847106379326625,1.9835409509051014,0.7277608567192272,0.7078483705422691,-0.37515329358881294,0.8446983364173654,-0.2482698712042388,-0.34782608695652173,-0.03482474265576576,0.0,0.0,0.0
CameronBehzadi,cameronbehzadi,0,0.5812156293365481,-1.9192412891745316,-0.358970574042823,0.4648554324615605,-0.2155874271120715,-1.4681926484444883,-0.20344207552016438,0.5245478736591856,-0.5499533437308429,1.0,0.0,1.0,0.0,0.0,0.0,1.203529636312808,0.0,0.9739860847955542,0.4225805798730524,-0.1536399044792455,1.584962500721156,-0.5354099811440466,0.6885995424345093,0.15811414092777462,-1.0349889560231347,0.0,0.0,0.0,0.4077591983577851,0.4077591983577851,-0.01777877098624916,0.004110069852627867,-1.6027367960558532,-1.5007731415562233,0.5423207791179232,-0.21739130434782608,1.9658164788932755,0.0,0.0,0.0
RosebudDonKhoan,rosebuddonkhoan,0,0.04870701357676703,0.27201289851437893,-0.06066285609752895,-1.2850972089384687,0.9273700789421779,0.24140909040736325,-0.48651425635756484,0.339198784479842,0.8300888389359019,1.0,0.0,1.0,0.0,0.0,0.0,0.4807907438642421,0.9999999999999999,1.695636151928291,-0.7589757641523681,-0.016963472873919198,1.3219280948873622,-0.27074612177728896,-0.5600196866139145,0.041879639789695354,0.5800166542924885,0.0,0.0,0.75647079736603,1.0371339325992097,1.6924698362904478,1.223492299882055,1.1390329761689928,-0.14290172754665045,0.23975675252105155,-0.5437911641109864,0.7282608695652174,-0.19839744208902646,0.0,0.0,0.0
SafaiDarya,safaidarya,0,2.2857985565504353,-0.40858591683031975,-1.4081054319022581,2.02723030909414,0.18923599845627725,-0.9572254082825264,0.9170305676855895,1.6394804619807692,-0.3929265745854949,1.0,0.0,1.0,0.0,0.0,0.0,-0.35998769969564104,-0.5,-0.3154648767857287,0.3113746724727663,-2.930141710468584,0.0,-0.5354099811440466,0.2577050015987164,-2.746795789993661,-1.052207791800918,0.6931471805599453,1.0,-0.4425070493497601,-0.3236566839097652,-0.3236566839097652,-0.2576036959637148,-0.2785014162449113,0.10395002732757858,-0.9567687568813076,-0.8514457812370639,0.532608695652174,1.5613930913598488,0.0,0.0,0.0
SoleymaniAzadeh,soleymaniazadeh,1,0.5195819890329677,0.24082357099419216,0.6169088973913832,0.631447541325702,0.0538632735555798,0.7949854163176538,0.5080914461854611,-0.050464803866120816,0.08835183947649158,1.0,0.0,1.0,0.0,1.0,0.0,0.6906183879401716,1.0849625007211563,2.2538887322511005,-1.0258767921558491,-0.5480076516007766,1.3219280948873622,0.06543587151241624,-0.8825959346268593,0.002631692419693789,0.4728883566542054,0.0,0.0,2.8269053427483306,2.630854318724632,0.9610539540228976,1.2976380733658994,1.3174303225668553,-0.033691209105345156,0.7927141530845319,-0.676314602116851,0.6521739130434783,0.03196371704594149,0.0,0.0,0.0
AzadChakavak,azadchakavak,0,-0.3948855314040152,0.7457484349814031,-0.886344960848826,-1.2850972089384687,-0.24367716049340762,-1.0287422616364794,-0.536861032622656,-0.018319993787927025,1.742612813079114,1.0,0.0,1.0,0.0,1.0,0.0,1.2284259718934751,1.8219280948873622,1.3518938829506675,-0.06170044822384115,0.27074312456704497,1.584962500721156,1.093231821068581,-0.2430844249719436,-0.42082255693733756,-0.4872643839464936,0.0,0.0,1.0704345453822999,1.2847106379326625,2.143723443929434,0.23448091026997656,0.5487502086550446,-1.3998677691126356,-1.0509522309937305,-0.2303665092930794,0.8478260869565217,-0.5591934117288511,0.0,0.0,0.0
freeman010,freeman010,1,1.429462649903132,0.7715726460705122,0.6834633823229016,1.0698548801351835,1.5843906644845325,1.049649657965146,1.9804777806319034,0.316719020347254,0.29395018124600963,1.0,0.0,1.0,0.0,0.0,0.0,1.6611903299567792,3.61440934524794,1.4649735207179269,0.26850460756671585,0.3491888100581972,1.584962500721156,-0.266460937261286,0.2067729994584298,-0.08852831341397265,0.3232184922625605,0.0,0.0,0.31396374801627,0.782932827420459,0.0,-0.138751060061761,-0.1809399879431687,-0.67807262513185,1.0463995319057084,0.3044656744681163,0.8369565217391305,0.06667881818092757,0.0,1.2618595071429148,0.0
sangtarash_azad,sangtarash_azad,0,0.9566405127344272,-0.8850809758114481,0.5998310369889975,1.2445947340911605,0.2715769062904103,0.10837016844275996,0.21474441304906242,0.5649695362870617,-0.45968186956340734,1.0,0.0,0.0,0.0,1.0,0.0,-0.35998769969564104,-0.5,-0.3154648767857287,-1.2454986898910656,0.9675861124677333,0.0,-2.244921272495501,0.9405898517354278,-2.746795789993661,-0.030539697783496467,0.6931471805599453,1.0,-0.4425070493497601,-0.3236566839097652,-0.3236566839097652,-0.2576036959637148,-0.2785014162449113,0.648056619749716,0.10841649317439966,0.7448220538747429,-0.43478260869565216,1.231116289128757,0.0,0.0,0.0
pahlavi_yasmine,pahlavi_yasmine,1,-0.3569534246714081,-0.017960428716992518,-3.15941586203672,-0.38685280723454174,-0.15293052712081653,-1.794568681676003,-0.6354996146930388,0.21252467257226643,0.6617415536649977,1.0,0.0,0.0,0.0,0.0,0.0,0.0,-0.5,-0.3154648767857287,0.3113746724727663,-0.6067662637969067,0.0,-0.20608135346619183,0.35475092922598533,-0.1278813176353986,-0.9344869384346479,0.0,0.0,0.0,0.4077591983577851,0.4077591983577851,-0.2576036959637148,-0.2785014162449113,-0.7528279866902297,-1.7954147601580768,0.395091158894941,-0.10869565217391304,-0.17708364944094707,0.0,0.0,0.0
Iran_Farda1,iran_farda1,0,-0.5058933184238549,-0.08015966689916611,-0.3084629419950493,-0.5113915944693856,-0.5062512112217897,-0.32002904453132297,0.3210891343436938,-0.7991067017243322,-0.12898717362000342,1.0,0.0,1.0,0.0,1.0,0.0,-0.0876675174649165,0.9036774610288021,0.4170218835732348,-0.7664612112786134,-0.37527947418699525,0.5849625007211564,-0.35263740899616536,-1.1780130587537347,0.5494793919512754,-0.4417100165081021,0.0,0.0,0.0,0.22963807175534695,-0.3236566839097652,0.6748978747447631,0.8976118459718965,0.08907502006209773,-0.32027724308490724,-0.8148576761805475,0.8043478260869565,-0.19793915454829678,0.0,0.6309297535714574,0.0
gohareshghi,gohareshghi,1,0.49232809973157676,-3.6549895177852574,-3.9802877651112083,0.4886084055306143,-0.9077857930029145,-1.7425374341098718,-0.6976624711019779,1.2957770999771339,-0.5717932110384917,1.0,0.0,0.0,0.0,0.0,0.0,-0.35998769969564104,-0.5,-0.3154648767857287,0.3113746724727663,-0.926594132991077,0.0,0.4645900188559534,1.1482653444641322,-2.746795789993661,-0.8197478070498332,1.0986122886681098,1.5849625007211563,0.0,0.0,0.0,-0.2576036959637148,-0.2785014162449113,-0.2971589377043398,-1.7420107649134946,0.772297891567232,-0.31521739130434784,3.4845420272343794,0.0,0.0,0.0
Matinkhaledii,matinkhaledii,0,0.000583373049122589,-0.5456919549287983,-0.8984717074227375,-0.8982444017039272,-0.3187555239844167,-0.45734577850361874,0.34369380940148986,-0.4315311988243729,-0.3787693942531324,1.0,0.0,1.0,0.0,1.0,0.0,0.8544055313371228,0.6609640474436811,0.0,-0.05494828845126916,0.24583608902028414,0.5849625007211564,-0.10395121764171021,0.785212453018503,0.17559908893520154,-0.56039423934031,0.0,0.0,0.9247041696625747,1.0371339325992097,1.590428688264322,-0.15684041103452326,-0.1688540639306092,-0.8050855956933124,-0.4594096295620353,0.5433709330237718,-0.7717391304347826,0.39865015270699966,0.0,0.0,0.0
2TOSgzCFJ8VtSJK,2tosgzcfj8vtsjk,0,-1.95884332995678,-0.7512477277622711,0.7387220405407131,-1.2850972089384687,-1.1642963735051688,-0.05150027643698059,0.3072180837400462,-1.3832614717249159,-0.4369226491942215,1.0,0.0,1.0,0.0,0.0,0.0,-0.6323078819263657,-0.5,0.4170218835732348,-0.9341240174182993,0.8975008927060992,0.5849625007211564,-0.5354099811440466,-2.443069428837174,0.05460252686562219,-0.21013835607058906,0.0,0.0,0.0,0.22963807175534695,0.0,-0.2576036959637148,3.9364158262680724,0.5663898204363933,-0.05146076481022841,-1.6142474614235454,-0.41304347826086957,-0.3454385043487167,0.0,1.0,0.0
shah_parast_k,shah_parast_k,1,-0.12890881535124082,0.49965604718764334,-0.11013000077322935,-0.38685280723454174,0.13646472252888892,0.26337226310942097,0.422810172103776,-0.5716322499792864,0.415988213589914,1.0,0.0,1.0,0.0,0.0,0.0,1.3688991081978976,1.9036774610288019,2.3279346873234075,-0.6508244422890398,-0.24858115244987739,1.8073549220576042,0.25513425151756713,-0.387877985269053,-0.3083509642085806,0.020826480346049673,0.0,0.0,2.0704345453823,2.630854318724632,2.732501178967909,1.1251242545692461,0.7578076043347848,-0.8503071604698231,0.2554023859988901,-0.40504283876708663,-0.6195652173913043,-0.3926012271150336,0.0,0.0,0.0
sheykhbabar2,sheykhbabar2,0,-0.07657340554273406,0.03730614589032045,0.5048143074749019,0.2623140199996974,1.0383256689543547,0.9879971047788325,-0.043668122270742356,-0.26500129766263114,0.11465300016428706,1.0,0.0,1.0,0.0,0.0,0.0,-0.35998769969564104,-0.5,-0.3154648767857287,0.3113746724727663,-1.0359614650097744,0.0,1.1741013102074076,-0.33255867026093383,-2.746795789993661,0.9157287655210447,0.6931471805599453,1.0,-0.4425070493497601,-0.3236566839097652,-0.3236566839097652,-0.2576036959637148,-0.2785014162449113,1.0971732557887526,0.9876420400177383,-0.8514457812370639,0.15217391304347827,-0.09430722936772554,0.0,0.6309297535714574,0.0
JoOldooz,jooldooz,0,-0.35084009571008895,0.4478895843336108,-1.167512491847333,-1.2850972089384687,-1.0015311498665758,-1.2275201373052917,-0.548163370151554,0.043637295959599524,1.2281408072656972,1.0,0.0,0.0,0.0,1.0,0.0,0.13219152203468268,0.0,0.3154648767857287,-0.1334458433816536,0.8043038011544129,0.5849625007211564,-0.05656276571716583,-0.03964013805751713,0.04833798037268274,-0.6314146857891499,0.0,0.0,0.0,0.22963807175534695,0.5532947556651121,0.20655933834447765,-0.022349519834069437,-0.5890332533896748,-1.2286003278865774,-0.1989063377986499,-0.03260869565217391,-0.4348892556463211,0.0,0.0,0.0
lIshaghayeghlI,lishaghayeghli,0,-0.058199570429124485,-0.48774729191732935,-0.230144883186128,-0.12453878723484421,-0.5515780287950204,-0.003339834827821072,-0.1166195735936296,-0.1914050813575714,-0.2585402684302908,1.0,0.0,1.0,0.0,1.0,0.0,0.7039374592559748,0.6609640474436811,0.4170218835732348,-0.4460224220901648,0.37941753295691444,0.0,0.3509154779182376,0.09852084421719137,0.25730782530336715,0.04539279447847643,0.0,0.0,0.0,0.0,-0.3236566839097652,-0.07461096547168367,0.18041045602080244,-0.4513195721270491,-0.004093877020152252,0.25772629008646364,-0.6630434782608695,0.31919168011749344,0.0,0.0,0.0
nargesfnd,nargesfnd,0,0.32237339966562717,-1.0661732934633852,-1.9189534496203826,0.683002072900642,-1.0385721490431719,-1.4650297254721167,-0.6437194965322374,0.9532312998853267,-0.3148613296904545,1.0,0.0,0.0,0.0,0.0,1.0,-0.35998769969564104,-0.5,-0.3154648767857287,0.3113746724727663,5.924644755174998,0.0,-2.244921272495501,0.8257268508924621,-2.746795789993661,-0.6963431908525283,1.0986122886681098,1.5849625007211563,0.0,0.0,0.0,-0.2576036959637148,-0.2785014162449113,-0.15539454254452628,-1.4644817939170418,0.7207826518264476,0.7934782608695652,1.0332384450913525,0.0,0.0,0.0
tomasshellllby,tomasshellllby,0,-0.2464728750323396,0.41813739118589555,-0.2347433978831026,-0.6719500161730103,-0.8539412847227837,-0.5834024046325271,0.0015412278448497304,-0.44224636837206077,0.5435917438432,1.0,0.0,0.0,0.0,0.0,0.0,0.2309266721241348,1.0849625007211563,0.9739860847955542,-0.8668001426096,-1.4414047220994315,1.3219280948873622,-0.4696380559325254,-2.4696209691815882,-0.2946743455045415,-0.5166031212851837,0.0,0.0,0.55749295065024,0.5532947556651121,0.6763433160902347,0.49921606531680307,0.648852266803234,-0.349541571338823,-0.5849761337967999,-1.6142474614235454,-0.8043478260869565,-0.38911977477161563,0.0,0.0,0.0
ShDelfan,shdelfan,0,0.4156603621359976,0.8313946806608741,-0.3780713224963505,-0.5113915944693856,-0.030116426697865722,-0.6262020933527962,0.015412278448497303,0.15461809543503185,1.1751678814784674,1.0,0.0,1.0,0.0,0.0,0.0,0.2723201822307247,0.6609640474436811,0.3154648767857287,-0.4332171386847224,0.22981547963775728,1.0,0.6035734276021097,-0.702917064802022,0.4561832170433594,-0.5573352494227699,0.0,0.0,0.55749295065024,0.6763433160902347,0.8769514395748774,0.299757251181406,0.02908245632554133,-0.40733431930298186,-0.626843150305062,-0.6607092517385085,0.8043478260869565,-0.38588478327128056,0.0,0.0,0.0
LibertyIranian,libertyiranian,0,0.13088714344202115,-0.761364421149766,-1.3956028165493564,1.0092251790684448,-0.06896957804398876,-0.8077609710487053,-0.09606986899563319,-0.03232006021561606,-0.38429386963149464,1.0,0.0,0.0,0.0,0.0,0.0,-0.2006906049011154,0.2924812503605782,0.0,1.6458377769093884,2.4447053594841175,0.5849625007211564,-1.625104175948646,0.07437935228232397,0.7842394412517486,-0.6422982668697524,0.0,0.0,0.55749295065024,0.4077591983577851,0.22963807175534695,0.6159801958402586,1.8289572050115803,-0.03440408838886998,-0.8077058218480527,0.15344393280875693,0.8478260869565217,0.6548779128672568,0.0,0.0,0.0
naslesookhtehh,naslesookhtehh,0,-0.25864772369740663,0.34692133272976683,0.8967833291792465,-0.38685280723454174,0.8567596183895917,0.38116304954849783,0.4166452607243771,-0.6663059887752139,0.23394131904738846,1.0,0.0,1.0,0.0,0.0,0.0,-0.35998769969564104,-0.5,1.949544259628566,-0.13070107564380604,-0.0703713561877847,1.584962500721156,0.0691368147312297,-1.441774597684446,0.011431675923101802,0.12905649758456192,0.0,0.0,1.3139637480162702,1.553294755665112,1.4734045760589987,1.6568669033499965,1.421514043016395,0.7864184622319431,0.37928436324838694,-1.1947148978640545,-0.8913043478260869,-0.3565055309784014,0.0,0.0,0.0
JavidShah0000,javidshah0000,1,-0.42531641006333304,0.2441092353446396,-0.3159928708931205,-0.2850972089384689,0.8801536934425601,0.1709365481773461,-0.7896223991780118,0.6240508718414612,1.589278229843774,1.0,0.0,0.0,0.0,0.0,0.0,0.6768318864961318,0.9999999999999999,2.696853050015078,-0.3366473977640185,-0.5040063510831438,2.3219280948873626,0.0,-0.6932623671327003,-0.8612337113591418,1.0552955292597253,0.0,0.0,2.799274584187119,2.7990593476206724,3.2726739580448214,1.5790120914090469,1.4780131560140555,-0.3470188836732079,0.1569838143469656,-0.6166968829253762,-0.5217391304347826,-0.3579984417207403,0.0,1.4649735207179269,0.0
007mi00,007mi00,0,-0.4293450106408653,0.27870553637341566,-0.5940723185478439,-0.8982444017039272,-0.25962978608967563,-0.5191434588955234,-0.2656049319291035,-0.3872720397178684,0.5688480111736406,1.0,0.0,0.0,0.0,0.0,0.0,0.563808799059933,0.0,-0.3154648767857287,0.3855114251151697,-0.06735351567330113,0.0,0.3442587913501386,0.44208963025698755,0.4068498395886756,-0.30489988990873895,0.0,0.0,-0.4425070493497601,-0.3236566839097652,-0.3236566839097652,0.0586195901441833,-0.10399119367508988,-0.5996141582173261,-0.5199407980021902,0.48283293850488157,-0.7608695652173914,-0.3772551832529559,0.0,1.6309297535714573,0.0
DawnAndTheX,dawnandthex,0,-0.48201308622954103,-0.4450438638056861,0.5327525985049365,0.18778873079776442,0.20920352578660908,-0.035324568690842585,-0.640123298227588,0.09856936862514244,0.13515971051402062,1.0,0.0,0.0,0.0,1.0,0.0,-0.35998769969564104,-0.5,-0.3154648767857287,0.3113746724727663,0.426649242234172,0.0,-0.5354099811440466,0.6463656275372592,-2.746795789993661,0.5327764548301128,1.0986122886681098,1.5849625007211563,0.0,0.0,0.0,-0.2576036959637148,-0.2785014162449113,0.5746880712424656,-0.035215465666649175,0.5160712087396,-0.40217391304347827,0.07085695777226945,0.0,0.0,0.0
leiliii27,leiliii27,0,-0.41621678890810077,0.09826994034777038,-0.7981575751905998,-0.8982444017039272,-0.9820216447419862,-0.47183148010602244,-0.5795016696634986,0.037399737704301245,0.7230856917040588,1.0,0.0,0.0,0.0,0.0,0.0,-0.2006906049011154,-0.5,1.3026437581539458,-0.9963989519128524,-1.1698381936202533,0.5849625007211564,0.6695766010511693,-1.7183880948646486,-0.32558447945880215,0.04268062585597356,0.0,0.0,0.55749295065024,0.6763433160902347,1.3362275830855712,2.0099194324713427,1.0124022504899661,0.13637807049434983,-0.47333171750888353,-1.5437833762970918,-0.7065217391304348,-0.27306799323474973,0.0,1.0,0.0
BeeVan88,beevan88,1,-0.4877943253776786,-0.4465903554497012,0.12710896374397795,-0.5113915944693856,1.4964662203804084,0.7373525596900805,-0.07038273824813768,-0.5868317160764165,-0.2500869844684881,1.0,0.0,0.0,0.0,0.0,0.0,0.563808799059933,2.277294425838819,2.28496698823389,0.48093530724117356,0.16853515971605412,1.8073549220576042,1.6813333294704051,-1.1526036194389713,-0.3879698838729151,0.696988469382037,0.0,0.0,1.4179811482680222,2.087353987783417,2.0266993317241107,1.1114314988819332,1.173030576693592,0.04072737360925507,0.7345588055015313,-0.7856690646580562,0.6413043478260869,0.06924202745904245,0.0,1.0,0.0
PersianGW,persiangw,0,1.1419428120153825,1.300159010565657,0.27077701393355785,0.14642828402660843,0.6006649575978331,-0.8212451908367201,-0.6072437708707937,1.7886780502646453,3.00206549948412,1.0,0.0,0.0,0.0,1.0,0.0,1.7472509945623702,0.6609640474436811,0.4170218835732348,0.2885275558800771,-0.4581283579339879,1.3219280948873622,0.23537942487954425,0.9383527739136376,-0.2596249812043069,-0.22630722897475572,0.0,0.0,0.9247041696625747,1.2847106379326625,2.1616620775075397,0.23739432504122404,0.03607019915811637,-1.7009472882186674,-0.8615136135562703,0.6797281634130111,-0.21739130434782608,-0.3900723027717868,0.0,0.0,0.0
X4LIREZ4X,x4lirez4x,0,0.18278480989468127,0.6550573832732216,0.3971671527889104,-0.05880282340755195,-0.25962978608967563,-1.2070806888988075,-0.32365784741844333,0.24816337833741828,1.2272396512188135,1.0,0.0,1.0,0.0,0.0,0.0,-0.35998769969564104,-0.5,-0.3154648767857287,0.3113746724727663,-2.232168875442363,0.0,-2.244921272495501,1.8566355406351132,-2.746795789993661,-0.8026297380678851,1.0986122886681098,1.5849625007211563,0.0,0.0,0.0,-0.2576036959637148,-0.2785014162449113,-0.023647602804861143,-1.2065637703070788,1.3702366520144276,-0.8369565217391305,-0.3712780644349035,0.0,1.0,0.0
OmidKT62,omidkt62,0,1.6371760204080061,-0.9575626778225054,-1.345089754213538,0.8982444017039269,-1.2694022701129641,-1.480202791967104,0.6755715386591318,1.027414743192954,-0.5005147518196434,1.0,0.0,1.0,0.0,0.0,0.0,0.18465266476580805,0.6609640474436811,0.0,-0.7265414213942424,-0.25515343692950676,1.0,0.09579906739548867,0.6605748164994584,0.4016934626445181,-1.262747981398748,0.0,0.0,-0.4425070493497601,0.0,-0.3236566839097652,-0.2576036959637148,0.01720507152731438,-0.7661303411972316,-1.4826266201282114,0.35088826592260725,-0.8369565217391305,1.687894172777482,0.0,1.0,0.0
kiarashfarasat1,kiarashfarasat1,0,-0.030208653418651546,-1.1263326415714274,-0.3814666411219953,0.2623140199996974,0.607409333686545,0.3334016097418222,-0.09401489853583354,-0.18433428493641016,-0.47818876831496576,1.0,0.0,1.0,0.0,0.0,1.0,0.13219152203468268,0.5,0.4170218835732348,-0.8006781740366457,-0.06868853258207927,0.0,0.6347475959104786,-0.13220355342088594,0.5600391296075963,0.3369859732021585,0.0,0.0,0.0,0.5532947556651121,0.0,0.8039223754847279,0.4992988564401785,0.20832136075050828,0.333185143286387,0.12679644240099922,-0.6086956521739131,0.8878034201366104,0.0,0.6309297535714574,0.0
saeid_555555,saeid_555555,1,0.4311426408254474,0.8041641463167086,0.9305501567556227,-0.8982444017039272,0.936361102270451,1.311674051579199,-0.3010531723606473,0.477215894882868,1.4608093496683117,1.0,0.0,1.0,0.0,0.0,0.0,1.0639251589516157,0.6609640474436811,0.4170218835732348,0.5012369358863978,-0.12688716277563916,1.3219280948873622,1.3129815628079273,-0.1138395555518627,0.08946732265567096,1.4059121909259367,0.0,0.0,0.55749295065024,0.9610539540228976,-0.3236566839097652,0.027145811673590144,-0.037026987388379,-0.06976810895926726,1.3109494266503225,0.2036989242590741,0.391304347826087,-0.36697439029222584,1.3862943611198906,1.7712437491614221,0.0
m_ojmal,m_ojmal,0,-0.28525870869990827,0.45675452376942555,-0.5218850233161743,-0.6719500161730103,-0.10845453834883803,-0.3606057970968067,-0.5702543025944002,0.1484820605964735,1.2888128812175181,1.0,0.0,0.0,0.0,0.0,0.0,-0.35998769969564104,-0.5,-0.3154648767857287,1.8682480348365982,-1.7724259221215535,0.0,-2.244921272495501,0.967629354564869,-2.746795789993661,0.1303030086892675,1.0986122886681098,1.5849625007211563,0.0,0.0,0.0,-0.2576036959637148,-0.2785014162449113,0.40860101729137227,-0.36036035925517473,-0.433879576050084,-0.6956521739130435,-0.419755702847398,0.0,0.0,0.0
DJHastamMoHo,djhastammoho,0,0.06725308613852489,0.5258899853415739,-0.4514536247538774,-0.6719500161730103,0.11863372021719519,0.01972971151969933,-0.31954790649884407,0.127549369119998,1.0045825267130017,1.0,0.0,0.0,0.0,1.0,0.0,0.9046280641570903,1.4534452978042594,-0.3154648767857287,0.33608692335356743,0.5515154377923506,0.0,0.8166496951323009,-0.029304978455788038,0.09042761088156351,0.21291343290270412,0.0,0.0,0.0,0.22963807175534695,-0.3236566839097652,-0.04362481897622765,0.17976249452328513,-0.601956877249669,0.018406225667161016,0.18508484230051855,0.717391304347826,-0.34175974228105305,0.0,0.0,0.0
iranzad_98,iranzad_98,1,-0.2769029433964364,0.32955151317440695,-0.08632074303720083,-0.8982444017039272,-1.1261454325644296,0.09391900171945432,-0.5666581042897508,0.14999124075547504,1.0642552694602105,1.0,0.0,0.0,0.0,0.0,0.0,0.0,-0.5,0.7324867603589635,-0.5782679161094358,-0.06069792717442255,0.5849625007211564,0.3442587913501386,-2.1660306028736835,-0.12813155369050247,0.5427044939113135,0.0,0.0,0.0,0.4077591983577851,0.0,1.1518183684983854,2.2014049630400447,0.21150119678564344,0.0937306846984314,-1.6142474614235454,0.6521739130434783,-0.353436425217761,0.0,1.0,0.0
itisbatgirl,itisbatgirl,0,-0.5002230245968541,0.35761084411484595,-0.06124845813205486,-1.2850972089384687,-0.7090828098886148,-0.2657481781108817,-0.5178525558695094,-0.14823265566338406,1.0190997565776299,1.0,0.0,1.0,0.0,0.0,0.0,0.2309266721241348,0.0,1.4170218835732347,-0.5203802507500238,-0.8578056280172041,1.3219280948873622,0.5747109066339321,-1.001066808883423,0.01123820588069472,0.15015020514688732,0.0,0.0,0.9247041696625747,1.1704824501274749,1.590428688264322,1.69445227092969,0.9978671576533245,-0.18742801495474137,-0.26743436533156595,-0.7385554229035222,-0.4782608695652174,-0.4368952564562203,0.0,0.0,0.0
Liberti2022,liberti2022,0,-0.2927616495709277,0.03759824558468536,-0.7195784184865148,0.9810791837532257,-0.17839455052593675,-0.7809794094610326,1.1358849216542513,-0.9039199870928244,-0.21166034622472585,1.0,0.0,1.0,0.0,0.0,1.0,-0.6323078819263657,0.0,-0.3154648767857287,-1.2454986898910656,-0.7310665461128588,0.0,-0.5354099811440466,-1.834843028323376,-2.746795789993661,-0.9878845388445885,1.0986122886681098,1.5849625007211563,0.0,0.0,0.0,-0.2576036959637148,-0.2785014162449113,0.1939501700506578,-0.7805774997513892,-1.6142474614235454,0.9021739130434783,-0.18677775610055403,0.0,1.4649735207179269,1.0
remisgp,remisgp,0,1.7159862041227572,1.5030074266174571,0.024567792160795254,-0.38685280723454174,0.2377838220189273,0.3838587208630653,-0.2178268687387619,1.8049930470801947,2.694708478308278,1.0,0.0,1.0,0.0,0.0,0.0,-0.35998769969564104,-0.5,-0.3154648767857287,-1.2454986898910656,-0.926594132991077,0.0,0.4645900188559534,-0.5100927301221468,-2.746795789993661,0.4676952873420722,0.6931471805599453,1.0,-0.4425070493497601,-0.3236566839097652,-0.3236566839097652,-0.2576036959637148,-0.2785014162449113,0.7887157918962442,0.38378179391180806,-0.7289715473934494,-0.8913043478260869,-0.3040096962435566,0.0,0.0,0.0
haniiiissss1387,haniiiissss1387,0,0.17525233429698936,0.5626087130549622,0.16069066252083633,0.0,0.537791498054098,0.5332146207525893,-0.7495504752119189,1.1181803660777325,2.0107628140904357,1.0,0.0,0.0,0.0,0.0,0.0,0.8070138134768777,1.2297158093186487,2.949544259628566,-1.180162942366105,-1.399506897966927,1.0,-0.06257088545345929,-1.017433106316182,-0.7317567829414229,1.2885314270347095,0.0,0.0,3.5833761401143596,3.128019942075182,3.725029340324078,1.7361398444589886,1.1344272166295468,-0.267528630741328,0.5197816758523888,-0.946146538130053,0.6413043478260869,-0.3243898201233749,0.0,1.4649735207179269,0.0
YaldaRod,yaldarod,0,0.43300995408323417,-0.06449142549198665,0.7563804104358738,0.4886084055306143,0.2623211839061445,0.619912795329347,0.38427947598253276,-0.0680300760309133,-0.13466951179894684,0.0,0.0,1.0,0.0,0.0,0.0,-0.35998769969564104,-0.5,-0.3154648767857287,0.3113746724727663,0.8294521974486694,0.0,0.4645900188559534,-0.1043990907919992,-2.746795789993661,0.35985659360437966,0.6931471805599453,1.0,-0.4425070493497601,-0.3236566839097652,-0.3236566839097652,-0.2576036959637148,-0.2785014162449113,0.9092393923472069,0.6197281383817003,0.03383013279303221,-0.41304347826086957,0.22743082242238802,0.0,0.0,0.0
mojgan07798961,mojgan07798961,0,-0.33755643396651686,0.41391364513368073,0.8716258462970289,-0.6719500161730103,-0.21774731695703414,0.6549052501444601,-0.19162599537631647,-0.3748316245836732,0.6929280489871543,1.0,0.0,1.0,0.0,1.0,0.0,0.8361289812906576,0.2924812503605782,2.2474100518427784,-0.9654265132419865,-0.7100234794620888,1.9999999999999998,0.20086936436090388,-0.7763738584193574,-0.20546392805456526,0.7009637088907776,0.0,0.0,1.3139637480162702,2.1963734419342567,2.377884109086853,1.5890559431282552,1.216377598002136,-0.2234562524284477,0.6521521697712951,-0.48984360478415545,-0.14130434782608695,-0.41517796317649813,0.0,2.0,0.0
powerpeople_,powerpeople_,0,1.233230976975523,-0.9301523001774299,0.2751752095887234,1.4567076873697251,0.9765224400594783,0.39712360873484365,0.49473413819676343,0.6845072072061241,-0.48773664836912195,1.0,0.0,1.0,0.0,0.0,0.0,0.07162957732960912,-0.5,0.0,-0.6616711790046287,0.1872569936161803,0.0,-1.244921272495501,0.09462690104781273,0.5722637286367968,0.11369445073472184,0.0,0.0,0.0,0.0,0.22963807175534695,0.15181749948264733,1.3808158204173022,0.29733058685540037,0.39697978261184674,-0.11141571713650494,-0.8804347826086957,1.4305056701730239,0.0,0.0,0.0
iran22851566,iran22851566,1,0.4157366332305796,0.2690906035927844,-0.11468699084386165,-0.12453878723484421,0.34398716559489334,0.7171987711595128,-0.33444644233239146,0.5025450236287055,0.6264343409359471,1.0,0.0,1.0,0.0,0.0,0.0,1.042392374330023,0.9999999999999999,1.9710016831946449,-0.67631980047111,-1.073613227692909,1.3219280948873622,-0.05864346272963663,-0.635429659541909,-0.04576303646779414,0.8729899297688573,0.0,0.0,1.5129415947320601,1.7539028791497544,2.2922769088018664,1.2782355664123046,0.9010460285250548,-0.35665943770892694,0.7153367985016054,-0.3325953272887653,-0.16304347826086957,-0.03734054193462826,0.0,2.0,0.0
AmiriySara,amiriysara,0,0.2658175918121151,0.7261521113474236,-0.8308104039647742,-0.19906407643677707,-0.05197393014555133,-0.8112381179571704,-0.1736450038530696,0.16961602905314957,1.1739401991269596,1.0,0.0,1.0,0.0,0.0,0.0,-0.6323078819263657,-0.5,0.18453512321427132,-1.2454986898910656,-2.719516044850958,0.0,-0.5354099811440466,-2.6038367623493377,-2.2972166956947535,-0.6021949711921766,1.0986122886681098,1.5849625007211563,0.0,0.0,-0.3236566839097652,1.1518183684983854,1.4792113113331582,0.17845317055966264,-0.8109156274414908,-1.6142474614235454,-0.2391304347826087,-0.3807105713286218,0.0,0.0,0.0
JC_Constantine1,jc_constantine1,1,-0.1279919994849595,0.4552460189380826,0.8882880059458793,-0.5113915944693856,-0.1524410444359785,0.754578720966214,0.7721551502697148,-0.7000024783155636,0.2291973029682134,1.0,0.0,0.0,0.0,0.0,0.0,0.4045117042654072,0.2924812503605782,-0.3154648767857287,0.7265414213942423,-0.24129223277324374,0.0,-0.018175176167316887,-0.10473980634006763,0.4563196062815998,0.3442208032865162,0.0,0.0,-0.4425070493497601,-0.3236566839097652,-0.3236566839097652,-0.2576036959637148,-0.2785014162449113,0.1840886351687992,0.7542374520783948,-0.009712841570185333,-0.1956521739130435,-0.3698254739339535,0.0,0.6309297535714574,0.0
DDSBobby,ddsbobby,0,0.18309281912697228,0.3081770717277367,0.6394540889592643,0.6131471927654583,0.4762670683540171,-0.10837392641975215,1.4975597225789878,-0.6713940843449925,-0.07665068410559335,1.0,0.0,0.0,0.0,1.0,1.0,0.4316172770252502,-0.5,0.18453512321427132,0.2248810159532812,-0.06069792717442255,1.0,-0.5354099811440466,-0.06048837438677574,0.39912039770028374,-0.5846663073070748,0.0,0.0,0.0,0.0,0.22963807175534695,0.5944578971427653,0.19171524643777607,-0.27947742714400947,-0.10865408957277932,-0.18893117488281688,0.8043478260869565,-0.1665024450205395,0.0,0.0,0.0
Tanha59977799,tanha59977799,1,0.7760520341913452,0.8171468953865647,0.023289557065847552,-0.05880282340755195,-0.7794135773831914,-0.5614541007498101,-0.3806832776778834,0.9548027379231047,1.5971296566417312,1.0,0.0,1.0,0.0,1.0,1.0,-0.0876675174649165,-0.5,-0.3154648767857287,-0.20758259602405685,-0.5871056444143196,0.0,0.1741016184953216,0.1631084346670867,0.5175447098957979,-0.25027513938390616,0.0,0.0,-0.4425070493497601,-0.3236566839097652,-0.3236566839097652,-0.2576036959637148,-0.2785014162449113,-0.03399560211663639,-0.5612486839124735,-0.0064504789529071386,0.391304347826087,-0.25096282565966455,0.0,2.0,0.0
Santamorte00,santamorte00,0,-0.38443390965019375,0.33197822527222637,0.516379383658518,-0.5113915944693856,0.25214355950761147,0.08968556602496403,-0.5759054713588492,0.06151160197075217,1.0870279251553783,1.0,0.0,1.0,0.0,0.0,1.0,-0.2006906049011154,-0.5,0.7758642925363403,-0.813033521040365,-1.1687223264321498,1.0,-0.5354099811440466,-0.8533772209615369,0.39675097630403766,0.5515130497601595,0.0,0.0,0.0,0.4077591983577851,0.782932827420459,1.518058803016898,1.0511569323264902,0.4238709689541869,0.08951765164219318,-1.0809115345564324,-0.2826086956521739,-0.38976401597833193,0.0,1.0,0.0
Artemizshahdokh,artemizshahdokh,0,-0.3743290796046026,-0.3292006717473031,0.8129581261953238,-0.38685280723454174,0.7180784268458557,0.715925633426236,-0.04469560750064218,-0.5152824525547066,-0.18766293761809819,1.0,0.0,1.0,0.0,0.0,0.0,-0.35998769969564104,0.0,1.1309297535714573,-0.8263401176684888,-0.30168854972795367,1.0,0.08967184683701962,-2.010542974317116,-0.25524704272106047,0.6611878979031481,0.0,0.0,0.0,0.6763433160902347,0.0,1.0615248561332067,1.4792113113331582,0.9581728175958482,0.7155240054700323,-1.5000401452410126,0.13043478260869565,0.034733750216355726,0.0,0.0,0.0
Cowboy_datoboy,cowboy_datoboy,0,1.7263831337753994,-0.7316126038242963,0.026389198194822674,-0.19906407643677707,-1.1902282128620512,-0.09767105398547665,0.23991780118160802,1.3959155829652863,-0.42461628987941963,1.0,0.0,1.0,0.0,0.0,0.0,-0.35998769969564104,-0.5,-0.3154648767857287,-1.2454986898910656,1.0930284795843175,0.0,-0.5354099811440466,0.9097914119065952,-2.746795789993661,-0.2218846480919465,0.6931471805599453,1.0,-0.4425070493497601,-0.3236566839097652,-0.3236566839097652,-0.2576036959637148,-0.2785014162449113,0.5428546040908612,-0.09753512901988133,0.1358655110375888,-0.8913043478260869,1.5333168568274838,0.0,0.0,0.0
JavidanIranema,javidaniranema,0,-0.2739533600111253,0.4844594181011537,-1.0726677303584837,-0.8982444017039272,-2.2415826144036037,-1.160157780525082,-0.5044952478808117,0.045099544806331646,1.2088090391692672,1.0,0.0,1.0,0.0,0.0,0.0,-0.6323078819263657,-0.5,0.18453512321427132,-1.2454986898910656,-0.14702319166198516,0.5849625007211564,1.464590018855953,-1.834843028323376,-0.4774497556423749,-0.6245060810149203,0.0,1.5849625007211563,0.0,0.0,0.22963807175534695,-0.2576036959637148,4.979228719751231,0.00023503921558818287,-1.159809258660202,-1.6142474614235454,-0.5434782608695652,-0.4293160974472834,0.0,0.0,0.0
