screen_name,has_profile,has_raw_tweet,has_temporal,has_graph
PatriotPointman,True,False,True,False
IranZiba1401,True,False,True,False
KathyMobarez,True,True,True,False
MIIran20194,True,False,True,False
Artemis540721,True,False,True,False
tifraghe_n,True,False,True,False
EstouComIsrael,True,False,True,True
jjauthor,True,False,True,False
Lillian3003,True,False,True,False
amiralikohrang,True,False,True,False
Limportant_fr,True,False,True,False
SaraArya492797,True,False,True,False
Independent,True,False,True,False
Afsun_jnd,True,False,True,False
rahaey198039194,True,False,True,False
republic,True,False,True,False
rahe_AZADI_5,True,True,True,False
dadkhahim,True,True,True,False
kouroshjanani,True,False,True,False
HiwaTubeAI,True,True,True,False
MohammadLevel0,True,False,True,True
BlackAdler21,True,False,True,False
business,True,False,True,False
kazeroonkings,True,True,True,False
SHAYA9000,True,True,True,False
Tina34832552745,True,False,True,False
shiny_monarchy,True,False,True,False
IRANIAZAD140,True,True,True,False
AlirezaP76612,True,False,True,False
MadScience2099,True,False,True,False
ShiraziShaheen,True,True,True,True
Pirouznaha19831,True,False,True,False
king7851007,True,False,True,False
upuouo,True,True,True,False
PahlaviahoraeeP,True,True,True,True
flexcr7,True,True,True,False
suma01197664932,True,False,True,False
Narxcvi,True,False,True,False
unknownproteste,True,True,True,False
saeid_555555,True,True,True,True
LaydenRobinson,True,False,True,False
Sadie_NC,True,False,True,False
AmbientArthur,True,False,True,False
Mona20211013,True,False,True,False
zall_rosta48131,True,False,True,False
mahraha99,True,False,True,False
GreyWol08482159,True,True,True,False
Nik_Mirbat,True,False,True,False
QuantumFlux36,True,False,True,False
Varparideh1,True,False,True,False
YouSimDotAI,True,False,True,True
rajchx,True,False,True,False
WarRioR0107,True,False,True,False
GuntherEagleman,True,False,True,False
MAGAVoice,True,False,True,False
WIONews,True,False,True,False
M_mhdys,True,False,True,True
FafaMarefat,True,False,True,False
WashTimes,True,False,True,False
shahdadmahr123,True,False,True,False
haniiiissss1387,True,True,True,False
fani301611661,True,False,True,False
shekast57tt,True,False,True,False
faanooos8,True,False,True,False
Nezha_9515,True,True,True,False
Arthr1678,True,False,True,False
KiMo10626877,True,True,True,False
Mallys58560164,True,False,True,False
MahSaghi232323,True,False,True,False
DibaPanah,True,False,True,False
SprinterObserve,True,False,True,False
RezaRez11109331,True,True,True,False
UPPRD1948,True,False,True,False
Banuyetehrani,True,True,True,False
DimaMezon13570,True,False,True,False
shaahhdost2,True,False,True,False
elaheshake60650,True,False,True,True
charterererer,True,False,True,False
arjangdiv1,True,False,True,False
pahlavikhah43,True,True,True,False
mohammadd4456,True,True,True,False
ScarFace2582,True,False,True,False
Edelwei17723905,True,False,True,True
arman717366,True,False,True,False
fariborz3164,True,False,True,False
OcrazioCornPop,True,False,True,False
Katierebel2nd,True,True,True,False
arashpakzad13,True,False,True,False
ZifiriElif,True,False,True,False
saramobarez1,True,True,True,False
Fr33domSeek3r,True,False,True,False
SonDemirLeydim,True,False,True,False
Iran21368218,True,False,True,False
razrad1395,True,False,True,True
mostafaa2024,True,True,True,False
Omidirniazad,True,False,True,False
fuxy_twite,True,True,True,False
hichopochh,True,False,True,False
bahmanxxx,True,False,True,False
Utbde_,True,False,True,False
MohammadSaam_M,True,True,True,False
Springforall,True,False,True,True
Esep65,True,False,True,False
Bahar_e_Azadi,True,True,True,False
Hoorieh81,True,True,True,True
roohkhaste,True,False,True,False
Farbodahmadi880,True,True,True,True
ArteshAriamehr,True,True,True,False
FinchyUnplugged,True,False,True,True
MaryamS70339240,True,False,True,False
MrsadQ23976,True,False,True,False
MaaYa_N00R,True,False,True,False
rda_mhmd32862,True,False,True,False
AlHadath,True,False,True,False
angelvibes2024,True,False,True,False
nahidsh527641,True,False,True,False
shari32521943,True,False,True,False
Aryamehr22,True,False,True,False
k67451,True,False,True,True
Dark_nighting_m,True,False,True,False
MahtabH12025,True,False,True,False
SediKh36,True,False,True,False
the_leoleeny,True,True,True,False
SarneveshtRenew,True,False,True,False
ggehhry2,True,True,True,True
ahmad17496011,True,False,True,False
ihavenoideaid,True,False,True,False
DehkordiAzar,True,False,True,True
TaranehRaki,True,False,True,False
Pahlavist2582,True,True,True,False
SkyNews,True,False,True,False
TrashPandaTv,True,False,True,False
siaayrom,True,True,True,False
faripat177,True,False,True,False
BelendLaura,True,False,True,False
ankit2290537665,True,False,True,False
siavash_sepehr0,True,True,True,True
Anna_lena2022,True,False,True,False
cheeiizz,True,False,True,False
IRAN42242621455,True,False,True,False
TRUMP_ARMY_,True,False,True,False
Freedom202219,True,False,True,False
rahar9075,True,True,True,False
laburnum1000,True,False,True,True
FreeIran_2019,True,False,True,True
pirozzzzzzzzz,True,True,True,False
farahsahdost65,True,False,True,False
PadeshahPahlavi,True,False,True,False
mrp42227,True,False,True,False
MitraIrani369,True,False,True,True
Azadii3326,True,False,True,False
NaraJokar,True,False,True,False
FaranakAzad1,True,True,True,False
Telegraph,True,False,True,False
undertaker1369,True,False,True,False
mrhosein00,True,True,True,False
Menelik90,True,False,True,False
FreeIran_ForUs,True,False,True,False
Hihihi866415951,True,False,True,False
Brad_S_M,True,False,True,False
rasookosh,True,False,True,False
Mh_sabihi184,True,False,True,False
Kourosh77335174,True,False,True,False
SalgardMahsa1,True,False,True,True
RiyazatMohamad,True,False,True,False
kann_news,True,False,True,False
zeldalevine2022,True,False,True,True
Sim148941162185,True,False,True,False
HirAn_irani,True,True,True,False
FoxNews,True,False,True,False
JShahemon91471,True,False,True,False
diidebann,True,False,True,False
Lilibahari90,True,False,True,False
Rakesh76634503,True,False,True,False
ManNight2001,True,False,True,True
Roya432,True,False,True,False
blindassassin06,True,False,True,False
Afshar_2023,True,False,True,False
Meshkatt_Iranl,True,False,True,False
Pahlavist091339,True,False,True,True
spacecardealers,True,False,True,False
pahlavismcom,True,False,True,False
mohsen1401wine,True,False,True,False
marschild171,True,False,True,False
seda19906994,True,False,True,False
sootsolh,True,False,True,False
adelirani04833,True,False,True,False
RoyaBDream,True,False,True,False
MehrdadShahii,True,False,True,False
avaavaavin,True,False,True,False
hzhar9686923,True,False,True,False
IRANalwaysIRAN,True,False,True,False
JavidShah0000,True,True,True,False
ulzanaSwar,True,False,True,False
sokkkkoott,True,False,True,False
RadfarZari,True,False,True,False
hashemasa,True,True,True,True
MPLRQ1,True,False,True,False
1193634420000993280,True,False,True,False
nazaninshki,True,False,True,True
OYourNameHereO,True,False,True,False
faryadazadi59,True,False,True,True
SalgardMahsa5,True,False,True,False
Fourour5555,True,False,True,False
ForadiMohammad,True,True,True,False
Farid1242040519,True,False,True,False
lori5297,True,False,True,False
rahimy166,True,True,True,False
yekrozkhobe,True,False,True,False
simin223316966,True,True,True,False
ChakavakMan,True,False,True,False
fatemah_heidari,True,False,True,False
sdghmrz,True,False,True,False
shhrzdzP2020,True,False,True,False
WWF,True,False,True,False
andrew615066,True,False,True,False
CherylWroteIt,True,False,True,False
MOperaPhantom,True,True,True,False
BBCNews,True,False,True,False
BinnatRauf,True,False,True,False
manijeh_rabiei,True,False,True,False
56HEXis1wDSx7vo,True,False,True,False
MMhmdy797,True,False,True,False
Asayesh176,True,False,True,True
6njeli,True,True,True,False
Sho_Ber_5,True,True,True,False
Islam_is_f_word,True,False,True,False
Reddington_LA,True,True,True,True
TahsinZhaleh,True,True,True,True
Mehr64208049,True,False,True,False
SushyanPahlavi,True,True,True,True
IranIntl,True,True,True,True
Pegahan___,True,False,True,False
neptunegalaxy21,True,True,True,False
ATA_2500,True,False,True,False
GonarRad50381,True,False,True,False
stillgray,True,False,True,False
_FirstIran,True,False,True,False
corrrdeliiiaaa,True,True,True,False
ElmiraHossein12,True,False,True,False
bardi1980,True,True,True,False
soosan1333,True,False,True,False
yYh8x5hC6nxh1Wd,True,True,True,True
mahsa_300,True,True,True,False
NasehMohi,True,True,True,False
HastiGh4,True,True,True,True
Morad_Irani,True,False,True,False
Firedragon243,True,False,True,False
virgoasare,True,False,True,False
YasiPatriot,True,True,True,True
MbaZohreh,True,False,True,False
formanovski,True,False,True,True
hardseltzerr,True,True,True,False
Anahita_godess,True,False,True,False
Irandokht25839,True,False,True,False
mikehastamaziz,True,False,True,False
Alic98210073,True,False,True,False
Arthor65575236,True,False,True,True
indypersian,True,True,True,True
MamanBozork,True,False,True,False
Siyavash_shooo,True,False,True,False
watrzm200414,True,False,True,False
BarfiiIran,True,True,True,True
GatineauPatrick,True,False,True,False
BearVAK,True,False,True,False
RoniieG20470,True,False,True,True
2pi21,True,False,True,False
AJMougin,True,False,True,True
Marie36822764,True,True,True,False
IranaHarrison,True,False,True,False
leonam_2,True,False,True,False
CTVNews,True,False,True,False
Limbo_frdom,True,False,True,False
AxtarmasC,True,False,True,False
BamdadPirouzi,True,True,True,False
ShahinMajelan,True,True,True,False
frank_1929,True,True,True,False
newday2526,True,False,True,False
hightesla,True,True,True,False
Sepideh52191550,True,True,True,False
i_shezem,True,False,True,False
EbneHava,True,True,True,True
SaraZ5015,True,False,True,False
YourTeepicalguy,True,False,True,False
shaporyekom,True,False,True,False
Benevis1402,True,False,True,False
j_srbaz,True,False,True,False
MehDi4856,True,False,True,False
am5390095571839,True,False,True,False
Mqaj72,True,False,True,False
Kian_from_Iran,True,False,True,False
Jerusalem_Post,True,False,True,False
Sabadrangi,True,False,True,False
Iran57sos,True,False,True,False
AzadehKhorasan,True,True,True,True
AJABreaking,True,False,True,False
iironee1,True,False,True,False
EpicurStarts,True,False,True,False
M__binesh_00,True,False,True,False
california123AA,True,True,True,False
Tara05397483,True,False,True,False
CyrusGreatSon,True,True,True,False
kamali_mas60691,True,False,True,False
IspahbadhSina,True,False,True,False
TammNews,True,False,True,False
KarimSnowman,True,True,True,False
Nastaran9638495,True,True,True,True
Mino1554447,True,False,True,True
darkblueahmad,True,False,True,False
ArashKaamangir,True,False,True,False
apostrophe___S_,True,False,True,False
VivaFreeIran22,True,False,True,False
Banuirani84,True,True,True,False
KhTayebeh50043,True,False,True,False
ChildrenFlagIs,True,False,True,True
sattarkhan121,True,True,True,True
AfiFlysky,True,False,True,False
mn_shah83271,True,False,True,False
Bardia_izadmehr,True,False,True,False
alkar1899342,True,False,True,True
gildvark,True,False,True,False
golfammmmmm,True,False,True,False
Ffarhad7412,True,True,True,False
aghachurchill,True,True,True,False
Tajabi4,True,False,True,False
Haalifax,True,False,True,False
dashalivafaei,True,False,True,False
AsharqNews,True,False,True,False
Break4Bad,True,False,True,False
ahmadrezaei404,True,False,True,False
MashinMonee,True,True,True,False
_HellBoy___,True,False,True,False
Sadaf__12,True,True,True,True
ahora_jadid,True,False,True,False
GanaciLalapo,True,False,True,False
sheykhbabar2,True,True,True,False
NedaBahar2,True,False,True,False
A94132868103641,True,False,True,False
NasimBara,True,False,True,False
artndesign823,True,False,True,False
nik4076,True,False,True,False
Loocoomootive,True,False,True,True
Pedar_Bozorgggg,True,True,True,False
Peroz401939762,True,True,True,False
minoobanoo9,True,False,True,False
nyili_i,True,False,True,False
koroshkabirj,True,False,True,False
rwn97165123,True,False,True,False
BRezaaa33133,True,False,True,False
__H59__,True,True,True,False
Maysamnoorelah1,True,False,True,False
LebForcesNews,True,False,True,False
LiberteGadfly,True,False,True,False
wewillwinyeah,True,False,True,False
TimesofIsrael,True,False,True,False
max_mad777,True,True,True,False
IrannManaa,True,False,True,False
Pahlavilovers,True,False,True,False
LadyRose1400,True,False,True,False
0100Barg,True,False,True,False
DrSaeid1971,True,False,True,False
turtlebot_1,True,False,True,False
L0mpan,True,True,True,False
shah____rukh,True,False,True,False
DaDmehr37,True,False,True,False
limondar0,True,True,True,False
TIME,True,False,True,False
joker19400000,True,False,True,False
Why0101010101,True,False,True,False
Online_khabar,True,False,True,False
JavidIran_2580,True,False,True,True
LiliSey7272,True,False,True,False
starsat53782079,True,False,True,False
GAZAWOOD1,True,False,True,False
pilthon666,True,False,True,False
teslaownersSV,True,False,True,False
hamidraad91,True,False,True,True
Raheleh_1981,True,False,True,False
DamDami,True,True,True,False
HopeIranian,True,False,True,False
AdelBadel7,True,True,True,True
mmd1218123,True,False,True,False
ZaneSharghi1358,True,True,True,False
7mrseven77,True,False,True,False
AsHediyeh,True,False,True,False
arghavan402,True,False,True,False
piroozii6,True,False,True,False
tokhmishokkhmi,True,False,True,False
_sabz666,True,False,True,False
neltu20mm,True,False,True,False
AmirA372165,True,False,True,False
RosslynKn9,True,False,True,False
SherlockSh1202,True,False,True,False
by6qd26cnz,True,False,True,False
IranSwastika,True,False,True,False
MarioNawfal,True,False,True,False
babakkhoram01,True,False,True,False
sun135570,True,False,True,False
Khizesh_mardomi,True,False,True,False
parvin17647,True,False,True,False
Shohre585459351,True,False,True,True
iran22851566,True,True,True,False
Havenochoi50795,True,False,True,False
senooranIR,True,False,True,False
ANONYMOUSACE006,True,False,True,False
homeyramis,True,True,True,False
SaiedehSaideh59,True,True,True,True
IranKhan000m,True,False,True,False
mamoli134821,True,False,True,True
Narciss06615487,True,False,True,False
khahare_babi,True,False,True,False
AlMayadeenLive,True,False,True,False
DaemonTargryenn,True,False,True,False
soroush_mary,True,True,True,False
talaye738,True,True,True,False
MrJamesKingdom2,True,False,True,False
CemalK25777Cema,True,True,True,False
YourAnonCentral,True,False,True,False
EzmiroMonique,True,False,True,False
mitra1299075,True,False,True,True
i_AkbarBadshah,True,False,True,False
Mard_e_kohan,True,False,True,False
KakumeiShin,True,False,True,False
psychology49590,True,False,True,False
azad3822217,True,False,True,False
Cassandana22,True,False,True,False
Robiiin_Hoodx,True,False,True,False
AvaMahoor,True,False,True,False
soniairani1365,True,False,True,False
4CKIUI,True,False,True,False
KingAchaemenian,True,False,True,True
NadrZandi,True,False,True,False
fatemeh83230933,True,False,True,False
52_HZ_WHAALE,True,False,True,False
Alijan385903,True,False,True,False
FairyM12,True,False,True,False
vianack22,True,False,True,False
Mohadeseh1133,True,True,True,False
PAladiNIran,True,False,True,False
hawksinister,True,False,True,False
sygarfrwsh70584,True,False,True,False
FTfwydy51514,True,False,True,True
AngelIrania,True,False,True,True
ssoltani4,True,False,True,False
Pantea_t1,True,False,True,False
AfshinVafadar7,True,False,True,False
kamyar922,True,False,True,False
trgryn17URO,True,False,True,False
StealthMedical1,True,False,True,False
MadameFigarO3,True,False,True,False
PanteaRasouli,True,True,True,True
dadmehr_37,True,False,True,False
ShehabNany,True,False,True,False
hsbzypwr,True,False,True,False
Azam4freedom,True,False,True,True
veyselkripto,True,False,True,False
mahm69286,True,False,True,False
KhujyB15150,True,False,True,True
fardinpage,True,False,True,False
unknownman058,True,False,True,False
sasan5066461056,True,False,True,False
RpsAgainstTrump,True,False,True,False
llftt142462,True,False,True,False
MFshfshh71601,True,True,True,False
BrandieWithABee,True,False,True,False
JewishWarrior13,True,False,True,False
FXMNDLSN,True,True,True,False
maziyarpahlavan,True,False,True,True
manpou1400,True,False,True,False
Godfreedomiran8,True,False,True,False
MTanha03530340,True,False,True,False
iranianpatrio1,True,False,True,False
Amam_Sik,True,False,True,False
armanshahriari,True,False,True,False
PRSTARKOCHOLO,True,False,True,False
H_2Arya,True,True,True,False
Parnim4,True,False,True,False
WtnJanm,True,False,True,False
GILDA39076914,True,False,True,True
sandys_khor,True,True,True,False
Romrom00467453,True,False,True,False
Mahmoud55791825,True,True,True,False
SkyNewsArabia_B,True,False,True,False
sushiant10,True,False,True,False
AtumSun,True,False,True,False
VoiceOfVoicels,True,False,True,False
calllmejanan,True,False,True,True
babak19p,True,False,True,False
Nave_khann,True,False,True,False
Shadnaz79,True,False,True,False
jm58_13jk,True,False,True,False
Elham42302688,True,False,True,False
ariae007,True,False,True,False
Oliwertuist,True,False,True,False
RendKharabat56,True,False,True,False
Shadigh18,True,False,True,False
Rainmaker1973,True,False,True,False
rosa78412868,True,False,True,False
AzadiV19124,True,False,True,False
Melani18052417,True,False,True,False
RP_IR57,True,False,True,False
Parya6530,True,False,True,False
Babak169497,True,False,True,True
merlin_a_h,True,True,True,False
InfiniteLord6,True,False,True,False
EMohbbi,True,False,True,False
a_eslammanesh,True,False,True,False
Ariamehr92,True,False,True,False
orion_8926,True,False,True,False
kianomadi,True,False,True,False
Mohsen11872185,True,False,True,False
ahooraii1429096,True,False,True,False
BBCWorld,True,False,True,False
kwhyar89521,True,False,True,False
IranNewsAgency0,True,True,True,False
iraniangirl3725,True,False,True,False
ChukChain,True,False,True,False
Tara1576,True,False,True,False
realshadmehrr,True,False,True,False
IRAN_javid2500,True,False,True,False
GardSrbaz27658,True,False,True,False
mazot135,True,False,True,True
JBun06Jl0r1379,True,False,True,False
lexi__princess,True,True,True,False
Babak19700,True,False,True,False
Patelindianlion,True,False,True,True
longliveiran401,True,False,True,False
rebeka202589053,True,False,True,False
azad123643,True,False,True,False
ap_sahel67,True,False,True,True
realpreston714,True,False,True,False
zareeireza5,True,False,True,False
omid_133A,True,True,True,False
maryan1810,True,True,True,False
AJEnglish,True,False,True,False
azar87020677,True,False,True,False
AMIRAmi47246274,True,False,True,False
AzadiIran332846,True,False,True,False
Benton__Fraser,True,False,True,False
Shally29884255,True,False,True,False
JKharazmi53629,True,False,True,False
Fariba23581280,True,False,True,False
Baraye_Azadi_,True,True,True,False
abwalfdl_a25383,True,False,True,False
Newsweek,True,False,True,False
mandaliov118,True,False,True,False
m_kwthr,True,False,True,True
albiladpress,True,False,True,False
pahlavi3393,True,False,True,True
Kourosh634,True,True,True,False
senatorpersia,True,False,True,False
hich9922,True,False,True,True
RadicalSatanist,True,False,True,False
4WomLifeFreeDom,True,False,True,False
seyedMuostafa,True,True,True,False
Mia795806987870,True,False,True,False
sadeghi1401,True,False,True,False
Cherry__Cherr,True,False,True,False
Sssccpp,True,True,True,False
_aastik_ladki,True,False,True,False
RasaneyeShah,True,False,True,True
chelpaseh,True,False,True,False
LaleasorkhJahan,True,False,True,False
Raha_B_E_1,True,True,True,True
Tinaaa2048,True,True,True,False
mjbanaie1341,True,False,True,False
cherkmord,True,False,True,False
KaraMohamm83702,True,False,True,False
JBehieh,True,True,True,True
Christy4Change,True,False,True,False
2EWq3UMdP984rw3,True,False,True,False
navidi49,True,True,True,False
lili_n2022,True,False,True,True
bagaoylebakma,True,False,True,False
Behnaz28,True,False,True,False
delkook5889,True,False,True,False
Azar_Javidan,True,False,True,False
iranianpappppi3,True,True,True,False
SefidBarrfii,True,False,True,False
HerSereneLibre,True,False,True,False
dragoonIran,True,False,True,False
leila72133003,True,False,True,False
MohamadSHAHnaam,True,False,True,False
Nasimedegar,True,False,True,False
Hima777_,True,False,True,False
MAHNIKAchan,True,False,True,False
starSat13467,True,False,True,False
HaMohajer,True,False,True,False
akhondkhafekon,True,False,True,True
xxxwwwji,True,False,True,False
LoueiRaz,True,False,True,False
Pahlavi0211,True,False,True,False
MajorTomGOLD,True,False,True,False
kor_zagros,True,False,True,False
beghaiil,True,False,True,True
JJtheestallion1,True,False,True,True
JavidShahansha,True,True,True,False
ImNoor255,True,False,True,False
ganga_madam,True,False,True,False
Sepehr21281537,True,False,True,False
Juliet_Speaks,True,False,True,False
Tondar1985,True,True,True,False
Og_zade,True,False,True,False
30_morgh_,True,False,True,False
tanha1358,True,True,True,False
farvahar2023,True,True,True,False
changeIran2583s,True,False,True,False
bahram32136719,True,False,True,False
David8Alexander,True,False,True,False
janminajan,True,False,True,False
SHuARi99,True,False,True,False
YarabAydad,True,True,True,False
Ramin_Langerudi,True,False,True,False
flora943,True,False,True,False
Hatam1652935,True,False,True,False
parysa_02,True,False,True,False
AkbarK65004,True,False,True,False
KashvadeganG,True,False,True,False
Freedom_of_IR,True,True,True,False
afarehdokh59805,True,False,True,True
Andreafreedom76,True,False,True,False
majid53866855,True,True,True,False
Secolaic,True,False,True,False
haj_kas,True,False,True,False
jimy1__neutron,True,False,True,False
b2Kaveh,True,True,True,False
Iranazadamman,True,False,True,False
SorenaFree,True,False,True,False
MCMT2022,True,False,True,False
Shawn_J63,True,False,True,False
Oliver_jzy,True,True,True,False
SHAHSHENAS2577,True,False,True,False
Rafaelsarmad,True,False,True,False
___IRANI,True,False,True,False
tootferangi,True,False,True,False
RezaPahlaviIran,True,False,True,False
NarrehKhar,True,False,True,False
Yasmin4freedom,True,True,True,False
PahlaviKourosh,True,True,True,False
iranii_sam,True,False,True,False
BehiGity,True,False,True,False
yaamaashitaa,True,True,True,False
goliizz,True,False,True,False
Samiratar76,True,False,True,True
koshercockney,True,False,True,False
Nasrin63467831,True,False,True,False
Narges32750076,True,False,True,False
ardeshir1387,True,True,True,False
Babakparsa151,True,False,True,False
Ourbeautyiran,True,False,True,False
MarieJamesUS,True,False,True,False
Anonymous00708,True,False,True,False
persianChamrosh,True,False,True,False
Amoooomonkey,True,False,True,False
Bethefreedomvo1,True,False,True,True
dozdroozroshan,True,False,True,True
DerrickEvans4WV,True,False,True,False
therealmindman,True,False,True,False
niloooopar,True,False,True,True
fuckallakhunds,True,False,True,False
El_manshar,True,False,True,False
Fatemeh46936624,True,False,True,False
roshanayahoo,True,False,True,False
Mina2583,True,False,True,False
Alireza25746401,True,False,True,False
athlete202122,True,False,True,False
BenjiZion,True,False,True,False
jupiter__1984,True,False,True,False
Cheekypicky_3,True,False,True,False
sna1226695,True,False,True,True
7snake777,True,False,True,False
hossein_d15,True,True,True,False
QueeniieHarley,True,False,True,False
arrez00,True,False,True,False
dabeangoori1,True,False,True,False
BarayeAzadi20,True,False,True,False
Mojirani1388,True,False,True,False
rezak121212,True,True,True,True
Adlin_SheHulk,True,True,True,True
IranPlateau1,True,True,True,True
tnzmo,True,False,True,False
maral_raha,True,False,True,False
yontan_1997,True,False,True,False
Maryam65237865,True,False,True,False
Hammrraaz,True,False,True,False
_dokhtar_shah_,True,False,True,True
scharllinn,True,True,True,False
no_itsmyturn,True,False,True,False
dokht_shahin,True,False,True,False
phase_shad,True,False,True,False
JimmyShakiba,True,False,True,False
Mohamad73050566,True,False,True,False
qzhv41111,True,False,True,False
shIran184155,True,False,True,False
BhKhda29584,True,False,True,False
FF65951791,True,False,True,False
KavehMobar85307,True,False,True,False
Shadowirankhah,True,False,True,False
Parsa1279694,True,False,True,False
Pahlavii_p,True,False,True,True
Jussi_Andelin,True,False,True,False
Sanl2021,True,False,True,False
japonii69,True,False,True,False
DrewPavlou,True,False,True,False
seedhossein2111,True,True,True,False
mojgan07798961,True,True,True,False
Tarashroomizi,True,False,True,True
Aussie_Persian,True,False,True,False
salivan17684364,True,False,True,False
ManookPatr87409,True,False,True,False
pourechista2500,True,False,True,False
DaveAtherton20,True,False,True,False
majid_ranjbaran,True,True,True,False
BabakKhaaan,True,False,True,False
SDarabkhani,True,False,True,True
amokhoobeh,True,False,True,False
BeeVan88,True,True,True,False
PjR1345,True,False,True,False
Ted_homan1361,True,True,True,True
methefighter,True,False,True,False
mazot_soz,True,False,True,True
PiroziVata21495,True,False,True,False
HegeI_javan,True,True,True,True
Sararamste,True,False,True,False
IrandokhtI35158,True,False,True,False
Iranmehr_Ali,True,False,True,False
Aryan_phoenix,True,True,True,False
ngh2017,True,False,True,False
Giti544,True,True,True,False
Tina4Humanity,True,False,True,False
jananpanah,True,False,True,False
Toyertoys5,True,False,True,False
y_sfary,True,False,True,False
LucreciaAldao,True,False,True,False
nininilii,True,False,True,False
LiberalArtist00,True,True,True,False
AjabaHaghighat,True,False,True,False
anahitam20_,True,False,True,False
Aryamehr470593,True,False,True,False
MehrdadBei8283,True,False,True,False
WarriorKampfer,True,False,True,False
ghaseda82044726,True,False,True,False
saidesfani,True,False,True,False
mahii_to,True,True,True,False
pwr_aly,True,False,True,False
MrXYZ1111,True,False,True,False
lfamily16606233,True,False,True,False
Khorshidqueen,True,False,True,False
ANITABAKT,True,True,True,False
sedayeazadd,True,False,True,True
InstaLebanon,True,False,True,False
sarbaziraaannnn,True,False,True,False
JerusalemDiary,True,False,True,False
Amir60604040,True,False,True,True
tahlilgar1234,True,False,True,False
Elsehuesid,True,False,True,False
Revolution_R_,True,True,True,True
Chobin_pahlavi,True,True,True,False
bahar48762107,True,False,True,False
____ROHI____,True,True,True,False
GhorbaniiNiyak,True,True,True,True
azarmahbanoo,True,False,True,False
BJavidaziz3539,True,False,True,False
mehraryaei1,True,False,True,False
Farfariiid,True,False,True,False
Shane4Iran,True,False,True,True
Tasnimnews_Fa,True,True,True,True
ShahabHolland,True,False,True,False
tavossiya,True,False,True,False
SamanthaIrani,True,True,True,True
mozhtaba2024,True,False,True,False
bahram582228,True,False,True,False
toobi2120,True,False,True,False
BirdTiko6641,True,False,True,True
tanhatak5112,True,True,True,True
PaiandeBadIran,True,False,True,False
Me_Unstoppable2,True,True,True,False
bacara_brave9_0,True,False,True,False
Aryammehr_2,True,True,True,False
Kolmar_kolmar,True,True,True,True
121_mitra,True,False,True,True
MakroTreder,True,False,True,False
25jeeves,True,False,True,False
A3mooon13,True,False,True,False
nanamirr,True,False,True,False
payande_iran3,True,False,True,False
MFarvardin4,True,False,True,False
Artemizshahdokh,True,True,True,False
Ahoodad1985,True,False,True,False
Arjialone,True,False,True,False
happy68vibes,True,False,True,False
Esmaeil2021ma,True,False,True,False
nika_shakaramii,True,False,True,False
LBbauhari,True,False,True,False
AhoraMazda01,True,False,True,False
Tanha_5566,True,True,True,True
Nass0070,True,False,True,False
ValiantPersian,True,False,True,False
daschiakol,True,False,True,False
_Franchi__,True,False,True,False
mi_li1an251l5,True,False,True,False
kh_milad46,True,False,True,True
locifer_A,True,False,True,False
krishnakamal077,True,False,True,False
bahar272130,True,False,True,False
IranMan58042,True,False,True,False
iran_javid72,True,False,True,False
Sanam_Iran,True,False,True,False
Parvaneh125377,True,False,True,False
Utab49,True,False,True,True
mktanha1,True,False,True,False
bahmane_m,True,False,True,False
Y_s_s_m_2020,True,False,True,True
annagha1380,True,False,True,False
Pishigirl1,True,False,True,False
HAXTAX0,True,True,True,False
IranAzad54321,True,False,True,True
aminkhss,True,True,True,False
hasanakevazir1,True,True,True,True
Arashhero3,True,False,True,False
persepolis_1963,True,False,True,False
Lionel46614583,True,False,True,False
IRAnahita,True,False,True,False
Dieba974973192,True,False,True,False
msnmyry32,True,False,True,False
Tondar_Iran2500,True,False,True,False
foladabdideh,True,False,True,False
Raha82702571,True,False,True,False
HNNM230563,True,False,True,False
atheistcyrus,True,True,True,True
Ilya69328005,True,False,True,False
arash_tehran,True,True,True,False
shadi232023,True,False,True,False
i24NEWS_HE,True,False,True,False
gkhsoulmate,True,False,True,False
arya_lon89,True,False,True,True
pane2022,True,False,True,False
subzero5mas,True,False,True,False
IMbeatreas,True,True,True,True
nafasjan903269,True,True,True,True
Persia325,True,False,True,True
Farhad182955041,True,False,True,False
SFarokhy98658,True,False,True,True
alasht_Iran,True,True,True,False
Shaloomi2581,True,False,True,False
mihanam_ir,True,False,True,False
keywarzan,True,False,True,False
koli422537,True,False,True,False
DeepLedZepp,True,False,True,False
INJUSTICESgod,True,False,True,False
tb8685729550661,True,False,True,False
irandokht_20,True,True,True,True
Mitrathird,True,False,True,False
BehnoushSoltan2,True,False,True,False
LeoBibak,True,False,True,False
CallMeIran01,True,False,True,False
Pahlavi433726,True,True,True,False
DanialArvand,True,False,True,False
Iran7888,True,False,True,False
Ava_e_rahaee,True,True,True,False
freeiran_24,True,False,True,False
Phoenix347869,True,False,True,False
ESFANDYARAN2,True,False,True,False
alijantaba23417,True,False,True,False
vatanamiran98,True,False,True,False
JavadDriver,True,False,True,False
RezaS49,True,True,True,False
tanhayektiger,True,True,True,True
Gershasp7,True,False,True,False
reptile_fight,True,True,True,False
Mahnaz16890341,True,False,True,False
Israeli0071,True,False,True,False
Nasim1913626,True,False,True,False
InTheFog57,True,False,True,False
Iranetanha61,True,False,True,False
Javidan1234,True,False,True,False
FZomorodif35743,True,False,True,False
AvYaran,True,False,True,False
Rezahashemi1919,True,True,True,False
havayekhub,True,False,True,True
rouhanim,True,True,True,True
PanteaPeyvandi,True,True,True,True
mamabcdmam,True,False,True,False
PureSoul_isback,True,False,True,True
Cilia1919,True,True,True,True
lilith965965,True,False,True,False
abas_boazarr,True,False,True,True
Aseman01287446,True,False,True,False
ForouzanHaji,True,False,True,False
bdn15036475174,True,False,True,False
ArtemizOfIran,True,False,True,False
TahminA07011401,True,False,True,False
SiyahRoz,True,False,True,False
miss_m_ja,True,False,True,False
08078875Iran,True,False,True,True
Camel6561,True,True,True,False
MarinaMedvin,True,False,True,False
AlphaM96938,True,False,True,False
Neda73Neda,True,True,True,False
Pouri2022,True,False,True,True
mozhgan47,True,False,True,False
atefewkh,True,False,True,False
jarlnplnb,True,False,True,False
__monarchy___,True,False,True,False
kirtoshajarian1,True,False,True,False
KMR_1400,True,False,True,False
Passargad20_20,True,False,True,False
samira7272,True,False,True,False
kuroosh521,True,True,True,False
sherrysh12,True,False,True,False
iran_man88,True,False,True,False
trumpnejad,True,False,True,False
Kolahkhood1,True,False,True,False
radmmehr,True,False,True,False
000Terminator,True,False,True,False
Benydaa,True,False,True,False
Shahriy65862208,True,False,True,False
SS01959435,True,False,True,False
kazemian_iman,True,False,True,False
Aryaee2000,True,False,True,False
pastoo55,True,False,True,False
mohsenborodo,True,False,True,False
judeangeneral2,True,False,True,False
FatemAG21,True,False,True,False
Amir_hastam68,True,False,True,False
ordinaryman1980,True,True,True,True
esilacSynohtnA,True,False,True,False
SuSuman03795771,True,False,True,False
Tee4kh,True,False,True,False
baaghlavaa,True,False,True,True
CopyPatsi,True,False,True,False
CactusTurquoise,True,False,True,False
IranianKing1985,True,False,True,False
aryaieeasil,True,True,True,True
realmaadd,True,False,True,False
crissss_sh,True,True,True,False
Qayeg_Bady,True,False,True,False
is_alfe,True,False,True,False
ssn722430696043,True,False,True,False
P36108Payam,True,False,True,True
tehran445522,True,False,True,False
zizi19509182,True,False,True,False
dehghani_afsane,True,False,True,False
i24NEWS_FR,True,False,True,False
Ario1401,True,True,True,True
irane___khasteh,True,False,True,False
TheAvenger1st,True,False,True,False
mostafatab3528,True,False,True,False
ZEKE0326_15,True,False,True,True
Frozan131,True,False,True,False
Lyla_lilas,True,False,True,False
Missfarah55,True,False,True,False
Sonofthebeach22,True,True,True,False
zartoushtt,True,False,True,False
JwadG77615,True,False,True,False
AlphaIranMIGA,True,False,True,True
Shabahe_Persia,True,False,True,False
WarAtHumanity,True,False,True,False
Decodism,True,False,True,False
ShSMP01,True,False,True,False
DirozpirozPiroz,True,False,True,False
Persianmanx,True,False,True,False
WydhDrby,True,False,True,True
virjust18,True,False,True,False
saghi_12aryae,True,False,True,False
andy_hosein,True,False,True,False
GhorshiMasoumeh,True,False,True,False
mmd121535,True,False,True,False
Nasrinrose1,True,True,True,True
PMOIRAN,True,True,True,True
Ario1403,True,False,True,False
AdameMedia,True,False,True,False
farhadraad28194,True,False,True,False
ArubarzanS35930,True,False,True,False
saeed1596377,True,False,True,False
Magnolia_018,True,False,True,False
Iranm2025,True,False,True,False
_Reaganite_,True,False,True,False
The_Doonald,True,True,True,False
pahlavisushyant,True,False,True,False
shahdoone99,True,False,True,False
azadhordis,True,False,True,False
Babak222b,True,False,True,False
Utauoa1970,True,False,True,False
atousa_tanha,True,False,True,False
KnightAnahita19,True,True,True,False
mahdiasadi__31,True,False,True,False
piroz90,True,False,True,False
perspolisi7152,True,False,True,False
Javiiiid_97,True,False,True,False
kharmagas_UK,True,True,True,True
baran_mehr36,True,True,True,True
AriaVatanpour,True,True,True,True
Rashel138809,True,False,True,False
BazgashteBozorg,True,False,True,False
Ritzyg2000,True,False,True,False
Merdad313313,True,False,True,True
mamevatan,True,False,True,False
baronessedulac,True,False,True,False
Deiocesking,True,False,True,False
mah_hasti,True,False,True,False
Ervin_dearcelo2,True,True,True,True
pinokio366754,True,False,True,False
Bahar00452227,True,True,True,False
Zoeker14,True,False,True,True
Calling_Parisa,True,True,True,False
Lu10nm,True,False,True,False
azadehnourani,True,False,True,False
MrsJamesAnne,True,False,True,False
JosefAlborz,True,False,True,False
Amis29881319,True,False,True,False
Aliberalbot,True,False,True,False
medij472shah,True,False,True,False
qmrkhanm,True,False,True,False
IranAriyai1,True,False,True,False
Babygravy9,True,False,True,False
CyrusAryamehr,True,False,True,False
R1385M,True,False,True,False
RosebudDonKhoan,True,True,True,False
Honeymusta5401,True,False,True,False
barandazim_2,True,False,True,False
EdwardOfIran4,True,False,True,False
mirbaluch_1,True,False,True,False
Ehsaaan93,True,False,True,False
P1AYER1_,True,False,True,False
bright_iran2025,True,False,True,True
VOAfarsi,True,True,True,True
chehre3521,True,True,True,False
2906ro,True,False,True,False
ESPANDIA4AR,True,False,True,False
dariush2023,True,True,True,True
Soroushshiri,True,False,True,False
alirezay2k,True,False,True,False
Frederic5319111,True,False,True,False
Nazdooneh1376,True,False,True,False
VividProwess,True,False,True,False
Spasaka1,True,False,True,True
RedRook19,True,False,True,False
Gardeshgar83,True,False,True,False
NikiPatriot,True,True,True,False
enferadi_shode,True,True,True,False
LilAlisMom,True,False,True,False
Hannah86872721,True,False,True,False
freeee86,True,False,True,False
OMGItsSepehr,True,False,True,False
shamanlove7777,True,False,True,False
Mihanparast12,True,False,True,True
teroy_5865,True,False,True,False
DLN_Garrett,True,False,True,False
FaIranism,True,False,True,False
Grahambel18,True,False,True,False
GharybEAshena,True,False,True,False
TheAriaFar,True,False,True,False
jeneralnasirii,True,False,True,False
sara_hendi12051,True,False,True,False
LetsGoBrando45,True,False,True,False
SabineKirs54118,True,False,True,False
darushirani13,True,True,True,False
IranRev99914122,True,False,True,False
punkpater,True,False,True,False
Elena_mbt,True,False,True,False
Cyrusdad,True,False,True,False
beyg2000,True,False,True,False
JustTheNews,True,False,True,False
Bardia1515,True,False,True,False
Tehranchi1135,True,False,True,True
parla91979,True,True,True,False
Raha71539074,True,False,True,False
freefreeman30,True,False,True,False
nastaran8888,True,True,True,True
ary57089673,True,False,True,False
Bermooda1380739,True,True,True,False
negaran67,True,False,True,True
Saeed48920740,True,True,True,True
NEWSMAX,True,False,True,False
hanaj2107,True,False,True,False
KingBacker1,True,True,True,False
Messier_M13,True,False,True,False
Hamedma80381096,True,False,True,True
moktarsaleh10,True,False,True,False
00Nietzsche,True,False,True,True
alireza54758693,True,False,True,False
Nokhod_f,True,True,True,False
melina0000z,True,False,True,False
angal_setiz,True,False,True,False
Havin_N5,True,True,True,False
sharooo70649315,True,False,True,False
MatinJerom,True,False,True,False
central466153,True,False,True,False
jino95_gh_hj___,True,False,True,False
Santamorte00,True,True,True,False
DRdayy25957,True,False,True,False
Artan496,True,False,True,False
18Mandana,True,True,True,False
SantaSurfing,True,False,True,False
starcrosse13,True,False,True,False
598_121,True,False,True,True
cicikhanoom,True,True,True,True
gh0lch0magh,True,True,True,True
GuitaSharifi,True,False,True,False
NtguardV,True,False,True,False
King12991,True,False,True,False
fh_farhad66749,True,False,True,False
anzhelaaryaie,True,False,True,False
IR_Kermanshah,True,True,True,True
Koroshariae2021,True,True,True,False
konstan60537153,True,False,True,False
Dadylongleggpv,True,True,True,False
RMfaris8,True,False,True,False
kasra5001,True,False,True,False
MaryAbtArt,True,False,True,False
parspersian,True,True,True,False
mastopatill1,True,False,True,False
ArashBarzan_,True,False,True,False
iranzad_98,True,True,True,True
AkbarEhrari,True,False,True,True
Nationalist101,True,True,True,True
Mr20228,True,True,True,False
golberg2582,True,True,True,False
TinaFay1978,True,True,True,False
Ariyamehr123V,True,False,True,False
Maks_NAFO_FELLA,True,False,True,False
endless00summer,True,False,True,False
parsemard,True,False,True,True
azadi_iran1400,True,False,True,False
prokssee,True,False,True,False
SMhmar,True,False,True,False
mahsa_m02,True,False,True,False
Asadi222Mehrdad,True,True,True,True
farzadkardan22,True,False,True,False
Pro_Pahlavi,True,True,True,False
Darya00018177,True,False,True,False
marg_bar_3fased,True,False,True,False
imaginelord,True,False,True,False
sin1693745,True,False,True,False
aloneiranian911,True,False,True,False
Javid___Iran,True,False,True,False
ARTEMIS546438,True,False,True,False
MSotedlan15136,True,False,True,True
Nervana_1,True,False,True,False
Iran28232974850,True,False,True,False
Royal77d,True,False,True,False
TTamYouRz,True,False,True,False
BeeBahar7,True,False,True,False
19083rtv,True,False,True,False
_MeduSia_,True,False,True,True
VidaSarafraz,True,True,True,True
revenanttttt,True,False,True,False
DawnAndTheX,True,True,True,False
KhorshidDavtal1,True,False,True,False
Mahsa35557669,True,False,True,False
ManotoNews,True,True,True,False
siibiilkoloft,True,False,True,False
sentdefender,True,False,True,False
anasar1360,True,False,True,True
IQazaal,True,True,True,False
Yn4Iran,True,False,True,True
pedarepesaree,True,False,True,False
Lionandsun22,True,False,True,False
ShaahinPahlavi,True,False,True,False
Rasa1666696,True,False,True,False
amiirhosseiinam,True,True,True,False
miidmiid1764,True,False,True,False
tahmtan762333,True,False,True,True
booofekour84,True,False,True,False
rahayee_,True,True,True,False
eddiexis,True,False,True,True
sermantis,True,False,True,False
ayhan_shms59379,True,False,True,False
Shahparast7,True,False,True,False
P3rf3ctCircl3,True,False,True,True
SChoogha,True,False,True,False
senator20tirr,True,False,True,False
Dariush96173036,True,False,True,False
niloufarevahshi,True,False,True,False
KaveSarbaz,True,False,True,True
Azadlavasani,True,True,True,False
tarakd8_d,True,False,True,True
SebGorka,True,False,True,False
Antikarma94,True,False,True,False
hastyarrr,True,True,True,True
MenOfSteel2022,True,False,True,False
ManiSiamak,True,False,True,False
officiallkaveh,True,False,True,False
MT_V1359,True,False,True,False
xzy_o0,True,False,True,False
BK71761215,True,False,True,False
Nazdooneh76,True,False,True,False
zanoazadi1401,True,False,True,False
saeedsiary,True,False,True,False
Now14Israel,True,False,True,True
GreatPersiamap,True,False,True,False
DEVILBAZI,True,False,True,False
iran___f,True,False,True,False
trumprealparody,True,False,True,False
SHAH_2582,True,False,True,False
Everton4Life,True,False,True,False
azad96500222752,True,False,True,False
ManjiBato,True,False,True,False
dariushkingph,True,False,True,True
AmestrisHK,True,False,True,False
fariborz25992,True,False,True,False
itsmesirenn,True,False,True,False
bihooooodeh,True,False,True,False
kabotarane50771,True,False,True,False
arteemis60,True,True,True,False
marianmeyer0,True,True,True,False
TheInsiderPaper,True,False,True,False
Ferial787400,True,False,True,True
minoubanu,True,False,True,False
artesh_shah,True,True,True,False
kouroch7,True,True,True,False
twiterrism819,True,False,True,False
NoorAba12752428,True,False,True,True
AhmadrezaM16642,True,False,True,True
shahii1984,True,True,True,False
irantissss2,True,False,True,False
persian_phenix,True,False,True,True
MmM1864048,True,False,True,False
Emen43054466,True,True,True,False
jilla9,True,False,True,False
Fariba31814955,True,False,True,False
pan00pun,True,False,True,False
shahpahlavi2585,True,False,True,True
memaaaaar,True,False,True,True
Scoobs9563,True,False,True,True
zohrehfardi,True,False,True,False
Mahshid78364573,True,False,True,False
RadioFarda_,True,True,True,True
LNokhod,True,False,True,False
maremoolak,True,False,True,False
RevolutionsMage,True,False,True,False
marmar0n,True,False,True,False
Jouana1985Mari,True,False,True,False
Volotofblue,True,False,True,False
fari71880431,True,False,True,False
spaceman2500,True,False,True,True
Reza33357,True,False,True,False
jalovemila,True,True,True,False
DAPA98693926,True,False,True,False
miss_persia,True,False,True,False
TazehRamin,True,False,True,False
SetarehSahely,True,False,True,False
CheshmeEla61929,True,False,True,True
FWYYyhr5fa2MVQl,True,False,True,True
Mehran05836997,True,False,True,False
tiffanytitan78,True,False,True,False
Ariamehr_ab,True,False,True,False
Alitavakol20853,True,False,True,False
TheShayanX,True,False,True,True
Hossein_PHA,True,False,True,False
REGIME_CHANGE03,True,True,True,True
gankitca,True,False,True,False
parsi27871,True,True,True,True
Yasmina00980,True,False,True,False
Mitramitra84,True,False,True,False
LiberdadeMulher,True,False,True,False
thesittinggav,True,True,True,False
Rozbeh158865,True,False,True,False
Me_Hamed_Myself,True,True,True,True
venus133333,True,True,True,False
horina387787,True,False,True,False
mina_uniq,True,False,True,False
Figaro_Culture,True,False,True,False
DezhavoIran,True,False,True,False
EliAfriatISR,True,False,True,False
i24NEWS_EN,True,False,True,False
setareh899602,True,False,True,False
Amooamirkhan,True,True,True,False
Sokoot3333,True,True,True,False
Azta68014549,True,False,True,False
dehghannejhad,True,False,True,False
agapeh37,True,False,True,False
22casper222,True,False,True,False
JJToji,True,False,True,False
We_R_D_Street,True,False,True,False
EmpireOfPahlavi,True,False,True,True
azarman5,True,False,True,False
pariszmn,True,False,True,False
ashkan00000,True,False,True,False
omarabdulsatar,True,False,True,False
visegrad24,True,False,True,False
Scarfac__,True,False,True,False
MarMary70,True,False,True,True
TheNuurses_Iran,True,False,True,False
MarySoroush,True,False,True,False
GolestanParsa,True,True,True,False
AryayyKurd15777,True,False,True,True
sirous15,True,True,True,False
PIISHGOO,True,True,True,False
AzBprs,True,False,True,False
Fateme30752833,True,False,True,False
eUtBjVIDhcr98fg,True,False,True,False
mehdimmj,True,False,True,True
hamdastan_ariu,True,False,True,False
NaeimShahi_Nima,True,True,True,False
Sarah4Trump_,True,False,True,False
NilloofarAbi,True,False,True,True
lyyyllaaa,True,False,True,False
zarrin12918,True,False,True,True
ArmaylW51414,True,False,True,False
defense_civil25,True,False,True,False
MyrkrOne,True,False,True,False
aljon_66,True,False,True,True
Rezakha69399676,True,False,True,False
Mojtabapacino,True,True,True,False
iran76054534010,True,False,True,False
HatIsRed,True,True,True,False
Fer67181611,True,False,True,False
TheKnite19456,True,False,True,False
yatok,True,False,True,True
elmou1e,True,False,True,False
Aman_IDF_Kidon,True,False,True,False
annan_85,True,False,True,False
dragon22justdoi,True,False,True,False
Bahmanman20,True,False,True,True
SoleymaniAzadeh,True,True,True,False
Girlpatriot1974,True,False,True,False
yalnizkartal041,True,True,True,False
sazanist40,True,True,True,True
CALI4AZ,True,False,True,False
shahab863806,True,False,True,False
setayesh1526370,True,False,True,False
Forgott2539,True,False,True,False
RozeIrani,True,False,True,False
IanJaeger29,True,False,True,False
Hedil70902045,True,False,True,False
H2Sapiens,True,False,True,False
ShayanX0,True,True,True,True
Aatash43,True,False,True,False
libertycopula,True,False,True,False
Pars535,True,False,True,False
Maya145486,True,False,True,False
Azad_Iran_Ma,True,False,True,True
Sentinel_2500,True,False,True,False
Shahriar3690,True,False,True,False
remisgp,True,True,True,True
Xerxes_013,True,False,True,False
azadyIran4968,True,False,True,False
Aria__2564,True,False,True,False
x_partab,True,False,True,True
ZSanieyan77844,True,False,True,False
mkh28083823,True,False,True,False
BAMEH20,True,False,True,False
MahdiBaladi1,True,False,True,False
sorush7543,True,False,True,False
hadimehrane1,True,True,True,False
GhableToofan,True,False,True,False
JM_pensylvani,True,True,True,False
bertoltberesht,True,False,True,False
fary54106641322,True,False,True,False
Tima942463,True,False,True,False
SohrabAst4,True,False,True,False
,True,False,True,False
Roxana__2020,True,False,True,False
HasanDasht89202,True,False,True,False
mazipor,True,False,True,False
Zara65495138,True,False,True,False
MehranShirazii,True,True,True,False
barbod7777,True,False,True,False
movingcastleho,True,False,True,False
biiikherd57,True,False,True,True
KermatosBackup,True,False,True,False
KianAkbarian,True,False,True,True
ashi_mashi_cr7,True,False,True,False
SP131523,True,False,True,False
PinkOrc56631651,True,False,True,False
fibismellycat,True,False,True,False
areyaee90371,True,False,True,False
FreeExpression8,True,False,True,False
Yass30ss30ss30,True,False,True,False
UTrooper63351,True,False,True,False
Mahdi35711413,True,False,True,False
ffarrah229,True,False,True,False
AmirAarsham,True,False,True,False
ShrMhmdy84130,True,False,True,False
iran_son2,True,False,True,False
pasargadguard,True,True,True,False
zagros_b2,True,False,True,False
Yasna25iran,True,False,True,False
MntzrSday,True,False,True,False
Pinkpanther_gi,True,False,True,True
Counsel121,True,False,True,True
bidari60,True,True,True,False
Aban9P,True,False,True,False
feri_farokh,True,False,True,False
KavehZahmatkesh,True,False,True,False
ML2A1996,True,False,True,False
Fariborzabdoll8,True,False,True,True
Batzion2000,True,False,True,False
boujmat29854,True,False,True,True
gunsnrosesgirl3,True,False,True,False
0DZiSITpiiNtEKe,True,True,True,False
mirzaroshdieh2,True,False,True,False
Sunflower746347,True,False,True,True
HShafiee22334,True,False,True,False
0_0MeowMeow0_0,True,False,True,False
niloojoon66,True,False,True,False
Farahnazz_Sedi,True,False,True,False
ailar2580,True,False,True,False
majarajo2,True,False,True,False
GhassemKotlet,True,False,True,False
hoiat417181,True,False,True,False
Mojtabahassa,True,False,True,False
Irani0987,True,False,True,True
AyatollahOzmaAn,True,False,True,False
FAli1969,True,True,True,False
AlmaIran2012,True,False,True,False
perserrrr,True,False,True,False
realnobodyreall,True,False,True,False
EfeuTree,True,False,True,False
MRa93451564,True,False,True,False
moj64393416,True,False,True,False
Armin19910215,True,True,True,False
Patriot8866,True,False,True,False
Morezzzzzzzz,True,False,True,False
eisa_1355,True,True,True,True
Xb43431,True,False,True,False
Purple___drop,True,False,True,False
Azar_Anahid,True,False,True,False
jasonjan1341,True,False,True,False
BBP_97,True,False,True,False
AriamehrAaron,True,True,True,False
iraneazad1212,True,False,True,False
GloriousDay777,True,False,True,False
TehranZionist,True,False,True,False
Bikhabaram,True,False,True,False
HaaDiiiiS,True,False,True,False
saye_original,True,False,True,False
foster_spar,True,True,True,True
Baranaryaee2,True,True,True,False
Esarhaddo0n,True,False,True,False
FRDR123456,True,False,True,False
ardin01206124,True,False,True,True
MitraIrani87,True,False,True,False
KheyliMonzavi,True,False,True,False
mrbearlover1,True,False,True,True
foroog4,True,False,True,False
Mamali8929951,True,False,True,True
__naqmeh__,True,False,True,True
kingrezaIII,True,False,True,True
Lap35980685,True,False,True,False
sami19206708,True,False,True,False
gangoloos1336,True,False,True,True
reza_fathi16460,True,False,True,False
alireza80942251,True,False,True,False
ShermanMakhmal,True,False,True,False
YRnESzv9zRLIXuQ,True,True,True,False
baharish28,True,False,True,True
Mehdi22475096,True,False,True,False
Hamisaady,True,False,True,False
reza21923060,True,False,True,False
Termeh1877519,True,False,True,False
o1ibocan0,True,False,True,False
saramobarez2,True,False,True,False
Arunmacki,True,False,True,True
ramin01030,True,False,True,False
Rad608722021703,True,False,True,False
nd2005do,True,False,True,False
bluewhite2582,True,False,True,False
Shirin61796431,True,False,True,False
borntodie230719,True,False,True,False
Maryam202018,True,False,True,False
venus98185,True,False,True,False
lotuss_123,True,False,True,False
khanoom_tameshk,True,False,True,True
Sungod_mehrdad,True,False,True,False
soheili84,True,True,True,False
hoda2728,True,True,True,False
sepehriran2022,True,False,True,False
ZAAL1474,True,True,True,False
uhr18441882,True,False,True,False
khormal0098,True,True,True,False
JasmineRBi31301,True,False,True,False
SkunkLdu,True,False,True,False
BBCfakeNews9,True,False,True,True
AbtinAbtin1979,True,False,True,False
kafgaf227448,True,False,True,False
NewsNow4USA,True,False,True,False
pejvakeiran,True,False,True,False
FAEZEH_96,True,False,True,False
anti_mola,True,False,True,False
simurgh2580,True,True,True,False
sssddddttttt,True,False,True,False
davoodirooni191,True,False,True,True
Braveheart77720,True,False,True,False
f68v63,True,False,True,True
cb_doge,True,False,True,False
shayan_shahnazi,True,True,True,True
hotep24254,True,False,True,False
kolo_mahmod,True,False,True,False
AstaraSahoo,True,False,True,False
rahaforever4you,True,True,True,False
MahnazJAFARZAD3,True,False,True,False
kjanan198545,True,False,True,False
ATP68400769,True,False,True,False
LastF0rvist,True,False,True,False
RKurdi20166,True,False,True,False
Shirzad1968,True,True,True,False
Arashir22142540,True,True,True,False
atrupar,True,False,True,False
rpiran2022,True,False,True,False
joanrood123,True,False,True,False
seti56705,True,False,True,False
babak171735,True,False,True,False
Maryam_Lagertha,True,False,True,False
zibasharghi,True,False,True,False
Radmehr611,True,False,True,False
KwdkK76509,True,False,True,False
enghelabzana,True,False,True,False
Solo_Commando,True,True,True,True
AAvanisian,True,False,True,False
Ali_A_Motahari,True,False,True,True
amn_amyn,True,False,True,False
Irano_1984,True,False,True,False
diako13980828,True,False,True,False
foroogh2020,True,False,True,False
Niloo1Nili,True,False,True,False
agha_rashti2,True,True,True,False
Totoro1403,True,False,True,False
prwz201,True,False,True,False
hajmaameed,True,True,True,False
Malusakam,True,True,True,False
FarshidKarimiP,True,False,True,False
PEYMANROSHANA1,True,False,True,False
RaymondFHakim,True,False,True,False
buzz09152460,True,False,True,True
GenJahanbani,True,True,True,False
APejman27380,True,False,True,False
persiannemesis,True,False,True,False
jombi007,True,False,True,False
hooti9020,True,False,True,False
SHAHANSHAH_0025,True,False,True,False
TOIAlerts,True,False,True,False
TlwSbh14342,True,False,True,False
Hope223243,True,False,True,False
Bluestar_021,True,False,True,False
saradavari69,True,False,True,False
CheNahaara,True,True,True,False
S_ST1987,True,False,True,False
boy38912857,True,False,True,False
SHITON_KOCHEK,True,False,True,False
Mooniter,True,True,True,False
KsrayyRda57937,True,False,True,False
iranariyayi64,True,True,True,False
LessanAlgaib,True,False,True,True
ToTheFreed0m,True,False,True,True
Schahrzad_b,True,True,True,True
vatanamiraanam,True,False,True,False
lilyflowers72,True,False,True,False
IranOurTemple,True,False,True,False
baran4550,True,False,True,False
iphigvr,True,False,True,False
Monarchy34,True,True,True,True
irannnnnnnnnn98,True,False,True,True
fable_diamond,True,False,True,True
Elizabethsoarta,True,False,True,False
Anais0098,True,False,True,False
Eli73575187,True,False,True,False
HhAa698732,True,False,True,False
BarakRavid,True,False,True,False
DHQabbaniQ8,True,False,True,False
roostamdastan,True,False,True,False
lastphoneix777,True,False,True,False
AzarakhshK,True,False,True,False
derafshkavianee,True,True,True,False
Gidgetshab,True,False,True,True
ich_bin_frankk,True,False,True,False
Saraye_Kohan,True,False,True,False
Artiistoon,True,False,True,False
habitantofu2pa,True,False,True,False
shiloh87669152,True,False,True,False
AzadehPatriot,True,False,True,True
DalrympleWill,True,False,True,False
leb_now,True,False,True,False
,True,False,True,False
SUNflower_1446,True,False,True,True
_m4h1,True,False,True,False
mikhail_tal55,True,False,True,False
Nafise_Banu,True,False,True,True
BlueSongb,True,False,True,False
ShahramMakoui48,True,True,True,False
ebr46624,True,False,True,False
mohammad2zab,True,True,True,False
Great_IRAN_2500,True,False,True,False
nergalnemesis,True,False,True,False
mmdr972191,True,False,True,False
samyar45472518,True,False,True,False
AfroozM1,True,False,True,True
MST45672589,True,False,True,False
PersianLady401,True,False,True,True
Sadaf221113,True,False,True,False
Rockypersianbro,True,False,True,False
pay2ur,True,False,True,False
ReeT101010,True,False,True,False
PersianLoyality,True,False,True,False
NickaM5976,True,False,True,False
FreierIran,True,False,True,False
imdearie2,True,True,True,False
JellyBearArmy,True,False,True,True
alinaghi2018,True,True,True,False
Dr_TheHistories,True,False,True,False
rahim077865771,True,False,True,True
ARASh1223,True,False,True,False
Azad8530,True,False,True,False
JaneVatan,True,True,True,True
famildour20,True,False,True,False
SKayfabe,True,False,True,False
Nika11111111114,True,False,True,False
Ebne_noah,True,True,True,False
Nina1355_K,True,False,True,False
nikiferferi,True,False,True,False
noodlesss1990,True,True,True,False
hamalilalin,True,True,True,True
misanthropgirl,True,False,True,True
pir_meykhaneh,True,False,True,False
MaryamSarabii,True,True,True,False
sedaye_iran,True,True,True,False
eiffel_org,True,False,True,False
miuoralice,True,False,True,False
AryamehrD,True,False,True,False
AnahitaIra19369,True,False,True,False
ithodhod,True,False,True,False
hhfp1357,True,False,True,False
lunaadl19498334,True,False,True,True
AzadiAzadi1975,True,False,True,False
ManiMananviL,True,False,True,False
BlueAngle1979,True,False,True,False
OfficialSiasi,True,False,True,False
vandeta88303623,True,False,True,False
Nimary571,True,False,True,False
Consharpen,True,False,True,False
NiaSetareh,True,False,True,False
IAmNoCapA,True,False,True,False
Jz666Mer,True,False,True,False
SHAHANEWS24,True,False,True,False
parysatis_banoo,True,True,True,True
MrHAPOOIAN,True,False,True,False
arjmand_sean,True,False,True,False
akhgfdert,True,False,True,False
PAYA441919,True,False,True,False
Shakor_lk,True,False,True,False
nsrly1198341,True,False,True,False
OneRace98,True,False,True,False
Fallah13Fallah,True,False,True,False
iraj63569385,True,True,True,True
Iraneshghal,True,True,True,False
MHAminn8,True,False,True,False
AsbeNajib,True,False,True,False
Bijan1331Bijan,True,False,True,False
farshid03466861,True,False,True,False
bl099er101,True,False,True,False
Brisa1979,True,False,True,False
parisa755909,True,False,True,True
MehrganFreeIran,True,False,True,False
pesarlor57,True,False,True,False
Shila37910803,True,False,True,False
ANTIAMOONiM,True,True,True,False
Seemorgh2022,True,False,True,True
edix_amir,True,False,True,True
mojganbanoo3,True,False,True,True
DrAfi22,True,False,True,False
kyg_best,True,False,True,False
Princess77Behi,True,False,True,False
secretservice35,True,False,True,True
Israel4peaceful,True,False,True,False
tegiskkeold,True,False,True,False
RadmanPour,True,False,True,True
Bsh2576,True,False,True,False
Amadeus6201791,True,False,True,False
mehman7171,True,False,True,False
Koohi1976,True,False,True,False
Sativa888,True,False,True,False
Shahnamekhan,True,False,True,False
DanaMehraban,True,True,True,True
Nusha601,True,False,True,False
FiliFoli55741,True,False,True,True
king_ariyamehr2,True,False,True,False
Peleja11,True,True,True,True
AslShojaee,True,False,True,False
mahi_Lu2020,True,False,True,False
parnia44,True,False,True,False
ATAMAX2U2,True,False,True,False
RoBiN_HooD1401,True,False,True,True
Franckalbert201,True,False,True,True
SurenaPishvaz,True,False,True,True
bbsara218,True,False,True,True
Inevitablewest,True,False,True,False
sadat110_hosna,True,True,True,False
abowl2025,True,False,True,False
NaaserXA,True,True,True,True
BB_Goal,True,True,True,False
fal7202,True,False,True,False
sheydayee,True,False,True,False
iroooooonii,True,False,True,False
IranianBM,True,False,True,False
ipourii,True,False,True,False
bn50933945,True,False,True,False
Ninjarengers,True,False,True,False
shab_zad,True,False,True,False
neo_pahlavism1,True,True,True,False
aryamehr8013,True,False,True,False
Tina_tina_7777,True,False,True,False
parsaghorab,True,False,True,False
mihanparast1340,True,False,True,False
suuoozanam,True,True,True,False
rywbrzn864833,True,False,True,False
El_Sol_D,True,False,True,False
ghazal334455,True,False,True,False
daimond_rain,True,False,True,True
MalcangiSarah,True,False,True,True
binam1362,True,False,True,False
PSRajawat07,True,False,True,False
VAHIDH55949679,True,False,True,False
shahabg88,True,False,True,False
RBehrouzDO,True,True,True,True
ArioBarzanm_,True,False,True,True
Elsa22498951731,True,False,True,False
KheradeI,True,False,True,False
Himalia20B,True,False,True,False
inazkam,True,True,True,False
man_groove,True,False,True,False
MAbbasian,True,False,True,False
john_lucckk,True,True,True,True
foadshams,True,True,True,True
mehrazarafra,True,False,True,False
Pjfortrump,True,False,True,False
haryhik2,True,False,True,False
goddesofhope,True,False,True,False
arsha28926091,True,False,True,False
Radman2576,True,True,True,False
javidshah4411,True,False,True,False
Asabani_am,True,False,True,True
hansffre,True,False,True,True
Ehsan38644730,True,False,True,False
ARDESHIR005,True,True,True,False
YaldaRod,True,True,True,True
SarkariShahram,True,False,True,False
MissVeronica007,True,False,True,False
RaadPouya,True,False,True,True
RadmanIrani,True,True,True,False
jwny_ywsf,True,True,True,False
zanbour27,True,False,True,False
AmylyKhanwm,True,False,True,False
sia_vash99,True,False,True,False
yareplv,True,False,True,False
baran_shanaz,True,False,True,False
tarannom1401,True,False,True,False
sorkhdel2000,True,False,True,True
JoonEbrahi96496,True,False,True,False
hurmordusverige,True,False,True,False
Overlook666,True,False,True,False
ali_bitarafan5,True,True,True,True
Iranian_Iron,True,False,True,True
Rapper_Gangs,True,False,True,False
rm2023_,True,False,True,False
VahidHacha,True,False,True,False
lyr1588000,True,False,True,False
PersiaTheGreat0,True,False,True,False
jhabiz,True,False,True,False
NaderChange,True,False,True,False
HmhBray,True,False,True,False
DRAGON_OF_SHAH,True,False,True,False
BigEraserhead2,True,False,True,False
boomshakalak17,True,False,True,False
KFarhadpour,True,False,True,True
M_P_KH,True,False,True,False
kiku2536,True,False,True,False
otukengokturk41,True,False,True,False
ka_parisa_,True,False,True,False
VahidRe13179381,True,False,True,False
SAURON1827253,True,False,True,False
dariyush181309,True,False,True,False
myn86931794,True,False,True,False
REZAKH__,True,True,True,False
jaaaaadfdf,True,False,True,False
Marmar10683077,True,False,True,False
fat_kob98447,True,False,True,True
Spring1348,True,False,True,True
sleepytimepoet,True,False,True,False
JavidShah_EP,True,False,True,False
Thank_you_Dj,True,True,True,False
GadSaad,True,False,True,False
AsbeAtash45,True,True,True,True
Shadow_moves,True,False,True,False
arya2024403,True,False,True,False
JC_Constantine1,True,True,True,False
glassowl_,True,False,True,False
ojoobeha,True,False,True,False
zenoc_oshits,True,False,True,False
SiavashIran,True,True,True,False
Yacoob55hs,True,False,True,False
zone7689,True,True,True,True
IraneAzadVaShad,True,False,True,False
malizahna,True,False,True,True
daryoush_j94256,True,False,True,False
naderranjbar4,True,False,True,False
bleeding_edge_w,True,False,True,True
Baran27922,True,True,True,False
BardyaBorna,True,True,True,False
Worldsource24,True,False,True,False
CaramelCakeeee,True,True,True,False
Anahit322175,True,False,True,False
Malouchak2,True,False,True,False
Iranian_Ava,True,False,True,False
ShararehDe2637,True,False,True,False
Navidafkari145,True,False,True,True
modanloo77410,True,False,True,False
2_farzandiran,True,False,True,True
S_iran01,True,False,True,False
Shahram95238643,True,False,True,False
KingOf86001,True,False,True,False
_sarbazeirani,True,False,True,False
MSalimbaya2014,True,False,True,True
CcBb25500950644,True,False,True,False
MoriMo83089,True,False,True,False
rsln422071,True,False,True,False
MortazMort48561,True,False,True,False
MahunAlex8771,True,False,True,True
rola94504,True,False,True,False
RezaKam02134080,True,False,True,False
Hossein69481295,True,False,True,False
AmynyNasr,True,False,True,False
bardia5171,True,False,True,False
longshadow97803,True,False,True,False
irandokht2583,True,False,True,False
kiarashfarasat1,True,True,True,False
Im940879,True,False,True,False
Blackname007,True,False,True,True
MissNYC212,True,False,True,False
NasrinJachens1,True,False,True,False
6yrj7r7d4s_aria,True,False,True,False
IPahlavi28609,True,False,True,False
zohrehir,True,False,True,False
Bob40819753,True,False,True,False
infiniite_space,True,False,True,False
hades_mars34392,True,False,True,False
Aria_Mehrr,True,False,True,True
behnam_1981,True,False,True,False
ImtiazMadmood,True,False,True,False
rahak1776,True,False,True,False
HarperCami80992,True,False,True,False
MoeinMFA,True,False,True,False
aimen_alkarimi,True,False,True,False
ashemvahoo36354,True,False,True,False
GardJavidanshah,True,False,True,False
IranPatriott22,True,False,True,False
SiamakyA51771,True,False,True,False
libertyiran1,True,False,True,False
bluevel52967641,True,False,True,False
Danaand8,True,False,True,False
dyh_s87752,True,False,True,False
ATp15914033,True,False,True,True
SH6509900553001,True,False,True,True
vahideb81438412,True,False,True,False
POLOTEST9,True,False,True,False
1111aphrodite,True,False,True,False
SiyaSrz,True,False,True,False
helga_53,True,False,True,False
PhinPhil,True,False,True,False
javidshaha,True,False,True,False
taftal2000,True,False,True,True
Seita_72,True,False,True,False
R_R_RIP,True,False,True,True
IranyAshka94837,True,False,True,False
N12News,True,False,True,False
MSeyedsafi,True,False,True,False
Arad_nanva,True,False,True,False
AnayatA73549426,True,False,True,False
kont1320,True,True,True,False
m5a1416608,True,False,True,False
Tkmaksy1,True,False,True,False
NoushaEshghi,True,True,True,True
ahmadi57403,True,False,True,False
IranShahr_Time,True,False,True,False
46_yazdan,True,False,True,False
FUN20024,True,False,True,False
ATp949052785769,True,False,True,False
aylin94f,True,False,True,False
LeoLeo13571403,True,False,True,False
EOL175468,True,False,True,False
TIAAMHHA_2000,True,False,True,False
masssuicide57,True,False,True,False
aidamakvandi,True,False,True,False
akafaceUS,True,False,True,False
TheBalochWorld,True,True,True,False
captainayat,True,False,True,False
sepideh_Hm,True,False,True,False
GgGg259212,True,False,True,False
freeman010,True,True,True,True
mery202120,True,True,True,False
Azihastam1,True,True,True,True
LRajazz,True,False,True,False
canuckian2024,True,False,True,False
OurRevolution22,True,False,True,False
majidAZmashhd,True,False,True,False
mrym77616899,True,False,True,False
AtrovanFreedom,True,False,True,False
_leyla_gh,True,False,True,False
HHeLLFireeeeee,True,True,True,False
Daffodil27,True,False,True,False
AvazAzadi2000,True,False,True,False
lolivashhh,True,False,True,False
farzad777777,True,False,True,False
RostamDastranj,True,False,True,False
Sepiderashidi,True,True,True,False
samira7798,True,False,True,False
Youssef7769351,True,False,True,False
MrFahrenheitMe,True,False,True,False
ParandeMohaje12,True,False,True,False
NapelOn_daii,True,True,True,False
Miinnikaaa,True,False,True,False
policenama1401,True,True,True,False
DavariAbdolreza,True,True,True,True
maznazli119294,True,False,True,True
daystar98173834,True,True,True,False
KottletSaz,True,False,True,False
BehizyTweets,True,False,True,False
DewIranDew,True,False,True,False
Fariba60867811,True,True,True,True
Mehran49746628,True,False,True,False
mmdly6725639601,True,False,True,True
PersianImmorta4,True,False,True,False
GolhayR,True,False,True,False
azadaradarad,True,False,True,False
azavval2tariki,True,False,True,False
Sher1389361Sher,True,False,True,True
RKhosrowmanesh,True,False,True,False
meh77288,True,False,True,False
Rockland974,True,False,True,True
taktamah,True,False,True,False
Pers_oral_histo,True,False,True,False
PersianFuriosa,True,False,True,False
TFesp87630,True,False,True,False
Zemestane2024,True,False,True,False
EllieSamandar,True,False,True,False
StupidJalal,True,True,True,True
DabirPir2155,True,False,True,False
dkhtr92024,True,False,True,False
pantii021,True,False,True,False
Parvaz44783734,True,False,True,False
mario_rossi24,True,False,True,False
zahra_hp_1,True,True,True,False
PkFarhad13195,True,False,True,False
Donya22I,True,False,True,False
StripchatSir,True,False,True,True
FryaParsa30127,True,False,True,True
Archi199199,True,False,True,False
ansheli17,True,False,True,False
Raptor_1991P,True,False,True,False
_AshkAval_,True,True,True,False
OmidWarIran,True,False,True,True
TheGlobal_Index,True,False,True,False
Pinkgirl_winner,True,False,True,False
wanderlustmim,True,False,True,False
majid1979315031,True,False,True,False
AmichaiStein1,True,False,True,True
bibip0000,True,False,True,False
Takeback_Iran,True,False,True,False
Lincho98,True,False,True,False
Zimmermann__0,True,False,True,True
VMoradzadeh,True,False,True,False
Kim_Passibble,True,False,True,False
kyarashkyayy,True,False,True,False
Cityzen_Cane,True,False,True,True
HazrateEzraeil,True,False,True,True
baray_iranian,True,False,True,False
ANasrollah88440,True,False,True,True
Mrs_Kate2024,True,False,True,False
Atfhkamankesh,True,False,True,False
DarcyLilium,True,False,True,False
miss_mozafari,True,False,True,False
intsivi,True,False,True,True
KAVEH_Irann,True,False,True,True
arezouhayati,True,False,True,True
aaazzaaddiii,True,False,True,False
OmidAzadi20201,True,False,True,False
wataneman,True,False,True,False
Farrah72691415,True,False,True,False
BTCETHDG,True,False,True,False
panbedarnaf1,True,False,True,False
An00sha1991,True,False,True,False
korosharya2500,True,False,True,False
NaneJesi,True,False,True,False
sarmadi_design,True,False,True,False
shararehtalaeii,True,True,True,True
pa202014,True,False,True,False
MakanKey,True,False,True,False
Il_gladi_atore,True,False,True,False
Abtin_Zahed,True,False,True,True
saraa22shz,True,True,True,False
Omidam_Hamin,True,True,True,False
SepidBamda98393,True,False,True,False
Raha25430633,True,False,True,False
DanielTaghaddos,True,False,True,False
artoosham2000,True,False,True,False
nonso0097,True,False,True,False
ostadhassanm,True,False,True,False
sazemokhaalef,True,False,True,False
Nobody67267917,True,False,True,True
6ohlxisK6AaGx5Z,True,False,True,False
protester0101,True,True,True,True
saranaz990355,True,False,True,False
GodFather42424,True,False,True,False
neko80_m,True,False,True,False
3orkh,True,False,True,False
Mosi11245,True,False,True,True
trash_ghasem,True,False,True,False
Anthony68089144,True,False,True,False
FloraMohajer,True,False,True,False
Saraab23734615,True,True,True,False
TNitrT,True,True,True,False
PersianPride59,True,False,True,False
Amir1326540,True,False,True,True
mikhak20,True,False,True,True
Currentreport1,True,False,True,False
PartiSardar,True,False,True,False
armitaa11478,True,False,True,False
mehrak363899512,True,False,True,False
Alfa9_Diamond,True,False,True,False
Amisabacha17001,True,False,True,False
daryadar_iran,True,False,True,False
Nikoletta2022,True,False,True,False
samdadvand,True,False,True,False
arioabrar,True,False,True,False
BELOVEDIRAAAAN,True,True,True,False
abelbalb,True,True,True,True
Senobar20221,True,False,True,False
Ghost_1TF1,True,False,True,False
elmiraebd,True,False,True,False
spandarmazda,True,False,True,False
Iraneh6,True,False,True,False
pandafungkoo,True,False,True,False
EboshiJasmine,True,True,True,False
TRobinsonNewEra,True,False,True,False
shima6464,True,False,True,False
Masp96903Masp,True,False,True,False
Darkness_129089,True,False,True,False
MamaXama15,True,False,True,False
negannegan55,True,True,True,True
kasiiiiiT69,True,False,True,True
izabelladela,True,False,True,False
Rebelliraner,True,False,True,False
PeaceHappyJoy,True,True,True,False
saira_solmaz,True,False,True,False
thefirstmurder,True,False,True,False
starbombaIR,True,True,True,False
aghabalasar1998,True,False,True,True
TheFigen_,True,False,True,False
LoabatK,True,True,True,True
Ph5ecent5ctEdce,True,False,True,False
AaDd383685,True,False,True,False
vobi92003,True,False,True,False
DarkSheepRise,True,True,True,True
Roobahyab1,True,True,True,True
LotfipourA43376,True,False,True,False
mahoor_sh_zad,True,False,True,False
Birdofpeacelove,True,True,True,True
mimenay,True,False,True,True
jabijoon26588,True,True,True,False
biliirubiin,True,False,True,False
mah1039361,True,False,True,False
AR_ad200jj,True,False,True,False
Bardia1957,True,False,True,False
ariamehr104,True,True,True,False
just_a_guy0909,True,False,True,False
Ariu44222763,True,False,True,False
MgU3d,True,False,True,False
kkooohhyyaarr,True,False,True,False
Arshan2582,True,False,True,False
payam_7777,True,False,True,False
Addison77866447,True,True,True,False
Ehsas1424565151,True,False,True,False
AazadIran,True,False,True,False
ramesh_nassab,True,False,True,False
ShfayyMhdy49958,True,False,True,False
vanheda97,True,True,True,True
jwd06342045,True,True,True,False
avazhkhan,True,False,True,False
azarthepersian,True,True,True,True
par2022,True,False,True,False
Vahidr09091541,True,False,True,False
bahram_parnian,True,False,True,False
mahtab9821,True,False,True,False
Senator1269,True,False,True,False
ahooziba22,True,False,True,False
Sheykhpakdaman2,True,False,True,False
Arezoo_8060,True,True,True,False
LiveStreamerBot,True,False,True,False
fry_d217,True,False,True,False
Farzad_Farsian,True,False,True,False
BigFDream1,True,False,True,False
asre_bishouri,True,False,True,False
keyonek1,True,True,True,False
arashesarafraz,True,False,True,False
bia_ami_varja,True,False,True,True
AlArabiya_Fa,True,True,True,True
ShahyadIR,True,False,True,False
aligoodarz89159,True,False,True,False
ArashS34301,True,False,True,True
Hossein_68_38,True,True,True,False
shmssyd85,True,False,True,False
jiji22321358,True,False,True,False
steveimcqueen,True,True,True,False
ShadowMitHerz,True,False,True,False
Nahalida1,True,False,True,True
RezaSensourfree,True,True,True,False
isyan65385352,True,False,True,False
manuraven74,True,False,True,False
F_cking_God,True,False,True,False
Xyz0o3,True,False,True,False
nesbyat,True,True,True,False
QUCHANFIGHTER,True,False,True,True
belladona2582,True,False,True,False
archer2218,True,False,True,False
Anvarsadat57,True,False,True,False
siahylashkar,True,True,True,False
MkXaFIQ5kC8yh9x,True,False,True,False
Divaneh666,True,False,True,False
Yashar_Ahadi,True,False,True,False
Pirooz25372,True,True,True,False
Iran7WillBeFree,True,False,True,False
AriyaeiArn94293,True,False,True,False
Shadravan10,True,False,True,True
babashah37787,True,False,True,False
NahidGhani,True,True,True,True
Sungirls86,True,False,True,False
Frakhanha,True,False,True,False
EllaTravelsLove,True,False,True,False
MrRaceBannon,True,False,True,False
charlychaplin25,True,True,True,True
PourSyrus,True,False,True,False
Abbasi_HamidR,True,False,True,False
ahampay,True,True,True,True
Bardia_EP,True,False,True,False
Babak_M2023,True,False,True,False
Scorpionofiran1,True,True,True,False
stevensongs,True,False,True,False
BarronTrumpoo,True,False,True,False
FalconShah1994,True,False,True,True
Saharkarimy0,True,False,True,False
night_ghoghnos,True,False,True,False
anahita33279457,True,False,True,False
Mahshid1722951,True,False,True,False
hamedshahmorad,True,False,True,False
myhnprst2,True,False,True,False
Kazhehh,True,False,True,False
MiguelS333366,True,False,True,False
iranazadh,True,False,True,False
ghoghnoos_79,True,False,True,False
Stak60629095,True,False,True,False
AlexTyson770835,True,False,True,False
TPourtaleb,True,False,True,False
Mulan_2023,True,False,True,False
saeed1527205,True,False,True,False
adam_hesabi,True,True,True,True
imanshekoohi,True,False,True,False
Ftmh_zhra_jnde,True,True,True,True
AghdassJJ,True,False,True,False
Raja862586,True,False,True,False
KhenziehE,True,False,True,False
pedu2022,True,False,True,False
farkhannikkar,True,False,True,False
Irishchutzpah,True,False,True,False
Guity2500,True,False,True,True
symmetrybody,True,False,True,False
azadi_nazdike1,True,False,True,False
firstzorba1,True,True,True,False
atheistChild789,True,True,True,True
FarsNews_Agency,True,True,True,True
siavash39420291,True,False,True,False
JamesDeanUFO,True,True,True,False
jsm8htn86p,True,False,True,False
Amirhosein337,True,False,True,True
IrTimes,True,True,True,False
irani_mahan,True,False,True,False
Nazanine_Iran,True,False,True,False
Ali16784,True,False,True,False
TheseDelights,True,False,True,False
HFarbod56221,True,False,True,False
ShojaeiShahla,True,False,True,False
tarane88,True,False,True,False
mihanimarzban03,True,True,True,False
Sohrabtec,True,False,True,False
Sherry_2x,True,False,True,False
w_of_g,True,False,True,False
HMarmwlk,True,False,True,False
yekta52341478,True,True,True,False
MaSh83336501,True,False,True,False
iranwithoutmola,True,False,True,False
B2006Babak,True,False,True,False
marg_nadare,True,False,True,False
chamli69,True,True,True,False
afreydoon,True,False,True,False
ppscobar04,True,False,True,False
Ghost37899901,True,False,True,False
GabyLob,True,False,True,False
MEHR5L,True,False,True,False
Mani52764518,True,False,True,False
iranshotii85,True,False,True,False
,True,False,True,False
Moon_bitab2,True,False,True,True
Sima08119379,True,False,True,False
ssecularisme,True,False,True,True
bohloolll3,True,False,True,True
IranAza28546192,True,False,True,False
haji71033,True,False,True,True
Diana64483364,True,False,True,True
TrumpDailyPosts,True,False,True,False
Jawooneh,True,False,True,False
soltan_doolabi,True,False,True,False
mr_apoptosis,True,False,True,False
miresl69,True,False,True,False
Dokhtare_irani_,True,False,True,False
Mari688471,True,False,True,False
lobat_mamouli,True,False,True,False
youtab48885986,True,False,True,False
AzatAlsalim,True,False,True,False
Tangsir192757,True,False,True,False
Arsha45914097,True,True,True,False
orangryyy,True,False,True,False
abulfath2,True,False,True,False
titan1397,True,False,True,False
AshkanValizade4,True,False,True,True
Ahoora392738,True,False,True,False
IsraelWarRoom,True,False,True,False
AntiProp_aganda,True,True,True,False
Rabin31957077,True,False,True,False
3ili_il,True,False,True,False
chitsanewsh,True,False,True,False
fcpii_official,True,True,True,False
SaharKhodayarii,True,True,True,False
Nobody_1359,True,False,True,False
nadershah2650,True,False,True,False
minapirooz,True,False,True,True
saeedbrndz,True,False,True,False
TimsarMalekpoor,True,False,True,False
Liberty2500iran,True,False,True,False
Sharjel_Faisal,True,False,True,True
elahiaa,True,False,True,False
marefat182,True,False,True,False
Ayra1387,True,False,True,False
ArianMutter,True,True,True,False
NEIZAR1398,True,False,True,False
jokershahdost,True,False,True,False
Anna72356891,True,False,True,False
2_grami,True,True,True,True
XashayarSHAH,True,False,True,False
Darviishe,True,False,True,False
LovingThinker,True,False,True,False
persian_warior,True,True,True,False
mootin77,True,False,True,False
Pesargod,True,False,True,True
JasonMBrodsky,True,False,True,False
kaman_geer,True,False,True,False
Osint613,True,False,True,False
WSoulWanderer,True,False,True,False
behrad_1812,True,False,True,True
Antiredblack1,True,False,True,False
AlpayElyaas,True,False,True,False
omidam_abani,True,False,True,False
MischaelW29286,True,False,True,False
iraneazad777,True,False,True,True
yilm6196,True,False,True,False
EaSparco49813,True,False,True,True
M47058227Maryam,True,False,True,False
alhwthymohammad,True,False,True,False
IranLionness,True,True,True,False
liberalmk,True,False,True,True
Belfi58515802,True,False,True,False
sharin_27,True,False,True,True
12_artin54328,True,False,True,False
kati98489288028,True,False,True,False
ProSHaHansHaaHi,True,True,True,False
carpediemtop,True,False,True,False
NasrinNiaki,True,False,True,False
fariba_tweet,True,False,True,True
sinafarsa,True,False,True,True
verttiigo,True,False,True,False
NSclepius,True,False,True,False
RezaIIPahlavi,True,False,True,False
Delshoorideh,True,False,True,False
ArisenEmber,True,False,True,True
realfuckingnig4,True,False,True,False
cheragh_aseman,True,False,True,False
SaeedSaleh2023,True,False,True,False
areilkh,True,False,True,True
gardjavidansha,True,False,True,False
Mo85194707,True,False,True,False
TMagh5539429,True,False,True,False
MI6_Zero,True,False,True,False
Makar_shirazi,True,False,True,False
omid_hosse72259,True,False,True,False
nedabahram,True,False,True,False
Royalist2535,True,False,True,False
MadadiMaj6785,True,False,True,False
hda1922,True,False,True,False
mashmolak,True,True,True,False
3paye79,True,False,True,False
Ghobaroub,True,False,True,False
iran0847,True,False,True,True
GerailyMajid,True,False,True,False
ahmadjanatii,True,False,True,False
saman_sarraf,True,True,True,True
pesarshoja24,True,False,True,False
AyatollahKafSad,True,False,True,False
Shayang38377723,True,False,True,False
Jafanrood123,True,False,True,False
MasIoob,True,True,True,True
MPzhwh49992,True,False,True,False
judy_tigay,True,False,True,False
TAK_E_PIC,True,False,True,False
realroronoaaa,True,False,True,False
sanieh_5953,True,False,True,False
RezaKho70924723,True,False,True,True
maleki_mansouri,True,False,True,False
hooshang_a39600,True,False,True,False
MRasayeshh,True,True,True,False
aliiroonii,True,False,True,True
CameliaAssadi,True,False,True,False
,True,False,True,False
Marvel18151987,True,False,True,False
baghestani28671,True,False,True,False
KoocheZiba,True,False,True,True
KianCalifornia,True,False,True,False
parvanenik5,True,False,True,False
Blackja36801561,True,False,True,False
arashkkamangir0,True,False,True,False
5tapson,True,False,True,False
hamedmoosa93979,True,False,True,False
realmadkurisu,True,False,True,False
Arthas7z,True,False,True,False
nita_nadi,True,False,True,False
Serpicoo3,True,True,True,False
Ezekle1,True,False,True,False
,True,False,True,False
lonelyman2531,True,False,True,False
DJHastamMoHo,True,True,True,False
WeaponizedNews,True,False,True,False
RohitMishra2024,True,False,True,False
S48945936,True,False,True,False
Mrym_from_Iran,True,False,True,False
PIROOZ03361555,True,False,True,False
IrAnParast8,True,False,True,False
archeohistories,True,False,True,False
ShahinHawk1,True,False,True,False
Darhameja,True,False,True,False
Sholehroshan,True,False,True,True
omidvan,True,False,True,False
wabi_sabi_style,True,False,True,False
aboololou,True,False,True,False
MChok7,True,True,True,True
yasminkhoz,True,False,True,False
Nemo_Regnum,True,True,True,False
nazere_bozorg,True,False,True,False
koresh560791035,True,False,True,False
Abbasi3Masoumeh,True,False,True,False
gebad_,True,False,True,False
iranwire,True,True,True,True
Moongoddesss74,True,False,True,False
Mahsa_374,True,False,True,False
pinklilies64,True,False,True,False
Abraxeses1,True,False,True,False
sjad_syah22854,True,False,True,False
behrad_pursina,True,False,True,True
Mahnush_A,True,True,True,False
pink__saraa,True,False,True,False
brgsht8970,True,True,True,False
truthgate20,True,False,True,False
afrodit1987frmy,True,False,True,False
IRAN_javid863,True,True,True,False
lilibigir,True,False,True,False
mehrdadyek11yek,True,False,True,True
91saraaa,True,False,True,True
sogolisogoliyan,True,False,True,False
Alireza82100977,True,False,True,False
persian9044,True,False,True,False
today_with_sun,True,False,True,False
NasserSharif1,True,False,True,True
RanaPahlavist,True,False,True,False
Maria8282maria,True,False,True,False
zeusgod_1211,True,False,True,False
Dordaneh_irani,True,False,True,True
koteh_bamishi,True,True,True,True
Ashkebachenaz,True,False,True,False
AnvarBera,True,False,True,False
saharakh85,True,False,True,False
yohoo2020,True,False,True,False
Oberkassel_11,True,False,True,False
RadioZamaneh,True,True,True,False
jkhodaeifar,True,False,True,True
ArnwazA,True,False,True,False
GChozhashg,True,False,True,False
Qosacay,True,False,True,False
Maryam55554333,True,False,True,False
lordEAenkishiva,True,False,True,False
YEKIazYEKI,True,False,True,False
mihandost2,True,False,True,True
,True,False,True,False
AccuracyHHM,True,True,True,False
Iranvich007,True,False,True,False
qscefbyjm,True,False,True,False
EsghePersia,True,False,True,False
Jwtriplex2,True,False,True,False
shahin_ariya007,True,False,True,False
qaranfil22,True,False,True,False
JahangirTaban,True,True,True,False
AllinForIran,True,False,True,False
nina8597,True,False,True,False
MahdadIrani,True,False,True,False
herkol1985,True,False,True,True
HmdOrod,True,False,True,False
fraz747958,True,False,True,False
Zimmermann____,True,True,True,False
ag241956,True,False,True,False
Sjoker00,True,False,True,False
berlin3366,True,False,True,False
PATiborr,True,False,True,False
paayydaarr,True,False,True,False
_wakhim,True,False,True,False
SDysyd15301,True,False,True,False
Nargolsafa,True,True,True,False
Cyrus_2500_USA,True,False,True,False
kimia2024,True,False,True,True
Ma86012Ma,True,False,True,False
Mohammad4073761,True,False,True,False
SaffSepid,True,False,True,False
Miladprz1989,True,False,True,False
osyangary,True,True,True,True
TonyClimate,True,False,True,False
JohannesErwinEu,True,False,True,False
kianoush2121,True,False,True,False
samansawaki2,True,False,True,False
NorouziMaj36226,True,False,True,False
FarzandeIRAN123,True,False,True,False
mr_invert_,True,False,True,True
parzimi,True,False,True,False
Masoud50607977,True,False,True,True
Elina5333311,True,False,True,True
mynooo369,True,False,True,True
Mmeydii,True,False,True,False
hashymashy,True,False,True,False
sorena41370,True,False,True,True
LockerNima,True,False,True,False
YURI_XMT53,True,False,True,False
PeggyThrace,True,False,True,False
MehranKaptin,True,False,True,False
SarvAzadi0,True,False,True,False
XPishik,True,True,True,False
shadijul,True,False,True,False
Asbesiah48,True,False,True,False
Samar_Iran,True,True,True,False
ka_janan,True,False,True,True
Seyede_texas,True,False,True,False
MahsaLegacy,True,False,True,False
atousa47715146,True,False,True,False
be_name_vatan,True,False,True,False
Xerxes90183,True,False,True,False
Mehrnoo55121501,True,False,True,False
NiohBerg,True,False,True,False
UTI9l0RPIl,True,False,True,False
hamidfard60,True,False,True,False
pahlavion,True,False,True,False
,True,False,True,False
sabra_the,True,False,True,False
DelOZaban,True,False,True,False
DdRr545834,True,False,True,False
irankhab,True,False,True,True
m6421a,True,False,True,False
Teeegra,True,True,True,False
SaulGoo68115950,True,False,True,False
fake_dangeruse,True,False,True,False
create_cod87944,True,False,True,False
a7264_uk,True,False,True,False
Sanchezmamali,True,False,True,False
Baharak_Irani,True,True,True,True
siavash_mihan2,True,False,True,False
AzinDokht_1920,True,False,True,False
joshfadai,True,False,True,False
newseason869,True,False,True,False
IranianMunich,True,False,True,False
alichi1992,True,False,True,False
MmTtAa31,True,False,True,False
TheNarrgol,True,False,True,False
AngelOnDuty06,True,True,True,False
k28718694,True,False,True,False
q0qnous,True,False,True,False
Pegahan__,True,True,True,False
sk52592397,True,False,True,True
2EXPvZWQ7LLPX4P,True,True,True,False
Shahram11938714,True,False,True,True
DarabMajidi,True,False,True,False
AmrahameedkhanI,True,False,True,False
UScharlottt,True,False,True,True
young_sheldon1,True,True,True,True
nmehrang9,True,False,True,False
MaximReza3,True,True,True,False
YaarGhadimi,True,True,True,False
siimorq,True,False,True,False
Jaavidshah,True,False,True,False
mGeramophonev,True,False,True,False
DOOMSDAYCOMMING,True,False,True,False
diako1370,True,False,True,False
HOUOMAN,True,False,True,False
Saparok2,True,False,True,False
Rahi5275,True,False,True,False
Mohamma77827548,True,False,True,False
Aryaarshida,True,False,True,False
Overthrower_,True,True,True,True
RadinR306,True,False,True,False
KhosravaniHabi2,True,False,True,False
faridaa444,True,False,True,False
ZoeKyoto,True,False,True,False
parand____,True,True,True,True
Shahanshah4ever,True,False,True,False
srfrz10902,True,False,True,False
RobertCotillard,True,False,True,False
patriot19914036,True,False,True,False
khodn98,True,True,True,False
mansoor55759461,True,False,True,False
HaghTalab_,True,False,True,False
khrmdyn35726,True,False,True,False
MullahsMustGo,True,False,True,False
Farhad2537a,True,False,True,False
NetSayeh83111,True,False,True,False
kiarash0666,True,False,True,False
pejhvak021,True,False,True,False
Arshia1985,True,False,True,False
RojanAzadi2,True,False,True,False
Hashimoto616,True,False,True,False
GhKp1963,True,False,True,False
Azadi1951,True,False,True,True
House_MD11,True,True,True,False
IRNpatriot,True,False,True,False
frarandeh,True,True,True,False
RajuHawlader01,True,False,True,False
anon99101,True,False,True,False
Negan_Yilang,True,False,True,False
BehnM74612,True,False,True,False
BahmanJazouyeh,True,False,True,False
_phoenixirani,True,False,True,False
_NashenasMk_,True,False,True,False
57Ahmq19955,True,False,True,False
ardeshir_sasani,True,False,True,False
Patriot98828140,True,False,True,False
Toni7489,True,False,True,True
1ariobarzan,True,False,True,False
zaboli139,True,False,True,False
oneofthemIran,True,False,True,False
Chetoriarzeshi,True,True,True,False
AhoraMa77813212,True,False,True,False
Bidel9379Rana,True,False,True,True
EnsaaanBaashim,True,False,True,False
chinvad19020,True,False,True,False
Navid18752476,True,False,True,False
sergeant_2nd_,True,False,True,False
dnkjbBvn7H1E2vp,True,False,True,False
addicted2newz,True,False,True,False
Shahrokh_shahi,True,False,True,False
yousef34095102,True,False,True,True
AlirezaSafaria1,True,False,True,True
JJJuraid,True,False,True,False
Filmbaaz_2022,True,False,True,False
7th8fy9tw7,True,False,True,False
MihanamIran7,True,False,True,False
JosephSilmon,True,False,True,True
Thinks_is_wise,True,False,True,False
iranian2021,True,False,True,True
jae_yuna,True,False,True,False
Mehr_mihan,True,True,True,True
010101abba,True,False,True,True
bitajamshi4479,True,False,True,False
Great_Cyrus83,True,False,True,False
Tanhatarin00,True,True,True,False
iran36900,True,False,True,False
Majid21445881,True,False,True,False
ShahSrbaz22067,True,False,True,False
chawshin_83,True,True,True,False
navidmajd11,True,True,True,False
R86209525,True,False,True,True
123peroxy,True,False,True,False
tiger12066,True,False,True,False
41774Reza,True,False,True,False
Sima2u,True,False,True,False
FairyB20,True,False,True,False
Atuta4276262310,True,False,True,False
pouya_amir0,True,False,True,True
georg_patriot,True,True,True,False
simin_dokht_25,True,False,True,False
moonwalkerkido,True,False,True,False
jalilehj,True,False,True,False
sarbazo_shah,True,False,True,False
khersesaavak,True,False,True,False
HalehK78767,True,False,True,False
PayandeiranJ,True,False,True,True
KN86190530,True,False,True,False
dropofthesea__,True,False,True,False
arameshhastam74,True,False,True,False
scarletlips2579,True,False,True,False
leon_khasteh,True,False,True,False
Skysthe78715472,True,False,True,False
Kouroshvaliam,True,False,True,False
amita_0302,True,False,True,False
lirata6020,True,False,True,False
BabakIrani1980,True,False,True,False
WashTimesOpEd,True,False,True,False
yootab44,True,False,True,False
azarbayjanX,True,True,True,False
DoxiCrypto,True,False,True,False
n52220638,True,False,True,False
pedarzhept,True,False,True,False
hd23820920,True,False,True,False
tapiroozihotma1,True,False,True,False
voltaireiran,True,True,True,False
ms1970saber,True,False,True,False
AzadehEhsan84,True,False,True,False
peter_sale39514,True,False,True,False
pardisa6,True,True,True,False
dawn_dawne,True,False,True,False
pk20333999,True,True,True,False
Kiumarsap,True,False,True,False
AmiinMosavii94,True,True,True,False
f14tomecat,True,False,True,False
HmayShrfy30117,True,False,True,True
Zoe80473441,True,False,True,False
Gard_e_Javidan,True,True,True,False
FreeIran178578,True,False,True,False
Korosh77625820,True,False,True,False
Maddoou,True,False,True,False
beni_ta1,True,True,True,False
liwooom,True,True,True,False
AANabil251919,True,False,True,False
Golrokh1403,True,False,True,False
itisbatgirl,True,True,True,False
bright_idea_lab,True,False,True,False
sepah_sardar,True,False,True,False
shahyadam_tower,True,False,True,True
Navid34752310,True,False,True,False
Marta196825152,True,False,True,False
HTehad,True,False,True,True
OtanesBlog,True,False,True,False
Ss22564940,True,False,True,False
abdolah_abdi,True,True,True,True
Mahsabird,True,False,True,True
Tavaana,True,True,True,False
BigBoy31415,True,False,True,False
JjShikani,True,False,True,False
Nahid818,True,False,True,True
leonprof999,True,False,True,False
DodoPaky86,True,False,True,False
Sashtyani,True,True,True,True
ForouzanIraniii,True,False,True,False
AlnazkhanypwrA,True,False,True,False
anahita19862,True,False,True,False
Truth7inspired,True,False,True,True
MitraCrypto88,True,False,True,False
m23242242,True,False,True,False
hassan3960,True,False,True,False
Azarmid43584215,True,False,True,True
RahaFaraz5877,True,False,True,False
avaaa8910,True,False,True,False
certainty101,True,False,True,False
mhdynwr06324774,True,False,True,False
courageusefille,True,False,True,False
VectorPancho,True,False,True,False
Deutschperser,True,False,True,False
cat_cat_mom,True,False,True,False
Symmetrybody_ir,True,False,True,False
NoWok_Pahlavist,True,False,True,False
Mario99295438,True,False,True,False
EndWokeness,True,False,True,False
engelabIran,True,False,True,False
king_amb_,True,False,True,False
baaarzaaakh,True,True,True,False
fatemehkhajouie,True,False,True,False
darzi2582,True,False,True,False
bachemeymoon,True,False,True,False
bihamta19,True,False,True,False
PersianLand7,True,False,True,False
omidshadi4,True,False,True,True
Navaye1omid,True,False,True,False
Persianlionesss,True,False,True,False
SARBAZEH_VATAN1,True,True,True,False
NicholasLissack,True,False,True,False
Kiramtoorahbari,True,False,True,False
Hope30713797,True,False,True,False
enayat0791,True,False,True,False
AuraNewsNow,True,False,True,False
2002Kingfox,True,True,True,True
Iranianpattriot,True,False,True,False
hope20ir,True,False,True,False
fornowanon23,True,False,True,True
Iman29972997,True,False,True,False
tlrlstmnstndng,True,False,True,False
jmhwr44924,True,False,True,False
Parinaz_ETSM,True,True,True,False
maltappsala,True,False,True,True
russian_sinner,True,False,True,False
Hz4Awen,True,False,True,False
SMcn008,True,False,True,False
Hakim62880888,True,False,True,False
Mobina1960,True,False,True,False
Aminbehroozi70,True,False,True,False
sourenasanto,True,True,True,False
Shahdokht2000N,True,False,True,False
PjPrexit86,True,False,True,True
Cheshmabi74,True,False,True,False
MaryamBehzadi9,True,False,True,False
Nobody83938078,True,False,True,False
Calliope_ZM,True,False,True,False
siminmah,True,False,True,False
KhdaSyd72643,True,False,True,True
gojarnia88052,True,False,True,False
nida_banou,True,False,True,False
Action4IR,True,True,True,False
Maharaje7,True,False,True,False
kaveh_ariai,True,False,True,False
IRANmylove2018,True,False,True,False
mandela08940434,True,True,True,False
Babak50026121,True,False,True,True
reihane_asgari,True,False,True,False
siavosh48,True,True,True,False
Mo921755,True,False,True,False
NaserClash3,True,False,True,False
HSmdnya95034,True,False,True,False
kiavash23599123,True,False,True,False
MehrshadHei,True,False,True,False
PahlaviOmid,True,False,True,False
sahar_art_uk,True,False,True,False
Revenge__ir,True,False,True,False
RufusBeyn,True,True,True,False
lucky_murch,True,False,True,False
GoliHita5765,True,False,True,True
Arya546706Arya,True,False,True,False
Sahar30349722,True,False,True,False
nonom83522057,True,False,True,False
BabakMorad92996,True,False,True,False
m_ojmal,True,True,True,True
AbiDel23952698,True,True,True,True
Kamangir_133,True,True,True,True
Jneilsman,True,False,True,False
YzdanPak888,True,False,True,False
lueiihaftom,True,False,True,False
Azadehnew,True,False,True,False
Crazymi13102200,True,False,True,True
TheFreeGirl6,True,False,True,False
PanahiSharareh,True,False,True,False
ShahNader2128,True,False,True,False
naslesookhtehh,True,True,True,False
alkhames,True,False,True,False
Ffffekkrooof,True,False,True,False
javid_rezashah,True,False,True,False
hazhgalous,True,False,True,False
khaloohalou,True,False,True,False
Manamdige7,True,False,True,False
ShaerTeghan,True,False,True,False
Rahaska92,True,False,True,False
orangehearti,True,False,True,False
Siamak_46,True,False,True,True
Aragon6665,True,False,True,False
korosh_farzand,True,False,True,False
Koramdinn,True,False,True,False
DarkinSand,True,False,True,False
real_Ardalan,True,False,True,False
bama_bn89934,True,False,True,False
Pouya_R_021,True,False,True,False
MatthieuGB,True,False,True,True
barzan9736,True,False,True,False
ghostrider2583,True,False,True,False
_rastakhiz_,True,False,True,False
1371msf,True,False,True,True
samuelFLjackson,True,False,True,True
hopeiran1234,True,False,True,False
pishecheshm,True,False,True,False
Baghaei__M,True,False,True,False
EdyCohen,True,False,True,False
Jazmin_Bagh,True,False,True,False
Amir_designer_,True,False,True,False
Jo5x8HaTcF3o5Px,True,True,True,False
Azsamanian,True,False,True,False
AliMotie69,True,False,True,False
leyloonRP,True,False,True,False
RayvRyan,True,False,True,False
ANTYTHEZIS,True,True,True,True
AlexNgwzmn22889,True,False,True,False
azad_o_raha7,True,False,True,True
tokkyorkee,True,False,True,True
KAHROBA_2537,True,False,True,False
nany892865hassa,True,False,True,True
JokerInTheNorth,True,False,True,False
MinasianAr84188,True,False,True,False
DADA_IRAN_36,True,False,True,False
roz_mozd,True,False,True,False
shayannaderi81,True,False,True,False
Azadiazadi0,True,False,True,False
familenadershah,True,False,True,False
Hqkaya,True,True,True,False
SaeedRN93,True,False,True,False
KobraAfsha24632,True,False,True,False
IOmid27981,True,False,True,True
eyesofsarina,True,False,True,False
tweitiii1824,True,False,True,False
sarakittty,True,False,True,False
Parvaaz666,True,False,True,False
sogoli57,True,False,True,False
lordsina39746,True,False,True,False
Golpar_Monarchy,True,False,True,False
dosteiran,True,False,True,True
ilia_33,True,False,True,True
PinkCCIran,True,False,True,False
Mori_brand,True,False,True,False
megamaniran,True,True,True,False
E_Aria_N,True,True,True,False
chamroosh07,True,False,True,True
SourenShaani,True,False,True,False
iran_misazamat,True,True,True,False
JavidShahIranam,True,False,True,False
shoreshi57ti,True,False,True,True
wolf__wstreet,True,False,True,False
FaratarazAseman,True,False,True,False
Siahi15,True,False,True,False
Shokran27746108,True,False,True,False
amirdorostkar3,True,False,True,False
312_alee,True,False,True,False
AmazingPicsHQ,True,False,True,False
injanebamin,True,False,True,False
professorparsai,True,False,True,False
powerpeople_,True,True,True,True
karmaiskarma8,True,False,True,False
battis29811138,True,False,True,False
azad2561,True,False,True,False
ayre54906121,True,False,True,False
Hanieyaghoubii,True,False,True,False
TehranShah5,True,False,True,False
Rez10Asq,True,False,True,False
Morva389955,True,False,True,False
mobarez1663629,True,False,True,False
Mandana89502691,True,False,True,True
NoToIRGC2022,True,False,True,False
gol6e6,True,False,True,False
NFreeIran2022,True,True,True,False
KingsSoldier16,True,False,True,False
Kurus6thBC,True,False,True,False
ksveh7,True,False,True,False
Zagros1402,True,True,True,False
Mountimous,True,False,True,False
Masad75405681,True,True,True,True
ClownWorld_,True,False,True,False
ppoyan22,True,False,True,True
Kyrus2th,True,False,True,False
bennyjohnson,True,False,True,False
iraniangrumpy,True,False,True,True
jiar06731264,True,True,True,False
Chris_hazelnut,True,False,True,False
Ariobarzan_pars,True,False,True,False
ShadiehKalanta1,True,False,True,False
Mohtashampoone,True,False,True,False
hesekhoob0926,True,False,True,True
n212100,True,False,True,False
DWlgrd173113,True,False,True,False
Artemisinwar,True,False,True,False
saraHendi6,True,False,True,True
avid_Azadi,True,False,True,False
Emeliano22,True,False,True,False
Faraz28706835,True,False,True,False
Avtradiing,True,False,True,True
Artmis2016,True,False,True,False
BapaMona,True,False,True,False
rejalian36674,True,False,True,False
iranlionsuniran,True,False,True,False
Irnfre2,True,False,True,False
1chynese,True,False,True,True
_mendeleev,True,True,True,False
maahiiran,True,False,True,False
_ALIRE7A_,True,False,True,False
MehradNiki,True,False,True,False
AnnaD3748,True,False,True,True
Rppress0,True,True,True,False
PersianGirl2024,True,False,True,False
cryptosamz,True,True,True,True
MARYAMAFSHAR100,True,False,True,False
IRAN_2583_2583,True,False,True,False
ras3540,True,False,True,False
Sandisodoleh,True,True,True,False
hebe_deh,True,False,True,False
Dkhtrnghlb1401,True,False,True,False
mamoka_13,True,False,True,False
AmirKhan4880475,True,False,True,False
Ghjkl13591359,True,False,True,False
Majid1ax,True,False,True,False
Metalika_5050,True,False,True,True
MhdiB1980,True,False,True,False
BahariBarbod,True,False,True,True
ZahraBiari,True,False,True,False
pizza_facey,True,True,True,False
Bohllull,True,False,True,True
Korosh_Hosseiny,True,False,True,False
Spirit12348,True,False,True,True
ozaydini1907,True,False,True,False
Road6092,True,False,True,False
pahllavism,True,False,True,False
diyako3341,True,False,True,False
farashgardii02,True,True,True,False
mazaloot,True,False,True,False
Paraste127414,True,False,True,False
TVPWorld_com,True,False,True,False
nelsonraftee,True,False,True,False
ribosomical,True,False,True,False
zebelboy,True,False,True,False
Aryamehrshahsha,True,False,True,False
bibilibobolibo,True,False,True,False
HesamDr1,True,False,True,False
Hosseinbafghi,True,False,True,False
Arianrad5,True,True,True,True
libsoftiktok,True,False,True,False
wiliammunny0000,True,False,True,False
grandmama98,True,False,True,False
AMI2AI,True,False,True,True
rezayyyyy,True,True,True,False
Ba_iran,True,False,True,True
ZSepitman28891,True,False,True,False
yalinezhaad,True,False,True,False
lighting197979,True,False,True,True
Shahin56802127,True,True,True,False
tele12827,True,False,True,False
RichSementa,True,False,True,False
shah_dooost,True,False,True,False
Aasi135,True,False,True,False
alireza79692365,True,False,True,False
Mobarez_irani60,True,False,True,False
info_teleg89727,True,False,True,False
Pandoradaar,True,False,True,False
GibsonShirin,True,False,True,True
winterssyelaa,True,False,True,False
third0Eye,True,False,True,False
afshineemrani,True,False,True,False
Dehghan04376340,True,False,True,False
_tinafrn_,True,True,True,False
saied369227,True,False,True,False
kiticat22,True,False,True,False
payam_cha,True,False,True,False
Shabrooz32,True,False,True,False
sh74ab,True,False,True,False
Bahman0111,True,False,True,False
khamenei_mafool,True,False,True,False
FeriAmoo,True,False,True,False
Koorosh_EP,True,False,True,False
gelavizh67,True,False,True,False
mehrshaaDxxx,True,False,True,False
aryan75100624,True,False,True,False
rezafazeliii,True,False,True,False
Umar_ibn_khatab,True,False,True,False
sadezist81,True,False,True,False
Rostamd2020,True,False,True,False
PADSHAHARYAMEHR,True,False,True,False
nefIeh,True,False,True,True
Valeriehastam,True,False,True,False
NasrinMokh73546,True,False,True,False
Sheydanshid,True,False,True,False
ParvanehA63758,True,False,True,False
VatanParastan,True,False,True,True
AP_from_NY,True,False,True,False
yutab97,True,False,True,False
free_peo,True,False,True,False
shadissssssss,True,False,True,False
Medinfo_X,True,True,True,False
nstar6985,True,False,True,False
keyvan_entegham,True,False,True,False
iranmehr_arad,True,False,True,False
Smith55y,True,False,True,False
Nadav_Eyal,True,False,True,False
doktareshakira,True,False,True,False
MMe14930919,True,False,True,True
alborz8908,True,False,True,True
PNezarat32797,True,False,True,False
kamran_jaff,True,False,True,False
Donyajanan963,True,False,True,False
korushAriamehr,True,False,True,False
mr_coolhand,True,False,True,True
freedomlooker,True,False,True,False
azadazad20201,True,False,True,False
aeries99,True,False,True,False
atensnut,True,False,True,False
houman1976,True,False,True,False
LoveIranShah,True,False,True,False
IranePadeshahii,True,False,True,False
farid5828181684,True,False,True,False
MihanIran176257,True,False,True,False
angrypotterman,True,False,True,False
pakan_p,True,False,True,False
shinshinnaaa,True,False,True,False
Kt577k,True,False,True,False
RahazareD51206,True,False,True,False
johnstonez39,True,False,True,False
dktryrn37332757,True,False,True,False
Shahi2019,True,False,True,False
Zhuan98,True,False,True,False
SamArnodTexas,True,False,True,False
riokhosravi,True,True,True,False
nasteanka,True,False,True,False
Hooran17449313,True,False,True,False
tektek1357,True,False,True,False
Miss_Maropelle,True,True,True,False
ESy45,True,False,True,False
pirooziranii,True,False,True,False
aghayehesam,True,True,True,False
cinamashiraz972,True,False,True,False
mardaviich2,True,False,True,True
thetweeto1ogist,True,False,True,True
shahansha12345,True,False,True,False
azammousavi75,True,False,True,True
ALEXIRANI19,True,False,True,False
Parkway_Pro_,True,False,True,True
Tootee_86_86,True,False,True,False
Daividplatt777,True,False,True,False
galadriel_3c,True,False,True,False
Arezurose,True,True,True,False
mit_bil,True,False,True,False
Nima8773,True,False,True,False
m_a7282,True,False,True,False
farzinpishro44,True,False,True,False
BMkrany43389,True,False,True,True
G93201Ghghnoos,True,False,True,False
Rchii_joon,True,True,True,False
Shared2022,True,False,True,False
mamacat0098,True,False,True,False
kymiya7722,True,False,True,False
M0rtezaaaa,True,True,True,True
AlizadehFirozeh,True,False,True,False
SarbazePahlavi7,True,False,True,False
WrathHoly,True,False,True,True
stellanils,True,False,True,False
Xboxgameriran,True,False,True,False
dastezamane,True,False,True,False
Phoenix19191126,True,False,True,False
sarbaze_ariaei,True,False,True,True
obeydzacany,True,True,True,False
AShnwndh,True,False,True,False
aliemamiofnyc,True,True,True,False
moa876,True,False,True,False
marytiend,True,False,True,False
Gard_Melli,True,False,True,True
JehanneDAark,True,False,True,False
tootee88eir,True,False,True,False
kharkhali,True,True,True,False
Meteorite_0,True,False,True,False
sogoli_bikhodi,True,False,True,False
soori538930,True,False,True,True
atsa_na,True,False,True,False
godfather2688,True,False,True,False
malavavisco,True,False,True,False
Mahdiresearch64,True,False,True,False
Ranaghbgh,True,False,True,False
Davood_David_,True,False,True,False
koroshkabyr,True,False,True,False
Barandazz1,True,False,True,False
KavianiDer17736,True,False,True,False
AvataSamuel,True,False,True,False
smsafavi1402,True,False,True,True
Bita2018,True,False,True,False
Gordafarid_1401,True,False,True,True
LuisdeLamar305,True,False,True,False
officer_donny,True,False,True,False
akhoondbutcher,True,False,True,False
dafneh840785,True,False,True,False
keykemiveyi,True,True,True,False
G0RdAfaRiiD,True,False,True,False
Ario62275049,True,False,True,False
ariari01ariari,True,False,True,True
MahshidRahmaniy,True,False,True,False
Acropolis86,True,False,True,False
HenMazzig,True,False,True,False
FaridAalmaani,True,False,True,True
mahsawamy,True,False,True,False
Christiane80273,True,False,True,False
Lily92874373,True,True,True,False
Yasssyasssin,True,False,True,False
GhassemiAbi,True,True,True,False
jeey_mary,True,False,True,False
reerob2247,True,False,True,False
Shahkhoban,True,False,True,False
somayye698370,True,False,True,False
Sandra417424513,True,False,True,False
duygu_taj,True,False,True,False
ClarkGable_r,True,False,True,True
AGHAbozorg01,True,False,True,False
Therapyquotes_,True,False,True,False
AliNia474184,True,False,True,False
jenabechishpish,True,False,True,False
IRRefugeesInTR,True,False,True,False
cybersavak,True,False,True,False
hodhodkhabar,True,False,True,False
RGhadiany,True,False,True,False
parsian90,True,False,True,False
hedaite_sadegh,True,False,True,False
nasrinkh1343,True,False,True,False
iranforeverP,True,False,True,False
drachenfutter78,True,False,True,False
shiny_shelby,True,False,True,True
,True,False,True,False
Khayammg,True,False,True,False
soltani1401,True,False,True,False
ghiti2023,True,False,True,False
jujukushteshod,True,False,True,False
sepahraaad,True,False,True,False
Pahlavi03,True,False,True,False
lbgp_sm1,True,False,True,False
QgPxPFuSTHaaqaf,True,False,True,False
PersianGirlPro,True,False,True,False
Mrzaga1983,True,False,True,False
Karami77852151,True,False,True,False
SaharL579665,True,False,True,False
DrhE0277,True,False,True,False
Nima_kh98,True,False,True,False
noushingolnavaz,True,False,True,False
mdubowitz,True,False,True,False
viz96010748,True,False,True,False
KillBillLMAO,True,False,True,False
BabakR16311,True,False,True,False
M_parsa1401,True,False,True,False
iranfarzand1,True,False,True,True
ssaallaar,True,True,True,True
bitch_crow,True,False,True,False
RezaPars,True,False,True,False
mypersia1_,True,True,True,False
iraniankingreza,True,False,True,False
IRAANBAAN,True,True,True,False
RezaS27,True,True,True,False
PerspolisGlut,True,False,True,True
Sheeee_10,True,False,True,False
_Nimazamani,True,False,True,False
ArminMozayan,True,False,True,False
Abdollahyan,True,False,True,False
LPershiski,True,False,True,False
domedonya,True,False,True,False
Saniiisani64316,True,False,True,False
Meshgi1,True,False,True,True
khokhlakof,True,True,True,True
Miladq17,True,False,True,False
WeWillSaveIran1,True,False,True,False
A_K_AM_memorial,True,False,True,True
SiavashParsi6,True,False,True,False
DianaMa97219018,True,False,True,False
brwonalicard,True,False,True,False
Akeenake2582,True,False,True,False
GadflyPersia,True,True,True,False
FuenteLatina,True,False,True,True
BijanNamdar1,True,False,True,False
koroshCR7,True,True,True,True
Iraneariyaii,True,False,True,True
Iran_2025,True,False,True,False
Antovan30M32730,True,False,True,False
PIRATE_6969,True,False,True,False
Zhwyn1981,True,False,True,False
HosseiniAnya,True,False,True,False
FariborzTaheri3,True,False,True,False
Ardeshir2025,True,False,True,True
_omid52,True,False,True,False
AdlNavid,True,False,True,False
ShadowSurferX,True,False,True,False
insight2583,True,False,True,False
GodOfWar90909,True,False,True,False
BugsBuny90,True,True,True,False
mschlapp,True,False,True,False
falcon202066,True,False,True,False
javeneariaei,True,False,True,False
MariaBabaie,True,False,True,False
boldmark57002,True,False,True,False
Taylr_Durden,True,False,True,True
WM_IRAN_GA,True,False,True,True
0xKaveh,True,True,True,True
bodigirel2,True,False,True,False
Ariats2580555,True,False,True,False
aidakay0,True,False,True,False
KA__BooS,True,False,True,False
koruosh2023,True,True,True,False
Behzadakk,True,False,True,False
donpablo_1234,True,False,True,False
pahlavism149884,True,False,True,False
stswrong,True,False,True,False
e_eslamizad,True,False,True,True
W5KoiWrJgup0NwH,True,False,True,False
kartaljesus,True,False,True,True
Bamshad_Pahnfar,True,False,True,False
NikunamMohammad,True,False,True,True
Bita_redemption,True,False,True,False
saeedhalvaii,True,False,True,False
leila89368511,True,False,True,False
RalyR18084,True,False,True,True
YavarKafar,True,False,True,False
Peace1072023,True,False,True,False
rozbeh1538493,True,False,True,True
haditorkmalek62,True,False,True,False
afagerbakke,True,False,True,False
OzerNazlii,True,False,True,False
yektaaa22,True,False,True,False
sunnny_pannni,True,False,True,True
Engelab1401,True,False,True,False
DariushSh24896,True,False,True,False
Terror_Alarm,True,False,True,False
HavfrueShF,True,False,True,False
nrg_Q_17,True,False,True,True
JavadKhaki_IR,True,False,True,False
sabrinamobarez,True,False,True,False
Shaheenchevv,True,True,True,False
HomaRashti,True,False,True,False
rah74A,True,False,True,False
nignig5151,True,False,True,False
Lili_joon2,True,False,True,False
UNGeneva,True,False,True,False
Alborz1433,True,False,True,False
shah_pari431,True,True,True,False
Laleh33122900,True,False,True,False
MonarchyPersia,True,False,True,True
Irez85,True,False,True,False
farahspr,True,False,True,False
ghuiooa11948,True,False,True,False
YasArcMizuno,True,False,True,False
arashjafari33,True,False,True,True
lIshaghayeghlI,True,True,True,False
JordanMaxi17471,True,False,True,False
GharaKhabar,True,False,True,False
Azar22Azar,True,False,True,False
taranehabadan,True,False,True,False
farahHHiran,True,False,True,False
facelessanonym,True,False,True,False
pendarnik77,True,False,True,False
The_Rointan,True,False,True,False
persian_sk,True,False,True,False
tsdv279,True,False,True,True
shaahiinnn,True,False,True,False
bb_cband,True,False,True,False
Sarbaze_Vatan88,True,False,True,True
vs84sorena,True,False,True,False
tavko96259,True,False,True,False
QKrmy91969,True,False,True,False
leiliii27,True,True,True,False
mahinfaghihi,True,False,True,False
akserouz,True,True,True,False
EPpolitician2,True,False,True,False
nikoroobin,True,False,True,False
prwanh510641,True,False,True,False
aghaye_jim,True,False,True,False
mastanetanha2,True,False,True,False
IranZeroHour,True,False,True,False
Takeabeer69,True,False,True,False
xxxxIranxxxx,True,False,True,False
GholamAlikhani,True,False,True,True
AzarNazar3,True,False,True,False
eisa6293,True,False,True,False
leonard_kohen30,True,False,True,False
javid_nama31895,True,False,True,True
IdoHalbany,True,False,True,False
max_power73,True,False,True,False
AdinehShahram,True,False,True,False
Sahel775439,True,False,True,False
LORENZO552535,True,False,True,False
irantehran401,True,True,True,False
of_iran39329,True,False,True,True
taxi8s,True,False,True,False
Astrophil_Mars,True,True,True,False
Persiairany,True,False,True,False
,True,False,True,False
Joojooirani,True,False,True,False
KScoroz75088,True,False,True,False
KHakhamene8617,True,False,True,False
agha_xavier2,True,True,True,False
Loiisssssssss,True,False,True,False
MobedZal28592,True,False,True,False
Freedom01574840,True,False,True,False
RayeheGr,True,False,True,False
DidarHesam,True,True,True,False
esi_afi,True,False,True,False
AMoghtasse70728,True,False,True,False
AnMahdokht,True,False,True,False
pir_e_khereft,True,False,True,False
Jangal10Sardar,True,False,True,False
jsolomonReports,True,False,True,False
lilly33312,True,False,True,False
akramkhoraii,True,False,True,False
DrKatrin_Rabiei,True,False,True,False
Alphafox78,True,False,True,False
LNZHPP,True,False,True,False
,True,False,True,False
smjm1972,True,True,True,False
ArioBarzan29569,True,False,True,False
AftabAlamtab,True,False,True,False
Birdbox36,True,False,True,False
JohnSnow65366,True,False,True,True
ABC62388146,True,False,True,False
rostam_dastan2,True,False,True,True
RozhanU1,True,False,True,False
firuzeijamegan2,True,False,True,False
Nahid13601357,True,False,True,False
Rightofmind1,True,False,True,True
fyzonouz,True,False,True,False
Mehrad_shgn,True,False,True,False
Ato3A8000757729,True,False,True,True
zootopiazz,True,True,True,False
palang_souratee,True,False,True,False
theslyuda,True,False,True,False
AminHatami57521,True,False,True,False
Mehrad_69,True,False,True,False
Persian63678616,True,False,True,False
FaribaKaze78897,True,False,True,True
lionandsunarmy,True,False,True,False
shahrwand0,True,False,True,True
Fareydunfarrokh,True,True,True,True
naollegesse230,True,False,True,False
Iran50176766263,True,False,True,False
Ahmadkaka43,True,False,True,False
FreeHumanright,True,False,True,True
moh_heidari,True,True,True,False
Bikhabaroffline,True,False,True,False
ElohimKiller,True,False,True,False
Alireza7553,True,True,True,False
Bejangim009,True,False,True,False
AliHuseynovIR,True,False,True,True
AplcarolineDr,True,True,True,False
goodbadatusa,True,True,True,True
Hipala62,True,False,True,False
Golshan_Khanoom,True,False,True,False
saiedpate,True,False,True,False
bitooshka_mama,True,False,True,False
kami32831913,True,False,True,False
saeidarya68,True,False,True,False
ArioPE368BC,True,False,True,False
AliM5431,True,False,True,False
armanasw,True,False,True,False
sarbaaaazekhaak,True,False,True,False
2018_berlin,True,False,True,False
lordkutuleh,True,False,True,False
TheeSorena,True,False,True,False
iranparst,True,False,True,False
Sheyda_Persia,True,False,True,True
hesabejadi65030,True,False,True,False
nasrin_arabi,True,False,True,False
abban98192288,True,False,True,False
naslsokhteh60,True,True,True,False
roshanfekri78,True,False,True,False
Tooraj_Kazeminy,True,False,True,False
Ardviraf,True,False,True,True
bob_saginowskii,True,False,True,False
ImamToosi,True,True,True,True
farhangepars,True,False,True,False
NuBMjYSHmGGRDtd,True,False,True,False
janvaljaan,True,False,True,False
Russianowarabic,True,False,True,False
TomFitton,True,False,True,False
bazgasht_,True,False,True,False
knbhgfk,True,True,True,False
shah_parast_k,True,True,True,False
lind83171583,True,False,True,False
ESPANDIAR_2ND,True,False,True,False
nataliekerman,True,False,True,False
KingLion1781,True,False,True,False
loulchian,True,False,True,True
azoun88,True,False,True,False
mootaareez,True,False,True,False
TehrantoNews,True,False,True,False
LocallAndia,True,True,True,False
FransMaassen9,True,False,True,False
EAIranParast,True,False,True,False
asalfelfeli,True,False,True,False
soroush6666,True,False,True,False
a1schuhmacher71,True,False,True,False
javid018,True,False,True,False
vakilipor,True,False,True,False
hanis1388,True,False,True,False
Hasanake_Vakil,True,False,True,False
Iranmyland9,True,False,True,False
azno2025,True,False,True,False
sara24423651,True,False,True,False
pourya,True,True,True,False
AbrahamBAb14249,True,False,True,False
babak4976365423,True,False,True,False
universe_total,True,False,True,False
RubeniRosa,True,False,True,False
Aieryanem,True,False,True,False
Marukka9,True,False,True,False
GivargizS,True,False,True,True
Fai2ta,True,False,True,False
leyla_720,True,False,True,False
Shahghayedi1969,True,False,True,False
mmsamadian,True,False,True,True
iranlian027,True,False,True,True
ldyn82859105,True,False,True,False
hadinik,True,True,True,False
ArmanZubin,True,False,True,False
Natalie63680211,True,False,True,False
alitt70965811,True,False,True,False
LOST_IN_UNI_777,True,False,True,False
dream_pahlavi,True,False,True,False
reystadt,True,False,True,False
Iraniam_2583,True,False,True,False
artemissorena,True,False,True,False
solgoli237,True,False,True,False
Farokh53022717,True,False,True,False
WallStreetApes,True,False,True,False
Booji_Mooji,True,False,True,False
A200x200,True,False,True,False
MoK_1891,True,False,True,False
amir1324502,True,False,True,False
NetDaghooneh,True,False,True,False
Rezakha_n,True,False,True,False
Arsis86,True,False,True,False
vatanam_iran1,True,False,True,False
shomareh_hefdah,True,False,True,False
taks78381,True,False,True,False
MrszsrM,True,False,True,False
1_iran1,True,False,True,True
AmyMek,True,False,True,False
Angel598043604,True,False,True,True
someyh64,True,False,True,False
fekre_dovom,True,False,True,True
NSabery78006,True,False,True,False
AbjiZamiri,True,False,True,False
Sir_Terralyn,True,False,True,True
justiran01,True,False,True,False
iranvatanam2222,True,False,True,True
Mohsenm69369499,True,False,True,True
hafryatmediaa,True,False,True,True
liberty8787,True,False,True,False
ARIAJAVID_,True,False,True,False
hermanirani1,True,False,True,False
iranianbamdad20,True,True,True,False
anothermind111,True,False,True,False
maniatemann,True,False,True,False
A_pasfarda,True,False,True,False
Kimiakhat,True,False,True,False
farid1370313,True,False,True,True
na_baab,True,False,True,False
Psi658620867275,True,False,True,False
tajotakht2500,True,False,True,False
Maverick_CS_Du,True,False,True,False
IMehdizade88936,True,False,True,False
mytm1213073,True,False,True,True
SuppressedNws,True,False,True,True
W_L_Freedom,True,False,True,False
Rayan9717,True,True,True,True
HooooHiiii,True,False,True,False
taylor_prs,True,False,True,False
shm9384396334,True,False,True,False
mhsahebi350,True,False,True,False
gsea1980,True,False,True,False
Maryaaa03946854,True,False,True,False
shirinkhanomam,True,True,True,True
MahnazShirali,True,True,True,True
iraneman77777,True,False,True,False
ah00mauun007,True,False,True,False
patriot_apranik,True,False,True,False
avay_farvahar,True,False,True,False
TigayBarry,True,False,True,False
sohrab_siyavosh,True,True,True,False
mullahs_hunter,True,False,True,True
youaintfin63529,True,False,True,False
Aghavali2173,True,False,True,False
sasanamiri2,True,False,True,False
hosseinesllami,True,False,True,False
ariobarzan_,True,False,True,False
GhazGhazi940398,True,False,True,True
CoffeeG98040571,True,False,True,True
fiightergirl,True,False,True,False
MikleDW,True,False,True,False
ithnoiran,True,False,True,True
harlogen_jnr,True,False,True,False
persian_Lad,True,False,True,False
angel542986601,True,False,True,False
CutieQueer22,True,False,True,False
Tajtaj63,True,False,True,False
javidshah550,True,False,True,False
therebel6166,True,False,True,False
Mathew202829285,True,False,True,False
UCrays23658,True,False,True,False
Nariya307,True,False,True,False
darbedar_i,True,False,True,True
kmbashkan,True,False,True,True
lnahalllnahall,True,True,True,True
Diyako_Irani,True,False,True,False
cha94425,True,False,True,True
khatere67876572,True,False,True,False
partigiano47,True,False,True,False
ArtimesDokht,True,False,True,False
iranazadi15,True,False,True,False
D62Darya,True,False,True,False
Warrior_Arrow,True,False,True,False
quietgirl7319,True,True,True,False
BurntKotlet_12,True,False,True,False
Amita_Bi_chan,True,False,True,False
sineh_sokhte,True,False,True,False
dariush_omran,True,True,True,False
szo936,True,False,True,False
AZADMEHR2533,True,False,True,True
Goghnous,True,False,True,False
VahidKhoshnoody,True,False,True,False
Enekase1360,True,False,True,False
MohammadLak79,True,True,True,True
farreizada32697,True,False,True,False
Iranyear0,True,False,True,False
J1nne,True,True,True,False
saghargho,True,False,True,True
FIfi8202,True,False,True,False
rayehe_rabi,True,True,True,False
zorroFromHmdn,True,False,True,False
IranGuardian,True,False,True,False
Farya27201288,True,False,True,True
nina_banoo96,True,False,True,True
REBEL871209994,True,False,True,False
bahaar851076,True,False,True,False
Khodealef_,True,False,True,True
Anc_Aesthetics,True,False,True,False
Reza__Soleimani,True,True,True,True
RezaV1526,True,False,True,True
lagobrune,True,False,True,False
__Injaneb96,True,True,True,False
pertikan_king,True,False,True,True
Freedom20231403,True,False,True,False
NABARDANDISHE,True,False,True,False
MehranS39353534,True,False,True,False
rrfhyr,True,False,True,False
__Excuse_Me_Sir,True,False,True,False
mehrsa21141294,True,False,True,False
JTavakoly,True,False,True,False
reza_shah_two,True,False,True,False
Fadai_Shahzadeh,True,False,True,False
antfadt,True,False,True,False
shahriarmehrban,True,False,True,True
Minahaji2020,True,False,True,False
Newhope526,True,False,True,False
SirAdulfHitler,True,False,True,False
asemanabrist91,True,False,True,False
Azadah10,True,False,True,False
sevenelll7,True,False,True,False
AmirRostam8990,True,False,True,True
ardesheeram,True,False,True,False
Shaya745,True,False,True,False
pahlavirezacpar,True,True,True,False
lionfromIran,True,False,True,False
lara2022lili,True,False,True,False
ASibilu99564,True,False,True,False
Redrighthand89,True,False,True,False
Zoe11191535,True,False,True,False
ArinaSam7,True,False,True,False
pahlavinews,True,False,True,False
bepakhiziran,True,False,True,False
bibaakirani,True,False,True,False
Mohammad_Reza18,True,False,True,False
Azad20242508,True,False,True,True
Roxy1070408,True,False,True,False
tanjiro_luffy_2,True,False,True,False
kavehaligar,True,False,True,False
NedAzadiii,True,False,True,True
leissafari,True,False,True,False
Allen3210291326,True,False,True,False
FarzadadazraF,True,False,True,False
MiladLankarany,True,False,True,False
maoz69,True,False,True,False
KingSoldierOne,True,False,True,True
BlgShar,True,False,True,False
dragon240125782,True,False,True,False
BPichgah,True,False,True,False
patriot5690,True,False,True,False
Savak_55,True,False,True,False
shabgardan66,True,False,True,False
Fakher_2583,True,False,True,False
Abu_afash21,True,False,True,False
bizzy208497,True,False,True,False
barandazm3la,True,False,True,False
Benyami1980,True,True,True,False
houtbeh,True,False,True,False
samad_best,True,False,True,False
DavidNachman3,True,False,True,False
roohaam94711,True,False,True,False
NavayePahlavi,True,False,True,True
democracyrobot,True,False,True,False
Rizekhale_54,True,False,True,False
shah_dost00,True,False,True,False
artemisbano,True,False,True,False
c5GbNjtYsfYcHMr,True,True,True,False
Nikino200,True,False,True,False
amirhe1344,True,False,True,True
Master0212212,True,False,True,False
Siyavash2001,True,False,True,False
Ansari_Bahman,True,True,True,True
iran52188765,True,False,True,False
phonix541,True,False,True,False
SarbazRezaShah,True,False,True,False
sarbaziranam1,True,False,True,False
MoOoniiiaa,True,False,True,False
Irandokht_60,True,False,True,False
JamesMelville,True,False,True,False
Shadoneh66,True,False,True,False
Animebazi,True,False,True,False
AlinejadMasih,True,True,True,True
TonyFreeman2015,True,True,True,False
Tiamshir,True,False,True,False
so_arv_0602,True,False,True,False
ColbyBadhwar,True,False,True,True
Sapahlavi3,True,False,True,False
Answer2History2,True,False,True,True
AlipoorMoh6236,True,False,True,False
ahm18486,True,False,True,False
orific555,True,False,True,False
heshmaikel,True,False,True,False
Sahar642421,True,False,True,False
hj_adamskhersi,True,False,True,False
rrayaa222,True,False,True,False
Iamfeelingnummb,True,False,True,False
Chanel1978007,True,False,True,True
avantgardearses,True,True,True,False
irane_bozorg1,True,False,True,False
SORENA_2583,True,False,True,False
Asida65055339,True,False,True,False
solilati,True,False,True,True
NiloOabii,True,False,True,False
Tuyesdewan1,True,False,True,False
Mahizadyaar,True,True,True,True
moshikoshi7,True,False,True,False
ArasKamandar,True,False,True,False
Borhan_Majd,True,True,True,False
March2019651,True,False,True,False
Mandanairani50,True,False,True,False
Marina32109868,True,False,True,True
Samarp14,True,False,True,False
kafkaoefsky,True,False,True,False
kord_gil,True,False,True,False
callmeraha13,True,True,True,True
xxshide,True,False,True,False
garmachkol,True,False,True,False
freeeeeee_life,True,False,True,True
f3lf3ly3,True,False,True,True
alale26361947,True,True,True,False
ssssttttt6113,True,False,True,True
Littlep40390518,True,False,True,True
farzandehIran,True,False,True,False
mimi18475,True,False,True,False
muRINwQFzMoijGX,True,False,True,False
DAWN_of_PERSIA,True,False,True,False
fatemeh_sadat91,True,True,True,False
parisa23187459,True,False,True,False
hafttirshekan,True,False,True,False
136Mojtaba,True,False,True,False
FuckSalavati,True,False,True,False
ATASHEpenhanR,True,False,True,True
KUSCongress,True,False,True,True
SFeridoon,True,False,True,False
trdducnguyen,True,False,True,False
sedaayeaazaadi,True,False,True,True
nima_sabegh1010,True,False,True,False
rrghadi01,True,True,True,True
patrick_jane77,True,True,True,False
afsoon136,True,False,True,False
betabobi1255,True,False,True,True
maddenifico,True,False,True,False
Aliiiizamani,True,False,True,False
bemola__khastam,True,False,True,False
AliReza_Hafezi1,True,True,True,False
MuskOmid,True,False,True,False
KourochMehriran,True,False,True,False
Pars2582,True,False,True,True
Arioo_Barzan_,True,False,True,False
BanaGary,True,False,True,False
soulind2024,True,False,True,True
deathgod192,True,False,True,False
SHAHBAZ01010101,True,False,True,True
Bobshayn1,True,False,True,False
ailerza,True,False,True,False
BAHRAM_1987,True,False,True,False
bahmanfarahani3,True,False,True,False
With_pahlavi3,True,True,True,False
gorbehsiah,True,True,True,False
parwaz22,True,True,True,False
mashangghashang,True,False,True,False
MajidH44995071,True,True,True,False
sangtarash_azad,True,True,True,True
Eve_FromHeaven,True,False,True,False
Rezio0,True,False,True,False
fafar366,True,False,True,False
5pickkk,True,True,True,True
i_am_javad,True,False,True,False
KasraviArash,True,False,True,False
reza6303,True,False,True,True
king_fishpoet,True,True,True,False
Bring_Daughters,True,False,True,False
KhorshidZagros,True,False,True,False
alahazratehomay,True,False,True,False
Kamran99575602,True,True,True,False
AliAhmadi274122,True,False,True,True
charliekirk11,True,False,True,False
ON19894997811,True,False,True,False
ariamehr2542,True,False,True,False
davood32847529,True,False,True,False
Shaaahi1298,True,False,True,False
Mtm9920,True,False,True,False
mahenoghre,True,True,True,False
1Motori,True,False,True,False
curlygirl652,True,False,True,False
F22Hamed68446,True,False,True,True
javidrezashah23,True,False,True,False
Qaaaasem,True,True,True,False
2024_mh,True,False,True,True
sh_khabarnegar,True,False,True,False
omid_AV2,True,True,True,True
Haj_ammar312,True,False,True,False
AZNA2791364,True,False,True,False
Hadi60638998,True,False,True,False
mehraniran2023,True,False,True,False
Ghasem64316995,True,False,True,True
HechKim0,True,False,True,False
0xpahlavi,True,False,True,False
Dariushsha_,True,False,True,False
IARIOU,True,False,True,True
Sohrab0077,True,False,True,False
1980migmig,True,False,True,False
Armanjasoor,True,True,True,False
Hasti665P,True,False,True,False
farzandpaeiz66,True,False,True,False
Fooska2000,True,False,True,False
Nidi1Nb,True,False,True,False
by_dyn59261,True,False,True,False
MaderoyReforma,True,False,True,False
StateDept,True,False,True,False
shadi_diba,True,False,True,False
newfoxyzorro,True,False,True,False
EsfidvajaniMina,True,False,True,False
nahid_ariyaee,True,False,True,False
real_FreeM,True,False,True,True
Naazer00,True,False,True,False
FrayadAzadi,True,False,True,False
btn_kh10425,True,False,True,False
1fE0H6Rofed6H0P,True,True,True,False
payandeiranam,True,False,True,True
AfshinNzariVala,True,False,True,True
joojoo44430817,True,False,True,False
JusticeforIra10,True,False,True,False
MahnazB9309,True,False,True,False
marehafkhat,True,False,True,False
AnarPaeizi,True,False,True,False
shabnam57388141,True,False,True,True
PatriotKamii,True,False,True,False
Rivarzkharmagas,True,False,True,False
ShivaS60496172,True,False,True,True
AfsiRoshi,True,False,True,False
miras065,True,False,True,False
_Baraye_Azadi,True,False,True,False
GlobeEyeNews,True,False,True,False
Strange_G,True,False,True,False
Canadausedto,True,False,True,False
mariiichaan,True,False,True,False
inventor_kevin,True,True,True,False
kargarbrandaz,True,False,True,False
sarbazshaah,True,False,True,False
Mosolchi,True,True,True,False
Bibidi777,True,False,True,False
Kourosh77777704,True,False,True,False
shahabaldin1970,True,False,True,False
paarrinoos,True,False,True,False
bankiybaby4,True,False,True,False
SHAHIAVID,True,True,True,False
mahan02468,True,False,True,False
gordafarid11,True,False,True,False
HiwaTubeAI2,True,True,True,False
Alex47778556934,True,True,True,True
Ramonkaxal25,True,False,True,False
mikhake_noqrehi,True,True,True,False
Kamyarzarbakhs4,True,False,True,True
HplusAforG,True,False,True,False
Brdazimi,True,False,True,False
ciatexas1957,True,False,True,False
JudgeNZ1990,True,False,True,False
samikeykh,True,False,True,True
bedanim2583,True,False,True,False
jikakollah,True,False,True,False
Amirart_iran,True,False,True,False
mamadjahanara,True,False,True,True
etelaf10,True,True,True,True
Sin_anS,True,False,True,False
ghome_kaferin,True,False,True,False
ValiManafi,True,False,True,False
mfddf12,True,False,True,False
YouWillNotLast,True,False,True,False
Aarteshtaran,True,False,True,True
AliEbrahimzade_,True,True,True,True
Imanvaez1,True,False,True,False
Justice_ZZA,True,False,True,False
V0aIvaSV3t92wcG,True,False,True,False
R0tterdamer,True,True,True,False
KalavaniSamad,True,True,True,False
Gholi46741882,True,False,True,False
raha494,True,False,True,False
Timon_Niku,True,False,True,False
parvamehr,True,False,True,True
Sam_Nematy,True,False,True,False
ryanmohammad13,True,False,True,False
HajZaban,True,False,True,False
AzarakhshLight,True,False,True,False
yare_dabestaani,True,False,True,True
RonaiChaker,True,False,True,False
dindaa777,True,False,True,False
SamiTajangi,True,False,True,False
asir_eli,True,False,True,False
mslmahmdy115283,True,False,True,False
Restitutor_Iran,True,False,True,False
NemoRegnum,True,False,True,False
MojtabaT82,True,False,True,False
nm_kar16177,True,False,True,True
NNooshdaroo,True,False,True,False
Siaaa67,True,False,True,False
danymhrgn,True,False,True,False
Damavand_Iran,True,False,True,False
AAtashkadee,True,False,True,False
DanBurmawy,True,False,True,True
farazaminist,True,False,True,False
Meysame_tamaarr,True,False,True,False
ThevoiceofIran2,True,False,True,True
gordane11,True,False,True,True
saeed_akbari39,True,True,True,False
lokhidmartin202,True,False,True,False
Mayekhal,True,True,True,False
giilaaass,True,False,True,False
Moonlightnighty,True,False,True,True
ReallyR83,True,False,True,False
wilma890,True,True,True,True
Inomad000,True,False,True,False
June3rd1989,True,False,True,False
jimi26123559,True,False,True,False
1SHERVIN1998,True,False,True,False
Arman1828ex,True,True,True,True
AmirTaheri4,True,True,True,True
javid_EPir,True,True,True,False
Revenant_HF,True,False,True,False
rasool646464,True,False,True,True
bbuunny95,True,False,True,False
fedbacks,True,False,True,False
MehdiBanai,True,False,True,False
TheHandsomeLion,True,False,True,False
NaghmeL,True,True,True,False
Niketa2020,True,False,True,False
haideriyeh,True,False,True,False
IranianRebirth,True,False,True,False
MReisvand,True,False,True,False
hooshyar_z,True,False,True,True
fifi_pour,True,False,True,True
Agha_jooon,True,False,True,False
YekTa7982,True,False,True,False
bihamsafar,True,False,True,False
Mirzaaghakhan20,True,False,True,False
METALFury1313,True,False,True,True
meisammeisam3,True,False,True,False
Alirezaparafka1,True,False,True,True
harchiharki,True,False,True,False
FarbodArian,True,True,True,True
shahekabir57,True,False,True,False
IranianAzeri,True,False,True,False
N_JR80,True,False,True,False
Choninta,True,False,True,False
RPcreate20,True,False,True,False
Ali40964708,True,False,True,False
maziar_vandad,True,False,True,False
Venus7Melbi,True,False,True,True
Sashastella66,True,False,True,False
Eli285302028,True,False,True,False
toroshok13oo,True,False,True,False
Moe27882661,True,False,True,False
WyjAyran62348,True,False,True,False
bardiyair2,True,False,True,False
javidnamei76957,True,False,True,False
jangali1296242,True,False,True,False
MahbudJkr,True,False,True,False
baharazad873499,True,False,True,False
Far_ezadi2582,True,False,True,False
janejthore,True,False,True,False
Queenaurora209,True,True,True,False
Tahmine_iirani,True,False,True,True
guccirad88,True,False,True,False
OswaldCobb50641,True,False,True,True
renegade_FARID,True,False,True,False
balochistan_054,True,False,True,False
R0khii_1,True,False,True,False
kaykhosrow5,True,True,True,True
parham1345,True,False,True,False
manastoryteller,True,False,True,False
AjabVazee,True,False,True,True
jamshidsaramad,True,False,True,True
shafi125,True,False,True,False
Same_sammmmm,True,False,True,False
Nda94685060,True,False,True,False
lion_mikey08,True,False,True,False
ARR1341,True,False,True,False
serojmz,True,False,True,False
kimia_ssm12,True,False,True,True
ShahriarRa23598,True,False,True,False
Comando17142709,True,False,True,False
sog_m_y,True,False,True,True
Yekta670333,True,False,True,False
LisaLeoneLobowo,True,False,True,True
soosmar7,True,False,True,False
RafieeAnge,True,False,True,False
A17DELQ17,True,False,True,False
warrior_catt,True,False,True,False
DrwdA42828,True,False,True,False
adam_hesabi1,True,True,True,False
KandooTV,True,False,True,False
beyaminjahandi,True,False,True,False
Tony_ksiboy_,True,False,True,False
Sohrab888813801,True,False,True,False
maryama88097336,True,False,True,False
6satan66lucifer,True,False,True,False
PatriotSorena,True,False,True,False
SaiPedram9082,True,False,True,False
King88Rhaegar,True,False,True,False
scorpio19281,True,False,True,False
SaeedianMaryam,True,False,True,False
GreatIran2023,True,True,True,False
Queennkhaleesi,True,False,True,False
javidkourosh187,True,False,True,False
MitraAban27259,True,False,True,False
Niry4ir,True,False,True,False
haamrraaz,True,False,True,False
MarziehVeisyt,True,False,True,True
20002762SHAHKAR,True,False,True,False
HDjamshidi,True,False,True,False
real__Mason,True,False,True,False
JustMyIran,True,False,True,False
MehrbanAban,True,False,True,False
amir41355273,True,True,True,True
EliCopter9200,True,False,True,False
PoplarAlba54,True,False,True,False
zozan1384,True,False,True,False
SAryawnd58559,True,False,True,False
itsgisou,True,True,True,False
Hakhamaneshiii,True,False,True,False
shagholos2,True,False,True,False
Dani_k68,True,False,True,False
Resurrection81,True,False,True,False
diba61023855,True,False,True,False
Sorena2024King,True,False,True,True
MaryamBahrami21,True,False,True,False
faez77959735,True,False,True,False
Fara_dst,True,False,True,False
Alireza_2ag,True,False,True,False
Iran26856517629,True,False,True,False
Laleh42371258,True,False,True,False
Saman90031827,True,False,True,False
anoshirvan66,True,False,True,False
Piran7010747687,True,False,True,False
misso2021,True,False,True,False
Sasan391,True,False,True,False
shan2shohan,True,False,True,False
MarziehMeh7834,True,False,True,False
king_freedom7,True,False,True,False
GJahandide12516,True,False,True,False
RealAlexJones,True,False,True,False
kennnnadams,True,False,True,False
girl_perspolis,True,False,True,False
GRonin7,True,False,True,True
KayhanLondon,True,True,True,True
Ali49781135,True,True,True,True
RevolutAyyar,True,False,True,False
forbvn,True,False,True,False
EdwardJ94747692,True,False,True,False
M_iSaanaa,True,False,True,False
secularistsofIR,True,False,True,True
Taheri15Taheri,True,False,True,False
peyman_am90,True,False,True,False
irandookhte,True,False,True,False
marytabanejad,True,True,True,False
homayoun_m1,True,False,True,False
shadi35876141,True,False,True,True
Mehdi101101,True,False,True,False
RealAliJalali,True,True,True,False
JSchanzer,True,False,True,False
takhtjamshid7,True,False,True,True
NavyLookout,True,False,True,False
king2RMSHAH,True,False,True,False
shahin_ariya,True,False,True,False
shh32454028,True,False,True,False
Talzak,True,False,True,False
kianavidi,True,False,True,False
quintana395621,True,False,True,False
sorena60935,True,False,True,False
FarshidMozaffa,True,False,True,True
Vatanamk,True,True,True,False
pranse20,True,False,True,False
sf34252720,True,False,True,False
IMAM_HOSSEIN_72,True,False,True,True
maxhzad60,True,False,True,False
bbebrahimi,True,False,True,False
BangooBangoo2,True,False,True,False
MozhilaK,True,False,True,False
eliiranabad,True,True,True,False
FreeIra36624074,True,False,True,False
mmdshby4,True,False,True,False
piroozmom,True,False,True,False
Iranianpeople16,True,False,True,False
safarazlilipoot,True,True,True,False
john_wick_7,True,False,True,False
amin1917,True,True,True,False
abedini_farzane,True,False,True,True
dayanerthanever,True,False,True,False
irandokht38,True,False,True,False
QarleyH,True,False,True,False
mita_mehdi,True,False,True,False
off734,True,True,True,True
saja36589,True,False,True,False
Shahshahani20,True,False,True,False
SagorMaitr30528,True,False,True,False
user5236544789,True,False,True,False
atousa_rostami,True,False,True,False
hhannaarendtt,True,False,True,False
Iam_HalfBlood_P,True,False,True,True
nnahidkhosrava2,True,False,True,False
realfarid7,True,True,True,False
faydimlilis90,True,False,True,True
AG82828636,True,False,True,False
Seyed_Ebrahimi,True,False,True,False
SarahMicheal47,True,False,True,False
Msuli120469,True,False,True,False
lashkar55,True,False,True,False
GoodarzTwT,True,False,True,False
8Core_5GHz,True,False,True,False
P88260,True,False,True,False
18TROUBLE18,True,False,True,True
Binokido,True,False,True,False
elonmusk,True,False,True,False
NR2OH,True,True,True,False
NatGeo,True,False,True,False
sinabarandaz,True,False,True,False
samirkh1389,True,True,True,False
ApostateProphet,True,False,True,False
Rubayiat3Sonne,True,False,True,False
DdimSsim30616,True,False,True,False
javidnaam,True,False,True,False
UomoMees,True,True,True,True
0Ansherly0,True,False,True,False
Nemiphos,True,True,True,False
ArameshAtiaram,True,False,True,False
EmilianoCarrel,True,False,True,True
Shayan2500,True,False,True,False
Dear_Child47,True,False,True,False
Sepanta_Radikal,True,False,True,False
kokopo66745925,True,False,True,False
Sepna24,True,False,True,False
MEHDI_H86,True,False,True,False
vari574,True,False,True,True
lanterninurhan1,True,False,True,False
cspan,True,False,True,False
NFKCT,True,False,True,False
khakeahoraii,True,False,True,False
Goddesofnature,True,False,True,False
Arsak11111,True,False,True,False
Rosalin79435122,True,False,True,False
The_Texan_Guy,True,False,True,False
Nickkhoo_arash,True,True,True,False
savak2583,True,False,True,False
FarhadiIvar,True,True,True,False
ForozanSuzan,True,False,True,False
mitraIrani77191,True,False,True,False
BillboardChris,True,False,True,False
mbegloie,True,False,True,False
rdsyr10,True,False,True,False
yankicoen,True,False,True,False
ma_piroozim,True,False,True,False
HeyranMirza,True,False,True,False
imshin,True,False,True,False
emergentqualia,True,False,True,False
TAtabaky,True,False,True,False
ashegh_iranam,True,False,True,False
ProtesterIdea,True,False,True,False
maYmaYa10000,True,False,True,False
momyshortlegs,True,False,True,False
Rbll1_88,True,False,True,False
FarokhniaFarokh,True,False,True,True
kigapot,True,False,True,False
SharanP388054,True,False,True,False
SobheSadeg34924,True,False,True,False
baramosaa,True,False,True,False
seven2315b,True,False,True,False
vahidae_,True,False,True,True
Parvinkonig,True,False,True,False
ahmad11341234,True,False,True,False
Trumpkillerr,True,False,True,False
Ammoo24,True,False,True,False
mdb1375,True,False,True,False
GhazaleAriaee,True,False,True,False
JMaldavi34728,True,False,True,False
rasanjn,True,False,True,False
Shabani6Ramin,True,False,True,False
vatan_777,True,False,True,False
a_hekmat1980,True,False,True,False
Goftaniha,True,True,True,False
naghmeh_1362,True,False,True,False
farab06190470,True,False,True,False
lucky4257,True,False,True,False
niya64_,True,False,True,True
snwse21,True,False,True,False
MsSlymy37067,True,False,True,False
Nasim_zephyr,True,True,True,False
,True,False,True,False
Mohamad43059166,True,True,True,False
satiiia1,True,False,True,False
jacksonhinklle,True,False,True,False
Biidarii1995,True,False,True,False
CallofthePound,True,False,True,True
TamuzkhahBehnam,True,False,True,False
Tajiroyal,True,False,True,False
YChaharom,True,False,True,False
Kourosh_techart,True,False,True,False
IraniMamoka,True,True,True,False
IRANPOORANDOKHT,True,False,True,False
partneremma,True,True,True,True
MohamadTeimour1,True,False,True,False
man_tanhatarin,True,False,True,False
John180450033,True,False,True,True
arthorfmorgan,True,True,True,False
Free_Iran2025,True,False,True,False
SaamGivrad,True,True,True,True
reddishtemper,True,False,True,False
colinsdav,True,False,True,False
Iranshahrpower,True,False,True,False
Vilgefortz901,True,False,True,False
GermanosPeter,True,False,True,False
hamhamagha2023,True,False,True,False
fatikomandoooo,True,False,True,False
America1stLegal,True,False,True,False
balta5_2,True,False,True,False
JaveedShah01,True,False,True,False
saraghavamian,True,True,True,False
Benyami65561948,True,False,True,False
Hosein_Golzar75,True,True,True,False
mola_bama,True,False,True,False
fresh0t,True,False,True,False
Marde_kohan,True,False,True,False
Hooshang85043,True,False,True,False
sarbazz_shah,True,False,True,False
taalighi,True,False,True,False
fanii6226,True,False,True,False
RookmakerDorien,True,False,True,False
ktavanaaa,True,False,True,True
roya606162,True,False,True,False
AllBert29936957,True,False,True,False
Shahryar20i,True,False,True,False
zizigooloo1401,True,False,True,True
MahmoodGha96912,True,False,True,False
AAhmdy81862,True,False,True,False
65_firuz,True,False,True,False
rock_mansoori,True,False,True,False
FarashgardFdn,True,True,True,True
vida55716224,True,False,True,False
Pahlavan18,True,False,True,False
NikksPixel04,True,False,True,False
ZohrehM53614636,True,False,True,False
puma23487,True,False,True,False
kake0871,True,False,True,False
gooya188,True,False,True,False
saayeh_s,True,False,True,False
raamrooz,True,False,True,False
shirdel_,True,False,True,False
banu_iran,True,False,True,False
MEHRAD_2579,True,False,True,False
Alireza05693781,True,False,True,True
simorgh23,True,False,True,False
Arash87kamangir,True,True,True,False
Sam_Aryayi2581,True,False,True,False
twittbirds7,True,True,True,False
joseph__balsamo,True,False,True,False
AsdyAlham,True,False,True,False
,True,False,True,False
marmari2019,True,False,True,True
willwin1401,True,False,True,False
1Herculepoirot,True,False,True,False
0oparvaneho0,True,False,True,False
AnyoneJack,True,False,True,False
Bohemiangarnet2,True,False,True,False
lili000685772,True,False,True,False
doktar_mihn,True,False,True,False
ElaaBita2022,True,False,True,False
Miladmd1996,True,False,True,False
ItachiAzadi,True,False,True,False
BlueGordafarid,True,False,True,False
ekhteshashgarrr,True,False,True,False
things_R_real,True,False,True,False
kashafrood,True,False,True,False
Maryam_Kami,True,False,True,False
iamyesyouareno,True,False,True,False
Brif5001brfe,True,False,True,False
Baloch00Frederi,True,False,True,False
alhootblue,True,False,True,True
_Cobalt2,True,False,True,False
zzpicup,True,False,True,False
Mkkkkk999222,True,False,True,True
Avash258265,True,False,True,False
_OROMASDES_,True,False,True,False
Nur70602011,True,False,True,False
soroosh_norbert,True,False,True,False
NimoNimoaz,True,False,True,False
Iranaza13122969,True,False,True,False
Fact_Detector_1,True,False,True,False
M61085179M,True,False,True,False
taze_maman,True,False,True,False
reystarti,True,False,True,True
The_parham_,True,False,True,False
Nikazadi,True,False,True,False
RFI_Fa,True,True,True,True
Abraxas_52Hz,True,False,True,False
LiliyasLili,True,False,True,False
loabchi_ir,True,False,True,False
RaihanAhme24680,True,False,True,False
faraaaz21_,True,True,True,False
jahan_bi_khoda,True,False,True,False
hamedzombe,True,False,True,False
yaser_red,True,False,True,False
PersiianB0Y,True,False,True,False
abornaei,True,True,True,False
nooshin39694003,True,False,True,False
MK71168,True,False,True,True
mollah,True,True,True,False
Farhad61595028,True,False,True,False
Reza_1_1,True,False,True,False
azhdarkhan2,True,False,True,False
anbiyar12,True,False,True,False
s_yas1401,True,False,True,False
deepinnerlight,True,False,True,False
iranshahry11613,True,False,True,False
kalaq666,True,True,True,False
rezan_partizan,True,False,True,False
fathoo54,True,False,True,False
jokerazam1,True,False,True,False
peransablue,True,False,True,False
nafasPahlavi,True,False,True,False
HN977163,True,False,True,True
kheradeiranian,True,False,True,False
_artimis_1,True,False,True,False
9xq4ws2zxy,True,False,True,False
a7xmEZheYHneqnl,True,False,True,False
IraneKhoram2025,True,False,True,True
mohadeseh727493,True,False,True,False
jeandark63,True,False,True,False
jo_aviv,True,False,True,False
bahramiran53,True,False,True,False
ParadoxIgo,True,False,True,False
Hassle98640260,True,False,True,False
AsadBrz30446,True,False,True,True
AmirUhossein,True,False,True,False
Superstar19920,True,False,True,False
ITMAN1111,True,False,True,False
fereshtehgilaki,True,True,True,False
OgacomportR,True,False,True,False
ShahnamX,True,False,True,True
lili65876849747,True,False,True,True
shahab44379168,True,False,True,False
pink_panther80,True,False,True,False
iran_man4433,True,False,True,False
karbarbeyond,True,False,True,False
persianLiongirl,True,False,True,False
Behrozbenz,True,False,True,False
Mahmoninarm,True,False,True,False
nooshin_irani_,True,False,True,False
vesahasa1,True,False,True,False
MehrPahlavi46,True,False,True,True
Maha47535998,True,False,True,True
Abushowoff,True,False,True,False
Arash_Khani_,True,False,True,False
netvand,True,True,True,False
Maryam12543924,True,False,True,False
vedi44,True,False,True,False
SbzPahlaviFanos,True,False,True,False
Yazdegerd_IR,True,False,True,False
tschumi_ina,True,False,True,False
Irand0kht,True,False,True,False
haed13O14,True,False,True,True
Mhrdadbarandaz3,True,True,True,True
yazdan62219,True,False,True,False
Azade_Nietzsche,True,False,True,False
gostavofring,True,False,True,False
RealPersianGod,True,True,True,True
Aloonak0,True,False,True,False
NaderBinAK,True,False,True,False
b_b_b_b_1403,True,False,True,False
zerafat6,True,False,True,False
Iran00061936,True,False,True,False
Qizilbash88,True,False,True,False
MariioDev,True,False,True,False
ZoroastersChild,True,False,True,True
Gelavizh1369,True,False,True,False
padi2186,True,False,True,False
myfootkin,True,True,True,False
mpn196,True,False,True,False
Grizzly820a,True,False,True,False
InnerFalcon,True,False,True,False
15mincandle,True,False,True,False
dallghoosh,True,False,True,False
RapidResponse47,True,False,True,False
shabgahi,True,False,True,False
SherlockM67,True,False,True,True
PariDariaei,True,False,True,False
shahin61532,True,False,True,False
Itisamanhere,True,False,True,False
Lara_Arezoo,True,False,True,True
SeriousMn,True,False,True,True
gardjavidirani,True,False,True,False
bidar_bash1402,True,False,True,False
karenirandust,True,False,True,False
RezaeiHami1010,True,False,True,False
Gity08802319,True,False,True,False
ShelllSofiii,True,False,True,True
DarGoldan2,True,True,True,False
salarvan_vahid,True,True,True,False
Kurosh_kabir__,True,False,True,False
Podcast_kerm,True,False,True,False
zhozhap,True,False,True,False
Sabzipolo666,True,False,True,False
aftab_mahtabbb,True,False,True,False
BitmokhNez,True,False,True,False
agghareza,True,False,True,False
fuckingnobody88,True,False,True,False
aryanshah598016,True,False,True,False
ASyzdhm,True,False,True,False
Farshad04117161,True,False,True,False
hadint83,True,True,True,True
hadimohamm54807,True,False,True,False
kuzo1515,True,False,True,False
khoshnood2543,True,False,True,False
Marjan68538901,True,False,True,False
Hormoz2,True,False,True,False
pinkcloud1985,True,False,True,False
_changretta_,True,False,True,False
pareparvaz22,True,False,True,False
maryamKl7,True,False,True,False
davezhzh,True,False,True,False
Paradya_0,True,False,True,False
mllmwt543732,True,False,True,False
AriyaiVatan,True,False,True,False
the_abrasive,True,False,True,False
Gigabyte85,True,False,True,False
iran__lover,True,False,True,False
im_PULSE,True,False,True,False
thomasg75568847,True,False,True,False
mori_pahlavi,True,False,True,False
atashe_0261,True,False,True,False
baerbockpress,True,False,True,False
Gosstahm,True,False,True,False
SelenaER20,True,False,True,False
vivafcbm,True,False,True,False
mastieasbha,True,False,True,False
shahabeslahi,True,False,True,False
marpeljoon,True,False,True,False
Tabbin_Nameh,True,False,True,False
klpt5299,True,False,True,False
FIrani74697,True,False,True,False
ShFarzad_01,True,False,True,False
Azad33897601,True,False,True,False
loosimey,True,False,True,True
nav11dd,True,True,True,True
omidmuham,True,False,True,False
satya881614,True,False,True,False
shahrvandgrade2,True,False,True,False
Timm7777777,True,False,True,False
Nasimfar2022,True,False,True,False
faryad02059056,True,False,True,False
NIKASHAKRAMI8,True,False,True,False
tajvatakhtt,True,False,True,False
sadnam100,True,False,True,False
AMIRtheDARK,True,False,True,True
WillyWonkafrfri,True,False,True,True
Nanajib_,True,False,True,False
Malin54449388,True,True,True,True
aghagol6,True,False,True,False
KhawadhayMah,True,False,True,False
am18896780,True,False,True,False
R_Lamiaceae,True,False,True,False
azadiran14001,True,False,True,False
darkmoon_78,True,False,True,True
kasra84021,True,False,True,False
Suzis10952572S,True,False,True,False
MehrShah2583,True,False,True,False
25vahshi,True,False,True,False
behzad4248,True,False,True,True
Mr_josef4,True,False,True,False
Butterfly_6565,True,False,True,False
aghaye_meow,True,False,True,False
MeekMoz67080,True,False,True,False
almore152,True,False,True,False
gshtllr,True,False,True,False
DD_Geopolitics,True,False,True,False
hamed_Irani97,True,False,True,False
iranloverQ,True,False,True,False
LOKOMOTEER,True,False,True,False
Heremes2,True,False,True,False
Torobche1970,True,False,True,False
MrJournaliste,True,False,True,False
not_lost_man,True,False,True,True
jasnashams,True,False,True,True
ChalehSia,True,False,True,False
Immanuel_K3nt,True,False,True,False
Suroor81429237,True,False,True,False
Chalangar0000,True,False,True,False
AbtynBktas28897,True,False,True,False
JaghubiMehdi,True,False,True,False
Mehradiran,True,False,True,False
sili_zard,True,False,True,False
MalibuPucci,True,False,True,False
Gorbe_siyaah,True,False,True,False
JX9Cm5PjNi65518,True,False,True,False
janfadairan,True,False,True,False
pahlavi54s,True,False,True,False
Bablimoo,True,False,True,True
Dan7Gshirazi4_,True,False,True,False
04kogennadiy,True,False,True,False
ghablanesmbud,True,False,True,False
sun_mrsun,True,False,True,False
menavisualss,True,False,True,False
Mohammadht1349,True,False,True,False
uziran60,True,False,True,False
elonn1981,True,False,True,False
azitahashemi4,True,False,True,False
Ironman20528851,True,False,True,True
Mehran__x,True,False,True,False
roodabeh_M_82,True,False,True,False
Ttp0088,True,True,True,False
GodlessPearl64,True,False,True,True
HkhamnshyKwrwsh,True,False,True,True
rocketboym,True,False,True,False
asfalt2025,True,False,True,False
samiranzamin,True,False,True,False
MinaMinaswiss,True,False,True,False
Aramofen,True,True,True,False
Hudin34534985,True,False,True,False
hichka33s,True,False,True,False
khizeshariyayi,True,False,True,False
Pes202280550521,True,False,True,False
samres0007,True,False,True,False
huh312688,True,False,True,False
morteza_r2537,True,False,True,False
Romeo110100110,True,False,True,False
begrooz,True,False,True,True
amu7299,True,False,True,False
estemnayi1,True,True,True,False
MAlcatrez7012,True,False,True,False
samphonymordega,True,False,True,False
Haniko92122985,True,False,True,False
sirvaaaaaan,True,False,True,False
williamnol16657,True,False,True,False
Jasmine_iranian,True,False,True,False
Rahnavard_01744,True,False,True,False
Halaharkee,True,False,True,True
Bahman382,True,False,True,False
Jackblack1343,True,False,True,False
mepsane142486,True,False,True,False
p_ghalb,True,False,True,False
Ava88Tg,True,False,True,False
azadi_simorgh,True,False,True,False
Mazy68573971,True,False,True,False
iran88_iran,True,False,True,False
vesalinoo,True,False,True,False
MobiousC,True,False,True,True
AziTad19,True,False,True,False
Sepid5475,True,False,True,False
hftotheH,True,False,True,True
NimaAminof,True,False,True,False
shahlaf1346,True,False,True,False
aband0kht000,True,False,True,False
achaemenian4,True,False,True,True
kwwrwsh53526,True,False,True,False
FMonshi68890,True,False,True,False
jafarjenni666,True,False,True,False
Asabnadaraam,True,False,True,False
za73270239,True,False,True,False
AmirF82613,True,False,True,False
AhuraMa59472994,True,False,True,False
Omid1866946,True,False,True,True
MFrsdrk,True,False,True,False
CNviolations,True,False,True,False
familedoor69,True,False,True,False
nikooo2024,True,False,True,False
Tarlan1321,True,False,True,False
tzalul_kayayin,True,False,True,False
Parisach52,True,False,True,False
EK29340383,True,False,True,False
mb_irani,True,False,True,False
key_aras,True,False,True,False
shohreh_1345,True,False,True,False
mohammadi1970,True,False,True,False
majid_mhh,True,False,True,True
Ehsanism,True,True,True,False
,True,False,True,False
ZhinaMahsaIran,True,False,True,False
rozavattar,True,False,True,False
dyw07077598,True,False,True,False
Danial2510,True,False,True,False
Yashar_57,True,False,True,False
fmhfty544044,True,False,True,False
AzadMarya54826,True,False,True,True
iranavadan,True,False,True,False
BitaBakhshan,True,False,True,False
Freedom_ALL_,True,False,True,True
Majidirani99,True,True,True,False
Yekta_84_88,True,False,True,True
Mahan24727630,True,False,True,False
NayaRazavi,True,False,True,False
parwiz_pa,True,False,True,True
mesh_kii,True,False,True,False
Panjoolak,True,False,True,True
Phe_NoMe_Nal,True,False,True,False
irandost12345,True,False,True,False
AmasavcininKizi,True,False,True,False
kineticvoice,True,False,True,True
84R21,True,False,True,False
Maryam03853229,True,False,True,False
sr_srdar,True,False,True,True
mkh_akh_rkh,True,False,True,False
rad_f55,True,False,True,True
naghshfani28005,True,False,True,True
sln87173112,True,False,True,False
RnjbrLyla26107,True,False,True,False
Goddessasssa,True,False,True,False
ohmashabara,True,False,True,False
beit_Hmikdash,True,False,True,False
ShahJaviid24917,True,False,True,False
MardomakOnline,True,True,True,False
MaedehErfani62,True,False,True,False
omid8374,True,False,True,True
PADLDOUSTI,True,False,True,False
ZJgDgI8xYyeEcm6,True,False,True,False
ImNotMarsh,True,True,True,False
Savaki69,True,False,True,False
Soheill105,True,False,True,False
pa1kingreza,True,False,True,False
MasoudEmadi2,True,False,True,False
fazyol,True,False,True,False
AlirezaTabib,True,False,True,False
ssamii40,True,False,True,True
mismim19,True,False,True,False
afrat98,True,False,True,False
Hooman41629758,True,False,True,False
JMileiElecto,True,False,True,False
luuliivash,True,False,True,False
Audrey27444820,True,False,True,False
pardis9211,True,False,True,False
rapic2012,True,False,True,False
volfVirginia817,True,False,True,False
SorenaPatriot,True,False,True,False
klimanjaro8079,True,False,True,False
luke_guns86846,True,False,True,False
Roza199078,True,False,True,False
PedramS99290,True,False,True,False
rahaee17,True,False,True,True
GGolyari86148,True,False,True,True
Adhwan,True,False,True,False
serotonin_Aa,True,False,True,False
AZADMAN7,True,False,True,True
parsi_sami,True,False,True,True
NakisaIrani,True,False,True,False
DardeKeshmesh,True,False,True,False
Bahman_Hub,True,False,True,False
HOOMAN83658327,True,False,True,False
mr_m_salar,True,False,True,False
PLuckypieter,True,False,True,True
serentipitee,True,False,True,False
DraraashOwrak,True,False,True,False
Majiddokaleh,True,False,True,False
Masuod28689066,True,False,True,False
ARanjbarnia,True,False,True,False
HassanTaba88034,True,False,True,False
Sia12667883,True,False,True,True
maryaa_maryam,True,False,True,False
Titab6084,True,False,True,True
khomaresadshabe,True,False,True,False
raad_arabi,True,False,True,False
fouramj,True,False,True,True
Sarbazirani3,True,False,True,True
amir_salamanka,True,False,True,False
Trdigrade,True,True,True,False
Ben_Theoneo,True,False,True,True
nasiri4495,True,False,True,False
Jegga_j,True,False,True,True
yazidamman,True,False,True,False
Moraqeb2020,True,False,True,True
Nemoh90,True,False,True,False
realDonaldTrump,True,False,True,False
damavanb,True,False,True,False
Artemis_iran27,True,False,True,True
VeianPayman,True,False,True,False
Saam1304,True,False,True,False
Farshidgh2537,True,False,True,False
CryptoObservr,True,False,True,False
AnonymosArmy,True,False,True,False
Mehrdadbb22661,True,False,True,False
OT59462363,True,False,True,False
shabe_mahtaab,True,False,True,False
kargartanha,True,False,True,True
amoopoya,True,True,True,False
Azzarakhsh,True,False,True,False
Ahoorram,True,False,True,False
Samira__Abbasi,True,False,True,False
GreatAegon,True,False,True,False
Noursa31575773,True,False,True,False
LaBah88,True,False,True,False
farid_bela61055,True,False,True,False
Irandokht1371,True,False,True,False
prime_factor_,True,True,True,False
NetSenf8449,True,False,True,False
666irane1parche,True,False,True,False
Shahrasb,True,False,True,False
D3javue36632,True,False,True,False
Fazaadams,True,False,True,False
Bahram_Gooor,True,False,True,True
scyllavrl,True,False,True,False
shiva11793481,True,False,True,False
PShyrkhanlw,True,False,True,False
farshid641985,True,False,True,False
Alireza19182786,True,False,True,True
thuankieule,True,False,True,False
banafshesefid,True,False,True,False
FakeTommy_Sh,True,False,True,False
mh_ar_mh,True,False,True,False
KaiTrumpJr,True,False,True,False
sarzamainamiran,True,False,True,False
jaguar994637380,True,False,True,False
Ronin_666_,True,False,True,False
LoudFree3,True,False,True,False
Kamran253H,True,False,True,False
DRShahiA20,True,False,True,False
MM134509434,True,False,True,False
makhmaltala,True,False,True,False
MottoUser,True,False,True,False
Decision3238455,True,False,True,False
ra71780,True,False,True,False
happylifeuzomba,True,False,True,False
PSabti7632,True,False,True,False
Bakhtiarparsa,True,False,True,False
annapurna19486,True,False,True,False
saba_khoi,True,True,True,True
drkopii,True,True,True,True
KJngy996421,True,False,True,False
arash19883560,True,False,True,False
ZagrosOakTree,True,False,True,False
LOlgpTuk20vsbyk,True,False,True,False
Mandana65271212,True,False,True,False
mydsny761622,True,False,True,False
mahrokh19726311,True,True,True,False
SharifatSima,True,False,True,False
iHeartONieU,True,False,True,True
Soolroos20,True,False,True,False
YoungMOOBY,True,False,True,False
BehzadJama27916,True,False,True,True
Sahandesfandiar,True,False,True,False
hamata76413923,True,False,True,False
Megane_azd,True,False,True,False
unknownever32,True,False,True,False
kaveAhanga2022,True,False,True,True
ShahPoo50563034,True,False,True,False
TheeagleofIran,True,False,True,False
AmirKabir_Rev,True,False,True,False
behzadamini72,True,False,True,False
Elaheh8080,True,False,True,True
sohi8463,True,False,True,False
sovirina2020,True,False,True,False
Pedram_2550_,True,False,True,True
format_32,True,False,True,True
JasonPoblete,True,False,True,False
miradban3,True,False,True,False
siayosh,True,False,True,True
ShadSheila,True,False,True,False
mahhy_1,True,False,True,False
nasrinraj,True,True,True,False
shahriyar_irany,True,False,True,False
parva_javid,True,False,True,False
rezatorkamand,True,True,True,False
meti_mir,True,False,True,False
anwar_sadaaat,True,False,True,False
samanja428170,True,False,True,False
Mah1087903,True,False,True,False
AminBehroozi2,True,True,True,False
JoeTruzman,True,False,True,False
javid_shahh,True,False,True,False
IvankaNews_,True,False,True,False
Angel71as,True,True,True,False
SiroosShahabi,True,False,True,False
Turkemihanparas,True,False,True,False
Sadi76970,True,False,True,False
javid_shah1304,True,False,True,False
frsd04325940,True,False,True,False
1ENFJ,True,False,True,True
ashnamIranam,True,False,True,False
ghoghnoosssep,True,False,True,False
bast94930,True,False,True,False
H_ImWho,True,False,True,False
Son_of_De7il,True,False,True,False
IronFlag474630,True,False,True,False
RockyRevealer,True,False,True,False
kamali_sas66644,True,False,True,False
Explorer_Singh_,True,False,True,False
vidamahboob,True,False,True,False
mo0onlight1010,True,False,True,False
WINSTON_2582,True,False,True,False
MaNsh_94,True,False,True,False
nneghamram,True,False,True,False
hojjatmoradi402,True,False,True,False
MilioniMey59718,True,False,True,False
AbrinTahmoures,True,False,True,False
MissAminson,True,False,True,False
mojtaba1080525,True,False,True,True
UANI,True,False,True,False
Behdaad121,True,False,True,False
A212158,True,False,True,False
ordibehesht21,True,False,True,False
AlirezaNader,True,False,True,False
syn1470865,True,False,True,False
MaryamJ7744,True,False,True,False
Kishjazz2025,True,False,True,False
michaeldickson,True,False,True,False
kongoshadha,True,False,True,False
KhzanB81271,True,False,True,False
ARHAMEL2,True,True,True,True
MKmahshid,True,False,True,False
skinny_robert,True,False,True,False
Sign_1335,True,False,True,False
Veteran2025,True,False,True,False
man_tegh,True,False,True,False
sa_faraz,True,False,True,False
biliboys779,True,False,True,True
ALBORZ_ANJOMAN,True,True,True,False
MohammadZa17606,True,False,True,True
iran_Xerxes_,True,False,True,False
LadyJusticeIran,True,True,True,False
ritchie59784157,True,False,True,False
ShahinBhmnZdgan,True,False,True,False
MaryamSadeghia8,True,False,True,False
ArashMazKer,True,False,True,False
redpen42483575,True,False,True,False
AreaMortez70199,True,False,True,False
BeniSabti,True,True,True,False
NazariMarco,True,False,True,True
Mersa79962596,True,False,True,False
rayan10190014,True,False,True,False
danial_mir69895,True,False,True,False
N0oV6GSRDkJPmCg,True,False,True,False
ghezhghezhy,True,False,True,False
MIScott68,True,False,True,True
MikeRGlenn,True,False,True,False
LogicalWise,True,False,True,True
Iranians1401,True,False,True,False
BehnamBoro64127,True,False,True,True
5789743O66630,True,False,True,False
baran_197788,True,False,True,False
APasserby12,True,True,True,False
hooman_nik56177,True,False,True,False
shr2751x,True,False,True,False
iranianheart,True,False,True,False
Mekianje,True,False,True,False
MoradiAshg78422,True,False,True,True
ghadiri_farhad,True,False,True,False
kamangir31,True,False,True,False
SaeedSd1358571,True,False,True,False
nanoe95,True,False,True,False
Shah______la,True,False,True,False
Ro_Zorojuro_Fa,True,False,True,False
PahlaviStreet,True,False,True,False
Leo74180853,True,False,True,False
Saye57777,True,False,True,False
Moriyarty1,True,True,True,True
Foreiran,True,False,True,True
KINGIRANRP,True,False,True,False
sj6488,True,False,True,False
Ariamehhr,True,True,True,False
DevilOfHell2,True,False,True,False
HeptoKooper,True,False,True,False
quettywaL_Larki,True,False,True,False
Saeid50976026,True,False,True,False
fhi3129,True,False,True,False
kiaras59456541,True,False,True,False
fightermanz2581,True,False,True,False
ADabestany,True,False,True,False
FarnooshMo70659,True,False,True,True
Aarash45383712,True,False,True,False
linda_halls,True,False,True,False
Fetikolpte1695,True,False,True,False
boss_big666,True,True,True,True
p8jyz7PO4PEogG2,True,False,True,True
iranian_person,True,False,True,False
Shureshiii,True,False,True,False
Sarbazparsiii,True,False,True,False
VTehranipoor,True,False,True,False
iran999999999,True,False,True,False
TheSilentOne02,True,False,True,False
deerak_b,True,False,True,False
mmdiiowe,True,False,True,False
DjDevilCloud,True,False,True,False
Symph9th,True,False,True,False
ernieyoung2002,True,False,True,False
smt732577875,True,False,True,False
misholak246,True,False,True,False
WatcherGuru,True,False,True,False
flower_1396,True,False,True,False
Iranbanoo2024,True,False,True,False
Zolaktaff,True,False,True,False
mzmlh32,True,False,True,False
fardayirantv,True,False,True,False
kadoos47794698,True,False,True,False
behirondelle,True,False,True,False
astrologicaly_,True,False,True,False
ArezooShabani1,True,False,True,False
TheBGabri,True,False,True,True
nobarenonavar,True,False,True,True
reyhankurd,True,False,True,True
_snow_white_90,True,False,True,False
Saidhashemi11,True,False,True,False
thehunt45901517,True,False,True,False
cartonist_iran,True,False,True,False
mariaka__,True,False,True,False
dadras_s,True,False,True,False
akser3456,True,False,True,False
Maratha__Sardar,True,False,True,False
AryaArya56832,True,False,True,False
MorezMostafavi,True,False,True,False
2TOSgzCFJ8VtSJK,True,True,True,False
AegParsi,True,False,True,False
kingfar1398,True,False,True,False
MrPoletic,True,False,True,True
kiaAbi444,True,True,True,False
xandyyycakes,True,False,True,False
DjabbariMike,True,False,True,False
AliAzadmard,True,False,True,False
DAzemzadeh83081,True,False,True,False
Bachejirjirak,True,True,True,True
sami_ahmadi1990,True,False,True,False
Alireza2025E,True,False,True,True
77mehrdad77,True,False,True,False
STILL_LOUIE,True,False,True,False
Silmaethdante,True,True,True,False
iranbanoooo,True,False,True,False
siamakfarid,True,True,True,False
iranfreegirl77,True,False,True,False
JavedShah1890,True,False,True,False
zxcvbnm980s,True,False,True,True
KayhanLife,True,False,True,False
StopAntisemites,True,False,True,False
ParsaSirin23882,True,False,True,False
_huinang,True,False,True,False
far_mo51,True,False,True,False
IraniansWarrior,True,False,True,False
SaraRezaei80,True,False,True,True
Djdjs38537152,True,False,True,False
BijanRezai,True,False,True,True
SHAHBAZ_ARYAYI,True,False,True,False
Mostafa1217348,True,False,True,False
iranzamin2535,True,False,True,False
HassanBaheri,True,False,True,False
pro_Heisenberg,True,False,True,False
pishahang1304,True,False,True,False
zade_hamid313,True,False,True,False
shok524,True,False,True,False
manototv,True,True,True,False
fozooleshoon,True,False,True,False
HouseGOP,True,False,True,False
dartaniyan75,True,False,True,False
Saghiiiiiiii,True,False,True,False
imioguchi,True,False,True,False
pekhel,True,False,True,False
bernoam,True,True,True,False
Atropatene_Iran,True,False,True,False
ZSepide51926,True,False,True,True
Kourosh85220046,True,False,True,False
RezaG42453325,True,False,True,False
bruce_wiilliiss,True,False,True,False
SlyrakRestart02,True,False,True,False
HugoVale_,True,False,True,False
vahdoon,True,False,True,False
PersianPulsar,True,False,True,False
KHOSROIRANI60,True,False,True,False
malyati007,True,False,True,False
GholiMorad58816,True,False,True,False
Mar25991Mar,True,False,True,True
Cowboy_datoboy,True,True,True,True
aqaei_riiiish,True,False,True,False
Hometrain2,True,False,True,False
DrNIzad,True,False,True,False
cheekencha,True,False,True,False
imvivekvikash,True,False,True,False
ogluturk74,True,False,True,False
Richman90398460,True,False,True,False
IraneAryaei,True,False,True,False
vida_loves_iran,True,False,True,False
xanthos_027,True,False,True,False
Humanbeing1370,True,False,True,False
krakova19star,True,False,True,False
YasYasei,True,False,True,False
AppleFarsii,True,True,True,False
ShahsavareIran,True,False,True,True
Hastinisti81,True,False,True,False
k6i5N7g2r9E8zA2,True,False,True,True
reyhoonx,True,False,True,False
Shahnameh01,True,False,True,False
ariamehr2580,True,False,True,False
Lida69492759,True,False,True,False
KadNahid,True,False,True,False
JavidShah_III,True,False,True,False
ShDarush,True,False,True,False
AmeshaSpenta0,True,False,True,False
iamnegen27,True,False,True,False
SalmaniMahvash,True,False,True,False
ly0475772827362,True,False,True,False
nisa2002nisa4,True,False,True,False
_mihanparast_,True,False,True,False
wha841,True,False,True,False
faribaNasiri1,True,False,True,False
PersianGW,True,True,True,False
Louis_1906,True,False,True,True
Backster1947,True,False,True,False
HK571830,True,False,True,False
QrmzyQ,True,False,True,False
Sherlock_H963,True,False,True,False
Shenaakht,True,False,True,False
Farhoud_Far,True,False,True,False
hamy_76,True,False,True,False
shahdadh59,True,True,True,False
PeymanMirshafi2,True,False,True,False
mtrkeh,True,False,True,False
pezudas,True,False,True,False
EgoEgonn,True,False,True,False
bastanylisy,True,False,True,False
darioush117603,True,False,True,False
Amiijoon,True,False,True,False
BndrLy88919,True,False,True,False
Shervinalef9520,True,False,True,False
persepolis78,True,True,True,False
hajiagha_snow,True,False,True,False
ariyaii_rahjoo,True,True,True,False
gillmannnn,True,False,True,False
FaryadAzad88778,True,False,True,False
capsluck157,True,False,True,False
akhond2zari,True,False,True,False
IranianValor,True,False,True,False
nikita5658jh,True,False,True,True
Sholawattijan,True,False,True,False
mslm1541471,True,False,True,False
mehdi91149,True,False,True,False
AVENGER11440022,True,False,True,False
MartinAkbarpour,True,False,True,False
realLeoNataj,True,False,True,False
emahpour,True,False,True,False
NinaS8871535458,True,False,True,False
Mitara39117946,True,False,True,False
Parav610136875,True,False,True,True
sumaiya11627891,True,False,True,False
DShrafty,True,False,True,False
NJast44691,True,False,True,False
ValioghliV,True,False,True,False
raviazadi,True,False,True,False
pishoooly,True,False,True,False
mswd438373,True,False,True,False
mhdiehj,True,False,True,False
Safa_8863,True,True,True,True
faryadporseda,True,False,True,False
salvador1394,True,False,True,False
Hamed_fx1,True,False,True,True
Shabramz,True,False,True,False
iran33k,True,True,True,False
Rocinante_Fa,True,False,True,False
We_ism_,True,False,True,False
JonCowboyBear,True,False,True,False
sonoftime1990,True,False,True,False
20horatio,True,False,True,False
IuGKcjxMbcySM2L,True,False,True,False
BellaCi07308117,True,False,True,False
sh3autosport,True,False,True,False
greatholywar,True,False,True,False
ghaderi_re53613,True,False,True,False
Victor252761841,True,False,True,True
SNafarian,True,False,True,False
vaDENOMnayobeyo,True,False,True,False
FirhiThe,True,False,True,False
AkhoondeMorde,True,True,True,True
MuradyDiako,True,True,True,True
irankhanouum,True,False,True,True
ZatoSenshi,True,False,True,False
BeKindBehave,True,False,True,False
simabahramzade9,True,False,True,False
he_voiceless,True,False,True,False
MurphyP1976,True,False,True,False
EuVonBohmBawerk,True,False,True,True
Marika192923,True,False,True,False
JananKhorram,True,True,True,True
wingsofutu,True,False,True,False
Ariobarzan1986A,True,False,True,False
CreativeRt34092,True,False,True,False
KFravahar,True,True,True,True
ramonkhan2001s1,True,False,True,True
EYakoby,True,False,True,False
solmaz_sw,True,False,True,False
tahtesokot,True,False,True,False
DCCCIX_,True,False,True,True
freefreedo68331,True,False,True,False
miami1846349,True,False,True,False
yartab19952,True,False,True,True
julianya001,True,False,True,False
ZRazavi26371,True,False,True,False
Dragonofshah,True,False,True,False
KanekoaTheGreat,True,False,True,False
mahnaz538689,True,False,True,False
rapForoosh,True,False,True,False
Snowmari2,True,False,True,False
Sheina__,True,True,True,False
shyadyad,True,False,True,False
Iranaryan2579,True,True,True,True
iranpardaz,True,False,True,True
Roodabeh_,True,False,True,False
Yadav_Kund,True,False,True,True
ImanMamani23333,True,False,True,False
RocoRast,True,False,True,False
refrip98,True,False,True,False
trollsiasi,True,True,True,False
DamilolaJeremi1,True,False,True,False
ZaroZivareZamin,True,False,True,False
thisiskiannnn,True,False,True,True
alpagure8,True,False,True,False
Nourasad675091,True,False,True,True
Mehrdad1Ashrafi,True,False,True,False
Tengoorak,True,False,True,False
rahimi_dar28310,True,False,True,False
Ghazal191919,True,False,True,False
ahur14108,True,False,True,False
mattywlf,True,False,True,False
rezashah032503,True,False,True,False
szkordi1357,True,False,True,False
Npjm11,True,False,True,False
FarahPahlavi1,True,False,True,False
arm_dst,True,False,True,False
ElahehNass81910,True,False,True,False
marshal6570,True,False,True,False
IranEttehad01,True,False,True,False
patriot79082383,True,False,True,False
matador_khaste,True,True,True,False
shargh2500,True,False,True,False
IndyPersianAfg,True,False,True,False
aqdashbiaIII,True,False,True,False
Helihellix,True,False,True,False
MotaFa111111,True,False,True,False
TheNorth_A,True,True,True,False
iranianman32,True,False,True,False
Queen79095776,True,False,True,False
MehrdadAshawan,True,False,True,False
dkaviani2582,True,False,True,True
ali12345678_d,True,False,True,False
gamerpro8666,True,False,True,False
DVATW,True,False,True,False
NaMori1923,True,False,True,False
redknife_IRN,True,False,True,False
NilaBehzadi,True,True,True,True
__yadd,True,False,True,False
Rirah_moh,True,False,True,False
janamfasayat,True,False,True,False
BiNam_BiNeshan,True,False,True,False
DariushSh11,True,False,True,False
badboy13385138,True,False,True,False
adolfo2006m,True,False,True,False
LyPsr91038,True,False,True,False
mijann88,True,False,True,False
Imn0zhan,True,False,True,False
filan77611233,True,False,True,False
reyhanemansor,True,False,True,False
sergio8124780,True,False,True,True
drmark000,True,False,True,False
ReubenBenPesach,True,False,True,False
Samiiiiraan,True,False,True,False
marg98918637094,True,False,True,False
VittorioPersia,True,False,True,False
Arrested_voice,True,True,True,True
1980Lucifer1980,True,False,True,True
rezayyyyyyy,True,True,True,False
vahid851552,True,False,True,False
CPAC,True,False,True,False
mitraf311304,True,False,True,False
Arashk787,True,False,True,False
behnammohseni0,True,False,True,False
C_Th_D,True,False,True,False
AmirLakan,True,False,True,False
FARSADI1375,True,False,True,True
shoreshbakhtiar,True,False,True,False
PejmanPharmd,True,False,True,False
SepehriHamed,True,True,True,False
Tanha59977799,True,True,True,True
LilyOfMay2319,True,False,True,False
DonaldJTrumpJr,True,False,True,False
Heila1234,True,False,True,False
Esmaiel14970114,True,False,True,True
Sohrab1594674,True,False,True,True
aqsaeid,True,False,True,False
rwthofficial,True,False,True,False
Paiezeh,True,False,True,False
Aria24974,True,False,True,False
Arioobarzan1020,True,False,True,False
BadboyLoos48120,True,False,True,False
ahura2017,True,False,True,False
Savakzadeh,True,False,True,False
mahboobmar82050,True,False,True,True
Parsic_magi,True,False,True,False
Maya144796,True,False,True,False
freehuman1984s,True,False,True,False
arbabraiden,True,False,True,False
GharbaviSimin,True,False,True,False
FazMeysam,True,False,True,True
ali_gholam34071,True,False,True,True
Ali75522,True,False,True,False
mtnjpc,True,False,True,False
farhadnmk,True,False,True,True
MAGAResource,True,False,True,False
AliM37615785,True,False,True,False
Akhis_pakhis2,True,True,True,False
Kourosh99980520,True,False,True,False
Nazanin41333778,True,False,True,True
ly_asghr30715,True,False,True,False
Defensa_Israel,True,False,True,False
AMIRHASHEMY3,True,False,True,False
Aryan1374,True,False,True,False
FlyFemme10,True,False,True,False
afkaarenavid,True,False,True,False
IranRedDevil57,True,False,True,False
SeibtNaomi,True,False,True,False
Asrm473472,True,False,True,False
Fangs_Iran,True,False,True,False
vinsentcorleone,True,False,True,False
maHePo6,True,False,True,False
EstahMax,True,False,True,False
MaymoonMast,True,False,True,False
ssdrt5a,True,False,True,False
Thiliomec,True,False,True,False
Zhepon,True,False,True,False
Pedralbes20,True,False,True,True
mashrooteh7396,True,False,True,True
4biddntruth,True,False,True,False
HashemAllMighty,True,False,True,False
MajorAhmadkhan,True,False,True,True
kotletyan79001,True,False,True,False
AgeofPahlavi,True,False,True,False
CalltoActivism,True,False,True,False
kianush_znika,True,False,True,False
F7_Arash,True,True,True,False
mahaa19269,True,False,True,False
farzndir,True,False,True,False
Mzendgii,True,False,True,False
Ho3einnie3oH,True,False,True,False
godfathers447,True,False,True,False
Radveenp,True,False,True,False
AhouraaM,True,False,True,True
drpezeshkian2,True,True,True,False
DariushAriamehr,True,False,True,False
ashraf_pahlavi,True,False,True,False
Tara_ariay,True,False,True,False
dariush13611,True,False,True,False
stewie_hastam,True,False,True,False
mg_fard,True,False,True,False
monikaa2500,True,False,True,False
Esfandiar_mz,True,False,True,False
IRPEGL,True,False,True,True
mikasac03,True,False,True,False
HMIID_IRANII,True,False,True,False
Jodamannde,True,False,True,False
ab_ganji,True,True,True,True
C22H28N2OIDF,True,False,True,False
FFaridii68,True,False,True,False
tapayejan0,True,False,True,False
jovaldoozsoozan,True,False,True,False
HSaadat00,True,False,True,False
sepanta639,True,False,True,False
faniaoz,True,False,True,False
Ahora2535,True,False,True,False
Ashkthe3rd,True,False,True,False
AmirGharegozlo,True,False,True,False
PershianT35292,True,False,True,False
nahuseresh,True,False,True,False
Bahman73666068,True,False,True,False
ItsHigh7Noon,True,False,True,False
Khosroparv79611,True,False,True,False
mr_z091,True,False,True,True
GOD_OF_JANG,True,False,True,False
sadegh1369_1990,True,False,True,False
bambogreen97531,True,False,True,True
AminAzmu46149,True,False,True,False
NaserAliza64457,True,False,True,False
kave85417023,True,False,True,False
narges_san42641,True,False,True,False
freedomexplore,True,False,True,False
GGlabtwn,True,False,True,False
13virginiawoolf,True,False,True,False
BiiManam,True,False,True,True
Sohrab120014852,True,False,True,False
Andromeda963,True,False,True,False
pahlavi551429,True,False,True,False
Michael27567823,True,False,True,False
adbi123452,True,False,True,False
clashreport,True,False,True,False
eyeofsauron1401,True,False,True,False
utab369,True,False,True,False
BGhiasinejad,True,False,True,False
bi_hamta2,True,False,True,False
DokhtarePaeiZzz,True,False,True,False
habipaudel,True,False,True,False
iraniam75,True,False,True,False
Schahab1983,True,False,True,False
Yazdgerd8,True,False,True,True
ARIAMEHR2023,True,False,True,False
StandingIR,True,False,True,False
paydar880,True,False,True,True
AlmaNazan,True,False,True,False
SamarS52953030,True,False,True,False
MKH2612,True,False,True,False
constructionmis,True,False,True,False
YeWanTony,True,False,True,False
rezagrey87,True,False,True,False
cafeandisheh,True,True,True,False
Pwarw21631D,True,False,True,False
nader_shah_iran,True,False,True,False
BB31222177,True,False,True,True
Essii52046041,True,False,True,False
zhoupier1,True,False,True,False
StigAbell,True,False,True,False
ADSL1390,True,False,True,True
damavand70,True,False,True,False
nkamalirousta1,True,False,True,False
bilarakib,True,False,True,False
rebirthlts,True,False,True,True
FARID48772411,True,False,True,True
Arnika_smr,True,False,True,False
Shinjaa2022,True,False,True,False
mmjj1717,True,False,True,True
nsalei,True,False,True,False
BahaiShirin,True,False,True,False
Cheguevara_Amir,True,True,True,False
Aloneaeash56,True,False,True,False
Chesh_asalii,True,False,True,False
islamvirus3,True,False,True,False
JavidShah1970,True,False,True,False
shabikhoon_y,True,False,True,False
AmiMamii,True,False,True,False
Yashar_Iranii,True,False,True,False
pishnook1363,True,False,True,True
srblndayran1,True,False,True,False
mjt4646,True,False,True,False
khorshidemehr1,True,False,True,False
BarayAzadiGroup,True,False,True,False
CrazySnowRide_,True,False,True,False
Z3A6I9,True,False,True,False
sylvyyya,True,False,True,False
tpahlaviavi,True,False,True,False
Advisorrrr,True,False,True,False
B52Sprit,True,False,True,False
Klaus70268175,True,True,True,False
Khosroparviz_,True,False,True,False
LisaDaftari,True,True,True,False
LifeLine0304,True,False,True,False
Tanhaa820168,True,False,True,False
MariaBartiromo,True,False,True,False
gium_tel,True,False,True,False
parishah29,True,False,True,False
Kambizr1983,True,False,True,False
Hosein40122106,True,True,True,False
modavarnistam,True,False,True,False
Aashiane,True,False,True,False
agayefox,True,False,True,False
soasoaesoa,True,False,True,False
nightdreamers__,True,False,True,True
mojgan919,True,False,True,False
oghab1342,True,False,True,False
Maj_mohammadi,True,True,True,False
MoradyZohreh,True,False,True,False
amir250075,True,False,True,False
ArashZamani_ir,True,False,True,False
Voiceof40483285,True,False,True,False
alireza13678,True,False,True,False
Alious_4404,True,False,True,False
Ha_di_i,True,False,True,False
farshid48759900,True,False,True,False
HoSsEiN2551RR,True,False,True,False
rahaaaa79,True,False,True,False
mohammadjoudi,True,False,True,False
KattaTheLemur,True,False,True,False
Hazelhexis,True,False,True,False
sarasora7070,True,False,True,True
Yaya02050335,True,False,True,False
iceinwhiskey,True,False,True,False
Plutonium_238,True,False,True,False
Rosegold_Knight,True,False,True,False
DabestaniC216,True,False,True,False
Mihanparas3957,True,False,True,False
SOLEYMAN_SO,True,False,True,True
LuciferIran,True,False,True,False
AaronMagid,True,False,True,False
Rayabakhtyari,True,False,True,False
jamshid_sheikh,True,False,True,False
MemphisSam27627,True,False,True,False
MolayemM91256,True,False,True,False
behbgi,True,False,True,False
mnymny63743709,True,False,True,False
2Panteaa,True,False,True,False
Mahmoud67891850,True,False,True,False
avischarf,True,False,True,False
nazanin7,True,True,True,False
Iranbanoo59,True,False,True,False
MerajRasoulof,True,False,True,False
zarvanarmy,True,False,True,False
SardarLor6936,True,False,True,False
sarga333,True,False,True,False
moham_venos,True,False,True,False
Arioooooooo_ar,True,False,True,False
musavi30968,True,False,True,False
irphoenix2022,True,False,True,False
JashniMitra,True,True,True,False
officialcrazy0,True,False,True,False
RezaiAzin,True,False,True,False
TryMeMtf,True,False,True,False
Tondbad3,True,True,True,True
surena2534,True,False,True,False
PAUXzeEX6Fgj28C,True,False,True,False
tjsrpmlak,True,False,True,False
MahsaAmini24,True,False,True,False
Sadman344723,True,False,True,False
soleil_mc_adam,True,False,True,False
Azarmigduxt,True,False,True,False
AlphredoNight,True,False,True,False
JudiciaryGOP,True,False,True,False
TheMossadIL,True,False,True,False
30se266756,True,False,True,False
IraneMan2025,True,False,True,False
ILovePahlavi,True,False,True,False
dokht_e_Irann,True,False,True,False
Azadi14650811,True,False,True,True
arteshsorkhi,True,False,True,False
ArminFariv59604,True,False,True,False
iraan_land,True,False,True,False
ToddHi2022,True,False,True,False
firouze_kiyani,True,False,True,False
kolonazpam,True,False,True,False
Atash1701,True,False,True,False
1358Kbyr76867,True,False,True,False
KingDefi01,True,False,True,False
chuffedgypsy,True,False,True,False
ghassemlouei,True,False,True,False
rroba202054,True,False,True,False
BabakKh84277908,True,False,True,False
searusM,True,True,True,False
FaridehMahram,True,False,True,False
mmmarpel,True,False,True,False
ybensnkr888,True,True,True,False
ARTA_2583,True,False,True,False
iranovsky,True,True,True,False
SamanjoftiS,True,False,True,False
Spentaa,True,False,True,False
RadioGenoa,True,False,True,False
MaysamMansoory,True,False,True,False
kurushkabir,True,False,True,True
farahnazhedaari,True,False,True,False
l4VTg3OoOAhadtQ,True,False,True,False
zargarelahi,True,False,True,False
MarzbanSv,True,False,True,True
1SSAAHH,True,False,True,False
bakhtiary55,True,False,True,False
VeryRodgano,True,False,True,False
sh12942122,True,False,True,False
CahrliChaplin,True,False,True,False
Ashley844839311,True,False,True,False
RadioRomaX,True,False,True,False
hami61626364,True,False,True,False
todaysnews1515,True,False,True,False
armin43111150,True,False,True,False
WCdispatch_,True,False,True,False
Mandali48351712,True,False,True,False
book_colorful,True,False,True,False
pitkele,True,False,True,False
batmanqamgin,True,False,True,False
nobody19961375,True,False,True,False
Arash96563523,True,False,True,False
baharcomes,True,False,True,False
ameensol,True,False,True,False
Irandok99760678,True,False,True,False
ashkansami007,True,False,True,False
belllathefirst,True,False,True,False
LeilaAsgari12,True,False,True,False
NightBoof,True,False,True,False
Iran2023freedom,True,False,True,False
SZaaki65423,True,False,True,False
King_Of_Heart65,True,False,True,False
siavashyama,True,False,True,True
DokhtareAryan,True,False,True,False
hamonikebood,True,False,True,False
GoldingBF,True,False,True,False
mMiiicheeellll,True,False,True,False
swad_by,True,False,True,True
FreeMyIran58,True,False,True,False
HABAB1340872,True,False,True,False
paya_001,True,False,True,False
antipantork1,True,True,True,False
AliAlimartin893,True,True,True,False
AMIRKABIRbozorg,True,False,True,False
Priest_Alani,True,False,True,False
Kalepoock,True,False,True,False
Russell_Adlere,True,False,True,False
QETnYibnHzrHMuZ,True,False,True,True
arezoonistam,True,False,True,False
HosseinKashan10,True,False,True,False
ahora_ariaei242,True,False,True,True
SingleLord5,True,False,True,False
cryptomazonco,True,False,True,False
SedighAmir86624,True,False,True,False
Mashrootachi,True,False,True,False
souren88,True,False,True,False
pesarrrr,True,True,True,False
Irankhanom98,True,False,True,False
KamranMirof,True,False,True,False
erfan20222022,True,False,True,False
shortfairy809,True,True,True,True
Hagh9883,True,False,True,False
Alisalehi1987,True,False,True,False
Sam93716410,True,False,True,False
Moj17Q,True,False,True,False
Sahandosabalan,True,False,True,False
Celestialsoul94,True,False,True,False
naronari19,True,False,True,False
Iran_riseup,True,False,True,True
BlueHasty,True,False,True,False
Freethought_p,True,False,True,False
Banafshpahlavi,True,False,True,False
Nikki72489822,True,False,True,False
KabooseAkhoond,True,False,True,False
Iransarzam88624,True,False,True,False
kouli2017,True,True,True,False
P10Chhly,True,False,True,False
tapiBTC,True,False,True,False
KingReza_Iran,True,False,True,False
MaralSalmassi,True,False,True,False
Nasitis10,True,False,True,False
Vahmtifunni,True,False,True,False
sarbaziran0,True,False,True,False
rezaamiriIRAN,True,False,True,False
asal_ban,True,False,True,True
Nader_gld124,True,False,True,False
Ma64383167,True,False,True,False
vem_al84,True,False,True,True
Nasrinb50213362,True,False,True,False
hch1980s,True,False,True,False
rahaaaman,True,True,True,False
HananyaNaftali,True,False,True,False
IRANIKA10,True,False,True,False
Shayan03235621,True,False,True,False
__ABRAMO__,True,False,True,False
nzdeh369963,True,False,True,True
MichaelGReno,True,False,True,False
nehzari,True,False,True,False
HiraokaMis83302,True,False,True,False
Kaveh763580622,True,False,True,False
ByotrEB,True,False,True,False
Ariooo44635649,True,False,True,False
shohrehghavidel,True,False,True,False
Golikh3,True,False,True,False
Lovely92927560,True,False,True,False
1985returnee,True,False,True,True
Jaguar96666,True,False,True,False
007mi00,True,True,True,False
Arashmirza1985,True,False,True,False
AmirRabiei13,True,False,True,False
Javaherian0,True,False,True,False
biaaraam,True,False,True,False
LionQue70537722,True,False,True,False
ArashMp_021,True,False,True,False
shahpoo96483771,True,False,True,False
saeed88888692,True,False,True,False
vatan8012,True,False,True,False
nimania,True,True,True,False
Mehrdad_dx,True,False,True,False
mehrdad_WLF_,True,False,True,False
jeneral_jiyab,True,False,True,False
farshad31665163,True,False,True,False
Zed_Adyan,True,False,True,False
SStu8CreGuw6ObN,True,False,True,False
SetareSoheil_,True,False,True,False
wanted1363,True,False,True,False
Morghe_atash,True,False,True,False
MRWINN8R,True,False,True,False
KhaJ9June,True,False,True,False
mahsa8659,True,True,True,False
0donaldduck1,True,False,True,False
PanahiMahi62363,True,False,True,False
Mrt_9812,True,False,True,True
Joe19298683,True,False,True,True
Bahar__Bahari,True,True,True,False
Fahime82334492,True,False,True,False
aryaa0966110903,True,False,True,False
Mohsen39445892,True,False,True,True
Secular_Dem_Fan,True,False,True,False
vahid_vendetta,True,False,True,False
BaldwinIv21954,True,False,True,False
amsafavi,True,False,True,True
mehrsoda,True,False,True,False
mohsen_beikzade,True,False,True,False
BalaJigar202,True,False,True,False
MehdiIFarahani,True,False,True,True
siyamak1921,True,False,True,False
TahamtaB50739,True,False,True,False
zhb7554,True,False,True,True
Hamsade2020,True,False,True,False
ImErmia,True,True,True,False
dkhtr___iron,True,False,True,False
sami18286970,True,False,True,False
ArchiH63,True,False,True,False
emwsaid,True,False,True,False
RezaAly8,True,False,True,False
deviiiiil67,True,False,True,True
Iran_Reza_Shah,True,False,True,False
hafez_iran_,True,False,True,False
anti_mollah,True,False,True,False
farzi_farz,True,False,True,False
LeilyMarkopolo,True,False,True,False
baryana71,True,False,True,False
na_invari_na_on,True,False,True,False
moslem_killer,True,False,True,False
realFarzin,True,False,True,False
herkol50494206,True,False,True,False
amirhja4008,True,False,True,False
TaranehMousavi8,True,False,True,False
adib60093369,True,False,True,False
MasonRaziel,True,False,True,True
venoos125,True,False,True,False
Mmlekate,True,True,True,True
rostami2b,True,False,True,False
banoyetajdar,True,False,True,False
Artmis1384486,True,False,True,False
transistor731,True,False,True,False
PX021AK0613,True,False,True,False
pahlavitarafdar,True,False,True,True
Brittan14850243,True,False,True,False
_Saraabio_4,True,False,True,False
CaPiiiiTaN,True,False,True,False
mehr_dad99,True,False,True,False
goldana_k,True,False,True,False
Arshin26863075,True,False,True,False
vohoman1111,True,False,True,False
Dokhi_sag,True,True,True,True
rojava400,True,False,True,False
LightofRev,True,True,True,False
EbnHussein1424,True,False,True,False
See17Q,True,False,True,False
Nillgoonam,True,False,True,False
chakavakk2,True,False,True,True
bara6767ti67499,True,False,True,True
PersianRednek,True,False,True,False
korosh_kabirr,True,False,True,True
PedareIranZamin,True,False,True,False
deadlydevil574,True,False,True,False
Liberat92305002,True,False,True,False
zhina2019,True,True,True,False
ForFree13454398,True,False,True,False
MParsa56716832,True,False,True,False
bardia_laghaie,True,False,True,False
NobodyMakhmal,True,False,True,False
roudbar72,True,False,True,False
UpdateAmir,True,False,True,True
Reyhanek01,True,False,True,False
newwww744404,True,False,True,True
RoyaKhosravi4,True,False,True,False
0GIvz3OaaPzv0l8,True,False,True,True
DQasmy33662,True,False,True,False
Moa1987226927,True,False,True,False
mariilyntondro,True,False,True,True
shahab_teymoori,True,False,True,False
AlexBa15930600,True,False,True,False
Didar_dar_,True,False,True,False
DozdeShekar,True,False,True,False
mp_kave,True,False,True,True
sohelav26,True,False,True,True
ElendaTimaj,True,False,True,False
monalisaisreal,True,False,True,True
Zara69745,True,False,True,False
Iranfreedom0098,True,False,True,False
EngineYears,True,False,True,False
HEb33i,True,False,True,False
BBahar87,True,False,True,False
SobhanMost8319,True,False,True,False
perin1358,True,False,True,False
Sheykh675658,True,False,True,False
Haleh_Panzer,True,True,True,False
LabibSohrab,True,False,True,False
wood04116217,True,False,True,True
maryami718066,True,False,True,True
patrickbetdavid,True,False,True,False
NarcisseFa1984,True,False,True,True
maryabrave90,True,False,True,False
jikob315359,True,False,True,False
tamacti_jun_1,True,False,True,True
mika_torab,True,False,True,False
johnathon45341,True,False,True,False
emergency1234t,True,False,True,False
Iranim_Iraniam,True,False,True,False
asgharsibil0o,True,False,True,False
CallMeKourosh,True,False,True,False
shid93567402,True,False,True,False
Salimiafshin1,True,False,True,False
maziyarabi,True,False,True,False
Saghararshi,True,False,True,False
Gilamard21,True,False,True,False
CilComLFC,True,False,True,False
AllNajda88209,True,False,True,False
hajiyanii,True,False,True,False
IsraelRadar_com,True,False,True,False
Zamburak1,True,False,True,False
ArmanDrsh,True,False,True,True
,True,False,True,False
Rayarasing,True,False,True,True
MoBoyMaster,True,False,True,False
HakimiFarz62634,True,False,True,False
aunt96895126,True,False,True,False
Noor14011401,True,False,True,False
sorena67461,True,False,True,False
lastknights2022,True,False,True,True
ApolloOnJupiter,True,False,True,False
Nafis2024,True,False,True,True
NoyHed1508,True,False,True,False
honarmandGod,True,False,True,False
badboy_jast4u,True,False,True,False
SardarSepahIRAN,True,False,True,False
AsgharSepehri,True,True,True,True
MbShahnaz,True,True,True,False
EretzIsrael,True,False,True,True
hanaazadi5556,True,False,True,False
davood_barareh,True,False,True,False
P_e_r_s_i_a,True,False,True,False
AliZolg85051503,True,True,True,False
9aban2519,True,False,True,True
Phoenix96281203,True,False,True,True
diakoboy,True,False,True,False
M138210M,True,False,True,False
khizeshemihan,True,False,True,False
iman_inj,True,True,True,False
adele_sadr,True,False,True,False
ebrahim_ah7917,True,False,True,False
CarmenFagundo,True,False,True,False
rda_hajy,True,False,True,False
mahiAsemani,True,False,True,False
Shahin1534092,True,False,True,False
TheIranBreeze,True,False,True,False
sattark62569994,True,False,True,False
Thanatospersian,True,False,True,False
Arimm1998,True,False,True,False
Peresvet1911,True,False,True,True
Mohseng71749773,True,False,True,False
21Shahriar,True,False,True,False
Amirsheykholes6,True,False,True,False
Soren_Rayan,True,False,True,False
shadishadishad,True,False,True,True
_Hassan_sabbah_,True,True,True,False
Vintage_Ramsay,True,False,True,False
Real_CryptoAce,True,False,True,False
maya19951995,True,False,True,False
JeSuisImpolie,True,False,True,False
GhoreishiR,True,True,True,False
lifemoon2431,True,False,True,False
Human163665,True,False,True,True
Silver_stone80,True,False,True,False
gharibeh2030,True,False,True,False
ariobarzanes476,True,False,True,False
BibiDoktor,True,False,True,False
tamame_balot,True,False,True,False
LssTir,True,False,True,False
long_live_kingP,True,False,True,False
IranBan45405993,True,False,True,False
mehran625189,True,False,True,False
MR_Shiik,True,False,True,False
akayayyy,True,False,True,True
IAzadshah11783,True,False,True,True
HillelNeuer,True,False,True,False
LadiKhanom,True,True,True,True
Iran13982020,True,False,True,False
goguri_maguri,True,False,True,False
ArikKhatar11388,True,False,True,False
naznyn_a18450,True,False,True,False
ttarzann25,True,False,True,False
DrEliDavid,True,False,True,False
UKalepoock67579,True,False,True,False
peymannik2,True,False,True,False
EFZiiii,True,False,True,True
marderoozasly,True,False,True,False
NasrinGholami5,True,False,True,False
tjml,True,False,True,False
dariush25371,True,True,True,False
SueBozorgi,True,False,True,False
farsam25,True,False,True,False
PedramKianipk,True,False,True,False
Amir49515363,True,False,True,False
joojemooje,True,False,True,False
HDarchyany93025,True,False,True,True
kavehkiani2000,True,False,True,False
Benhoor9,True,False,True,False
0mhp037,True,True,True,False
Salyma0,True,False,True,False
Sepitop,True,False,True,False
WickYaga,True,False,True,False
ZarrinehBab,True,False,True,True
moshteahaninira,True,False,True,False
AshkanParsa22,True,False,True,False
femmeazadi,True,False,True,False
qqnws8,True,False,True,False
kwrwsh741849672,True,False,True,False
AryaeeMihanpara,True,False,True,False
marja22786641,True,False,True,False
savakiam,True,False,True,False
SrzSiya,True,False,True,False
kwmzb,True,False,True,True
Rsm33327569,True,False,True,False
srashpz09,True,False,True,False
Fareizadi,True,False,True,False
Safa37875313,True,False,True,False
Ken_master47,True,False,True,False
PanahyPayam,True,False,True,True
EsthersChildren,True,False,True,False
seamorgh1,True,False,True,False
Khashay48426127,True,False,True,False
ariyaei_A,True,False,True,True
Parisaa511092,True,False,True,False
mojdeh1335,True,False,True,False
Iranmabademast,True,False,True,False
JumpCut20,True,False,True,False
on_van_7,True,False,True,False
lilambaz,True,False,True,False
Ryaa304,True,False,True,True
a_hoveyda,True,False,True,False
itsPiexar,True,False,True,False
persianfighteri,True,False,True,False
solisolita44,True,False,True,False
tiredartiiist,True,False,True,False
HastiNarouyi,True,False,True,False
negaraan_e_iran,True,False,True,False
iranazad9942,True,False,True,False
imraha77,True,False,True,False
ayazi_kamran,True,True,True,False
MaxZack1984,True,False,True,False
John_Locke_815,True,False,True,False
ahiran,True,False,True,False
Night13958,True,False,True,True
mytwitsh,True,False,True,False
aliiiivnd,True,False,True,False
AriamehrIran123,True,False,True,False
MARYAMA59605796,True,False,True,False
IRAN1366613,True,False,True,False
Bidad1114032,True,False,True,False
RED_P6,True,False,True,False
farhadiiyy,True,False,True,False
Nikasarina2,True,False,True,False
PiltanZaal,True,False,True,False
zn76201228,True,False,True,False
shemrooonn,True,False,True,False
ArdalanAzad2022,True,False,True,False
OJYcrrFgyi3jUcK,True,False,True,False
Fukuzawa1835,True,False,True,False
Farzan_damoos,True,False,True,False
CamYaz19,True,False,True,True
na_be_faramoshi,True,False,True,True
MRM60610080,True,False,True,False
mariiam733,True,False,True,False
PourrezaeiVahid,True,False,True,False
mahiran1193,True,False,True,False
emilykschrader,True,False,True,False
MajiD__mDh,True,False,True,True
SamSam6706,True,False,True,False
hamid_rav4,True,False,True,False
RealJamesWoods,True,False,True,False
Levi_Ackerman_v,True,False,True,False
Khodamihanshah,True,False,True,False
Kourosh119,True,False,True,False
last_knight1996,True,False,True,False
theAemondTarg,True,False,True,False
ahmetchris,True,False,True,False
ManouchehrFarr,True,False,True,False
dafwwd,True,False,True,False
freedom2025now,True,False,True,False
HelalatSaeede,True,False,True,False
persian4ever,True,False,True,False
Marikingdom47,True,False,True,False
Hopeuk1984z,True,False,True,False
reybaaa,True,False,True,False
Nothing_Sacred1,True,False,True,False
diakonoffff,True,False,True,False
Jeyrunam,True,False,True,False
gharaghuroot,True,False,True,False
shahin62675795,True,False,True,False
Nish9696,True,False,True,False
aramamrollahi,True,False,True,False
sepiedhia,True,True,True,True
DaeiJanNapoleon,True,False,True,True
historyinmemes,True,False,True,False
lilireyyy,True,True,True,False
x4_Mmd,True,False,True,False
_GodlessHeathen,True,False,True,False
adelfarbod2,True,False,True,False
Bahram2541,True,True,True,False
mitoo_iran,True,False,True,False
Witchesvalley1,True,False,True,False
Robertl59483354,True,False,True,False
bannush,True,False,True,False
arash_irany,True,False,True,False
youcalliit,True,False,True,False
cgwr161,True,False,True,False
mahboubeh_mdi,True,True,True,False
ramsar39,True,False,True,False
arsh9933,True,True,True,False
TonySeruga,True,False,True,False
FEskandarz86808,True,False,True,False
Hazrat_gachpaj,True,False,True,True
HadiBeArts,True,False,True,False
jbhniran,True,False,True,False
Lordoflor1,True,False,True,False
Sara01294797332,True,False,True,True
JessicaAlba900,True,False,True,False
DieHard324614ta,True,False,True,False
iran_palace,True,False,True,False
hzarkesh,True,True,True,False
ret30333260,True,False,True,False
sarbazarya33915,True,False,True,True
Iranam1010,True,False,True,True
mnimahsni,True,False,True,True
brodiyo13,True,False,True,False
Capricorrn79,True,False,True,True
Robin_88_22,True,False,True,False
HubertHRG2K,True,False,True,False
ShirKhorshid0,True,False,True,False
icon1335,True,False,True,True
mans47617,True,False,True,False
Alireza471986,True,False,True,False
Hamine_ke_has,True,False,True,False
Calin24210525,True,False,True,False
gh19215009,True,False,True,False
ragipsoylu,True,False,True,False
amir57771,True,False,True,False
shoabeakter2393,True,False,True,False
SaharFadaei1991,True,False,True,False
ZorbaTheWiseman,True,False,True,False
aftabgardoon202,True,False,True,True
veresk2020B,True,False,True,False
Aradsarafraz,True,False,True,False
IRAN_e_ziba_,True,False,True,False
FardinY94412,True,False,True,False
aliesteghlaliii,True,False,True,False
ariana_vsgh,True,False,True,False
HamedRFI,True,False,True,False
sinamusavian,True,False,True,False
Boorboor111,True,False,True,False
hasantala777,True,False,True,True
Goldis0,True,False,True,False
moj972,True,False,True,False
ardeshiramiri,True,True,True,False
receb84864,True,False,True,True
bademjoninan,True,False,True,False
sepanta_s2019,True,False,True,False
Mohamma87906862,True,False,True,True
iAysan70,True,False,True,False
davidkr8828,True,False,True,True
SalmanSima,True,True,True,False
Mehranasgh62344,True,False,True,True
theatripfg000,True,False,True,False
SenateGOP,True,False,True,False
INajafabad24399,True,False,True,False
sharroon777,True,False,True,False
Abbaasph,True,False,True,True
1401_shadow,True,False,True,False
iranshenava,True,False,True,False
Saeid_EM76,True,False,True,True
ly040792327816,True,False,True,False
sshoreshh666,True,False,True,False
KhanSasan76983,True,False,True,False
spectatorindex,True,False,True,False
YazdgerdIII,True,False,True,False
dannyboy_ira,True,False,True,True
sunofjusticeM,True,False,True,False
marimbenzeman,True,False,True,False
walarmorgolis,True,False,True,False
Shiriran25,True,False,True,False
mike_nls,True,False,True,False
shelmansaltane,True,False,True,False
,True,False,True,False
fereydoonvgi,True,False,True,False
kurosh0oliOIjij,True,False,True,True
Mo32809229,True,False,True,False
fantomascat52,True,False,True,False
rafidHali,True,False,True,False
Vala743524,True,False,True,False
QBahar17,True,False,True,False
JhHsa23423,True,False,True,True
of_iran50895,True,False,True,False
Parvin965631051,True,True,True,True
pahlavistist,True,False,True,False
Pahlavi3vom,True,True,True,False
hidden7074,True,False,True,False
thisisLiza23,True,False,True,False
rasolkarimi59,True,False,True,True
emad22384,True,False,True,False
Shi2kht,True,False,True,False
aghoy_hamsadeh,True,False,True,False
ParthianE,True,True,True,False
3Hormoz,True,False,True,False
kasrakarimi3,True,True,True,False
massmo23,True,False,True,False
iacogeorgia,True,False,True,False
GisooSgh,True,False,True,False
pedaretfotkard,True,False,True,True
KingsleyCortes,True,False,True,False
zanjendegiazadi,True,False,True,False
asal48576293,True,False,True,False
DRAGONBURNES,True,False,True,False
_hatron_,True,False,True,False
mirakh838,True,True,True,False
sayeh___sayeh,True,False,True,False
parisa_sv,True,False,True,False
SAVAK2023,True,False,True,False
ghatikhanoom,True,False,True,True
Mmmmmm46839641,True,False,True,False
niko123niki,True,True,True,False
masen2559,True,False,True,True
fly4freeIran,True,False,True,False
farhad_ah1986,True,False,True,True
rezasafaei44,True,False,True,False
sawareSiah,True,False,True,False
DeTahmineh,True,True,True,False
Mr_Amir_30,True,False,True,False
Mashrouteh13,True,False,True,False
eshge_royayeee,True,False,True,True
TurkIrani9,True,False,True,True
masoud44742110,True,False,True,False
arasteles,True,False,True,False
fightforpersia,True,False,True,False
JTA1973,True,False,True,True
R67290Reza,True,False,True,False
naghme2020,True,False,True,False
afshinright,True,False,True,False
M1_Baharan,True,False,True,False
saeedsh6867,True,False,True,True
mmasoori07,True,False,True,True
alirahm3348913,True,False,True,False
marlbro1212,True,False,True,False
pedantic_dinghy,True,False,True,False
mahtab_6,True,False,True,True
aceboy47,True,False,True,False
elias66eliasou1,True,False,True,False
HF99345727,True,False,True,False
Harupill,True,False,True,False
fatemehgh2180,True,False,True,False
Cyrus6578,True,False,True,True
Rami_2580,True,False,True,False
EmpierPahlavi,True,False,True,False
KingMaziyar,True,True,True,False
sepantapersian,True,False,True,False
parmid137746956,True,False,True,False
Vatanparast28,True,False,True,False
Hilda09786297,True,False,True,False
Bukit1401,True,False,True,False
Eva35076378,True,False,True,True
ShahryarIrani3,True,False,True,False
FreeBlueSky2000,True,False,True,False
IranRenaissance,True,False,True,False
J0KER_66,True,False,True,False
barayeiran9,True,True,True,False
missmelowws,True,False,True,False
DrkayvanAbbasi,True,False,True,False
nikoo10452225,True,False,True,False
hfr1395,True,False,True,False
ali765337574037,True,False,True,False
MHit1967,True,False,True,False
pahlavi78179555,True,False,True,False
Adammatin3,True,False,True,False
Airf0rArts,True,True,True,True
Yehoshua35,True,False,True,False
shirazi_kaveh,True,False,True,False
green_Amir,True,True,True,False
KarimiKesh57482,True,False,True,False
amin15939150,True,False,True,False
Mahmood518518,True,False,True,False
OALD24,True,False,True,False
BobbyHeravi,True,True,True,False
kingPahlavi3IR,True,False,True,False
kaveh_kaviyani,True,False,True,False
PatriotPersian,True,False,True,False
AvayeSharghi,True,False,True,False
AbrahymyPrwyn,True,False,True,False
YisraelOfficial,True,False,True,False
Mohamad_JOJO_13,True,False,True,False
pereenrain,True,False,True,False
Mobareze_vatan7,True,False,True,False
fsminsurance,True,False,True,False
KhoshnoodHoma,True,False,True,False
leiamnelson,True,False,True,False
nasser01907881,True,False,True,False
MSoghom,True,False,True,False
Bunmon07,True,False,True,False
wildcat2425,True,False,True,False
TaherehGhofranp,True,False,True,False
Abalfazl_Alamdr,True,False,True,False
Siavashshahy,True,True,True,False
AdamakNFD,True,False,True,True
AidaWarahram2,True,False,True,False
Amin25in,True,False,True,False
Coltheman1,True,False,True,False
Nirvana_Victory,True,False,True,False
Parsian2500,True,False,True,True
kholaghaa,True,False,True,False
Vahid,True,True,True,True
Roya18212962624,True,False,True,True
MinisterPrimer,True,False,True,False
Roberto_denir,True,False,True,False
desireh_pink,True,False,True,False
Anne03616592,True,False,True,False
gardejavidan250,True,False,True,False
america,True,False,True,False
Farzad2537,True,False,True,False
Persianwol39442,True,False,True,False
samanhastam3,True,False,True,False
Qaranimahabadi,True,False,True,False
sasa8644,True,False,True,False
IranVigilant,True,False,True,False
mhmdrda_ef,True,False,True,False
hannigan220,True,False,True,True
TiffanyGoli,True,False,True,False
MastanehAdiban,True,False,True,False
SedaieEnghelab,True,False,True,False
BozorgiSue99032,True,False,True,False
Hoshtane136880,True,False,True,False
Asqar9889323151,True,False,True,False
VAN_APC666,True,False,True,False
Mohamad1543728,True,False,True,True
Eligogoly,True,False,True,False
Arian__2020,True,False,True,False
Tina6h4,True,False,True,False
Alireza781214,True,False,True,False
IraniAvash,True,False,True,False
RealMehdie,True,False,True,False
m_sarbaz_iran,True,False,True,False
Atheist88000735,True,False,True,False
Taheri663,True,False,True,False
NmtAriel,True,False,True,True
_nizbogzarad,True,False,True,False
upgradable98,True,False,True,False
Sasamkhomaram,True,False,True,False
QMelisa1722229,True,False,True,False
alnapachino,True,False,True,True
ArioBarzan70,True,False,True,False
Owen_E76,True,False,True,False
ufclov,True,False,True,False
proudlypersian1,True,True,True,False
Kian_Mihan,True,False,True,False
mehdi09999,True,False,True,False
June_lady1983,True,False,True,False
Aza07871326Amir,True,False,True,False
pahlavi5430141,True,False,True,False
arash68700,True,False,True,False
joker_bano,True,False,True,False
Kiyan765607382,True,False,True,False
OmarOksh2023,True,False,True,False
deRebel0,True,False,True,False
MR_SNOW60,True,False,True,False
rDamianWayne,True,False,True,True
Iranopo,True,False,True,False
end_of_life_25,True,False,True,False
pyman125,True,False,True,False
Denis2xL,True,False,True,False
barbad867,True,False,True,False
Hameds2020,True,False,True,False
je_042,True,False,True,True
Israel,True,False,True,False
magaroof,True,False,True,True
a__hamoudi,True,False,True,False
Unique_6090,True,False,True,False
BadAngel66636,True,False,True,False
avaaz_e_azaadi,True,False,True,False
ICE_Boy_Per_sia,True,False,True,False
m_h1994_,True,False,True,False
SwrtyNbat,True,False,True,False
Rojin38179969,True,False,True,False
rev25436151,True,False,True,False
shahryarmirsha1,True,False,True,False
Nim_be1,True,False,True,False
Kingssoldier007,True,False,True,False
,True,False,True,False
naghimamoli,True,False,True,False
KashanTimes,True,False,True,False
aBaselitz,True,False,True,False
Parisapar2,True,False,True,False
Notagainshitty1,True,False,True,False
behdool,True,False,True,True
Freegreatiran98,True,False,True,True
fara_geev,True,False,True,False
Amiralmomenin_1,True,False,True,True
110Shams,True,False,True,False
Dani78443541763,True,False,True,False
A___Citizen,True,False,True,False
WhiteUprising,True,False,True,False
Sharonasalehi,True,False,True,False
Zanzend46467503,True,False,True,False
Radman47829217,True,False,True,True
shishik9999,True,False,True,False
sonia_hjl,True,False,True,False
Divar371,True,False,True,False
pofaknamak2,True,False,True,False
Zizi_G0olo0,True,False,True,False
FerFerienmtrf,True,False,True,False
houvakhshtar,True,False,True,False
zamwfylya,True,False,True,True
lionsun2541,True,False,True,False
shirkhaan69,True,True,True,False
SGhonabid,True,False,True,False
maskh48,True,False,True,True
esmailpour_m,True,True,True,True
KoroshMy87628,True,False,True,False
PersianEuler_,True,False,True,False
zamyasht1,True,False,True,False
Amoo_Sibiloo,True,False,True,False
aryamehr9206,True,False,True,False
AchaemenidSoldr,True,False,True,False
re_erfan,True,False,True,False
ghalandar98,True,False,True,False
simplogist,True,False,True,False
Kurapika1217,True,False,True,False
momdrs6242,True,False,True,False
1382mohammad82,True,False,True,False
AmirRahi4504,True,False,True,False
ALBORZ__ESYARII,True,False,True,False
Mohiman1360,True,False,True,False
zhiyan_shah,True,True,True,False
YaghubLeys,True,False,True,False
iran9821,True,False,True,False
faranak6187,True,False,True,False
POTUS46Archive,True,False,True,False
t78890y,True,False,True,False
YPrimakov,True,False,True,False
Royaajang,True,False,True,False
SetarehDaneshv1,True,False,True,True
nilofaraby,True,False,True,False
ShirinDin,True,False,True,False
Abbas8965483829,True,False,True,False
kosmopolitann_2,True,False,True,False
Fathomiran,True,False,True,False
98ABAN98,True,False,True,False
saba35120880248,True,False,True,False
raha_shodam,True,False,True,False
bujimuji,True,False,True,False
srkhwsh52261,True,False,True,True
ahoramazdai,True,False,True,False
Soltan612,True,False,True,False
guardjavid,True,False,True,False
secular_d,True,True,True,False
angureaskari,True,False,True,False
GilbertSorena,True,False,True,False
omid47714,True,False,True,False
kaleQandd,True,False,True,False
MissFateme98,True,False,True,False
Nehir11906409,True,False,True,False
kirgozgir,True,False,True,True
m8IVrVAlF7MZwlZ,True,False,True,False
jormalou,True,False,True,False
shahryar_sasani,True,False,True,False
aboreyhann,True,False,True,False
saeed54232083,True,False,True,False
RealHooshidar,True,False,True,False
AriaOmid,True,True,True,False
machiavelianism,True,False,True,False
nika1401yalda,True,False,True,False
conscious_sou,True,False,True,False
Elika12142776,True,False,True,False
shadowlakhan,True,False,True,False
ItsMrJake,True,False,True,False
DooNafas,True,False,True,False
mohsenmaleki559,True,False,True,False
Nofear8686,True,False,True,False
sobheomid8,True,False,True,True
ghalatemlay,True,False,True,True
LeOU7LAW,True,False,True,False
SymaWdy66229,True,False,True,False
PrLucifer79,True,False,True,False
poonehseta,True,False,True,False
AhmadHazrati12,True,False,True,True
Bahram1978NL,True,False,True,False
zakerifarideh,True,False,True,False
arsalan21666166,True,False,True,False
samano_binesh,True,False,True,False
kianmob,True,False,True,False
BrayeIranam1976,True,False,True,True
maryam635152722,True,False,True,False
no_face_sx,True,False,True,False
FaFaladyy,True,False,True,True
tanha2srbaz,True,False,True,False
janfada23,True,False,True,False
manniefabian,True,False,True,False
tearsofkings,True,False,True,False
Zanyar_azadi,True,False,True,False
Pourdadd,True,False,True,False
khabobidarr,True,False,True,False
Psychic281,True,False,True,False
EghbaliBabak,True,True,True,False
Iran_Mahsa_Amin,True,False,True,True
ShF5705,True,False,True,True
PNzam39847,True,False,True,False
SmTarlan45935,True,False,True,False
Em_iranian,True,False,True,False
Gsdata5566,True,False,True,True
crazyprincenemo,True,False,True,False
fooladfaranak,True,False,True,False
Dara2024_1402,True,False,True,False
cybersec2000,True,False,True,False
MT97921494,True,False,True,False
OliLondonTV,True,False,True,False
FAZEL_TWT,True,True,True,False
Marzie714590244,True,False,True,False
PasargadMitra,True,False,True,False
BahmanHeidarza2,True,False,True,False
Ravigorbat1,True,False,True,True
Paeezsahra46,True,False,True,True
Freedom4OurIran,True,False,True,False
damdamimezaj,True,False,True,False
Nue_christian,True,False,True,False
adambeyk2206,True,False,True,False
XZartosht,True,False,True,False
FardadFarahzad,True,True,True,True
DreadfulJab,True,False,True,False
maria1076596129,True,False,True,False
sniper_azadi,True,False,True,False
morghsahari,True,False,True,False
BTC100k_5,True,False,True,True
naser401401,True,False,True,False
SBasy76569,True,False,True,False
Haa_m_edd,True,False,True,False
susan47781007,True,False,True,False
thisisme66691,True,False,True,False
KhosroParvis2,True,False,True,False
m06060600,True,False,True,False
eagle__theirani,True,False,True,False
tommymorninstar,True,False,True,False
Samira9Rouhani,True,False,True,False
aali_jenab_asli,True,False,True,False
Mr_master_eng,True,False,True,False
Koorosh2025,True,False,True,False
ibe9901inahk,True,False,True,False
R4min369,True,False,True,False
JimmyRahmati,True,False,True,False
reddevilsfa0,True,False,True,False
TaranehM,True,False,True,False
EdvinAlbain,True,False,True,False
MasoudSlii,True,True,True,False
foridul_info1,True,False,True,True
robsmithonline,True,False,True,False
AzarakhshPersia,True,False,True,False
ara5hk,True,False,True,True
hebiboy85,True,False,True,True
moobiinoo,True,False,True,False
aryanboy0072,True,False,True,False
GIV2021,True,True,True,True
ArrehKesh,True,False,True,True
vanciitysina,True,False,True,False
bachepaeenshahr,True,False,True,False
soroosha_t,True,False,True,False
Morientez1363,True,False,True,False
mehrad25196,True,False,True,False
khom280280,True,False,True,False
amiroboom,True,False,True,False
Davidcaperfild,True,False,True,False
iranazadshode,True,False,True,False
Soheilgh1983,True,False,True,False
BamdadTiered,True,False,True,True
homayoonamm,True,False,True,False
alphak4080,True,False,True,False
AbdulhaqOmeri,True,False,True,False
Sekolar4,True,False,True,False
Sherry694319176,True,False,True,False
avin12340,True,False,True,True
mshaoaah87,True,False,True,False
beh2711,True,False,True,False
BehroozMay1985,True,False,True,False
S_a_m_i_ra,True,False,True,False
its_MDee,True,False,True,False
_MAVERlCK_,True,False,True,False
H_Varjavand,True,False,True,True
dawidjam963,True,False,True,True
Homa3adat,True,False,True,False
BabakIssaeeyan,True,False,True,False
Coralin55,True,False,True,False
shariar64676576,True,False,True,False
IsraelWin22,True,False,True,True
farhadk0hkan,True,False,True,False
AmoozgarJ,True,False,True,False
Wolf_021,True,False,True,False
twitt048,True,False,True,False
siamakHabibi86,True,False,True,False
Shahar757473,True,False,True,False
sarbaz1346,True,False,True,False
potypto,True,True,True,True
TheSorena70,True,False,True,False
HeKasrehCrisis,True,True,True,False
HAE1984,True,False,True,True
Gloria_Peacee,True,False,True,False
Ostoghodos,True,False,True,True
MrdmKrdh,True,False,True,False
AryanSepehr,True,False,True,False
masumi_ami36213,True,False,True,True
_Good_dictator_,True,False,True,True
Khoukhe1,True,False,True,False
Pink28713833410,True,False,True,False
HmindHworld,True,False,True,True
Sarwarabedi3702,True,False,True,False
Aliuk1974,True,False,True,False
Kaaveh92,True,False,True,False
SatireGiraffe,True,False,True,False
freeir8104,True,False,True,False
thisiisdoris,True,False,True,True
b_shirmardi,True,False,True,False
sasasas178,True,False,True,False
sorena5593,True,False,True,False
HoseiniNas17390,True,False,True,False
Neda_5156,True,False,True,False
MK999JSh,True,False,True,False
Her__River,True,False,True,False
Freedom17Iran,True,False,True,True
iraniansoldjer,True,False,True,False
admiya82,True,False,True,False
El45165235,True,False,True,True
Mozhgan348035,True,False,True,False
kimia_Monarchy,True,False,True,False
Shani00336385,True,False,True,False
,True,False,True,False
migmig_ariaee,True,False,True,False
Shirinsh53,True,False,True,True
kaveh_irani__,True,False,True,False
kouresh_kabir,True,True,True,True
HSadrmomtaz,True,False,True,False
esfandyar_26,True,False,True,False
rasel_che10,True,False,True,False
MrRobot_bt,True,False,True,True
jam93152012,True,False,True,True
YareMehrabaan,True,False,True,False
mamad_iran2,True,False,True,False
parveen2536,True,False,True,False
GEsfandiri12005,True,False,True,False
banooyeshar,True,False,True,True
shirpeleh04,True,False,True,False
masoudkourosh,True,False,True,False
Bit97490323,True,False,True,False
xBx73mOl77qBATH,True,True,True,False
Moradbeyk22,True,False,True,False
GedaSeyed,True,False,True,True
57hostage,True,False,True,False
saeedfranky2015,True,False,True,False
iran_lover1,True,False,True,False
blood_persian,True,False,True,False
kobradecision,True,False,True,False
ArteshBarandaz,True,False,True,False
ghitinour_shad,True,False,True,False
JBani36361,True,False,True,False
saghy007,True,False,True,False
diplomacy4Iran1,True,False,True,True
Alireza47492401,True,False,True,False
naslesukhteh56,True,False,True,False
Symmetrybody_il,True,False,True,False
itsmali0,True,False,True,True
fereydon1561907,True,False,True,False
siamakm1975,True,False,True,False
kouroshh2500,True,False,True,False
Milad_Aghai1,True,True,True,False
nanakhanooom,True,False,True,False
MAGAFree88,True,False,True,False
esta,True,False,True,False
MehdiVakili20,True,False,True,False
p_poria57,True,False,True,False
Powerpotty1,True,False,True,False
Airan2540,True,False,True,False
amphiprionguepe,True,False,True,False
Ali55106731,True,False,True,True
andishha2020,True,False,True,True
Mir5mir5,True,False,True,False
mlkhk68686,True,False,True,False
marjan1370zj,True,False,True,False
Rasputin21,True,False,True,False
HanifJazayeri,True,False,True,False
o25718_olrik,True,False,True,False
Xxx1171096,True,False,True,False
MSh168344,True,False,True,False
EELKHAN1,True,True,True,True
siyavashpahlavi,True,False,True,False
oldbuckdeer,True,False,True,True
atrin1390,True,False,True,False
AzarNoosh13,True,False,True,False
Minimalism71569,True,False,True,False
yrnzd0080420324,True,False,True,True
barcama69,True,False,True,False
Benjami_369,True,False,True,False
AnProfession,True,False,True,False
daiidrajabi,True,False,True,False
hankmoody111,True,False,True,True
,True,False,True,False
Ferferi_Sabegh7,True,False,True,False
persianknight14,True,False,True,False
B_nikkho,True,False,True,False
sorenavatankhah,True,False,True,False
abdtalaqfs,True,False,True,False
iraniansamurai4,True,False,True,False
masgamet_tu_ruh,True,False,True,False
HsnyLy31012,True,False,True,False
Voltairexs,True,False,True,False
mehrdad__ir,True,False,True,False
Kian0510,True,False,True,False
CalifCactus,True,False,True,False
AhbarAqa,True,False,True,True
LawdanBazargan,True,True,True,False
HajiAgha12,True,False,True,False
sardaratropat,True,False,True,False
ElhamOmidvari,True,True,True,False
misspanda1990,True,False,True,True
king__nation,True,False,True,False
ProtesterCrow,True,False,True,True
abbass22001,True,False,True,False
gamer00001234,True,False,True,False
nooneknowsyouu,True,False,True,False
johnconnor1313,True,False,True,False
parsi_mona,True,False,True,False
Iran_Mehr_2016,True,True,True,False
DrOmid_Akrami,True,False,True,False
AbotalebiN42855,True,False,True,True
ToSa68069651,True,False,True,False
NewDrea17,True,False,True,False
Anargesy61,True,False,True,False
Pin8ki8,True,False,True,False
khosro_yekom,True,False,True,False
mk19199814,True,False,True,False
AmirYou88,True,False,True,False
tinto_2,True,False,True,False
joobchi96n,True,False,True,False
Azadi14022,True,False,True,False
FosounAta9,True,False,True,False
MZiaee9,True,False,True,False
AminshiriS,True,False,True,False
Hosein653127,True,False,True,False
Leila_Arya2,True,True,True,False
sinaalizadeh772,True,False,True,False
MadariSarzamin,True,True,True,False
khordade60,True,False,True,False
oon_aqahe,True,False,True,False
BiSarzamin15,True,False,True,False
SZarei51404,True,False,True,False
MorleyMan007,True,False,True,False
freedom_f_iran,True,False,True,False
Apraniiik,True,False,True,False
SpadanaZ2583,True,False,True,False
namahsos1979,True,False,True,False
Rastakhiz_vatan,True,False,True,False
Nashhesari,True,False,True,False
arteshtar,True,False,True,False
akhooondga,True,False,True,False
F_Rmandy,True,False,True,False
aokurucz,True,True,True,False
MaryJan76410192,True,False,True,False
serrennarenji,True,False,True,False
AteyYasna,True,False,True,False
qb14210552,True,False,True,False
farzandzartosht,True,False,True,True
haj_nqy,True,False,True,False
IranImmortals,True,True,True,True
CryptoMamaIO,True,False,True,False
aligoudi,True,False,True,False
tajiman100,True,False,True,False
Marie630105191,True,False,True,False
123Lavashak,True,False,True,False
arhad13440m,True,False,True,False
persian_soul,True,False,True,False
Mercede28797364,True,False,True,False
busywithIran,True,False,True,False
Gegenwind_OR,True,False,True,False
LokoyoyoM,True,False,True,False
felanemidanam,True,False,True,False
IranNovinParty,True,True,True,True
MomeniShabnam,True,False,True,False
shabichou,True,False,True,True
yousenberg,True,False,True,False
Aldarani,True,False,True,False
xerxessassani,True,False,True,False
asireghafas,True,False,True,True
sid_avesta,True,False,True,False
SinaMihandoost,True,False,True,True
dangOfang,True,False,True,False
mysazmtvatan,True,False,True,True
nanahidmp1344,True,False,True,False
DeadLine2025,True,False,True,False
roserosi98,True,False,True,True
MahiDavodi,True,False,True,False
GandalfTheBlue7,True,False,True,True
satggin,True,True,True,False
khodadi84,True,False,True,False
AndorRevolution,True,False,True,False
Amardiyamm,True,True,True,False
aryamehr234,True,False,True,True
AmyDiva15_,True,False,True,False
fuzakeruna16,True,True,True,False
Molotov0007,True,False,True,False
rmayparast,True,False,True,False
Danesh26403114,True,False,True,False
yvesevv,True,False,True,True
susanabulhawa,True,False,True,False
927171122p45956,True,False,True,False
onlyrezashah,True,False,True,False
1robatirani2500,True,False,True,False
hajovajj,True,False,True,False
dokhtareiran24,True,False,True,False
paarmissss,True,False,True,False
Iran_Farda1,True,True,True,False
kantatoreh,True,False,True,True
Mr_mofakhkham,True,False,True,False
sepahbode,True,False,True,False
azxcbnji,True,False,True,False
Jupiter_1981,True,False,True,False
Liam_Armani,True,False,True,False
LadyNova001,True,False,True,False
Farlouni,True,False,True,False
persia_77777,True,False,True,True
YunesTabrizlii,True,False,True,True
Raddan_wisdom,True,False,True,False
amroabdelhamid,True,False,True,False
Mahdi49421625,True,False,True,False
shana19921,True,False,True,False
FredOmi9,True,False,True,False
elyas1782221,True,False,True,False
ashenas327134,True,False,True,False
Robimasha,True,False,True,False
johnsmith11263,True,False,True,False
wntrintel,True,False,True,False
I_AM_SHABA23,True,False,True,False
JustIRAN2583,True,False,True,True
savushunam,True,False,True,True
barayradio,True,False,True,True
Sarpasmokhtari,True,False,True,False
MAtaee567890,True,False,True,False
30Morgh4,True,False,True,False
matmat1389,True,True,True,False
Keywar200,True,False,True,True
Neelaa_shah,True,False,True,False
dozak1983,True,False,True,False
hambastegi,True,True,True,False
Abiabiabi_7,True,False,True,False
khalilrevoluted,True,False,True,True
GrenzmannRP,True,False,True,True
sayedjan,True,False,True,True
sahl611374,True,False,True,False
ShahrT77,True,False,True,False
babresiyaah,True,False,True,False
No1irani,True,False,True,False
KhamaneiD,True,False,True,False
IranKingdom2500,True,False,True,False
Shervinator79,True,False,True,False
asuom2022,True,False,True,True
kurdish_iran,True,False,True,False
Arian_bz2578,True,False,True,False
PooyaElham_Iran,True,False,True,True
ilirateirate8,True,False,True,False
DawwdMqam19412,True,False,True,False
ZahraZamani1403,True,False,True,False
88SasanSosmar,True,False,True,False
Talxoon,True,False,True,False
mahadihasa3314,True,False,True,False
ayshyshakii,True,False,True,True
SenatorHagerty,True,False,True,False
Fakeuser2013,True,False,True,True
Hamed_08_,True,False,True,False
bahar27772,True,False,True,False
sia0mo,True,False,True,False
king_khan58,True,False,True,False
royajun65,True,False,True,False
hichengar,True,False,True,True
Bizar_Mr,True,False,True,False
K1Kevin2,True,False,True,False
Ayande_Majles,True,False,True,False
GordAfarid400,True,False,True,False
IlliterateTwitt,True,False,True,False
,True,False,True,False
Saniehaa,True,False,True,False
nadonamkar,True,False,True,False
IRPasMigiram,True,False,True,False
NargesKiya34516,True,False,True,True
shekoohe_iran,True,False,True,False
HesbeltonII,True,False,True,True
Peacefornow2022,True,False,True,False
hilaaaan125y6u7,True,False,True,True
11__soofi,True,False,True,False
IranCaspianSea,True,False,True,False
AzizzadehM55549,True,False,True,False
Pooneh022,True,False,True,False
FreedomIran2021,True,False,True,False
iran_abad_bad,True,False,True,False
haab__in,True,False,True,False
ali20615,True,False,True,False
EnemyOf3Fased,True,False,True,False
JadoogarKhaki,True,False,True,False
ADariush2536,True,False,True,True
NoCrossNoCresce,True,False,True,False
MZilaei1394,True,False,True,False
sedaimairanian,True,False,True,True
Pendar_1842,True,False,True,True
rdsYT6LJZNUQDIb,True,False,True,False
Awat_Baggio,True,True,True,False
Giovannielber12,True,False,True,True
ArianArian00,True,True,True,False
riritingar,True,False,True,False
mmdr73565825,True,False,True,False
Taj77269570,True,False,True,False
forouz_z,True,False,True,False
Charlotte_4540,True,False,True,False
iran_azita,True,False,True,False
A_since2016,True,False,True,False
mehrzadbeygg,True,False,True,False
John99452406,True,False,True,False
STJ5CiVcSwMtbXm,True,False,True,True
BanoySharqi,True,False,True,False
pasarebad_king,True,False,True,False
lamaso43,True,False,True,False
nooralitoon,True,True,True,True
kaveh74565028,True,False,True,False
Kesya56850,True,False,True,True
maya1292171,True,False,True,False
Sali783986161,True,False,True,True
mood_owl,True,False,True,False
tanesh_lokas,True,False,True,False
Galaxyrockss,True,False,True,False
Salari1993,True,False,True,False
Fatemeh171926,True,False,True,True
RoxannSarnegoni,True,False,True,False
Bekhoda5,True,False,True,False
Biiggbbangg,True,False,True,False
LUFFYBCs,True,False,True,True
dclynch07,True,False,True,False
06Return,True,False,True,False
Klimapz,True,False,True,False
Akhetochera1,True,False,True,False
__imperialeagle,True,False,True,False
Daniele_De_Rosi,True,False,True,False
AdmP10933,True,False,True,False
favalli88,True,False,True,False
Azadi__Baran,True,False,True,False
maryamhh17,True,False,True,False
Iraneman_vahid,True,False,True,False
ManiSevda,True,False,True,False
pershianiran44,True,False,True,False
am33402,True,False,True,False
ArashS82176,True,False,True,False
Tofan03528437,True,False,True,False
parastooooook,True,False,True,False
_Iranist_,True,False,True,True
MaryMirzad2020,True,False,True,False
Amir_Dorost_kar,True,False,True,False
KouroshGMech,True,False,True,False
moh1625659,True,False,True,False
MAKE_IRAN_GR_AG,True,False,True,False
official_mr_big,True,False,True,False
Op_Iran2,True,False,True,False
bydd252396,True,False,True,False
Diiyako_ir,True,True,True,False
ItsKouroshKabir,True,True,True,False
Mina_589,True,False,True,False
IntelliTimes,True,False,True,False
Bernard4145497,True,False,True,False
VXuGpUSqaKUCQPH,True,False,True,True
Madr1d1stam,True,False,True,False
AzarBanoo2012,True,False,True,False
Bardia_Smith,True,False,True,True
E3L4WBKvBpmWj9W,True,False,True,False
SardariParviz,True,False,True,False
armn429,True,False,True,False
MRezaBakhshi68,True,False,True,False
ElsoloLoboPro,True,False,True,False
massacre0068,True,False,True,False
darklord16661,True,False,True,True
EzaziHema,True,False,True,False
Alice_Persia_,True,False,True,False
Kyro_on_Kas,True,False,True,True
Mana202,True,False,True,False
Jane_jaanan,True,False,True,False
BethBaisch,True,False,True,False
Mehrdadpatriot3,True,False,True,False
Girmizi_Alma,True,False,True,False
Freedom7Soldier,True,False,True,False
goftogo,True,False,True,False
Hani87216706,True,False,True,False
JamesFord334193,True,False,True,False
ehsan_128546,True,False,True,True
Parviz_CH46,True,False,True,False
yasertrader888,True,False,True,True
tavana6288,True,False,True,False
mitikoman661,True,False,True,False
Mohammadpirsal1,True,False,True,False
joghdsaadat,True,False,True,False
IraneAzad_2022,True,False,True,False
Arya250024,True,False,True,False
khoramdinbabakk,True,False,True,False
moein2888,True,False,True,True
pirouzee,True,False,True,True
Asche707,True,False,True,False
farzadshahpor,True,False,True,True
SorouschGh77740,True,False,True,False
twisteeed888,True,False,True,False
lyr192596510089,True,False,True,False
arashtanha52000,True,False,True,True
shali112233,True,False,True,False
amir58576506,True,False,True,False
suri_washere,True,False,True,False
aaaa78600021,True,False,True,False
kamangir77,True,True,True,False
pahlavi943445,True,False,True,False
yotelli_,True,False,True,False
Ambruja_,True,False,True,False
parsdailynews1,True,False,True,False
Tehran499673,True,False,True,True
mahditavakoli50,True,False,True,False
Zhina49,True,False,True,False
mmiinor,True,False,True,False
Iran1st,True,False,True,False
Chamroshirani,True,False,True,True
H_shahsawan,True,False,True,True
FarimaAsadiazar,True,False,True,False
destiiny408,True,False,True,False
AminianSaeid,True,False,True,False
raheeiran,True,False,True,False
ndaywtn,True,False,True,False
rpourhabib,True,False,True,False
,True,False,True,False
Regime_Change_,True,False,True,False
soozi2244,True,True,True,False
cyrus_daughter,True,False,True,False
,True,False,True,False
SedayehMellat,True,False,True,False
Mitra_Jashni,True,True,True,True
Shabnam_Badri,True,False,True,False
herrw7lson,True,False,True,False
benn50,True,False,True,False
javid_jjj,True,False,True,False
TaraRezapour3,True,False,True,False
sinatheory,True,False,True,True
Maryam05092704,True,False,True,True
najaficathy,True,False,True,True
ghogholighoo,True,False,True,False
peter06703469,True,False,True,False
Jbbong132M2m,True,False,True,False
dideban46491488,True,False,True,False
SSayehhRRoshann,True,False,True,False
poorepashang,True,False,True,False
ShayanArya97,True,False,True,False
Koorosh_tehrani,True,False,True,False
Mihanparast2521,True,False,True,False
sheyda_sha7,True,False,True,False
ariubarzan_pars,True,False,True,False
SheidaSkandari,True,False,True,True
snowhawk80,True,False,True,False
DirtPhilosopher,True,False,True,False
Homeira64640312,True,False,True,False
sefrzsnet,True,False,True,False
zozo7024,True,False,True,True
KimiIng6,True,False,True,False
Moh_sen8765,True,False,True,False
vafajoo_be12972,True,False,True,True
pedram_aloneman,True,False,True,False
HoumanPanj85948,True,False,True,True
TheReturnOfShah,True,False,True,False
rosashoroka,True,False,True,False
aryan_hadis78,True,False,True,False
RoyalZanganeh,True,False,True,False
samzolghadri,True,False,True,False
iraniansoldire1,True,False,True,False
jimoro88,True,False,True,False
MLP_officiel,True,False,True,False
Daniyalll2024,True,False,True,False
Ghoghnoossiran,True,False,True,False
FrankThePaniran,True,False,True,False
golli_nmrk,True,False,True,False
Free_No2ir,True,False,True,False
KohsarMaza9044,True,False,True,False
alborz0098,True,False,True,False
MahsaAmini2009,True,False,True,False
AryaRamnes,True,False,True,False
kathia_sh,True,False,True,False
iranii1368,True,False,True,True
cooler1361,True,False,True,False
BahiyyehNaderi,True,False,True,False
NikolaTesla_dyn,True,False,True,False
tarik_think,True,False,True,False
liamnajmi123,True,False,True,False
tarane_137958,True,False,True,False
zarrin2581,True,False,True,True
rHd5AEl4mb9iyIn,True,False,True,False
Mohamad04031781,True,False,True,False
zartosht_nik,True,False,True,False
vahid__bahman,True,True,True,True
pittoReHooD,True,False,True,False
ISefati,True,False,True,False
Arad60292050,True,True,True,False
Gongadin5,True,False,True,False
Rezazarpoor,True,False,True,False
RamsesAryanaIAF,True,False,True,False
HamedRS2022,True,False,True,False
ADIB_SDL,True,False,True,False
Siavashsheyiran,True,False,True,False
sararezaei19801,True,False,True,False
delpeyero1,True,False,True,False
EllenPezeshki,True,False,True,True
kahkeshan14tmh,True,False,True,False
Achaemenid2582,True,True,True,False
y69311,True,False,True,True
Misagh69975877,True,False,True,True
Manij60702093,True,False,True,False
MayraYazdari,True,True,True,True
labkhandesaliz,True,False,True,False
sosamo8,True,False,True,False
Pariii1987,True,False,True,False
sarbazemihanam,True,False,True,False
justinladen,True,False,True,False
MR_D4rkn3s5,True,False,True,False
Sohil50567884,True,False,True,False
Gary1999999,True,False,True,False
Olawoyin0311,True,False,True,False
imi_st,True,False,True,False
revolution_plan,True,False,True,False
BarzinBaba1506,True,False,True,True
nazgooolaaam,True,False,True,False
ZananFirouzehie,True,True,True,False
saba499,True,False,True,False
Ziba92771409,True,False,True,False
zoya66a,True,False,True,False
ashkan,True,False,True,False
Ariodetg,True,False,True,False
didi_dekster,True,False,True,False
Hamed9819,True,False,True,False
Tra209,True,False,True,False
Noor1402202,True,False,True,True
FattahiFarzad,True,True,True,False
KoroshKabir2583,True,False,True,False
ClayJensenorg,True,False,True,False
JmshydS57561,True,False,True,True
youhosseini,True,False,True,False
M72114Mehdi,True,False,True,False
callmetiyam,True,False,True,False
3bdulr2hmn,True,False,True,False
Atraradd,True,False,True,False
FREE_KNIGHT__,True,False,True,False
hashemy_ir,True,True,True,True
mortezaans30879,True,False,True,False
abby_aria63,True,False,True,False
Mahdokht45,True,False,True,False
Gandom27,True,False,True,False
JackHarknessed,True,False,True,False
AYusefi26899,True,False,True,False
1360Evin,True,False,True,False
rahaieraha,True,False,True,False
ClareMLopez,True,False,True,False
Zoya97042964,True,False,True,False
Dream_Danial,True,False,True,False
hasanmousa28681,True,False,True,False
Zaratusht,True,False,True,False
Myrain82319581,True,False,True,False
Strand123,True,False,True,False
777Masiha,True,True,True,False
Atosairani,True,False,True,True
antisundiss,True,False,True,False
dooogbooy,True,False,True,False
kave66savakbear,True,False,True,False
ShawnaAzad2,True,True,True,False
Iran_Monarchy,True,False,True,False
lastwitcherson1,True,False,True,False
rezayazdan_,True,False,True,False
mehrab_iran,True,False,True,False
DTrumpinPersian,True,False,True,False
akbar_57641400a,True,False,True,False
shgolzarfar,True,True,True,False
abankhoon,True,False,True,True
pahkiyan,True,False,True,False
Shoki__121,True,False,True,False
Misslord_1994,True,False,True,True
mijangambaraye,True,False,True,False
ghooghishoonam,True,False,True,False
hadadchalayaann,True,False,True,False
persianjammer,True,False,True,False
ibukunayom39117,True,False,True,False
iranazad1659346,True,False,True,False
arezoubehrang_,True,True,True,False
Mina66808459,True,False,True,True
ShervinIII,True,False,True,False
AzadChakavak,True,True,True,False
kingpahlavi_3,True,False,True,False
gorbekuclu,True,False,True,False
farshidpiyani,True,False,True,False
HabibVegan,True,False,True,False
KingOfIranian,True,False,True,True
ParsaIranfar,True,False,True,False
oshtb,True,True,True,False
antileftool,True,False,True,False
ho_mahi80806723,True,False,True,False
chaii_nabat,True,False,True,False
kaveh00001,True,False,True,False
CoinEngineer00,True,False,True,False
MaryamAzad50384,True,False,True,False
NMMlight,True,False,True,False
ario9318,True,False,True,True
HJavadpour55,True,False,True,False
BMasoudi59436,True,False,True,True
teoden66851577,True,False,True,False
ArzhinL21458,True,False,True,False
SunLight__White,True,True,True,False
Sorenaa_Rahbar,True,False,True,False
Azi0408,True,False,True,False
reza_shah78,True,False,True,True
namdarei8265,True,False,True,False
Selenag7901,True,False,True,False
FasleNoor,True,False,True,True
TaaraazI,True,False,True,True
minmineshoon,True,False,True,True
DRSAVAK947086,True,False,True,False
raziel20321,True,False,True,False
ichbinali1992,True,False,True,False
Bita76095258,True,False,True,False
Gandom56127383,True,False,True,False
MrHiccup42,True,True,True,False
amirmoghadam_ir,True,True,True,False
fsooti,True,False,True,False
maahvand1,True,False,True,False
HassanpourHima,True,False,True,False
KhiarGoje,True,False,True,False
Iranzam2002,True,False,True,False
MIN7SUS4,True,False,True,True
atusah4,True,False,True,False
sepher784120,True,False,True,False
shmrqywp,True,False,True,False
abnavi_d,True,False,True,True
Emadflight2,True,False,True,False
IranShahaOrg,True,False,True,False
4regimechange,True,False,True,False
Bahramegour28,True,False,True,False
shahrokh7shah,True,False,True,False
farideghazi,True,False,True,False
paniranist_man,True,False,True,False
SarviHasdam,True,False,True,False
sarbaziransaz,True,False,True,False
nofouziha,True,False,True,False
LordEstark77,True,False,True,False
yshahram9,True,False,True,False
arbabhalgheha,True,False,True,False
bacheye_shahin,True,False,True,False
Damawand12,True,False,True,False
masoud1753429,True,False,True,False
AYazdanfard,True,False,True,False
Aurlianoboendi,True,False,True,False
NazilaSham88545,True,False,True,False
irani2581,True,False,True,False
StephenDe86,True,False,True,True
HopeseeHope,True,False,True,True
AhooraAhrimani,True,False,True,False
Hosseinabcdef,True,False,True,False
aranaraniyan,True,False,True,False
pink_panther180,True,False,True,False
v1346hid,True,False,True,False
saray6768,True,False,True,False
afisoluss,True,False,True,False
B__DEL,True,False,True,False
YserH59627,True,False,True,True
Mohsen2546,True,False,True,False
Homa60139617,True,False,True,True
onemosen,True,False,True,False
cryptograndpa65,True,False,True,False
erfanhalgheiran,True,False,True,True
Zigorat28839217,True,False,True,False
Rezza2b,True,False,True,False
Aghighi680449,True,False,True,False
SaeedY87109290,True,False,True,False
shah_jawyd,True,False,True,False
KafrMhdy68225,True,False,True,False
kouroshhaghighi,True,False,True,False
TorajMahrukh,True,False,True,False
Amitis_eth,True,False,True,False
Aghoosha,True,False,True,False
FarhadKianpour,True,False,True,False
AhmadrezaAtai,True,False,True,False
KarimBaghe34652,True,False,True,False
BijanAdin,True,False,True,False
RVDJkd8YYcZgExd,True,False,True,False
Arsalan_shizi,True,True,True,False
drwatson1581,True,False,True,False
Mohsen_Esix,True,False,True,False
greygandolf2,True,False,True,False
noushmz,True,False,True,False
ANUBIS_GOD2,True,True,True,True
Rmtn_99,True,False,True,False
MamiSalamat,True,False,True,False
arefi_pejm70937,True,False,True,True
Amanforharddays,True,False,True,False
Gameover5561,True,False,True,False
DailyJox,True,False,True,False
keshvadpahlavi,True,False,True,False
S895863,True,False,True,True
ariafarpoori,True,True,True,True
vhope49654837,True,False,True,True
shab26april,True,False,True,False
Aryobarzan9116,True,False,True,False
zekibilakh,True,False,True,False
shreddergh0st,True,False,True,False
sedaye_kasravi,True,False,True,False
Tadj_alSaltaneh,True,False,True,False
olivertwist1979,True,False,True,False
Trueman206141,True,False,True,True
captainhad45043,True,False,True,False
NilotusShe41557,True,False,True,False
biabeshno,True,False,True,False
Jonathan_Elk,True,False,True,False
Merajpersian61,True,False,True,False
resa_1986,True,False,True,False
LeoPersian,True,False,True,False
Haghgooie,True,True,True,True
BiondiniCesar,True,False,True,False
khaydalo,True,False,True,False
nika27052,True,False,True,False
IraniShaman,True,False,True,False
KimJongUnArabic,True,False,True,False
Vendetta_Nobody,True,False,True,False
Hossein_cia,True,False,True,False
kismarrk,True,False,True,False
1fxytwt,True,False,True,True
moon_face5883,True,False,True,False
nZMhZ5oBXXWX2xM,True,False,True,False
TornadoI57941,True,False,True,False
jared6222857153,True,False,True,False
farzad_1195,True,False,True,False
Naser16135339,True,False,True,False
Behnam88986973,True,False,True,True
vendetta_mm,True,False,True,False
iranshahr_03,True,False,True,False
Shohreh93962784,True,False,True,False
FrhyWd562,True,False,True,False
faRiBa_8,True,False,True,True
Amir58Iran,True,False,True,False
king_reza_shah,True,False,True,False
sulllllllllllly,True,False,True,True
kayasutash,True,False,True,False
hamed1382252,True,False,True,False
ShahnazPou66402,True,False,True,False
FreeIran061401,True,False,True,False
NancyMace,True,False,True,False
paiizbest,True,False,True,False
DzamsidS79516,True,False,True,False
Ahmad_Kasravi_3,True,False,True,False
KoroshKor79778,True,False,True,False
tata_amiri,True,False,True,False
Nadi_delan,True,False,True,True
behroooz17,True,False,True,False
Tyrann528963,True,False,True,False
Lady_Verta,True,False,True,False
rain9451113,True,False,True,False
SheikheMozerr,True,False,True,False
mrgisbi,True,False,True,True
Emily0739681137,True,False,True,False
flight59097762,True,False,True,False
baby_nazare,True,False,True,True
ml9297186337701,True,False,True,False
subzero_alen,True,False,True,False
faridehnojavan1,True,False,True,False
IranMartyr,True,False,True,False
ShahinArya97739,True,False,True,False
AGHDASSSS,True,False,True,False
mojtabanikoo,True,True,True,False
behzad_bhar,True,False,True,False
Dario19_20,True,False,True,True
qa_saman,True,False,True,False
johny5533,True,False,True,False
mimdalp,True,False,True,False
Vatanam_Iran_ma,True,False,True,False
GeffR89757,True,False,True,False
Alain_Ayrik,True,False,True,False
Nick_Sarbaz,True,False,True,False
sheamus4123,True,False,True,False
Atista_2023,True,False,True,False
nag_hes666,True,False,True,False
a_shirini,True,False,True,False
love4world55,True,False,True,False
pd0735039132236,True,False,True,False
AmirAli70189330,True,False,True,False
ayman_ayrany,True,False,True,False
DanielBordmanOG,True,False,True,False
apar751,True,False,True,True
AlianzArt,True,False,True,False
Hitman007008,True,False,True,False
Soltan55446542,True,False,True,True
Centaurus97,True,False,True,False
Tymsar2578,True,True,True,False
halgheyema_2020,True,False,True,False
naargolsaraa,True,False,True,True
LPazhr71067,True,False,True,False
NazemManyjeh,True,False,True,False
Lyricaltalent,True,False,True,True
ali_ashnavar,True,False,True,False
golyou478,True,False,True,False
KouroshMr20,True,False,True,False
NIACouncil,True,False,True,False
mard_abadi,True,False,True,False
agahi_kamr21475,True,False,True,False
MojMoj2016,True,False,True,True
feridivert,True,False,True,False
Moreto04271335,True,False,True,False
milad73265911,True,False,True,False
chapoolsuz,True,False,True,False
ChitChitarcher,True,False,True,False
FarreKiani,True,False,True,True
EQfard,True,False,True,False
PahlaviFans,True,False,True,True
Venus31755394,True,False,True,False
AviKaner,True,False,True,False
amirhoshiarzeb,True,False,True,False
khashayarbolou1,True,False,True,False
CarlHigbie,True,False,True,False
jilavis,True,False,True,False
Fraction_Whole,True,False,True,False
p4bedar,True,False,True,False
atronful,True,False,True,True
abaaykhanom,True,False,True,False
peykanjava,True,False,True,False
LyBarany10615,True,False,True,False
Ivar_lathbrug2,True,True,True,False
Kamaei444,True,False,True,True
Diyaranmadjftb,True,False,True,False
D0wn_Under,True,True,True,True
MAHMOod0100000,True,False,True,True
RRoshansobh,True,False,True,False
tomasshellllby,True,True,True,False
Frankliin1925,True,False,True,False
Iam_immersant,True,False,True,True
NeMwBd,True,False,True,True
Hameed3899,True,False,True,False
keyhanKalhor,True,False,True,False
TAMACTIJOON2024,True,False,True,False
Edd_persian,True,False,True,False
PDkht76722,True,False,True,True
Majid_6724,True,False,True,False
RESI2223,True,False,True,False
imzapata,True,False,True,False
Hadi1516777,True,False,True,False
jad0800,True,False,True,False
aydin2783930,True,False,True,False
Jaleh36593106,True,False,True,False
kvahdat,True,False,True,False
mobaarezeh,True,False,True,True
Rend82670395,True,False,True,False
Beston2019,True,False,True,False
iranourtemple83,True,False,True,False
IRAN_Revol2581,True,False,True,False
pachin1390839,True,False,True,False
nonnphilosopher,True,False,True,False
RADOCLUB,True,True,True,False
wingsmanwing,True,False,True,True
Med61271421,True,False,True,False
Sccbar,True,False,True,False
m_s_iran,True,False,True,False
mirzaaQakhan,True,False,True,False
mazda712360,True,False,True,False
jala_org,True,False,True,True
BATMANIIIIIII,True,False,True,False
ArsessR97839,True,False,True,False
ItsTheKourosh,True,False,True,False
OEbenezer88285,True,False,True,False
MANTIS75149281,True,False,True,True
persianpattriot,True,False,True,False
ArminMoham91212,True,False,True,False
sae00744269,True,False,True,False
NicolasMihrtosh,True,False,True,False
Kaarenkarimi1,True,False,True,False
monir1957,True,False,True,False
AzadiManoo73555,True,False,True,False
Nikolastes13158,True,False,True,False
armin3615262380,True,False,True,False
moustache0001,True,False,True,False
pejman140,True,False,True,False
unikador,True,True,True,False
Caspiansea96,True,False,True,False
mehri_farshi,True,False,True,False
eses67852652,True,False,True,False
Mehr44879562,True,False,True,False
AlfredHichbak,True,False,True,False
ActaSalogica,True,False,True,False
ipek_jaqen,True,False,True,False
10he70iam,True,False,True,False
AshraqMktb76345,True,False,True,False
ronaghyy,True,False,True,False
hossaen0054,True,False,True,False
lion_king_irani,True,False,True,True
MehdiMehdigh,True,False,True,False
banooye_ghesse,True,False,True,False
viva__pahlavi,True,False,True,False
AliBakh79179163,True,False,True,False
pary_stf,True,False,True,False
fatherland61,True,False,True,False
hidden_social,True,False,True,False
AshkanRaga46558,True,False,True,False
ThomasMust59935,True,False,True,False
Hana14033,True,False,True,False
sheermamad,True,False,True,False
X_Seed1,True,False,True,False
Javidshahir,True,False,True,False
Radmanirani1,True,False,True,False
shutterakas,True,False,True,True
HabilakubuQBX,True,False,True,False
moham33087,True,False,True,False
Bitter_truth_ir,True,False,True,False
1401bahar_gh,True,False,True,False
MonarchyLondon,True,True,True,True
khoorosbaz,True,False,True,False
zamanimohammad8,True,False,True,False
Sar104S,True,False,True,False
Eastdiamand369,True,False,True,True
HosseiniRouzbeh,True,True,True,True
Hanna54601415,True,False,True,False
kjhgfdsaoiuyt9i,True,False,True,False
Mojgan58492432,True,False,True,False
IranGeiv,True,False,True,False
mahmouddarabi99,True,False,True,True
NFTcomment,True,False,True,True
bluebirdsofiran,True,False,True,False
RageAndHope,True,True,True,False
Edvin4d,True,False,True,False
iranjavidan2289,True,False,True,False
Homan_You,True,True,True,False
QZmany31534,True,False,True,False
aanwny54,True,False,True,False
mohamma63882806,True,False,True,False
Jaam68Mir,True,False,True,False
Mrznsro,True,False,True,True
megabiz_,True,False,True,False
Sarbaz136795,True,False,True,True
nedaye_azadi_,True,False,True,False
olivertwist1363,True,False,True,False
sudijudi,True,False,True,False
Sam15194822,True,False,True,False
ArkianiN,True,False,True,False
Negar17008770,True,False,True,False
SaraMeysare22,True,False,True,False
Sindbad43,True,False,True,False
Kezta47,True,False,True,False
adlodyssey,True,False,True,False
deepaxiom,True,False,True,True
PinkWings20s,True,False,True,False
md2361706764531,True,False,True,True
Mehrdad_rst,True,False,True,True
IranianPeople99,True,False,True,False
SadeghiBehrang,True,False,True,True
shoocu30goocu,True,False,True,False
Ranbenini,True,False,True,True
MTiyooo,True,False,True,False
jafar_kashi,True,False,True,False
AMAZlNGNATURE,True,False,True,False
Sarv70084,True,False,True,False
pegah_shirazi,True,True,True,False
ali170021358,True,False,True,False
RezaSaffari5,True,False,True,True
rasool491729716,True,False,True,False
Boxing199490,True,False,True,False
MFFP43,True,False,True,False
jinjir6,True,False,True,False
Se2deh,True,False,True,False
theSonsOfIran,True,False,True,True
BOZORGARTESHTAR,True,False,True,False
maggie_tak,True,False,True,False
Dariush879007,True,False,True,False
unfor_given77,True,False,True,False
okaliptoosss,True,False,True,True
ryhn138391332,True,False,True,False
ASHKAN_silly,True,False,True,True
pouria_famil,True,False,True,False
RezaNikjoo1,True,False,True,True
JabrSalhy,True,False,True,False
EMPERATOOOOOOR,True,False,True,False
HadadiSaie74402,True,False,True,True
BehzadZara,True,True,True,False
glrz71934368,True,False,True,False
goli_khoja52194,True,False,True,True
piterj1135282,True,False,True,False
iranian_veteran,True,False,True,False
tasitantasiyan,True,False,True,False
Nushin76643881,True,False,True,False
sheida87557731,True,False,True,False
crypto_nft_gem,True,False,True,False
SaeedGh75033491,True,False,True,False
iran13038913,True,False,True,True
IranianPlateau,True,True,True,False
kavehahang71287,True,False,True,False
khaliolzehn,True,False,True,False
Mitr95103Mitra,True,False,True,False
Rostam105214,True,False,True,False
BabakShekarabi,True,True,True,False
DeldadeBeIran,True,False,True,False
alihosseinpour0,True,False,True,False
RezaAgahi1,True,False,True,False
MrMilan0,True,False,True,False
ehsanghi2,True,False,True,False
MaziarIrani_,True,False,True,False
vatanpush,True,False,True,True
WarriorLazy,True,False,True,False
Bugaboo_1993,True,False,True,False
Jenniferbary91,True,False,True,False
moterassed2,True,False,True,False
Princess_a78,True,False,True,False
cowboy_etanha,True,False,True,True
ru33779929,True,False,True,False
65amin_65,True,False,True,False
Reza85920252,True,False,True,False
co_p_er,True,False,True,False
paparazzi000,True,False,True,False
SavePasargadae,True,False,True,False
rainywarrior,True,False,True,False
Hooshyaram,True,False,True,False
SohrabTV,True,False,True,True
hamsa1799613,True,False,True,False
fl7395480483145,True,False,True,False
KhdyjK,True,False,True,False
imirongirl20,True,False,True,False
AyranmnshM90729,True,False,True,False
Mohammad5Fariba,True,False,True,False
Haammmmmed29,True,False,True,False
yrnzd7,True,False,True,True
mosafer_khaste,True,False,True,False
arsijomhur,True,False,True,False
MBjnwrdy45402,True,False,True,False
mahr41821907,True,False,True,False
bahmanazadi124,True,False,True,True
Sarfaraz_400,True,False,True,True
iranazad_66,True,False,True,True
malahatk1,True,False,True,False
Hejraat_128,True,False,True,False
Mainnet1Main1,True,False,True,True
Meysam0041,True,False,True,False
FreeIran2583,True,False,True,False
Sara20121974,True,False,True,False
noor68282532,True,False,True,False
Shirinto,True,False,True,False
Sm7030944668526,True,False,True,False
manook75121517,True,False,True,False
cpiparty,True,True,True,True
mh7795652348372,True,False,True,False
Dokhtareiran403,True,False,True,False
azizi_mary49345,True,False,True,True
pakzad_moh74904,True,False,True,False
Mohammad_T_C,True,False,True,False
TEO1363,True,False,True,False
Mah55912790Mah,True,False,True,False
kurosh_sadri,True,False,True,False
haleberent1358,True,False,True,True
IromlooMinoo,True,False,True,False
0xBarghi,True,False,True,False
Phoenix_Iran_RM,True,False,True,False
Stark27637718,True,False,True,False
eddi13430135,True,False,True,False
ariadoost60,True,False,True,False
shivaa88,True,False,True,False
ARAGORN1349,True,False,True,False
marshmallll0w,True,False,True,False
Mmp9095,True,False,True,False
shah99p,True,False,True,False
Nyx1153210,True,False,True,False
Anifeminism1,True,False,True,False
BeButik,True,False,True,False
Hannah10193996,True,False,True,False
frkndh7,True,False,True,False
behroz50221,True,False,True,False
Naturallover999,True,False,True,False
Pandora_chisch,True,False,True,False
realMaalouf,True,False,True,False
azi_ev,True,False,True,False
rstakhize,True,False,True,False
dghtr_ofmrmoon,True,False,True,True
HChaheh28180,True,False,True,False
Hamed320Hamed,True,False,True,False
NavidVahla,True,False,True,False
alirezabenten3,True,False,True,False
ghoghnous_Iran,True,False,True,False
majidazarpey,True,True,True,True
maryam_shah11,True,False,True,False
EdvinFarhadG,True,False,True,False
Aragon33Aragon,True,False,True,True
abbreviation122,True,False,True,False
ArastehSamani,True,False,True,False
abu_odin,True,False,True,False
moraadbieyk,True,False,True,False
samisam379332,True,False,True,True
Soroush11336688,True,False,True,False
savak_media,True,False,True,False
iranmeshkat,True,False,True,False
PersiaShah93226,True,False,True,False
ArnavazIran,True,False,True,False
Kiwi_x1,True,False,True,False
HadMasomeh,True,False,True,False
Haditabil,True,False,True,False
Shirin_2020,True,False,True,False
J2011Shel,True,False,True,False
mnz1033,True,True,True,True
clemenswergin,True,False,True,False
ProLeon6547,True,False,True,False
Sheikhe_kafer,True,False,True,False
RAYHANG77722549,True,False,True,False
aisan995733,True,False,True,False
mhdipourhasan,True,False,True,False
LioNess83113295,True,False,True,True
sam_sa_80,True,False,True,False
MOSSADil,True,False,True,False
forogmm,True,False,True,False
_Jese_Pinkman,True,True,True,False
FaribaHaghy,True,False,True,False
yrnzd2,True,False,True,True
Aneh1426682,True,False,True,True
Vandiedad,True,False,True,False
benamzed,True,False,True,False
Adam_Lucente,True,False,True,False
siosshah,True,False,True,False
Mahsapure,True,False,True,False
rohan46519575,True,False,True,False
afshin0076,True,False,True,True
Roya91838084,True,False,True,False
S_TheScientist,True,False,True,False
Persia1967918,True,False,True,False
parvizsabti,True,False,True,True
RadmardM406,True,False,True,False
IsraeliPM_heb,True,False,True,False
Atefeh1113912,True,False,True,False
MNIC36,True,False,True,False
pinkiiipay,True,False,True,False
mili_bornado,True,False,True,False
NIROUMAND_PA,True,False,True,False
limnargesl,True,False,True,False
fereshtehh19052,True,False,True,False
vuhuyvu20,True,False,True,False
keyapira,True,False,True,True
EspeSchall2,True,False,True,False
C_MAN_113,True,False,True,False
Saman232323,True,False,True,False
Lost121a,True,False,True,True
BeautyOfPaki,True,False,True,False
avayeazadi1950,True,False,True,False
BSarijalo25041,True,False,True,False
MahnazMahn5802,True,False,True,False
eliiiiiiiyas,True,False,True,False
mandanairani79,True,False,True,False
aasravaan,True,False,True,False
ArioBarzanIran8,True,False,True,False
Gard_javidan88,True,False,True,False
goodfatherking,True,False,True,False
shahriar_1993,True,False,True,False
spring_1281,True,False,True,False
core4win,True,False,True,False
NbyTayy,True,False,True,False
BardiaRadex,True,False,True,False
Siyamak_Noorin,True,False,True,False
AYaghobian24517,True,False,True,False
PiroozAzad,True,False,True,True
AlFeyziT,True,False,True,False
Saiedeh45,True,False,True,False
dastaneportavan,True,False,True,False
bazivaghtha,True,False,True,False
mahnaz251980,True,False,True,False
laviafliwerland,True,False,True,False
KAREN_ETERNAL,True,False,True,False
Kelatoshia,True,False,True,False
amir780501,True,False,True,False
Prada464,True,False,True,False
Mehrdad56291159,True,False,True,False
Hossein135366,True,False,True,True
Mima_kapa,True,False,True,False
Perspolis_Land,True,False,True,False
JAVIDSHAHIRANSK,True,False,True,False
G04600859,True,False,True,False
sima_abb,True,False,True,False
Daffodil449085,True,False,True,False
theycallmetgv,True,False,True,True
kamy78757623,True,False,True,False
unefille66,True,False,True,True
Setareh30519622,True,False,True,False
sa_ab_za57,True,False,True,False
Vatan4901Vatan,True,False,True,False
Roz89046661,True,False,True,True
AAjamlodin,True,False,True,True
ShDelfan,True,True,True,False
Tehran93657,True,False,True,False
Moschimo8,True,False,True,True
tkamirparsa,True,False,True,False
zhinagian,True,False,True,False
assult_branch,True,False,True,False
ehsanzoljalali,True,False,True,False
SkyKingPersian,True,False,True,True
Amir_Mahdipour5,True,False,True,False
iranbanoo48,True,False,True,False
mehdiyarma6rote,True,False,True,False
sam952084,True,False,True,False
Achan46983302,True,False,True,False
Matinkhaledii,True,True,True,False
BSosanoo33,True,False,True,False
light7salt7,True,False,True,True
royayitarinroya,True,False,True,False
Michael_12319,True,False,True,False
piro0zim_shahll,True,False,True,False
razmarab74,True,False,True,True
rez_mohamadi,True,False,True,False
GKhosrowdad,True,False,True,False
mahmoudsoltani9,True,False,True,False
AJFaravahar,True,False,True,False
KarmelMelamed,True,False,True,False
watan_p_,True,False,True,False
SJamshidni68387,True,False,True,False
KhosroIsfahani,True,False,True,True
lionandsun94,True,False,True,False
muchadoaboutB,True,False,True,False
khrfstr13691,True,False,True,False
YasamanKhodajo,True,False,True,False
leylabelfi11,True,False,True,False
FazeliFaezeh,True,False,True,False
Mehtar_e_Dadan,True,False,True,False
Vida09305826,True,False,True,True
CyrussWorld7,True,False,True,False
Mobarez35412473,True,False,True,False
JDVanceNewsX,True,False,True,False
ayran_sr,True,False,True,False
man4092ss,True,False,True,False
Numberone375295,True,False,True,False
Youknowme188011,True,False,True,False
power_target,True,False,True,False
amir20012003,True,False,True,False
HHitasb,True,False,True,True
Im_zhozefin,True,True,True,False
Behnammmmmmmmm,True,False,True,False
Atheist200123,True,False,True,False
NoAaH2019,True,False,True,False
SenSchumer,True,False,True,False
IDFBabes,True,False,True,False
AshenaBaran,True,False,True,True
OmiddHamidi,True,False,True,False
Kaveh_Shah,True,False,True,False
aalchaa,True,True,True,False
DokhtarJonobi71,True,False,True,False
BashiFoozool,True,False,True,False
ryaniran,True,True,True,True
Ghalamatthew,True,False,True,False
AKNOOON,True,False,True,False
the_capboi,True,False,True,False
beetlelonghorn4,True,False,True,True
FFHI26093978,True,False,True,False
Behnaz610552955,True,False,True,False
pirouzimm,True,True,True,False
AshrafDarabi,True,False,True,False
dozakhrafat,True,False,True,True
Minaz86395285,True,False,True,True
ForFreedom1401,True,False,True,False
Sama28816999,True,False,True,False
MohamadMok64676,True,False,True,False
,True,False,True,False
Ariyaaamehr,True,False,True,False
zasizasa,True,False,True,False
iraneshahan,True,False,True,False
PersiaKami,True,False,True,True
elhamtattoo7,True,False,True,False
SavakCID,True,False,True,False
noorbartariki,True,False,True,False
AliMuhammadian,True,False,True,False
AliDehg34418338,True,False,True,True
kaviiiriii,True,False,True,False
niyaz1369,True,False,True,True
Masih_MKK,True,False,True,False
DaniKoruki,True,False,True,False
ShopoolS,True,False,True,False
Mo_Iranshahry,True,False,True,True
sarbaz_rezashah,True,False,True,False
iran15636350069,True,False,True,False
ahmad_313m,True,True,True,False
IAMIran23,True,False,True,False
arash1k,True,False,True,False
afshinkouhi,True,False,True,False
gigiri16,True,False,True,False
i_am_soniaaa,True,False,True,True
goldgandom,True,False,True,False
MohajranIran,True,True,True,True
FreedomTehran,True,False,True,False
noobarii,True,False,True,False
monarq_brasil,True,False,True,False
maryam94307100,True,False,True,False
arrah020,True,False,True,False
saharsd1993,True,False,True,False
aboutArtin,True,False,True,False
B35178883,True,False,True,False
Vatanam6161916,True,False,True,False
RolandOliphant,True,False,True,False
ddr1388487,True,False,True,False
Derafsh3000,True,False,True,False
FuckMyUsername8,True,False,True,False
elkarkar5,True,False,True,False
StillKara70,True,False,True,False
TheBrain68,True,False,True,False
D12yjy,True,False,True,False
BaGorghaNoDance,True,False,True,False
KaVehSardareabi,True,False,True,False
farya2543,True,False,True,False
Nimnimmigmig,True,False,True,False
the_bigtony,True,False,True,False
namotanahy,True,False,True,False
alameshoonam22,True,False,True,False
Mackay252666322,True,False,True,False
untalented0,True,False,True,False
chez_moi_iran,True,False,True,False
Ehsanmalahjavan,True,False,True,False
onlykingreza,True,False,True,False
Arian12107446,True,False,True,False
Chalipa12,True,False,True,False
Milan4886538181,True,False,True,True
janamfadaeiran1,True,False,True,False
assal37937367,True,False,True,False
AhdeyaAhmed,True,False,True,True
MahvashTou87276,True,False,True,False
irandokt11,True,False,True,False
Drhanibal8,True,False,True,True
SiavashManavi3,True,False,True,False
PiersUncensored,True,False,True,False
FrmanPwr37859,True,False,True,True
P02031251,True,False,True,False
FeiliWonderer,True,False,True,False
GregorSamsa131,True,False,True,True
nasha7274,True,False,True,False
AmirNikkha56238,True,False,True,False
Varandazy,True,False,True,True
ShamShir0111,True,False,True,True
MS0457514823308,True,False,True,False
majidzarein6470,True,False,True,False
mehdi_navaee,True,False,True,False
fa_Sh1995,True,False,True,False
S_Snowwave,True,False,True,False
xodashahvatan,True,False,True,False
sherrygerami,True,False,True,False
MonaRamezani4,True,False,True,False
Delban_Sa,True,True,True,False
shahinkpr2027,True,False,True,False
,True,False,True,False
1369Alz,True,False,True,True
1985_2024,True,False,True,False
sahar46221382,True,False,True,False
ali683334052057,True,False,True,True
mahbobe06414596,True,False,True,False
Norwood11394726,True,False,True,False
mimalefsayeh,True,False,True,False
5anazazana5,True,True,True,False
WhiteHouse,True,False,True,False
AriyaeHamed,True,False,True,False
MnNazi9990,True,False,True,False
mamane_Milo,True,False,True,True
BB98294030,True,False,True,False
bardis1983,True,False,True,False
Bahram62906096,True,False,True,False
Sepehr390390,True,False,True,False
AdrianTunguz,True,False,True,False
RashidianAr,True,False,True,False
fafar_joon,True,False,True,False
mehdishaahin,True,False,True,False
me_free88,True,False,True,False
CryptopheColumb,True,False,True,False
Shivamoradi14,True,False,True,False
tehran9021,True,False,True,False
maghz_bishfa_al,True,False,True,False
LukkyxLuke,True,False,True,False
artemis200200,True,False,True,False
Shadow8877,True,False,True,False
Amoo_bishin,True,False,True,False
yas05381841,True,False,True,False
Solmaz6556,True,False,True,False
Rambler4224,True,False,True,True
mdymy14,True,False,True,False
amirrezak87,True,False,True,False
BamsAlgarve01,True,False,True,False
__c_r__a__z_y__,True,False,True,False
Aminbarati11,True,False,True,False
Kamran36P,True,False,True,False
VSaadettinBay,True,False,True,True
Aral78900133,True,False,True,True
NiMa_TriX,True,False,True,False
iranmydream1970,True,False,True,False
rahelehfarahani,True,False,True,False
Arshavin552514,True,False,True,False
sobhani1349,True,False,True,False
joker18585,True,False,True,False
uricohenisrael,True,False,True,False
AmirD1979,True,False,True,False
imperialguardgj,True,False,True,True
sadrasalamatian,True,False,True,False
Siavash171717,True,False,True,False
Rastakhiz143,True,False,True,True
Arian976999908,True,False,True,False
VitoReddington,True,False,True,False
Adlparvar1957,True,False,True,False
Raha27,True,False,True,False
BehzadVatandou2,True,False,True,False
chan13568,True,False,True,False
Anahita_m17,True,False,True,False
Reza63471253,True,False,True,True
Asal40782481,True,False,True,False
syn1418776,True,False,True,False
NunPanirr,True,False,True,False
COHENZAD11,True,False,True,False
Mike71132093,True,False,True,False
ata571,True,False,True,False
bmrafrika,True,False,True,False
RustaMasoud,True,True,True,True
for_iran2,True,False,True,False
DDSBobby,True,True,True,False
niknam_bardia,True,False,True,False
noor13321332,True,False,True,False
Payman81894048,True,False,True,False
_SsaBba_,True,False,True,False
Saideh88,True,False,True,False
yasaman1230,True,False,True,False
Tarilabor_,True,False,True,False
Sade1987zf,True,False,True,False
MojganBOROUJER1,True,False,True,False
Venjo1923,True,False,True,False
HamiMardom,True,False,True,True
vhd_vahid,True,False,True,False
kurush93011185,True,False,True,False
_kourosch_,True,False,True,False
yalllldamo87,True,False,True,False
PediGod2000,True,False,True,False
Jorgestoar,True,False,True,False
MahyarParsi,True,False,True,False
YasnaMazde73423,True,False,True,False
Kalemaat1402,True,False,True,False
Libertatis69765,True,False,True,False
imarakhenamas,True,False,True,False
NEstebdad,True,False,True,False
n_456s,True,False,True,False
penegarak,True,False,True,False
GodShah1717,True,False,True,False
bahastku,True,False,True,False
ZelenskyyUa,True,False,True,False
mask17068301,True,False,True,False
PlayTheGame62,True,False,True,False
AnitaX885811,True,False,True,True
its_me_arthur_0,True,False,True,False
PeacemakersofI,True,False,True,False
alipakniat,True,False,True,False
soheilas1300,True,False,True,False
msQfqGO84vhBnY8,True,False,True,False
ManoTo1546171,True,False,True,False
RezaghT94,True,False,True,False
arashkamaangir1,True,False,True,True
ChshmSwm,True,False,True,False
hazrate_mamad,True,False,True,True
30iahpust,True,False,True,False
BhtrFrdayy18569,True,False,True,False
Persian35673250,True,False,True,False
nazalavi,True,False,True,True
namiranshah,True,False,True,True
memar1982,True,True,True,False
Saeid24185623,True,False,True,True
ShouldHaveAnima,True,False,True,False
akharintir7,True,False,True,False
BK_Lajevardi,True,False,True,False
Shaparakbanoo90,True,False,True,False
HAfsardel,True,False,True,False
rasoulfath66056,True,False,True,False
Meri_Doe,True,False,True,False
rh75721007,True,False,True,False
ARYAN_SOLDIERR,True,False,True,False
m6Fd6Pxxp97SZ8J,True,False,True,True
Radman737560,True,False,True,False
beny_shonam,True,False,True,False
Spl_Wine,True,False,True,False
SkyDr369,True,False,True,False
MrDaniel4H,True,False,True,True
hoseinshirzad89,True,False,True,False
reza31079971,True,False,True,False
Cyrus16146947,True,False,True,False
rachlgreen7,True,False,True,False
khalesisi_k5,True,False,True,True
whattthefawz,True,False,True,False
ariyaei_60,True,False,True,False
HojjatZabih,True,False,True,True
OmerOzkizilcik,True,False,True,False
ahjebl17172,True,False,True,False
sarbazeshahh,True,False,True,False
ar_al_7,True,False,True,False
EDREYENDISSET,True,False,True,False
panteaa131,True,False,True,False
MokhtarSag35487,True,False,True,False
nitabarin,True,False,True,False
Fatalisthenadia,True,False,True,False
Areo11597,True,False,True,False
azady51,True,False,True,False
va_madar,True,False,True,False
KianiAva59815,True,False,True,False
RS9B7szUJ350Yh7,True,False,True,True
Radman25083,True,False,True,True
BoazarJake,True,False,True,False
rezasaffar6643,True,False,True,False
Joketojokerr,True,False,True,False
Abas1339,True,False,True,False
jasminwolfgang9,True,False,True,False
MRMT9611,True,False,True,False
BParnian1,True,True,True,True
rda_mhmwdy44748,True,False,True,True
jokers5268,True,False,True,True
Memecoin73,True,False,True,False
FredNobar,True,False,True,False
amir7Aran,True,False,True,False
Amir197813,True,False,True,False
Rififi1737415,True,False,True,False
Mehdi999177581,True,False,True,False
Hamvaten,True,False,True,False
InThaNameOfThe1,True,False,True,True
The_Western_sea,True,False,True,False
Alireza24474,True,False,True,False
ParsaAmidi24814,True,False,True,False
TaraIrani198508,True,False,True,True
shapalmapal,True,False,True,False
LittleMissIran,True,False,True,False
haaaafaaaar,True,False,True,False
fullmoon_76,True,False,True,False
kamyar_235,True,False,True,False
DrQ_007,True,False,True,False
Kasssra__,True,False,True,False
dolceeeviiita,True,False,True,True
rachel4ever26,True,False,True,False
Jamshid2535,True,False,True,False
ameyebadjens,True,False,True,False
banoodelnavaz,True,False,True,False
SkyAryanPatriot,True,False,True,True
OrgIAC,True,False,True,False
thetwelfth_Imam,True,True,True,False
simin_moghadam,True,False,True,False
Low_Bib,True,False,True,False
Armin34208,True,False,True,False
Amir__1414,True,False,True,False
AdarTheFather,True,False,True,False
Joy644357636241,True,False,True,False
meerasema,True,False,True,False
kave56824565,True,False,True,False
NNikpei76296,True,False,True,False
Refaim_agilite,True,False,True,False
faringirl,True,False,True,False
AmiriySara,True,True,True,True
tonmachtmusik,True,False,True,False
DomKing94697,True,False,True,False
Gmod_irian,True,True,True,False
pimotyan,True,False,True,False
Milishiyaaa,True,False,True,False
LProfessssor,True,False,True,False
Mard656074,True,False,True,True
javid57150163,True,False,True,False
Msh_mamali,True,False,True,False
Iran_Master,True,False,True,True
Mahdiyc1,True,False,True,False
GavedShah,True,False,True,False
OTruth4321,True,False,True,False
Pahlavi_Irann,True,False,True,False
A_twUser,True,False,True,True
DavidB61775,True,False,True,False
dariush_bandari,True,False,True,True
iranaxis,True,True,True,True
Garfield6o,True,False,True,False
MerdieFredcury,True,False,True,False
Baran13581,True,False,True,False
FREEDOM1878,True,False,True,False
Alter_nativeX,True,False,True,False
kshahrooz,True,True,True,False
theepicmap,True,False,True,False
hadi_sarabi,True,False,True,True
,True,False,True,False
JoergScheller,True,False,True,True
israelrouydad,True,True,True,False
KOOOBRA1133,True,False,True,False
mahan_raven_84,True,False,True,False
DanaeTheII,True,False,True,False
MrReZoOoLi,True,False,True,False
HAAMEDPOUYA,True,False,True,False
AriaMehr_2025,True,False,True,False
mangro222,True,False,True,False
0Iranamarezost0,True,False,True,True
houmans1,True,False,True,False
iranmorad,True,False,True,False
RaghNegin,True,False,True,False
NameIsRango,True,False,True,False
niil28260,True,False,True,False
karthikeyan_aju,True,False,True,False
HollywoodPersia,True,False,True,False
majidreza83,True,False,True,False
G5IVdQev6cQ6l5E,True,False,True,False
naderifar,True,True,True,True
branstarkboy,True,False,True,False
yasharahmadi6,True,False,True,False
TheWinchestere,True,False,True,False
QabusB,True,False,True,False
ahouramazda2500,True,False,True,False
Matthew69Man,True,False,True,True
maakarr63,True,False,True,False
maliheh84,True,False,True,True
NEPENTHE33_33,True,False,True,False
saeidAS5,True,False,True,True
DrShehabP,True,True,True,True
Azar_Abanmehr,True,False,True,False
MahAvval,True,False,True,False
hediyeh6zj,True,False,True,False
runykeyoldpics,True,True,True,False
LaghDahan,True,False,True,False
MSobhanine24840,True,False,True,False
marmar20124,True,False,True,False
pariyas12,True,False,True,True
JeanValjean1766,True,False,True,False
NMiramini,True,False,True,False
AAzadian2005,True,True,True,False
AgahiDiba,True,False,True,True
asdallh_mw91893,True,False,True,False
TheChiefNerd,True,False,True,False
shahin94653876,True,False,True,False
309b5c4104604d4,True,False,True,False
AmirTag88475033,True,False,True,True
spring_girl2022,True,False,True,False
AmirArsalan_ir,True,False,True,False
tooranzamin,True,False,True,True
imanntz44,True,False,True,False
GodSister7,True,False,True,False
98Farvardin,True,False,True,False
UNWatch,True,False,True,False
yek_robot_1401,True,False,True,True
Monarchies2000,True,False,True,False
Hadi32724500,True,False,True,False
azadi_parvaz,True,False,True,False
mehdi_sharif19,True,False,True,False
auramazda2583,True,False,True,False
war_llx,True,False,True,False
Unicorn79172487,True,False,True,True
javidiran01157,True,False,True,False
Morisandal,True,False,True,True
Arminmack,True,False,True,False
irandokht996,True,False,True,False
shoorangizasef,True,False,True,False
mihaneabad,True,False,True,False
ElhamSNajafi,True,False,True,False
AHTamizkar,True,False,True,False
gaalaakan,True,False,True,False
hosseintajik07,True,True,True,False
reza87906943,True,False,True,False
DokhtareeeIraan,True,False,True,False
Mazdaahoorai,True,False,True,False
AsgharPalang2,True,False,True,True
MShoreeeeee,True,False,True,False
mohsenh97706861,True,False,True,False
psrshhrbad7961,True,False,True,False
ada_mash,True,False,True,False
Susan95526080,True,False,True,True
unforgiven083,True,False,True,False
MhrJawyd77321,True,False,True,False
CaptMichalis,True,False,True,False
Arshiy619117,True,False,True,False
aliakbari198,True,False,True,False
Mr_Mosery,True,False,True,True
IranianSecular,True,False,True,False
h_rabdi,True,False,True,False
OmidFard67,True,False,True,True
Apocaly58146403,True,False,True,True
Mazyar80066673,True,False,True,True
Rofikul1989,True,False,True,False
Farzad65516205,True,False,True,False
yazdangoodarz,True,False,True,True
Ghiamebozorg,True,False,True,False
Narcoticous,True,False,True,True
Baharrdoryab,True,False,True,True
NaziFariba,True,False,True,False
Lian0lia,True,False,True,False
amylpeltekian,True,False,True,True
Davoodealfered,True,False,True,False
sasanrahimpour1,True,True,True,True
RangPay,True,False,True,False
amiretemadi,True,True,True,True
abanekhooninmah,True,False,True,True
Amin_ee1,True,False,True,False
setarehaghNavaz,True,False,True,False
Jazad96,True,False,True,False
HallajIran76797,True,False,True,False
IranONnet,True,False,True,False
mina_arad,True,False,True,False
Ghanbarid1,True,False,True,False
,True,False,True,False
Alipahlavi91361,True,False,True,True
hichestan2024,True,False,True,False
emojiiii0,True,False,True,False
Mania01329437,True,False,True,False
dh76226,True,False,True,False
harfe_hesab1,True,False,True,False
gghamari,True,False,True,False
dololy1,True,False,True,True
sayad46,True,False,True,False
yaldanight00,True,False,True,False
LDCLDC12,True,False,True,True
Zizigoloo172,True,False,True,False
tallllk,True,False,True,True
MMEEHHDDiiNN1,True,False,True,False
elham1662,True,False,True,False
AriyamehrAmir,True,False,True,False
kaveh_parsi45,True,False,True,False
SniperPatriot89,True,False,True,False
Nimaonsunday,True,False,True,False
SOHusky1,True,False,True,True
artpahlavi2019,True,False,True,False
EHSAN_MAD59,True,False,True,False
d_shila38868,True,False,True,False
Artinshemrooni,True,False,True,False
rostamine9,True,False,True,False
SusanKolivand,True,False,True,False
amniyat_meli,True,False,True,False
goleyakh224,True,False,True,False
Nargesjala2995,True,False,True,False
DrMosaddegh25,True,False,True,False
Siyavashfathiy1,True,False,True,False
spoilers2nd,True,False,True,False
QM21_21,True,False,True,False
SoheilaBouzari,True,False,True,True
Biabooni,True,False,True,False
afsuniranian,True,False,True,False
arthemis2537,True,False,True,False
SinaJourney_,True,False,True,False
khosro_al,True,False,True,False
cyru30rus,True,False,True,False
ahmad71794,True,False,True,False
aref_2021,True,False,True,False
Gittipars,True,False,True,False
flatwn1,True,False,True,True
simple_farii,True,False,True,True
MaryamTehrani75,True,False,True,False
AzadiiiNim7642,True,False,True,False
Persian_Human,True,False,True,False
2500sale,True,False,True,False
JavidanIranema,True,True,True,False
Kurosh1986,True,False,True,False
Donzhowan,True,False,True,False
B_as_in_Blessed,True,False,True,False
EsAF2022,True,False,True,False
golizmoh,True,False,True,False
HosseinGhatib,True,True,True,False
Neileriver,True,False,True,False
AcepilotAV,True,False,True,False
Deyzad23,True,False,True,False
Ehsan73445874,True,False,True,False
memarsadeghi,True,True,True,False
mamoor007,True,False,True,False
geertwilderspvv,True,False,True,False
MasoudRajabi76,True,False,True,False
Arshia_j,True,False,True,False
Javanan_bnd,True,False,True,False
AhmadySetareh,True,True,True,False
mohamaaaaadR,True,False,True,False
Wolf_Trapped,True,False,True,False
Chahdortt,True,True,True,False
MAMADTHEGREAT,True,False,True,False
ZahraRasouli16,True,False,True,False
YousefH95332431,True,False,True,False
Amirebidoost,True,False,True,False
Rohi71458525,True,False,True,True
masdoomian,True,False,True,True
amnestyOz,True,False,True,False
farzadn56410571,True,False,True,False
q5w6mn75my,True,False,True,False
sallar55,True,False,True,False
ALI_HDT,True,False,True,True
KouroshJammmmm,True,False,True,False
mirrora123,True,False,True,False
Ahmad26012121,True,False,True,False
ma1996ma1996,True,False,True,False
sarbazevatan145,True,False,True,False
Magicgame1995,True,False,True,True
iran_jorjorvel,True,False,True,False
Loyal2Empire,True,False,True,True
farzinnaseri5,True,False,True,False
hossein_daleun,True,False,True,True
saken_vahed_7,True,False,True,False
narymaan183193,True,False,True,False
afshinxzone,True,False,True,True
Farah2021_,True,False,True,False
ForfreeIran2022,True,False,True,False
tomi0_20,True,False,True,False
ZEeinollah,True,False,True,False
Iranban84430441,True,False,True,True
Waikiki45002811,True,False,True,True
Radmehr_5,True,False,True,False
jafaro69,True,False,True,False
sepideh41346815,True,False,True,False
Abraham_jfz,True,False,True,False
2khtare_t,True,False,True,False
Omideazad,True,False,True,False
DC_Draino,True,False,True,False
Nik_Man_N,True,False,True,False
PersianPatriotX,True,False,True,False
sos1353,True,False,True,False
qrsbkb2578,True,False,True,False
mohsen121,True,False,True,False
Khaakpaak,True,False,True,False
Iranmeh84933516,True,False,True,False
TGhandhari,True,False,True,False
rwydd2,True,False,True,False
JoOldooz,True,True,True,False
IDF,True,False,True,False
arya_aryamhr,True,False,True,False
soxrub,True,False,True,True
pers36542,True,False,True,False
krymy_ly62953,True,False,True,False
YousefMahd77142,True,False,True,False
jentelmanlaat,True,False,True,False
KingJj10574,True,False,True,False
Ario454286,True,False,True,False
The_Fucking44,True,False,True,False
PesareMaziyar,True,False,True,False
khamei__ir,True,False,True,False
CapitolInstitut,True,False,True,False
bs5850326931386,True,False,True,False
behzadsoy,True,False,True,False
HessamVossoughi,True,False,True,False
psychologycraz,True,False,True,True
Izadbanoo1,True,False,True,False
AdelS26164200,True,False,True,False
IRAN_IronFist,True,False,True,True
chapulga,True,False,True,False
Tocharus,True,False,True,False
sorenaaa021,True,False,True,False
ir_monarchy,True,False,True,False
zari53877262742,True,False,True,True
pirlog189472,True,False,True,False
Arshamehrdad,True,False,True,False
redoxrad,True,False,True,False
100barg,True,False,True,False
Amir_italiaa110,True,False,True,False
freedomsamarrr,True,False,True,True
sasanisarbaz,True,False,True,False
homasaadat100,True,False,True,False
baharfreely,True,False,True,False
123bebe11gol,True,False,True,False
zar_nari,True,False,True,True
jazmoorian,True,False,True,False
IsraeliPM,True,False,True,False
mohnga17,True,False,True,False
strategistam,True,False,True,True
IranTechnocrat,True,False,True,False
sadsark,True,False,True,False
GermanyDiplo,True,False,True,False
niloogd,True,False,True,False
BRICSinfo,True,False,True,False
gorbe_sefid,True,False,True,False
mehanparst,True,False,True,False
cyrusazad2517,True,False,True,False
SenMarcoRubio,True,False,True,False
kinggkonng,True,False,True,False
pejmanaryanboy,True,False,True,False
GladiatorOfShah,True,False,True,False
HmganBy13479,True,False,True,False
RostamPiltan,True,False,True,False
BehzadAghajani9,True,False,True,False
tonyvalalanga,True,False,True,False
irani_payd50036,True,False,True,False
mahya776,True,False,True,True
nazaridabghi,True,False,True,False
Labeyk_darwin_2,True,False,True,False
murphy827934,True,False,True,False
ssny789227,True,False,True,False
abbas_shadmani,True,False,True,False
freeira76788008,True,False,True,True
maziyar364,True,False,True,False
omar_khayam231,True,False,True,False
lastmom69796664,True,False,True,False
ErfanHeyda15325,True,False,True,False
FSedaghatj22513,True,False,True,True
maleki220,True,False,True,False
FrhdMoradi,True,False,True,False
TMihanparast,True,False,True,False
SMOKE1400,True,False,True,False
Hope660644644,True,False,True,False
r_amin__,True,False,True,False
HowardBaskervi4,True,False,True,False
iran_vdt,True,True,True,False
manamusafir,True,False,True,False
mrmeese41903547,True,False,True,False
Ali_Dehghani401,True,False,True,False
fara_nir,True,False,True,True
nykzad4764,True,False,True,False
memargi135,True,False,True,True
AISC_ACI,True,False,True,False
mortzapashayi,True,False,True,False
adwin135,True,False,True,False
AfgZoroastrian,True,False,True,False
roohekarim,True,False,True,False
fzadsar,True,False,True,True
Sugar3445151911,True,False,True,False
samankavoosi1,True,False,True,True
LibertyIranian,True,True,True,True
KoSeNanatSepahe,True,False,True,False
newsynthesis1,True,False,True,False
sedaye_digar,True,False,True,False
AmirIrania2542,True,False,True,False
Shahin__1994,True,False,True,True
Emadqashqaii,True,False,True,False
SPooladvand,True,False,True,False
danial_aryamehr,True,False,True,False
EastStarIR,True,False,True,False
Kamaan_e99,True,False,True,True
AliAjam58976942,True,False,True,True
DaimenVox,True,False,True,False
khorshideirani,True,False,True,True
SONGLERGN76,True,False,True,False
chamrooshiran,True,False,True,False
MohammadSTM1,True,False,True,False
miladpoureisa,True,True,True,False
Suzi1796258,True,False,True,False
greenhoussse,True,False,True,False
HistoryInPik,True,True,True,False
pouriazeraati,True,True,True,False
wearemahsa32471,True,False,True,True
k_nahid77740,True,False,True,False
W0rld2025,True,False,True,False
shirpayam,True,False,True,False
nimasoltani86,True,False,True,True
Parvane47444208,True,False,True,False
AhmadRaeisi83,True,False,True,False
gladiator_irani,True,False,True,False
chakoshreflex,True,False,True,False
AmitissNezakati,True,False,True,False
sabzosefido,True,False,True,False
javaka65,True,False,True,False
MahsaIrani90495,True,False,True,False
AkinakeP31485,True,False,True,False
uzvahshi,True,False,True,True
RadmehrSiavash,True,True,True,False
pswtan401,True,False,True,True
im_senator24813,True,False,True,False
jamehdaran,True,False,True,False
nader_negahban,True,False,True,False
Khorshid99,True,False,True,True
moosiu1,True,False,True,False
linusluck1,True,False,True,False
BiiiiiiiGmang,True,False,True,False
saeedalyanak,True,False,True,False
shahrjb1403,True,False,True,False
Banoyirani2,True,False,True,False
PersianMary80s,True,False,True,False
ShuvoHasan33120,True,False,True,False
doolmoradof,True,False,True,False
rda_pwr74093,True,False,True,True
maah30maa,True,False,True,False
yadouttin,True,False,True,False
Yanni_433,True,False,True,False
nanegolii,True,False,True,False
Atropat,True,False,True,True
Afshin46186715,True,False,True,False
SepahbodFarrokh,True,False,True,False
Henecy11,True,False,True,False
ParkerRich10723,True,False,True,False
iraneman1398,True,False,True,False
mehran615488,True,False,True,False
kousarjoyenda,True,False,True,False
Javidshah_1320,True,False,True,True
elnazmirzaeii29,True,False,True,True
mani3286,True,False,True,False
Rahamihan,True,False,True,False
Hossain09387600,True,False,True,False
JokerJokerii,True,False,True,False
mahsa_b21,True,False,True,False
amir_rn97,True,False,True,False
Ali598757045677,True,False,True,False
AkramyAbwa8865,True,False,True,False
farhad46940964,True,False,True,True
hami_official1,True,False,True,False
HRHCAFE,True,False,True,False
hmydh_nzry69354,True,False,True,False
zari60098568,True,False,True,True
afarid27610105,True,False,True,False
AshuRai331455,True,False,True,False
Roshana22740807,True,False,True,False
king_Sarab47,True,True,True,False
zzziioss,True,False,True,True
key_pars,True,False,True,True
acecooper98,True,False,True,False
armita540889887,True,False,True,False
simin_sharifi,True,False,True,False
MrHiddenName,True,False,True,False
maryamprofanum,True,False,True,True
Reza10950313,True,False,True,False
MahyarIrandust,True,False,True,False
ArvanYn,True,False,True,False
parijoon_fardin,True,False,True,True
Mitra_was_here,True,False,True,False
Wahsudan,True,False,True,False
myr925390514541,True,False,True,False
AliNa37447628,True,False,True,True
scorpion193235,True,False,True,False
THAISS_NIAGARA,True,False,True,True
Southwest_iran,True,False,True,True
kings765546,True,False,True,False
MarzePoorgohar,True,False,True,True
Nunkilla,True,False,True,True
sarbazaryamehr,True,False,True,False
moj_gun24564,True,False,True,False
ashkan23530131,True,False,True,False
KambizGhafouri,True,True,True,True
ahmad61sa,True,False,True,False
MehradNaseri,True,False,True,False
Shahram20205,True,False,True,False
Amirham01788932,True,False,True,False
x1827283091740,True,False,True,False
nourn230978,True,False,True,False
Shahnazceeport,True,False,True,True
HasanHsani26913,True,False,True,False
IRSAVIOR,True,False,True,False
maxilord3,True,False,True,False
HosShear,True,False,True,False
ArianaMehr15,True,False,True,False
UniqColonel,True,False,True,False
0208raz,True,False,True,False
eArmin,True,False,True,True
AsdBardia,True,False,True,False
MPooyamehr,True,False,True,False
negahtive19,True,False,True,False
EllieCohanim,True,False,True,False
xumas_iq,True,False,True,False
Ma_Va_Na,True,False,True,False
zahraa05229814,True,False,True,False
yushimitsu_15,True,False,True,False
Peymanehkarimi,True,False,True,True
DrMRReza,True,False,True,False
AzadyTfkr,True,False,True,False
RudyGiuliani,True,False,True,False
giaiscoming,True,False,True,False
sarzaminemanIR,True,False,True,False
RahimiMorgan,True,False,True,False
samiraa2702,True,False,True,True
Moti_pv,True,False,True,False
ackermanavasaba,True,False,True,False
ghajari_mo83846,True,False,True,False
Esmaeel_Shahidi,True,False,True,False
FazelDalir,True,False,True,False
khone_siawash,True,False,True,True
jakbari711,True,False,True,False
Cyrus_8766,True,False,True,False
HengamehFnd,True,False,True,False
ajami_davi30302,True,False,True,False
Sepehr98920,True,False,True,False
SashaIrani79873,True,False,True,False
JavidShahansha2,True,False,True,True
roza410059,True,False,True,False
pzharh,True,False,True,False
Arashhamedian1,True,False,True,True
Iran12ag,True,False,True,False
Mard62881776,True,True,True,True
GovahiNarges,True,False,True,False
PayaPedi,True,False,True,True
Azadi3319,True,False,True,False
hussein1985m,True,False,True,False
RoobinNorouzi,True,False,True,False
Ahmadmola1375,True,False,True,True
mobarez140107,True,False,True,False
MarmarTava30710,True,False,True,True
Lilium52709755,True,True,True,True
Socrates_irani,True,False,True,False
mrsh_1986,True,False,True,False
Amir_5980,True,False,True,True
anrchism_,True,False,True,False
assefi_md,True,False,True,False
rodarro1,True,False,True,True
Shahnaz54004798,True,False,True,False
kaz11747,True,False,True,False
PSCataphract,True,False,True,False
Pal_Achino,True,False,True,True
MorganOrtagus,True,False,True,False
lion28627315169,True,False,True,False
notinamood12,True,False,True,False
EpochTimesPer,True,True,True,False
dontgiveup2556,True,False,True,False
KholshiftehF,True,False,True,False
pikmaster2023,True,False,True,False
relativ19934694,True,False,True,False
TOMCAT_PERSE,True,False,True,False
Captain_JackSp1,True,False,True,False
mrym2513,True,False,True,False
saeid26057328,True,False,True,False
Nioosha_ea,True,False,True,False
Gilda808719652,True,False,True,False
lukebrave111,True,False,True,False
Nigel_Farage,True,False,True,False
Atiiiifor,True,False,True,True
chova0,True,False,True,False
amir_najafi25,True,False,True,False
AndarzShahrivar,True,False,True,False
salari_sorena,True,False,True,True
haqiqat_yab,True,False,True,True
M0hsen89,True,False,True,False
hormozganii,True,False,True,False
Komavab,True,False,True,False
NMLUNA8977,True,False,True,False
ziro1597217,True,False,True,False
radio7active,True,False,True,False
,True,False,True,False
Bot1648195,True,False,True,False
Nadershah2583,True,False,True,False
KamoHirad,True,False,True,False
Dahyu_ka_King,True,False,True,False
pharmatonz,True,False,True,False
shakiba2021,True,False,True,False
masoud34046656,True,False,True,True
G1itching,True,False,True,True
h_loei,True,False,True,False
LiliMo73224873,True,False,True,False
PeymanZamani11,True,False,True,True
Shir_Xorshid,True,False,True,False
Motrebb,True,False,True,False
miga_pahlavi,True,False,True,False
aria144276,True,False,True,False
nave_soltan,True,False,True,False
MehrAria452627,True,False,True,False
PersianAteist,True,False,True,False
ARYAyKOHAN,True,False,True,True
Abandukht1,True,False,True,False
HOlvX30,True,False,True,False
Gulshan69474681,True,False,True,False
RandeAkhar,True,False,True,False
MhmdPwrkry83927,True,False,True,False
n_roettgen,True,False,True,False
zzaaggrroooss,True,False,True,True
Marjan20Shahi,True,False,True,False
Babak_the_great,True,False,True,False
DrorDoron,True,False,True,False
arash11140522,True,False,True,False
History_Wall,True,True,True,True
347_mehrdad,True,False,True,True
Rezakhakza62977,True,False,True,False
Sarah25985575,True,False,True,False
believeit43,True,False,True,False
MohammadSigari,True,True,True,False
AjaNews_persian,True,True,True,False
solitarokh1992,True,False,True,False
ImLastBullet,True,False,True,False
shakkak93,True,False,True,True
Shayan__1382,True,False,True,False
Erin_Molan,True,False,True,False
30morghvattan,True,False,True,False
HP0382720030490,True,False,True,False
shima_dww,True,False,True,True
Kianoos61596908,True,False,True,False
TechDictionaryy,True,False,True,False
skyblue1404,True,False,True,False
PatriotGNews,True,False,True,False
Perinege1,True,False,True,False
KingerLand,True,False,True,False
Mr_Gregoooo,True,False,True,False
DariusM4364,True,False,True,False
MinooG80,True,False,True,False
MariaNasir70874,True,False,True,False
SymaB58249,True,False,True,False
tezarotayga,True,False,True,False
Ariofard,True,False,True,False
pashmodin_13,True,False,True,False
omid54omid,True,False,True,False
Anahid6754,True,False,True,False
mozartbit,True,False,True,False
Grazerjunge,True,False,True,False
Afshin407,True,False,True,True
TavDanesh,True,False,True,False
Negliii,True,False,True,False
old_man1990,True,False,True,False
omid2lo,True,False,True,False
ffd08,True,False,True,False
mehrdad_R1302,True,False,True,False
Ros_h_K,True,False,True,True
Ghaseda68771528,True,False,True,True
VoiceForIran,True,False,True,False
Hamid1Top,True,False,True,False
Crocodylinae67,True,False,True,False
metal2342,True,False,True,False
VNL70,True,False,True,True
haajqasem,True,False,True,False
Omid89982604,True,False,True,False
raminsiahzz,True,False,True,False
shahan25006,True,False,True,True
AHS81103484,True,False,True,False
CMhrwm11361,True,False,True,False
Ramiz_Daie,True,False,True,False
Ostokhoni,True,False,True,False
jimiking2011,True,False,True,False
Max82541177,True,False,True,True
ACardorost30258,True,False,True,False
MohajeriMo53660,True,False,True,False
Sasan_official,True,False,True,False
hnt1435646,True,False,True,False
Wavelengthening,True,False,True,False
cyrus2583,True,False,True,True
payam_2545,True,False,True,False
hooman7272,True,False,True,False
persismk,True,False,True,False
AliRazavi2538,True,False,True,False
dyuos69,True,False,True,False
Rose60152469,True,False,True,False
30morghe,True,False,True,False
Rasp_berry20,True,False,True,False
Salar69923767,True,False,True,False
tsdh2582,True,False,True,False
PirozeJ,True,False,True,False
arash20azadi,True,False,True,False
goorken_bahram,True,False,True,False
Chidera83911684,True,False,True,False
SiilkRoad,True,False,True,False
ABehruzu,True,False,True,True
and_muninn,True,False,True,False
barpakhizz,True,False,True,True
KAryayy80688,True,False,True,False
Azadi61798946,True,False,True,False
persianshahi,True,False,True,True
Amir_The_3rd,True,False,True,False
Saraei2021,True,False,True,True
anti57y,True,False,True,False
shirzadegan,True,False,True,False
Kiamarsdaneshy3,True,False,True,False
babakbgr,True,False,True,False
Nadereslamipoor,True,False,True,False
Nader_Kanani,True,False,True,False
larges98,True,False,True,False
RezaeiLoba40299,True,False,True,False
ZMnhrf,True,False,True,False
IranPrs,True,False,True,False
iranianarmin,True,False,True,False
arash8405,True,False,True,False
fchoupani1,True,False,True,False
BehnamShahnameh,True,False,True,False
Nader748365,True,False,True,False
Mahie_Parandeh,True,False,True,False
gilemarrd,True,False,True,True
nikmansha,True,False,True,False
V6867224916223,True,False,True,False
coe_jole,True,False,True,False
IsraelPersian,True,True,True,True
eleman96,True,False,True,False
Mo_phk,True,False,True,False
Parisssss88,True,False,True,False
Nooshin7321,True,False,True,False
FS3605,True,False,True,False
MeisterOfSalsa,True,False,True,False
KamranBrijany,True,False,True,False
lili7637,True,False,True,False
ali_tba,True,False,True,False
chrindinu,True,False,True,False
Laat_e_Moadab,True,False,True,False
klk33851,True,False,True,False
HomayounSa15014,True,False,True,False
dolate_eshgh,True,False,True,False
pgbparsi,True,False,True,False
SamanArbabi,True,True,True,False
CGNA22,True,False,True,False
RezaMT1982,True,False,True,False
King1836731,True,False,True,True
AnnaMar11370651,True,False,True,False
zanzendeghiaza1,True,False,True,True
hesamorouji,True,True,True,False
Lilis12121212,True,False,True,False
AmirAvesta4,True,False,True,True
Vakil_vasi_mrdm,True,False,True,True
kiaksad,True,False,True,True
antiwoke79,True,False,True,False
behjati1978,True,False,True,False
bokone_rahbar,True,False,True,False
ay_adama,True,False,True,False
mhmd78057,True,False,True,False
AghaBrando,True,False,True,False
nimabiker,True,False,True,True
MrNavid8,True,False,True,False
arem_crypt,True,False,True,False
enghlab_2022,True,False,True,False
PadSHAHiIRANi,True,False,True,False
mori887767,True,False,True,True
dokhteirani203,True,False,True,False
SasanAmjadi,True,True,True,True
divinel53029482,True,False,True,True
,True,False,True,False
giranbelagh2323,True,False,True,False
ka_hmel,True,False,True,True
Kinghich1,True,False,True,False
vhv59,True,False,True,False
MohamedGolesta1,True,False,True,True
khan_officiale,True,False,True,False
DelhinMarian,True,False,True,False
hargeznakhab,True,False,True,False
PlP1hL8GzhBtbSd,True,False,True,False
Zarzar_20,True,False,True,False
ParihA86,True,False,True,True
khalaji_mehdi,True,True,True,True
Farokhiran,True,False,True,False
Jajalpajal,True,False,True,False
Fahime92045736,True,False,True,False
Enemymullah,True,False,True,False
AKAM161984,True,False,True,False
ImarXXL,True,False,True,False
AminMasoudii,True,False,True,False
mahyar725668822,True,False,True,False
iranishahdost,True,False,True,False
CrackedTeepad,True,False,True,True
IranMan2025,True,False,True,False
MehMeh50207297,True,False,True,False
alain_deloni,True,False,True,False
AmichaiChikli,True,False,True,False
Gholamreza42354,True,False,True,False
kardo_kimiagar,True,False,True,False
aftabparast40,True,False,True,False
sora03222,True,False,True,False
MegaaHit,True,False,True,False
jamshidkakavand,True,False,True,True
httpsdaemons,True,False,True,False
MrsLemon5,True,False,True,False
kaveIrani2,True,False,True,False
behrooz08542587,True,False,True,False
Saran3246,True,False,True,False
hayvibouzo,True,False,True,False
itstootfarangi,True,False,True,True
honarparvar2020,True,True,True,True
Hamssade,True,False,True,False
hs_maryam,True,True,True,True
ebrahimi_mazyar,True,True,True,False
britasaxon,True,False,True,False
kavebibak,True,False,True,True
SSuunnrise,True,False,True,False
Amirhoseeinansh,True,False,True,False
AryoTak,True,False,True,False
sorena401,True,False,True,False
sadri1048,True,False,True,False
ShayganHam89313,True,False,True,False
lovethelife2022,True,False,True,False
esmaeil97170660,True,False,True,False
mhrzmomeni_fa,True,False,True,False
rvk123,True,False,True,False
ArashKamancheh7,True,False,True,False
nowbarofworld,True,False,True,False
,True,False,True,False
faravaya,True,False,True,False
Tarakb0,True,False,True,False
1354Kian,True,False,True,True
omiddana19,True,True,True,False
OfPersia79664,True,False,True,False
rahepahlavi2,True,False,True,False
buitengebieden,True,False,True,False
Iranbanoo18,True,False,True,True
nargesfnd,True,True,True,False
iraj__ramezani,True,False,True,False
ry3011358993184,True,False,True,False
Dolat_Shahnaz,True,False,True,False
morede13,True,False,True,False
Mary66to,True,False,True,True
AyaziSamad,True,False,True,False
moosa0095299217,True,False,True,True
Abbas26646401,True,False,True,False
doctorroshi,True,False,True,False
SaraSha2023,True,False,True,False
SweetieIda38,True,False,True,False
poorang9,True,False,True,False
Chingchong272,True,False,True,False
chaos_forces,True,False,True,False
tehranizohre,True,False,True,False
AhuraMazda1981,True,False,True,False
nasrin109080,True,False,True,True
dee_great7,True,False,True,False
sanazazanas,True,True,True,False
mrd_9798,True,False,True,False
najafi_sae62935,True,False,True,False
jonoobei,True,False,True,False
freedom_Atheist,True,False,True,False
MJ53094373,True,False,True,False
Feredi87867282,True,False,True,False
Mohamma15924744,True,False,True,False
mard_meshki,True,True,True,False
Hesam58467,True,False,True,False
benibenassi978,True,False,True,False
_ni100,True,False,True,False
vatanbaz,True,False,True,False
M75925Monsef,True,False,True,False
thewall260,True,False,True,False
CryptoDoctor12,True,False,True,False
ThricebornMahsa,True,False,True,False
bluethornbirds,True,False,True,False
Ayat_Action,True,False,True,False
youtab67,True,False,True,False
HOSSEIN19771,True,False,True,False
KazemyMone52971,True,False,True,False
Rastin696,True,False,True,False
CibPeran,True,False,True,False
sepidehmoh56925,True,False,True,False
Mitra_KN,True,False,True,False
leopoldfitz28,True,False,True,False
PrisonerN11,True,False,True,False
DozhmanII,True,False,True,False
Hgh41872294,True,False,True,False
Shahparast20,True,False,True,False
unknown_numbe7,True,False,True,False
legacyofgen,True,False,True,True
Banafsh48528599,True,False,True,False
_rainbowgems,True,False,True,False
Adel_CH56,True,False,True,False
darde1moshtarak,True,False,True,False
Mohammad137592,True,False,True,False
HYZ_IRAN,True,False,True,False
mobarezetanha,True,False,True,False
NassrinTehrani1,True,False,True,False
Pantea2024,True,False,True,False
catrin_zoro,True,False,True,False
alaghmandan,True,False,True,False
313Nobody313,True,False,True,False
javad4415524203,True,False,True,False
Sampeter510071,True,False,True,False
rafaeldahan,True,False,True,False
KhanoomGisoo,True,False,True,False
navid202003,True,False,True,False
LastSur79105913,True,False,True,False
Fanoosdaryaee,True,False,True,False
AjtmaDl,True,False,True,True
Ashkan89696978,True,False,True,False
you_MEHRAB,True,False,True,False
catnip1595748,True,False,True,False
The_Magnanimity,True,False,True,False
Chistakian,True,False,True,False
iranejan1991,True,False,True,False
IRAN5538,True,False,True,False
ferymalaki,True,False,True,False
VOID_MAYBE_NOT,True,False,True,False
MFarahani,True,False,True,True
minasasany,True,False,True,False
KianHakhamanesh,True,False,True,False
Tintin_in_Iran,True,False,True,False
ShayanNews,True,False,True,False
Ghoghnoos577473,True,False,True,False
kiairanian,True,False,True,False
ViemonX,True,True,True,False
persianempire23,True,False,True,False
MohmmadrezaBy1,True,False,True,False
maria_a_6,True,False,True,True
SaviorInShadow,True,False,True,False
KensingtonRoyal,True,False,True,False
patriotic__man,True,False,True,False
CyrusH84,True,False,True,True
Shadi10061433,True,False,True,False
ArastPerja,True,False,True,False
revme1401,True,False,True,False
ANUBISMICKEL,True,False,True,True
AliPayam,True,False,True,False
pahlavi1342,True,False,True,False
Mhdwrr,True,False,True,False
Flllokiii,True,False,True,False
Iran_foreve,True,False,True,False
mardiazdir22134,True,False,True,False
pariiSHAHdokht,True,False,True,False
Baobaotbh,True,False,True,False
dwd25559533,True,False,True,True
amirza_abdola,True,False,True,False
MhmdBdaghy,True,False,True,False
Saghivr,True,False,True,False
roshangarnasl,True,True,True,False
samuraiassass,True,False,True,False
Vahomane,True,False,True,False
rezapahlavism,True,False,True,False
Masuod67122354,True,False,True,False
mahali0105,True,False,True,True
MmmmMmm38894657,True,False,True,True
danekesh,True,False,True,False
amir68545,True,False,True,False
dokhtarekorosh,True,False,True,False
eli507030036851,True,False,True,False
lilimz57,True,False,True,False
bahmandk,True,False,True,False
SpiritOf34505,True,False,True,False
Felicity_6878,True,False,True,False
Azadeh135879,True,False,True,False
Lidiya04176693,True,False,True,False
darivash1983,True,False,True,False
ZMehragin,True,False,True,False
soheilni1969,True,False,True,False
TTaghari82663,True,False,True,False
hamedm84,True,False,True,False
dryayy_amy7342,True,False,True,False
AgathaChrist14,True,False,True,True
BanafshehJamali,True,False,True,False
SamAriana001,True,False,True,False
azad81732181,True,False,True,False
deep_alizarin,True,False,True,False
Dayzadd,True,False,True,False
SepehrKaiser,True,False,True,False
saniimii,True,False,True,False
harpakkk,True,False,True,False
LRciYjgptO10861,True,False,True,False
,True,False,True,False
rezza986,True,False,True,True
mr_bangiy,True,False,True,True
ManiaIrani,True,False,True,False
Warrior4iran,True,False,True,False
pahlaviimperium,True,False,True,False
ShaniB86723150,True,False,True,False
Mootagilani1984,True,False,True,False
Barzisavah,True,False,True,False
DarwishKhaan,True,False,True,True
,True,False,True,False
Homayun1967,True,False,True,False
gun40651318,True,False,True,False
fakhr_a84634,True,False,True,False
fgjdhg4455,True,False,True,False
AbdallahBe53252,True,False,True,False
mayiaaar,True,False,True,False
Iloveirannn,True,False,True,False
perseplan,True,False,True,False
HareDoroth31490,True,False,True,False
thespay1,True,False,True,False
KMinmaruru,True,False,True,False
jBNo61ZD5QtPW6A,True,False,True,False
Griffin_63,True,False,True,False
jnwyr97p5t,True,False,True,True
1Samuelll,True,False,True,False
VEeoI860y59Sked,True,False,True,False
rouhhhhh,True,False,True,True
V_Iran2022,True,False,True,True
kian_nika,True,False,True,True
hamburgnazila,True,False,True,False
austina331z,True,False,True,False
hamid0325,True,False,True,True
mobarez_nastooh,True,True,True,True
Bita92539826,True,False,True,False
PnMd1982,True,True,True,False
SeyedRicky2019,True,False,True,False
LDwachy,True,False,True,False
lionofpersia25,True,False,True,False
harati1969,True,False,True,False
a_nsyrpwr,True,False,True,True
alrza000,True,False,True,False
MT1978Ir,True,False,True,False
AvakhDel,True,False,True,False
JadehRoshan,True,False,True,False
ali_x6666,True,False,True,False
sawaki2473,True,False,True,False
SooreBoz,True,True,True,False
zizoomaria,True,False,True,False
a_pwya,True,False,True,False
SashAimani0011,True,False,True,False
narsis_vol8347,True,False,True,False
Iman_13602,True,False,True,False
sergio81247809,True,False,True,True
bazkiyai,True,False,True,False
marjanhastaam,True,False,True,False
Sherimehr_,True,False,True,False
arash_tirandaz,True,False,True,False
Iranfighter1401,True,False,True,False
Mohammad1068990,True,False,True,False
lovembatv,True,False,True,False
Bahoc0139,True,False,True,False
B04067489,True,False,True,False
freehgiv,True,False,True,False
farvardin_banou,True,False,True,False
ahura_a,True,False,True,True
Parsa1244564,True,False,True,False
typical_iranian,True,False,True,False
kashkoolian,True,False,True,False
freakantagonist,True,False,True,False
Amirhos12333760,True,False,True,True
MGouniani,True,False,True,False
DADA_IR_,True,False,True,False
Efroudris,True,False,True,False
Milad__Irani,True,False,True,False
Aviiation_Daily,True,False,True,True
faetwee,True,False,True,True
MiniRandy996,True,False,True,False
kevinirani20,True,False,True,False
kourosh19896143,True,False,True,False
iran_kingd7536,True,False,True,False
Roshanaeii,True,True,True,False
BcuzTheSkysHigh,True,False,True,False
Gorbesiiyah,True,False,True,True
sadghi1400,True,False,True,False
BeniBravoTX,True,False,True,False
EmmanuelMacron,True,False,True,False
taha890Fat,True,False,True,False
flyartg,True,False,True,False
nadia71887412,True,False,True,True
mjloco1,True,False,True,False
TrumpRealDaily,True,False,True,False
Alihastam1984,True,False,True,False
justice_for_ir,True,False,True,False
artemis_zaman,True,False,True,False
Babak_Kasravi,True,False,True,False
sobheazadiiii,True,False,True,True
SherryMollaei,True,False,True,False
ShahanshahCyrus,True,False,True,True
Arash58020582,True,False,True,False
Amirossein98,True,False,True,False
NahalMolaei,True,False,True,False
5Faryad86947,True,False,True,False
HomyF53,True,False,True,False
Taitan_Iran,True,False,True,False
LadyL__LadyL,True,False,True,False
Honer76526363,True,False,True,True
Fatima99052801,True,False,True,False
hotbabe1267,True,False,True,False
AzadehE5,True,False,True,False
Hamidre93580933,True,False,True,False
NegedeYehuda,True,False,True,False
batistooota_a,True,False,True,False
Shahinn_Javid,True,False,True,False
MrMorgholis,True,False,True,False
geeeechi_gotti,True,False,True,False
fantomPT,True,False,True,False
vanshoreman,True,False,True,True
KavemobarezAnti,True,False,True,False
hossein_68_11,True,False,True,False
IrajRezazadegan,True,False,True,True
mamalism123,True,False,True,False
KhasteJan,True,False,True,False
Hamidkarage,True,False,True,False
ravinsoon,True,False,True,False
sarbedarnovin1,True,False,True,False
ShahrzadEb11340,True,False,True,False
joker_yaghi67,True,False,True,False
ana18202269,True,False,True,False
Nova73895266,True,False,True,False
panisher696,True,False,True,False
KhodadadZe69107,True,False,True,False
Morakabatchian3,True,False,True,True
fully_nothingby,True,False,True,False
Fahimehkhezr,True,True,True,True
schrodingersag,True,False,True,False
dawnofIran,True,False,True,True
dragon72fly,True,False,True,False
artofpersia,True,False,True,False
NDawwdabady,True,False,True,False
fchaman11,True,False,True,False
awnaveed11,True,False,True,False
MorningsMaria,True,False,True,False
aena7777rst,True,False,True,False
Melat1919673,True,False,True,False
faragorn215535,True,False,True,False
IranianWoman,True,True,True,False
KarenGlazer22,True,False,True,False
AzadAnd25166157,True,False,True,False
ArezoMahmoodi,True,False,True,False
Eric_Schmitt,True,False,True,False
Anna_Firth,True,False,True,True
MehranfarMahsa,True,False,True,False
alikarimi16684,True,False,True,False
Eda17725761,True,False,True,False
casandan_ep,True,False,True,False
GoldaOfIran,True,False,True,False
MamanDrya,True,False,True,False
The_Knight_Fork,True,False,True,False
Napirisha2,True,False,True,False
NoaMagid,True,False,True,False
1IqZbxWfInLsi5T,True,False,True,False
ShirOkhorshid22,True,False,True,True
Shaghayegh_3,True,False,True,False
Spahbodkhorshid,True,False,True,False
iraane_azaad,True,False,True,True
HNeumannMEP,True,False,True,False
saeed05773937,True,False,True,False
koolsoomakbari,True,False,True,False
damonimani,True,False,True,False
soobaan7,True,False,True,False
mahdiseyed6657,True,False,True,False
FabioSer593517,True,False,True,False
Alinda5980,True,False,True,False
fada_reza,True,False,True,True
BijornIronside4,True,False,True,False
fariba_nia,True,False,True,False
Zarafreedom,True,False,True,False
Hosseinla1,True,True,True,False
playDRAGARK,True,False,True,False
heart_israeli,True,False,True,False
Azadinazikast,True,False,True,False
TASIB51,True,False,True,False
RM15393278,True,False,True,False
ChikaKhris27766,True,False,True,False
MRYAZDAN,True,True,True,True
KamranZyzy34451,True,False,True,False
Behesht2489,True,False,True,False
ayrany_bab74090,True,False,True,False
liliirndst,True,False,True,False
churchileiranii,True,False,True,False
iran2024_25,True,False,True,False
newsfouri,True,False,True,False
gabar05,True,False,True,True
shahanshaeiran,True,False,True,False
Mirahmadmir5,True,False,True,True
mah_irani,True,False,True,False
Frixtionism,True,False,True,False
shino_sdch,True,True,True,False
kamikosoi,True,False,True,False
PrwyzThmasby,True,False,True,False
bmw_i82,True,False,True,False
NaderAf72500406,True,False,True,False
mahsa_hadis,True,False,True,False
siktir1401,True,False,True,True
mariya26007693,True,False,True,True
yebekhe,True,True,True,False
orkedeh,True,False,True,False
Monessezavar,True,False,True,True
TruthHostage,True,False,True,True
GGhasedak,True,False,True,False
P_E_2582,True,False,True,False
Che_F1996,True,False,True,False
aryan84565,True,False,True,True
Mahnaz7374,True,False,True,False
Sheyda_RI,True,True,True,True
KhanoomX,True,False,True,True
alimola46224636,True,False,True,False
dmorgannnnn,True,False,True,False
hamid_salimy,True,False,True,False
zazzanone,True,False,True,False
CH_4O5,True,False,True,False
shah29145,True,False,True,False
welder_68,True,False,True,True
leilagh50,True,False,True,True
Electro79391479,True,False,True,False
mehhdiiiiiii,True,False,True,False
FarhadiFar80323,True,False,True,False
jub_alberto,True,False,True,True
segaro2,True,False,True,False
Azadi31411401,True,False,True,False
Jonas_1574,True,False,True,False
,True,False,True,False
a_shenas,True,False,True,False
emanullqw,True,False,True,True
Ulkucu9897,True,False,True,False
MBMshky,True,False,True,False
Bahar_1372,True,False,True,False
PADENAA1,True,False,True,True
ShapurZulaktaf,True,False,True,False
Alireza76453,True,False,True,False
nafas21666146,True,False,True,True
AAfagh_99,True,False,True,False
hektorbarbos,True,False,True,True
Aylardoktor,True,False,True,False
pedram1726155,True,False,True,False
FrdmiRAN,True,False,True,False
oghabeesorkh,True,False,True,False
aliimani6766,True,False,True,False
DeaHamy39179,True,False,True,False
smb1381,True,False,True,True
ARFmusik,True,False,True,False
baraye_Watan,True,False,True,False
Tara32373334,True,False,True,False
ayran4773,True,False,True,False
ghoghnoos_y,True,False,True,False
azadi4_iran,True,False,True,False
plaaaaazaaaaa,True,False,True,True
daheshastii,True,False,True,False
PersianImguard,True,False,True,True
larri515,True,False,True,False
NN52736678,True,False,True,False
dokhtarahvazi,True,False,True,False
Lulujoonpink,True,False,True,False
iran14181429,True,False,True,False
Iranshahri2500,True,False,True,False
semaj_allive,True,False,True,False
AyatMohaqeqi,True,False,True,True
yelling_fish,True,False,True,False
MozMirh,True,False,True,False
,True,False,True,False
Shaah_Rezaa,True,False,True,False
parhamyt5,True,False,True,True
MahsaAminiAzad,True,False,True,False
AnOldProg,True,False,True,True
MHpoorkhalily,True,False,True,False
mootarez1354,True,False,True,False
shagholos1,True,False,True,False
Roboticccc,True,False,True,False
archbaba1360,True,False,True,True
MasoudNaseri15,True,False,True,False
Gorg_Sepid,True,False,True,False
haminraad,True,False,True,False
arash19673910,True,False,True,False
Ariobarzan42749,True,False,True,False
afoon60050465,True,False,True,False
s_e1401,True,False,True,False
alifarhadi12049,True,False,True,False
Javad0666,True,False,True,False
mahyarakbari3,True,False,True,False
___Iran____,True,False,True,True
mimenime,True,False,True,False
Pac777434617,True,False,True,False
TSchwarzbard,True,False,True,False
Mahoor129920,True,False,True,False
i_am_rumiii,True,False,True,True
democratiran,True,False,True,False
Ammlodsamsar,True,False,True,True
PsrAsfhan27734,True,True,True,False
Iran_banoo_fri,True,False,True,False
AmirMaghsoudi13,True,False,True,False
hogh6158,True,False,True,True
MozhganNazari7,True,False,True,False
mhiggins,True,False,True,False
alester1109,True,False,True,False
titanium2o,True,False,True,False
sorena55710,True,False,True,False
Cathy1335,True,False,True,False
dokhtarkaveh1,True,False,True,False
cmaabd,True,False,True,False
BahramM3545,True,False,True,True
d31382,True,False,True,True
masoudoff,True,False,True,False
Avaye_fakhteh,True,False,True,False
YaserAzadbakht,True,False,True,False
Presence2022,True,False,True,False
MohammadFe42847,True,False,True,False
LudvigVitt,True,False,True,False
urray306,True,False,True,False
Bahareh_azadi,True,False,True,False
tgdood,True,False,True,False
podshah,True,False,True,False
Hamuon4,True,False,True,True
koooham,True,False,True,False
Armin4733883404,True,False,True,False
i_savak_officer,True,False,True,False
mmzad22101979,True,False,True,False
Hamkelasi1,True,False,True,False
KHANDAEIALI,True,False,True,True
dariushk60,True,False,True,False
ShasiDT,True,False,True,True
WNSS_1941,True,False,True,False
MinooNasr,True,False,True,False
lilttlemabel,True,False,True,False
nazmik2xxx,True,False,True,False
zanbagheabii,True,False,True,False
Kym1390609mast,True,False,True,False
MahinazReza,True,False,True,True
persianroger,True,False,True,True
IRAN0070,True,False,True,False
mr_yousefi_,True,True,True,False
nadrshah97937,True,False,True,False
SVakili297556,True,False,True,False
gidora6666,True,False,True,False
Tahmoores3,True,False,True,True
SiriusXMPatriot,True,False,True,False
IranPahlaviiii,True,False,True,False
ampahlavi,True,False,True,False
SystemAnalyst72,True,False,True,False
morteza62711637,True,False,True,True
synqsmy12,True,False,True,False
azarbood_ahorai,True,False,True,False
snappguy,True,False,True,False
nasrin16178547,True,False,True,False
Arman8056,True,False,True,False
parsa2422512047,True,False,True,False
redbad0,True,False,True,False
holdencalfield1,True,False,True,False
RomainRolland84,True,False,True,False
wwenews2022,True,False,True,False
Anoushieh,True,False,True,False
Persepolis4807,True,False,True,False
sababagherii,True,True,True,False
javidshah2025,True,False,True,False
ShahpoorSepanta,True,False,True,True
raz_alod,True,False,True,False
the_azraell,True,False,True,True
HananyaPersian,True,True,True,False
rifleman737477,True,False,True,True
hadikabi15,True,False,True,True
Reza05050505,True,False,True,False
kda198000,True,False,True,False
liberalclassico,True,False,True,False
Pendar_Farda,True,False,True,True
_Dokhtraneh_,True,False,True,False
903Lyla59453,True,False,True,True
Soldierparsi70,True,False,True,False
AliRahpeim49895,True,False,True,False
Ramiz198900,True,False,True,False
hamed_moree,True,False,True,False
downwithmulla,True,False,True,False
4houseHouse,True,False,True,True
MPouia,True,False,True,False
sorena20785,True,False,True,True
mahnaz_sedigh,True,False,True,False
picha19M,True,False,True,False
CNa8564,True,False,True,False
fatherrastaky,True,False,True,False
morrysafi,True,True,True,False
PejmanPars54282,True,False,True,False
myd1773437,True,False,True,False
Arash_Ashayi,True,False,True,False
avesta70,True,False,True,False
MasoudK06645536,True,False,True,True
FreedomPheonix,True,False,True,True
moujmouj098,True,False,True,False
IranAzarbaijan7,True,False,True,True
dragonfly651,True,False,True,False
1979Shahdom,True,False,True,True
koji6996,True,False,True,True
Saman76420176,True,False,True,False
QuangHuyBroker,True,False,True,False
ReaderToIslam,True,False,True,True
NaeimehDoustdar,True,True,True,True
Sana22209,True,False,True,False
chandgharnsukut,True,False,True,False
satrapp2018,True,False,True,False
Doktor_Babak_4,True,False,True,False
chingakchook,True,False,True,False
mat81m,True,False,True,False
AmbitiousMitra,True,False,True,False
sjd1836860,True,False,True,False
Pifpafam,True,False,True,True
mani37954348751,True,False,True,False
PYKhasti,True,False,True,False
tarannom28969,True,False,True,False
Badger8814,True,False,True,False
Iranistics_UT,True,True,True,False
eurojewcong,True,False,True,False
Yamaha4002,True,False,True,False
ghahremanghobad,True,False,True,False
GhaneiJoshua,True,False,True,True
badboyxx100,True,False,True,False
shakila3498,True,False,True,False
x_factor_xx,True,False,True,True
Breaking911,True,False,True,False
alek1350,True,False,True,False
SunSkyBnd,True,False,True,True
ann_padr,True,False,True,False
moslehiali,True,True,True,False
YepremKhann,True,True,True,False
Nilo42727265,True,False,True,False
LakLak_Muzik,True,True,True,False
Ap_Lortaj,True,False,True,True
FafarMir,True,False,True,False
Anadnamm,True,False,True,False
anusheRavan22,True,False,True,False
iranwillbefree2,True,False,True,False
darband_esarat,True,False,True,False
rominaromina00,True,False,True,True
migmig_13402,True,False,True,False
rashidkadivar,True,False,True,False
mahsa_piraei,True,True,True,False
PTruth6382316,True,False,True,False
Naz17225178,True,False,True,False
Sedayenghelab,True,False,True,False
P_Noor_Pahlavi,True,False,True,True
HoCStaffer,True,False,True,False
sandis_khorrrrr,True,False,True,False
naftaliin_ii,True,False,True,False
petrosfadakari,True,False,True,False
Saeedse6,True,False,True,False
milmil7701,True,False,True,False
MazF75,True,False,True,False
sagittarius9187,True,False,True,False
DaryoushPa45981,True,False,True,False
LeedsArya,True,False,True,False
kayksal1,True,False,True,False
hossein_1996_75,True,False,True,True
hy_flany,True,False,True,False
Majoo0r_66,True,False,True,False
hamed_amu,True,False,True,False
Fardayei_Azadi,True,False,True,False
mithrandir1986,True,False,True,False
MandanaYekta,True,False,True,False
monarchisttt,True,False,True,False
golbahar1996,True,False,True,False
RezaVaisi,True,True,True,True
mahdieh_golroo,True,True,True,False
Jimin322935,True,False,True,False
Efafgdf768,True,False,True,False
Nasser97139685,True,False,True,False
KjM30488,True,False,True,False
jorj_the_great,True,False,True,False
sahariraniiiii,True,False,True,False
iran_tr,True,False,True,False
Refiiigh,True,False,True,False
antisefased,True,False,True,False
amirmhb70,True,False,True,False
Richydon19,True,False,True,False
FarawayMountain,True,False,True,False
Maral_kh_2022,True,False,True,False
Rob_Roos,True,False,True,False
teerdad1,True,False,True,False
Aisashah,True,False,True,True
Amirhosein1986,True,False,True,False
shattkk,True,False,True,False
Sinnerlondon,True,True,True,False
mahsaamini571,True,False,True,True
AllaAriya27867,True,False,True,False
sam2tik,True,False,True,True
siasism68,True,False,True,False
Corleone_TwT,True,False,True,False
ebneansan,True,False,True,True
behgolamini,True,False,True,False
RAmoo1355453,True,False,True,False
sayeh992240,True,False,True,False
resilientiran,True,False,True,False
MoSafabakh90539,True,False,True,False
MadaniAref,True,False,True,False
mitra19190,True,False,True,False
sarzaminjavidIR,True,False,True,False
Mahtab_shabe14,True,False,True,False
payandeiran68,True,False,True,False
hahagim,True,False,True,False
Sina78653,True,False,True,False
MirSaqibAshiq,True,False,True,False
Veryoldpirate,True,False,True,False
ArmanNexus50788,True,False,True,True
abbasbabakan,True,False,True,False
AlianoTorkan7,True,False,True,False
Hope38879766,True,False,True,False
baman34691597,True,False,True,False
meysampapi,True,False,True,False
hasan_nadiri,True,False,True,False
maryshiry1,True,False,True,False
farrokhan00,True,False,True,False
VAHIDAYAN,True,False,True,False
kaft_ar,True,False,True,False
Mo_Bahrami1978,True,False,True,True
DrMahmoodSayah,True,False,True,False
Elena__t_,True,False,True,False
LSadqy24886,True,False,True,False
nima74r,True,False,True,False
zohi_iran,True,False,True,True
ShivaRahbaran,True,False,True,False
IranBibi,True,False,True,False
matin_Irani_,True,False,True,False
Pahlavi_051,True,False,True,True
Oxyn3,True,False,True,False
Schrdinger97070,True,False,True,False
KillersRd,True,False,True,True
mo13544588,True,False,True,False
DabiriSohr40648,True,False,True,False
thesoundoftree,True,False,True,False
MohandesNazer,True,False,True,False
DarwishJohen,True,False,True,False
Iran2023Rev,True,False,True,False
FSolaymantash,True,False,True,False
Azzi2013,True,False,True,True
Saba24937496291,True,False,True,False
parsigirl2025,True,False,True,False
julidehabot,True,False,True,False
betheljtroy,True,False,True,False
Iran10538038245,True,False,True,False
zahra_Zanan,True,False,True,False
Majixofpersia,True,False,True,False
RoyalGuardianIR,True,False,True,True
AQA_Hanaei,True,False,True,False
Fay95219555,True,False,True,False
bullgangd,True,False,True,False
arezoooo9,True,False,True,True
dokhtarreiran,True,False,True,False
RonSpcbuffalo,True,False,True,False
awmirh0sein,True,False,True,False
dudereligion,True,False,True,False
RepPatFallon,True,False,True,False
Haniagulalai,True,False,True,False
MahsaYXZ,True,False,True,False
xyztime123,True,False,True,False
lighthavisrg,True,False,True,False
immrshady,True,False,True,False
BernardBlack_PJ,True,False,True,False
Kalemaat_Pashto,True,False,True,False
parvin_etesabi,True,False,True,True
benyamin_aras,True,True,True,True
mrndy46701,True,False,True,False
MashruteChi,True,False,True,False
bimbarambom,True,False,True,False
HamidMahin,True,False,True,False
Makepersiafree,True,False,True,False
emadyazdan1,True,False,True,True
sooseesbandari,True,False,True,False
response_days,True,False,True,False
Jokeram2404,True,False,True,True
MHD197610,True,False,True,False
InfoMo42041,True,False,True,False
rezashah844242,True,False,True,False
mySlf57691,True,False,True,False
Faraasaam,True,False,True,False
MyPinkyland,True,False,True,True
SalimiReza10591,True,False,True,False
HyrcaniHRM,True,False,True,False
realmrpahlavi,True,False,True,False
bokone3fasedd,True,False,True,False
marrynikoo1353,True,False,True,False
KhansariMo94282,True,False,True,False
AmirYaghtin,True,False,True,False
HelloAg89951506,True,False,True,False
Z_beh_z,True,False,True,False
hojjat_kalashi,True,True,True,True
ghomarboss,True,False,True,False
Eblis369,True,False,True,False
persian_Tirdad,True,False,True,False
BhRngyn,True,False,True,False
Rahaaa97183782,True,False,True,False
BashtIran,True,False,True,False
Khodam_Hbk,True,False,True,False
Salvadoor1363,True,False,True,False
sepahansport_sc,True,False,True,False
maanii_a,True,True,True,False
ferf3r1,True,False,True,True
haqamanesh,True,False,True,True
TraderTom1010,True,False,True,False
WhiteCharl01,True,False,True,False
MerdasCino,True,False,True,True
Sarbazmihan17,True,False,True,False
Pooya_saqqez,True,False,True,False
Javid469875,True,False,True,False
Masoud2500,True,False,True,False
mhdira24166,True,False,True,False
zrtst14,True,False,True,True
meganhartl63165,True,False,True,False
VictorV79723767,True,False,True,True
JAz15769699,True,False,True,False
faceless709,True,False,True,False
2af5cf3ce06046b,True,False,True,False
meganhartley50,True,False,True,False
toharda,True,False,True,False
asasendekalsin,True,False,True,False
afshari_aku,True,True,True,True
Milad_ica,True,False,True,False
KRavanasa,True,False,True,False
siraf1962,True,False,True,False
Roshansteel,True,False,True,False
ncole_r,True,False,True,False
EterbarIran,True,False,True,False
MDokht87288,True,False,True,False
rezaazad7,True,False,True,False
maesta105406,True,False,True,False
mrnobody2582,True,False,True,False
ehsan79494665,True,False,True,True
NimaForati,True,False,True,False
Difen_Bakhia,True,False,True,False
SekineSia,True,False,True,False
mihaschw,True,False,True,False
MazinaniMg,True,False,True,False
AfshinMaga5518,True,False,True,False
pahlavi_press,True,False,True,False
The_firegirl,True,False,True,False
InsMedeiros16,True,False,True,False
lastknight2022,True,False,True,True
AliAghell,True,True,True,False
Puzzeleazadi,True,False,True,True
Naha2m,True,False,True,True
g71855,True,False,True,False
utuber_24,True,False,True,False
zakhmi_etemad,True,False,True,False
Amir17599129,True,False,True,True
EdalatNema54091,True,False,True,False
Irancoup,True,False,True,True
MehdiShokoohiCa,True,False,True,False
Aryabod0,True,False,True,False
Javadarya79,True,False,True,False
hamedk1364,True,False,True,False
VitoCorleo85453,True,False,True,False
amirhosseinrj22,True,False,True,False
almrino1,True,False,True,False
Mahnaz99751439,True,False,True,True
Kavosh91201017,True,False,True,False
Maryam_Rajavi,True,True,True,False
AM67991118,True,False,True,False
asal05219,True,False,True,False
nixonist,True,False,True,False
amirarsalan_60,True,False,True,False
SaeidMiran,True,False,True,False
hn25361401,True,False,True,False
moolight183548,True,False,True,False
ShahArsia,True,False,True,False
sadi25002500,True,False,True,True
coffeinnnnn,True,False,True,False
Ffarzam2,True,False,True,True
fatimaw_1,True,False,True,False
bahkiani46,True,False,True,False
Sepideyes,True,False,True,False
SiamakAmanat,True,False,True,False
diako_ako23,True,False,True,False
iran_azad2022,True,False,True,False
HadiZbf,True,False,True,False
Moladrah3,True,False,True,False
aryameh98026266,True,False,True,False
C_AB_,True,False,True,True
MMV82894051,True,False,True,True
MortezaRouhani,True,False,True,False
BJF_FJB,True,False,True,False
Frank5215015183,True,False,True,False
Balrotsa,True,False,True,True
zarassvand1972,True,False,True,False
r_mehravar,True,False,True,False
UNKNOWN456456,True,False,True,False
alikariiimiii,True,False,True,False
PiroozNik,True,False,True,False
Mehran2577,True,False,True,False
BamdadeVatan,True,False,True,False
alireza60438887,True,False,True,False
_SASAN_K,True,False,True,False
hashpapoolan,True,False,True,False
Hoseinyakuza,True,False,True,True
7_salamoon,True,False,True,False
kolakollection,True,False,True,False
RealSamShahan,True,False,True,False
marpelle6612,True,False,True,True
AlizFarnaz,True,False,True,False
georgehellborn2,True,False,True,True
MehdiHajati,True,True,True,True
synrymy85767377,True,False,True,True
kiarashsotude30,True,False,True,True
thekineticmusi1,True,False,True,True
Mobinashariati1,True,False,True,False
shapoorzolketaf,True,False,True,False
pedzmani,True,False,True,False
star50953592861,True,False,True,False
aly67731950,True,False,True,True
Fdd36276722,True,False,True,False
DeerDeerhunte1,True,False,True,False
Rootfox133,True,False,True,True
Masoud492,True,False,True,False
__mustafii,True,False,True,False
MahdiGh59578180,True,False,True,False
Shahla_aryana,True,False,True,True
salmanmirzaei4,True,False,True,False
ARAD59740327,True,False,True,False
no76885,True,False,True,False
Alii1360h,True,False,True,False
3adegh_,True,False,True,True
minion140100,True,False,True,False
alwaysRevenant,True,False,True,False
SABAARIA6,True,False,True,False
hengamehfapa,True,False,True,True
iranlian,True,False,True,False
ManiV6688,True,False,True,False
Sahel_____,True,False,True,False
DariushAvakh,True,False,True,False
ketn7912,True,True,True,True
itamarbengvir,True,False,True,False
lightworksright,True,False,True,False
amir1360586,True,False,True,False
AryamirM,True,False,True,True
goorill1980,True,False,True,False
Artin24803171,True,False,True,True
Ali766414856329,True,False,True,False
Abanmah_98,True,False,True,True
bamzz382,True,False,True,False
sadism_emam,True,False,True,False
you_call_me_Ali,True,False,True,False
nil069015890662,True,False,True,False
mmdmy65885107,True,False,True,False
MikaelX4444,True,False,True,False
BabakIranyar,True,False,True,True
pournazeri,True,False,True,True
M005h00,True,False,True,False
Hmeejar,True,False,True,False
Zelfeshe4,True,False,True,False
cpt_alek,True,False,True,False
honarpardaz,True,False,True,False
persianbaddiex,True,False,True,False
HiHi94280595,True,False,True,False
bakhtak86,True,False,True,True
silentowll,True,False,True,False
Farhad344615,True,False,True,False
IranSazeMellat,True,False,True,False
021babak,True,False,True,False
Alpp1722668,True,False,True,False
kiyarash_ir,True,False,True,True
1977_2536,True,False,True,False
Nova_hastam,True,False,True,False
TouranGoudarzi,True,False,True,False
Meysamtajik83Ta,True,False,True,True
ArianaGirl2025,True,False,True,False
Padegani2581,True,False,True,False
mehdi0468,True,False,True,False
azadi50890671,True,False,True,True
Aryayizadeh,True,False,True,False
iranbanoo202,True,False,True,False
someoneir,True,False,True,False
onlymuratt,True,True,True,False
pelidianat,True,False,True,False
MiladMoham66925,True,False,True,True
lucky_yara,True,False,True,True
Adrian701884149,True,False,True,False
behroz40,True,False,True,False
Behrouzjt,True,True,True,False
Seeamack,True,False,True,False
FarzanehAghaei,True,True,True,False
KingsArmy16,True,False,True,False
RAFAEL16919746,True,False,True,False
2eKamertweets,True,False,True,False
Gordafarid179,True,False,True,False
iranhamava,True,False,True,False
TakDerakhtTanha,True,False,True,False
Mohadiran,True,False,True,False
AlalehJan,True,False,True,False
Mohamadrez67601,True,False,True,False
Camila7478,True,False,True,False
NIKANIAAN,True,False,True,False
AmirHadiAnvari,True,True,True,False
Ftmhsnjd,True,False,True,False
MoSalari3,True,False,True,False
ghamdelshekaste,True,False,True,False
sarbazan,True,False,True,True
ashkann1945,True,False,True,False
StvFreeiran,True,False,True,False
ahanin_banoo,True,False,True,False
mardejang001,True,False,True,False
shaaaaaahhhhh,True,False,True,False
yazdanfaar,True,False,True,False
HYPERION_2025,True,False,True,False
17qhq1785858,True,False,True,False
ABpahlavi,True,False,True,True
dolfine_sefif,True,False,True,False
fariba_feri,True,False,True,False
mand70622,True,False,True,False
manoochehr101,True,False,True,False
maryambnd316499,True,False,True,True
mona_kargar,True,False,True,True
Maryam514562062,True,False,True,False
Sania828,True,False,True,False
JahanRooz,True,False,True,False
PierrotAmani,True,False,True,False
Ahora_Irani_,True,False,True,False
CHASHM_IRAN,True,False,True,False
ZO2VA,True,False,True,False
2542_arash,True,False,True,False
shivamjam77,True,False,True,False
ManukKomitas,True,False,True,False
m_rahmanifar,True,True,True,True
Azdaroondaghoon,True,False,True,False
WholffG,True,False,True,False
MastiCnft,True,False,True,False
Azitaarian75,True,False,True,False
KevinVuongMP,True,False,True,False
Intifada_s_Son,True,False,True,False
shahira60210003,True,True,True,False
Raafegh,True,False,True,False
shirin21023,True,False,True,True
alireza_azizi2,True,False,True,False
X4LIREZ4X,True,True,True,False
Ahmed90439721_1,True,False,True,False
MashkoorArash,True,False,True,False
xrp_cast,True,False,True,False
PHmosbat,True,False,True,False
mahyaar17,True,False,True,False
NUFDIran,True,True,True,False
Mivehjan,True,False,True,False
FMofOman,True,False,True,False
ArminTsp,True,False,True,False
Yaldairani5660,True,False,True,False
baraye_kianoosh,True,False,True,False
Mohamma04549759,True,False,True,True
Kaveh_Soshiant,True,False,True,True
AbolfazlSa86968,True,False,True,False
soroush2581,True,False,True,False
mainstreamrevol,True,False,True,False
AzadManesh55017,True,False,True,False
BandarAbadan631,True,False,True,False
Golbanoo43,True,False,True,False
,True,False,True,False
Gorge13siya,True,False,True,False
PooriaSoori,True,False,True,False
freshnfastnw,True,False,True,False
samnariman2192,True,False,True,False
moon19921395,True,False,True,False
ObserverJudge,True,False,True,True
prs372413552645,True,False,True,False
Daniyal78850060,True,False,True,False
1304hV,True,False,True,False
idoRahHaA,True,False,True,False
behrzsce,True,False,True,False
zhyarkian,True,False,True,False
victor20221401,True,False,True,False
choonforsoldier,True,False,True,True
Rahai1401Azadi,True,False,True,False
saraaay63,True,False,True,False
Aryobarzan999,True,False,True,False
sabawifesoli,True,False,True,True
jackperaltaNYPD,True,False,True,False
yashar_pir,True,False,True,True
khodesham87,True,False,True,True
Atakan_Polathan,True,False,True,False
Hera717,True,False,True,False
gargool_2,True,False,True,False
__Roboter,True,False,True,False
kavehDadkhah2,True,False,True,False
Ebysam5,True,False,True,True
arash_the3rd,True,False,True,True
junglebird39285,True,False,True,False
Khazan2Farady,True,False,True,False
Aquarius_789,True,False,True,False
Suzanne19680700,True,False,True,False
Arman92Ma,True,False,True,False
TaherehKhanum,True,False,True,False
shahin2582,True,False,True,False
Asghar_Agha007,True,False,True,True
Claude_zp,True,False,True,False
madihrm,True,False,True,False
soosanm,True,False,True,False
SaeedKarii86845,True,False,True,False
sunny673217,True,False,True,True
BehroozRasooly,True,False,True,False
8894Azar47826,True,False,True,False
Bestinkid,True,False,True,False
RashvandAb,True,False,True,True
Elladijav,True,False,True,False
fabitFABIT,True,False,True,False
Hotqtbird,True,False,True,False
mazerooon,True,False,True,False
psyman,True,False,True,False
Glory789314,True,False,True,False
NabodGar57322,True,False,True,False
BackFollow23,True,False,True,False
nanami95312720,True,False,True,True
FridaMani2,True,False,True,False
Ariamehr143289,True,False,True,True
amitisli,True,False,True,True
aryammehr3,True,False,True,False
Ario_barzan57,True,False,True,False
nikarassam,True,False,True,False
ErosNavall,True,False,True,True
payaminekoo,True,False,True,False
Payam02948451,True,False,True,True
Kayvan27800411,True,False,True,False
Ali1388919,True,False,True,False
mamad_reza_shah,True,False,True,False
missfkh,True,False,True,False
Madariiran,True,False,True,False
BehzadBakh91896,True,False,True,False
samfarh138260,True,False,True,False
grandsdream,True,False,True,False
Gubernaculum16,True,False,True,True
ghmVaziri,True,False,True,True
by_lght,True,False,True,False
Shasadi1975,True,False,True,False
DadashKaiko64,True,False,True,False
BattlefieldIran,True,False,True,False
klaus_mikeslson,True,False,True,True
Scavino47,True,False,True,False
italianpastryy,True,False,True,False
IranAryayee,True,False,True,False
Ray561532512330,True,False,True,False
FreydounF45676,True,False,True,False
dizag_p,True,False,True,True
MasiKhalili11,True,False,True,False
WorldGovSummit,True,False,True,False
samsarbazvatan,True,True,True,False
ZRShiraz,True,False,True,True
Damas1369,True,False,True,False
SanaH94677,True,False,True,False
GhlamyMhmd26068,True,False,True,False
SHADI2582,True,False,True,False
Amirh94h94,True,False,True,False
IranzadMagazine,True,False,True,True
MyNumber589122,True,False,True,False
javid_shah_2581,True,False,True,True
Gv9to56ss,True,False,True,False
smrtyz1,True,False,True,False
marado1987,True,False,True,False
mikepompeo,True,False,True,False
Nokhbe8,True,False,True,False
kyarsh42503372,True,False,True,False
the_great_cyrus,True,False,True,False
Master_Saman,True,False,True,False
naslesoukhteh11,True,False,True,True
,True,False,True,False
itsnotanaa21,True,False,True,False
louna2122,True,False,True,False
r6kr92nkqq,True,False,True,False
goldmamal649256,True,False,True,False
moooj_tofan,True,False,True,True
SajadDas,True,False,True,False
,True,False,True,False
gohareshghi,True,True,True,False
AliHamid27,True,True,True,True
Jahansuz,True,False,True,False
SmartRick02,True,False,True,True
BabakBehroz,True,False,True,False
Hakhamaneshshah,True,False,True,False
,True,False,True,False
BabalouSam,True,False,True,False
diplomattimes,True,False,True,False
Roma1052108,True,False,True,False
Kamyar2022,True,False,True,False
HasanTeherani,True,False,True,False
MisterXon74,True,False,True,False
MAHPAREH13,True,False,True,False
BahramFrance,True,False,True,False
6666654m,True,False,True,False
ankit_chandola,True,False,True,True
thisisawarefox,True,False,True,False
NilouNagz,True,False,True,False
DRiman_sh,True,False,True,False
ArtMalian,True,False,True,False
bonzomonkees,True,False,True,False
ninataban1994,True,False,True,False
yas1Md,True,False,True,False
CENTCOM,True,False,True,False
realrozhan_,True,False,True,False
dawnchicken1111,True,False,True,False
meh80207,True,False,True,False
saharkhorsand,True,False,True,False
EvolutionALT,True,False,True,False
Bigman787743593,True,False,True,False
iceowll,True,False,True,False
alpach994,True,False,True,False
Memol0068,True,False,True,False
Nazi_Sy,True,False,True,False
vforvendetta993,True,False,True,False
MRismankar,True,False,True,False
IranDokht1299,True,False,True,False
Niiima_a,True,False,True,False
Mehran_82,True,False,True,False
Behdad369,True,False,True,False
BCbnjn,True,False,True,False
jaheljan,True,False,True,False
Wiise_Miind,True,False,True,True
ghorbanzad35067,True,False,True,False
Meysam_rudbari,True,False,True,True
Arashpress2,True,False,True,False
HAMEDSHAH21,True,False,True,True
FarahMadrigal,True,False,True,False
AghayeThomas,True,True,True,True
sara08324383,True,False,True,False
Begaeimotlagh2,True,False,True,False
Shadafarin77,True,False,True,False
crypto1g6,True,False,True,False
Alireza06128652,True,False,True,False
Artemish1991,True,False,True,False
behnamahz,True,False,True,False
Bahar758922,True,False,True,False
ostore_irani,True,False,True,False
sloganeer_ir,True,False,True,False
SaraBordbordbar,True,False,True,False
pahlavism2582q,True,False,True,True
javidiran1414,True,False,True,False
nevermind10123,True,False,True,False
hmwn_awn,True,False,True,False
MRP27101919,True,False,True,False
Benyamin_SADR,True,True,True,False
mogtabasoldir,True,False,True,False
shooresh57,True,True,True,True
bra07394182,True,False,True,False
smd_aqa,True,False,True,False
capitan_doodoo,True,False,True,True
Mahmoud64494762,True,False,True,False
Parva727,True,False,True,False
mahjina,True,False,True,False
Amir_hosein2435,True,False,True,True
xgold24k,True,False,True,False
shotorebarbar,True,False,True,False
tadele72220,True,False,True,False
sharinh1,True,False,True,True
DkhtrParsy,True,False,True,False
azin_azadi,True,False,True,False
JohnnyNash77,True,False,True,False
Diearaaaa,True,False,True,False
SabbirHass82536,True,False,True,False
del_gomrah,True,False,True,False
sofi_iran,True,False,True,False
patriotism_k,True,False,True,False
limawillyn,True,False,True,False
solhjuo,True,False,True,False
HeidariFarahnaz,True,False,True,False
Mohamad1588186,True,False,True,False
SSoorenaie62337,True,False,True,False
F2731Sirus,True,False,True,False
mansonpersian,True,False,True,False
MorgheSaharkhan,True,False,True,False
Dejonslayer,True,False,True,False
A62233799,True,False,True,False
mariou2025,True,False,True,True
citizen_ofiran,True,False,True,False
Hamidk1357,True,False,True,False
Mmad7771,True,False,True,False
Abas74413535012,True,False,True,False
Leylarasouliaz2,True,False,True,False
AryaeArya28754,True,False,True,False
RahashodedarSHZ,True,False,True,True
zahraa_rd,True,False,True,False
_rachelgreenn_,True,False,True,False
dostdarpahlavi,True,False,True,False
skyofiran19,True,False,True,True
RoxieKhos,True,False,True,False
hfvgdbgf,True,False,True,False
peyman_bgi71,True,False,True,True
beh96ram,True,False,True,False
renatosanchezfz,True,False,True,False
Farhad39714,True,False,True,False
Keir_Starmer,True,False,True,False
Ebi2498,True,False,True,False
zane_ix_irani,True,False,True,False
RouhiSadra69650,True,False,True,False
tehran94357027,True,False,True,False
Freedomseeker_i,True,False,True,False
Mahmoudpour_m,True,False,True,True
alfaeng2020,True,False,True,False
Solid1103977305,True,False,True,False
blackro34792420,True,False,True,False
anamahmodiii,True,False,True,False
hydy_mqw30753,True,False,True,False
mad24991bs,True,False,True,False
7_tomy13,True,False,True,False
Forousa1,True,False,True,False
realannapaulina,True,False,True,False
RezaDnx,True,False,True,False
reza42204,True,False,True,True
alilajevardi59,True,False,True,False
MelikaKI75,True,False,True,True
SGhasseminejad,True,True,True,True
generaldogol45,True,False,True,False
Artyphius,True,False,True,False
Freedom_2540,True,False,True,False
OSZh83,True,False,True,False
shry97337607,True,False,True,False
i_anahit,True,False,True,False
doula79272037,True,False,True,False
pahlavist1,True,False,True,False
soorrrb,True,False,True,False
Nintuu1339844,True,False,True,True
Charchism,True,True,True,False
YasharB,True,False,True,False
AzadiBename,True,False,True,False
xerxes_kian,True,False,True,True
mohamadjavade28,True,False,True,False
Mehran_49,True,False,True,False
AliaziziZ,True,False,True,False
frhd46704,True,False,True,False
shadravan2024,True,False,True,False
hashwmian17726,True,False,True,True
FD19021639,True,False,True,False
AmirArsalanNiya,True,False,True,False
Luizmalta071,True,False,True,False
SoniiaaHp,True,False,True,False
Mehrang15,True,False,True,False
Iransaz,True,False,True,True
RAHEEM2990,True,False,True,False
Ahangar46,True,False,True,True
Mnted1990,True,False,True,False
maparty_iran,True,False,True,False
RezaAhmadi_Lion,True,True,True,True
Mith0n24,True,False,True,False
MMMoonlight6,True,False,True,False
aradmard1,True,False,True,False
hn48SfurFswHfS2,True,False,True,False
abdorezaahmadi,True,True,True,True
alfred113366,True,False,True,True
Mary2220S,True,False,True,False
MJamasbi,True,False,True,False
AbhishekA101,True,False,True,False
overlord_reza,True,False,True,False
VAHID7562,True,False,True,False
Marjanasgh88777,True,False,True,True
GhalamGhadam,True,False,True,False
aryamehr1350,True,False,True,True
Lollipop8060,True,False,True,False
arasheshivatir,True,False,True,False
zahra80980,True,False,True,False
MaryamKamyab4,True,False,True,False
ADEL12935647,True,False,True,False
HAf4089,True,False,True,False
ir_defender,True,False,True,False
BnDirect,True,False,True,True
JoeMirza7,True,False,True,False
Behzad70664576,True,False,True,False
Farhad_nasiri12,True,False,True,False
zezo7576,True,False,True,False
Masouddpour,True,False,True,True
Sahand_Mehrian,True,False,True,True
LousyPapa,True,False,True,False
AlizadehYass,True,False,True,False
Zar_Banou,True,False,True,True
DadrasJalal,True,False,True,False
taherehabdoli,True,False,True,False
AyoughAida,True,False,True,False
ai_savak,True,False,True,False
kord40101558,True,False,True,True
eE5kxoTOGzhxLni,True,False,True,True
So89306299,True,False,True,False
I_am_Persia,True,False,True,False
Panikuta,True,False,True,False
arsalangh4,True,False,True,False
mehdimo77948855,True,False,True,True
Parvin61076495,True,False,True,False
MitraD13,True,False,True,True
sara__adk,True,False,True,False
ufosangelsgods,True,False,True,False
ohoomc,True,False,True,False
Syrouschalipa,True,False,True,True
lovetoflyflower,True,False,True,False
mmdd198440,True,False,True,False
AttarPotkin,True,False,True,False
reza_rasekhi_99,True,False,True,False
NNN1797614,True,False,True,False
Ehsan_Haghghi,True,False,True,True
jalilparsi,True,True,True,False
Shahanshahi_,True,False,True,False
jahanmovazi2,True,False,True,False
WomanLieFreedom,True,False,True,False
F84NEVER,True,False,True,False
noop_code,True,False,True,False
strong_girl1111,True,False,True,False
AbolfazlEk65265,True,False,True,False
Re3el3ird,True,False,True,False
azardokht2580,True,False,True,True
redfelfeli,True,False,True,True
DGhassemlouei,True,False,True,True
Bardia_2020,True,False,True,False
stiwari1510,True,False,True,False
vahid_esmaeilii,True,True,True,True
SinaToossi,True,True,True,True
samanxxxxx,True,False,True,True
Shansep13,True,False,True,False
Cyrus01267865,True,False,True,True
migmig1234321,True,False,True,False
mynyature,True,False,True,False
HSam31843643,True,False,True,False
ngo_tiep27879,True,False,True,False
Haji_killu,True,False,True,False
prezidentTrump2,True,False,True,False
Durkheim1979,True,False,True,False
NationFirstAust,True,False,True,False
javadsimin,True,True,True,False
soozankaya,True,False,True,True
Helsinkii20,True,False,True,True
Nastia2022,True,False,True,False
ParvizPakravan,True,False,True,False
CyrusKingOfIran,True,False,True,False
the_cutest_moon,True,False,True,True
mj232819_j,True,False,True,False
kimiyashahpara3,True,False,True,False
najvayedarya,True,False,True,True
AmAmeeno,True,False,True,False
Sahar651380,True,False,True,False
gezerses_2,True,False,True,False
SanazAmirr,True,False,True,True
mahe_bakhtiyari,True,False,True,False
fereidonfz,True,True,True,False
fedup_warrior,True,False,True,False
KKossher,True,False,True,False
Shahnameh2,True,False,True,False
Negan20191,True,False,True,False
gamboo_23,True,False,True,False
youngwoman25,True,False,True,True
Akbarpalangi,True,False,True,True
afshinemam1,True,False,True,False
keyan4146271641,True,False,True,False
MonzaviHassan,True,False,True,False
Hormoz_Jadeviye,True,False,True,False
taleghanism,True,False,True,False
KeiEsmaeilpour,True,False,True,False
Mohammadre27905,True,False,True,False
Callisto606,True,False,True,False
JwadP62192,True,False,True,False
AlwaysLuckyqi,True,False,True,False
pichino2_,True,False,True,False
kambizf,True,False,True,False
avizoon_mikonim,True,False,True,False
Mitra91716368,True,False,True,False
most_gh,True,False,True,False
dokhtareemardom,True,False,True,True
farzand_arshad,True,False,True,False
shayan_56,True,False,True,False
Iran57iran,True,False,True,False
amin_a_e__sh,True,False,True,False
OOphasan70495,True,False,True,True
IamZeus6,True,True,True,False
IzadiParviz,True,False,True,False
mnwchhr914501,True,False,True,False
M0mopsycho,True,False,True,False
akosi_choco,True,False,True,False
ketorolacism,True,False,True,False
Soudi52674642,True,False,True,False
coldbeerforiran,True,False,True,False
peshtokbaran,True,False,True,False
Marsha1am,True,False,True,False
AriamehrEb5343,True,False,True,False
TNshwd,True,False,True,False
E_hsan_2020,True,False,True,False
Godfatheriranii,True,False,True,True
NATIONALIST281,True,False,True,False
sue66635611,True,False,True,False
0xEeza,True,False,True,False
from_shey,True,False,True,True
SULEABDULAZEEZ4,True,False,True,False
kakotrump,True,False,True,False
sanyafshar,True,False,True,True
IranJaneMa,True,False,True,True
mahyar2583,True,False,True,False
Garshasp1363,True,False,True,False
MGH33333333,True,False,True,False
bbbaarraannn,True,False,True,False
Nikan387515,True,False,True,False
javid_shah_1980,True,False,True,False
Z15UYb3OTZF9DMI,True,False,True,False
MSYP_sasa,True,False,True,False
Alireza77029333,True,False,True,False
LEGOLAS_MH,True,False,True,False
KaffarInfidel,True,False,True,False
mohamad136262,True,False,True,False
mostasharirani,True,False,True,False
ghoghnoos97,True,False,True,False
Samuel03102239,True,False,True,False
GalaxyM52G5,True,False,True,False
FatehiSade97031,True,False,True,False
shahab13591,True,False,True,False
Majic_ocaen81,True,False,True,False
parv7335,True,False,True,False
shahrad323,True,False,True,True
Reza81041367,True,False,True,False
Iran_eran,True,False,True,True
mahiazadi1,True,False,True,False
AuroraBrs,True,False,True,True
greatchaser001,True,False,True,False
thesunndthelion,True,False,True,False
DareyoshJ,True,False,True,False
DostoAnastasia,True,False,True,False
cashcaratkhanum,True,False,True,False
IranIsOurTemple,True,False,True,False
Sayehbazy01,True,False,True,False
sofialewis74,True,False,True,False
tahmoores69,True,False,True,True
iranabadaban,True,False,True,True
rskn50792570,True,False,True,True
parsaz80,True,False,True,False
Ramin07279996,True,False,True,False
AriaanCalessl,True,False,True,True
episote2,True,False,True,False
AsadyAmin15929,True,False,True,True
darbedarrr,True,False,True,True
mousavi0013,True,False,True,False
DarfashKaviani,True,False,True,False
SepidarSarfaraz,True,False,True,False
fatima57612,True,False,True,False
iamgroot54,True,False,True,False
pahlavism9,True,False,True,False
nasrin80146113,True,False,True,True
sagezard85,True,False,True,True
Sanama3333,True,False,True,False
NazaninBoniadi,True,False,True,False
suchawoowww,True,False,True,True
Ariamehr191978,True,False,True,True
mintz4assembly,True,False,True,False
HRHMBNSALMAAN,True,False,True,False
Farbodj96,True,False,True,False
ulsl7,True,False,True,False
ArshiaRaschke,True,False,True,False
msmnssdcss,True,False,True,True
Bahman_Zand1,True,False,True,False
kurde_isback,True,False,True,False
k_sh_p,True,False,True,False
Mahan45410151,True,False,True,False
Brave_Iran2022,True,False,True,False
RCarter16970,True,False,True,False
shahi0123_ii,True,False,True,False
NaghiEmam,True,False,True,False
ajan_iran,True,False,True,False
mariair88,True,False,True,False
lefthook1401,True,False,True,True
AtaeyfarOmid,True,False,True,False
Jan_kocholooo,True,False,True,False
RezaArzani835,True,False,True,False
rnkcq,True,False,True,False
KhosroZareian,True,False,True,False
alborz_shah,True,False,True,False
megalodon21th,True,False,True,False
M_Chakavak,True,False,True,False
Daveee311632,True,False,True,False
sebander09,True,False,True,False
Taghbaz,True,False,True,False
r_rahimpour,True,True,True,True
ps71835656,True,False,True,False
HassanM45207901,True,False,True,False
RostamyF,True,False,True,False
Parivas64137079,True,False,True,False
M5293814367999,True,False,True,False
sniperrrrrr8787,True,False,True,True
shhrdarinmntghe,True,False,True,False
HappyFreeIran2,True,False,True,True
sadaf6868995953,True,False,True,False
Mobii___313,True,False,True,False
Masoud_1355320,True,False,True,False
ParvizP7,True,False,True,False
FercheWC,True,False,True,False
Alighazizade,True,True,True,False
MaryD9485934587,True,False,True,True
Hossein1422,True,False,True,False
samuell1977,True,False,True,False
Verethragnan,True,True,True,False
BlueMilanista,True,False,True,False
Majiddashtizad,True,False,True,False
SuccessfullBra1,True,False,True,False
Kasra1st,True,False,True,False
KPersische2,True,False,True,False
___solidarity_,True,False,True,False
Shelman1401,True,False,True,False
ba262626,True,True,True,False
saghraashrafi,True,False,True,False
patriot_men25,True,False,True,False
g_s6u,True,False,True,False
behroz_so,True,False,True,True
ADaranj32394,True,False,True,False
peyman0021my,True,False,True,False
Bahramipouya82,True,False,True,False
gandom_beh,True,False,True,False
jozhephi,True,False,True,False
Mostafa94633403,True,False,True,False
2nMari0,True,False,True,False
Alexand56484314,True,False,True,False
Cassandann,True,False,True,False
parvizmansourin,True,False,True,False
poroshat_tls123,True,False,True,False
RobertJenrick,True,False,True,False
kabus77039684,True,False,True,False
HsnMzlwmy,True,False,True,False
AhmadzadehAva,True,False,True,False
M_Poirot_,True,False,True,False
Hadi69S78,True,False,True,False
mutation2022,True,False,True,False
seyed07805127,True,False,True,False
sahebanesanat,True,False,True,False
sarjoukheh,True,False,True,True
KamiTajadod,True,False,True,False
A9455620561098,True,False,True,False
IsraelenFrance,True,False,True,False
persiangreatman,True,False,True,False
barbod17133140,True,False,True,False
189Madiyar,True,False,True,True
andishahy,True,False,True,False
CyrusTheGreatx1,True,False,True,False
Gj034IjNHh8YsUV,True,False,True,False
Aminmojgan,True,False,True,False
masi54787471,True,False,True,False
Pedroo0600,True,False,True,False
rexor2024,True,False,True,False
Sepanta2558,True,False,True,False
hadideljooei,True,False,True,True
Nirvana_k1319,True,False,True,False
kaveh737,True,False,True,True
itsBigLebowsky,True,False,True,False
nimaairani,True,False,True,False
iradib11,True,False,True,False
ElaheBurns,True,False,True,False
Sanandaj4000,True,False,True,False
robin_shari,True,False,True,False
Moryacob,True,False,True,False
newaccount1628,True,False,True,False
kaufmann_susi,True,False,True,False
Marduniya,True,False,True,False
hamidre78864747,True,False,True,False
edgeofworld7,True,False,True,False
mohammad671014,True,False,True,False
Aryanshahr,True,False,True,True
matadore1961,True,False,True,False
hasti76919335,True,False,True,False
JavidJ39543,True,False,True,False
lilian39553,True,False,True,False
Behnam451535702,True,False,True,False
Immanuelkhosh11,True,False,True,False
RadHomayon67239,True,False,True,False
,True,False,True,False
poroshatap81223,True,False,True,False
iran_shah10624,True,False,True,False
__init4free__,True,False,True,False
A_Farhangmehr,True,False,True,False
negarin77_77,True,False,True,False
JonbeshCanada,True,False,True,False
barsamkhan,True,False,True,False
SadeghE51008,True,False,True,False
shamun_ba_mokh,True,False,True,False
navid99ma,True,False,True,False
iranamtasliat,True,False,True,False
vahidghahraman6,True,False,True,True
jooje_fokoli,True,False,True,False
paolamotaki,True,False,True,False
Zari91085514,True,False,True,False
AliMohamma41417,True,False,True,False
6876vector,True,False,True,False
pooorijoon,True,False,True,False
vintagemapstore,True,False,True,False
ShirIranian,True,False,True,False
Aidin_FreeIran,True,False,True,False
,True,False,True,False
Khashayarshahe,True,False,True,False
Babak_Khorram_D,True,False,True,True
Parsa1246238,True,False,True,False
DunderThunders,True,False,True,False
Mikhak_Noghrei,True,False,True,False
LforIran,True,False,True,False
arefchabi,True,False,True,False
ras_kolnikow,True,False,True,True
TaraMedric,True,True,True,True
omani10012,True,False,True,False
sima35610578,True,False,True,False
IranArms,True,False,True,False
ArefiHaydeh,True,False,True,False
ArshaNemo2024,True,False,True,False
farshidbabaei18,True,True,True,False
seiedkama,True,False,True,False
KamranMatin,True,True,True,False
fardahaaa,True,False,True,True
shirokhourshid,True,False,True,False
BCiao67883,True,False,True,True
FrontIranian,True,False,True,True
k2kiana_,True,False,True,True
DwblwrT,True,False,True,False
Siya30Iran,True,False,True,False
troll61514344,True,False,True,True
AkbrMoshty,True,False,True,True
k_Mostafavi,True,True,True,True
mardbidin,True,False,True,True
usunvie,True,False,True,False
Amelie_stella_,True,False,True,False
Fataneh61941986,True,False,True,False
Sum57071Sum,True,False,True,True
RnameR5,True,False,True,False
raha19404842102,True,False,True,False
mmdr12628601,True,False,True,False
mabi182,True,True,True,True
shirkhorshiid,True,False,True,True
Kiiingaban,True,False,True,False
Nomad4ev,True,False,True,False
VahidKhodadad14,True,False,True,False
AliAli75868413,True,False,True,True
Aban98Iran,True,False,True,False
MAmiri00276481,True,False,True,False
shirinesmi,True,False,True,False
SorayaKarimian,True,False,True,False
matchgirl__,True,False,True,False
Ferezi4,True,False,True,False
SaintDozzi,True,False,True,False
Iran94626447011,True,False,True,False
Toothemoonz,True,False,True,False
shockwave_ff95,True,False,True,False
jack_gonjishk5,True,False,True,True
sohrab_aba44689,True,False,True,False
ira64188445,True,False,True,False
borangenabarang,True,False,True,False
Learnwithhabeeb,True,False,True,False
DonQuiboud,True,False,True,False
pouranne180196,True,False,True,False
PersianRebel007,True,False,True,False
Red_Escobar96,True,False,True,True
translatorDemon,True,False,True,False
DPezeshkian1403,True,True,True,False
peymanc130,True,False,True,False
seagullshah,True,False,True,False
Ruzkhakestari,True,False,True,False
arezo_sam,True,False,True,False
keyhanemrooz,True,False,True,False
Mahighermez1400,True,False,True,False
SedSia,True,True,True,False
seyed1121370,True,False,True,False
HeyJudeIr,True,False,True,False
iso_hacktivism,True,False,True,False
eldorado_h,True,False,True,False
mahsa16711,True,False,True,True
A8226871247358,True,False,True,False
gomo60643211,True,False,True,True
Bob00033791,True,True,True,True
mamadam327837,True,False,True,False
Kar1ean,True,False,True,False
Maryam_Rajavi_P,True,True,True,False
iransos22,True,False,True,False
sorlen,True,False,True,False
rsh_hamed,True,False,True,False
arashkamangir86,True,False,True,False
Amirshahie,True,False,True,False
Caitlyn_Jenner,True,False,True,False
Majid76513002,True,False,True,False
rad_sahra,True,False,True,True
EBahagir,True,False,True,True
ArmAnother,True,False,True,False
awiirsaeed,True,False,True,False
raglafos1,True,False,True,False
alijenabman9,True,False,True,False
Reyhane1416111,True,False,True,False
nodata12345,True,False,True,False
ezraeilll,True,False,True,False
Alan1194412,True,False,True,False
nothingisdivin,True,False,True,True
Rashidnezhad_A,True,False,True,False
no_one1969,True,False,True,False
takhtetavoos,True,False,True,False
kaveh_shirzad,True,True,True,False
isilver2009,True,False,True,False
xoyoye2995,True,False,True,False
lokifromazgard1,True,False,True,False
Serkay463289,True,False,True,False
iamiranam2,True,False,True,False
leiluniran,True,True,True,False
2pac_Shaku_r,True,False,True,False
iranhxx,True,False,True,False
Msan80005596,True,False,True,False
Pahlaviazad1,True,False,True,False
AshkanS188,True,False,True,False
Andaki_Siasat,True,False,True,False
Kurd876,True,False,True,False
pachivell,True,False,True,False
Mehri41504339,True,False,True,False
SayeAnila,True,False,True,True
iraj_rv,True,False,True,False
alborzkooh,True,False,True,False
Pahlavism3000,True,False,True,False
nikamajidreza,True,False,True,False
J8TapeVHRFWV4DJ,True,False,True,False
noor_abdalhassn,True,False,True,False
amir0211761851,True,False,True,False
YasinAsgari_ir,True,False,True,False
myd1762009,True,False,True,False
Hoseinzarei7111,True,False,True,False
AbediAdib,True,False,True,True
tyvjlpnvfg,True,False,True,False
civiil_engineer,True,False,True,False
Rajanews_ir,True,False,True,False
amoutrump,True,False,True,False
mehrad_malekan,True,False,True,False
ir_spartacus,True,False,True,False
Aziz__delha,True,False,True,False
khastedelan,True,False,True,False
IranPadeshahi1,True,False,True,False
AAh07351611,True,False,True,False
SnMilad,True,False,True,False
AZahedian82650,True,False,True,False
GuissouSha39727,True,False,True,False
artaria2020,True,False,True,False
elmi_ferial,True,False,True,False
bavarianboy76,True,False,True,False
AghayeP32595,True,False,True,False
Paul10031545,True,False,True,False
david_hoseini,True,False,True,False
PShirpoor2937,True,False,True,False
ye1550,True,False,True,False
Karen_oredvidad,True,False,True,False
oxayesh2,True,False,True,False
Sarah81062200,True,False,True,True
Arm_Ariam,True,False,True,False
khaasokhashak,True,False,True,False
weimers,True,False,True,False
IMCHOSEN_402,True,False,True,False
,True,False,True,False
monfared6,True,False,True,True
ArvinAdriyan_IR,True,False,True,False
MessageFromLen,True,False,True,False
detropdutu,True,False,True,False
morteza136565h,True,False,True,False
siamsahmed24,True,False,True,False
gotoorsh,True,False,True,False
Morteza98767,True,False,True,False
erfan5845834694,True,False,True,False
SM7SM7SM77,True,False,True,True
papili6831,True,False,True,False
Ahliebafghi1,True,False,True,True
Strongh99496727,True,False,True,False
sava6780,True,False,True,True
sokotmargbar,True,False,True,False
Allibiali1997,True,False,True,False
IAmOrdinaryEli,True,False,True,False
iran_ba_pahlavi,True,False,True,False
gdnpdwtuae,True,False,True,False
,True,False,True,False
AntyMosalman,True,False,True,False
roy1659699983,True,False,True,False
sha93242418,True,False,True,False
MaryamJafa6043,True,False,True,False
blnd_chia28620,True,False,True,False
,True,False,True,False
cryptodree56,True,False,True,False
ahmad_Ariaie,True,False,True,False
zeytoon2022,True,False,True,False
SalsitaWLF,True,False,True,False
HAKHAMANES86163,True,False,True,False
ManTafreshi,True,False,True,True
zanemoomeshki,True,False,True,False
Zan_Freedom50,True,False,True,False
helboy725886834,True,False,True,False
georg_e_floyd,True,False,True,False
AccoeEs,True,False,True,False
Irana772652,True,False,True,False
mehrbanuirani,True,False,True,False
hadisfldvnd,True,False,True,False
CyrusPatriot,True,False,True,False
SHAHRAMSHI77885,True,False,True,False
mn12883411,True,False,True,False
m_58n,True,False,True,False
SJ90persian,True,False,True,False
AkterNafiz,True,False,True,False
Donia55452615,True,False,True,False
Rock49927740,True,False,True,False
Pauloldman109,True,False,True,False
KingReasonable,True,False,True,True
KenWeinstein,True,False,True,False
lezcanotech,True,False,True,False
bt_mb_27,True,False,True,True
hichmapich,True,False,True,False
boeleboel,True,False,True,False
kian11031,True,False,True,False
mahdifareghi,True,False,True,False
Zoidberg_1989,True,False,True,False
fdomsaag7396,True,False,True,False
PQotaslou,True,False,True,False
honar1401,True,False,True,False
jeff68520412,True,False,True,False
dokhtarMehrabo1,True,False,True,False
Jasmineforiran,True,False,True,True
FardinLotfi,True,False,True,False
Mohammad63614,True,False,True,False
Nilooo561,True,False,True,False
ya_lda15675,True,False,True,False
AfzaNader,True,False,True,False
Pahlavipatriot,True,False,True,False
devoneh_too,True,False,True,True
KiggerOgUndres,True,False,True,False
Iranaryaee8665,True,False,True,True
MarioDB,True,False,True,False
avesta38276357,True,False,True,False
aus_alvin,True,False,True,False
ShivaSh1974,True,False,True,False
Fariba45885036,True,False,True,False
gorizazmarkaz_,True,False,True,False
sep30san,True,False,True,False
javidshah081004,True,False,True,False
BB38793696,True,False,True,False
smkmeh,True,False,True,True
OriginalHaddock,True,False,True,False
Bidare_shab,True,False,True,False
Royab123,True,False,True,True
vatanm57,True,False,True,False
Al_Pa_Vi,True,False,True,True
ashoob70340591,True,False,True,False
rezasheibaniasl,True,False,True,False
RoshanaieT97218,True,False,True,False
SPourjavan,True,False,True,False
DragonTokhm,True,False,True,False
seyedegavaznha,True,False,True,False
jebran1001,True,False,True,False
erf1401,True,False,True,True
FrhadT86509,True,False,True,False
tajj1994,True,False,True,False
ganune_asasi,True,False,True,False
ShahramAry91707,True,False,True,False
artemisiraniii,True,False,True,False
ir_brainwashed,True,False,True,False
Elham72945638,True,False,True,False
Bahar37290325,True,False,True,False
Daryunium,True,False,True,False
AkhavanSog84586,True,False,True,False
Sarvin6060,True,False,True,False
mr7695,True,False,True,False
R13388250,True,False,True,False
Technocracy1925,True,False,True,False
khamenei_ir,True,False,True,False
viskansin1984,True,False,True,False
KhosroParvizSas,True,False,True,False
Ali63164295Ali,True,False,True,True
Sharabtalkh1,True,False,True,False
Ariaroshangar,True,True,True,False
KariSadisadi,True,False,True,False
InstantKar57637,True,False,True,False
Far_yaddd,True,True,True,False
Oscar8206763177,True,False,True,False
taghi_hamidi,True,False,True,True
amirarsalan2028,True,False,True,False
BahmanNassiri,True,False,True,False
Avesta77684495,True,False,True,False
balochestan1422,True,True,True,False
ellabluebird,True,False,True,False
AlirezaHar98562,True,False,True,False
Julia83725785,True,False,True,False
pakoota21,True,False,True,False
samomidvar,True,False,True,False
pesar_aryamehr,True,False,True,False
sxspenn,True,False,True,False
Moshtaba6061,True,False,True,False
acc1995mf,True,False,True,False
omid6998,True,False,True,True
amirsld,True,False,True,False
baradnet,True,False,True,True
RahimiNahid,True,False,True,False
mazloum1207,True,False,True,False
NoMihed66,True,False,True,True
AminKas52107,True,False,True,False
savakiiiiiii,True,False,True,False
lalani_y,True,False,True,False
johnn_poul,True,False,True,False
dojjjjjman,True,False,True,False
agent25386,True,False,True,False
Aida25610,True,False,True,False
mehriifard,True,False,True,False
No2IR_Rejime,True,False,True,False
CivilIran,True,False,True,False
pptmbtb,True,False,True,False
Mahsa__Parsi,True,False,True,False
GusFrin19880721,True,False,True,False
RaoufMorteza,True,False,True,False
Irandokht200,True,False,True,False
IR_FrontEnd_Dev,True,False,True,False
Sara93467263855,True,False,True,False
twittkhan2024,True,False,True,False
master_SS_2021,True,False,True,False
adoor__adoor,True,False,True,True
afshin2019a,True,False,True,True
M_S_M_msms,True,False,True,False
Zakaria51Mc,True,False,True,False
dariushtarinam,True,False,True,True
siyavashapour,True,False,True,False
soliderrezashah,True,False,True,False
samwestps,True,False,True,False
ZkryaMhmd96067,True,False,True,False
dalimush,True,False,True,False
AslamyFatah,True,False,True,False
interchapga,True,True,True,False
sltan71351101,True,False,True,False
RyshSyah1597,True,False,True,False
mktb_alatwee,True,False,True,True
DariushHabibi,True,False,True,False
Aliiiii7654,True,False,True,False
MojdehShahriari,True,False,True,False
SBhshty96350,True,False,True,False
parchamdar_1401,True,False,True,False
razin6037130211,True,False,True,True
fa1221221,True,False,True,False
SamiraSarai1,True,False,True,False
marivanagam,True,False,True,False
Mm13591,True,False,True,False
golnoos54352629,True,False,True,False
ABBROBad,True,False,True,False
HLord2582,True,False,True,False
Hazrate_afshin,True,False,True,False
sadeghanehh,True,False,True,False
Sarbazpahlaviha,True,False,True,False
manaaa57,True,False,True,False
BijanSartipi,True,False,True,True
Raahh_aaa,True,False,True,False
FrancisBrian19,True,False,True,False
majid286_m,True,False,True,False
MehdiZaman44318,True,False,True,False
benyaminYFF,True,False,True,False
Hei5enberg1,True,False,True,False
Asy0uwish1,True,False,True,False
Whoamithesedays,True,False,True,False
alamol_olagh,True,False,True,False
rezayikerazinis,True,False,True,False
netanyahu,True,False,True,False
ali_rezapersian,True,False,True,True
i_waiting1979,True,False,True,False
navid39245432,True,False,True,True
StefanTompson,True,False,True,True
kaveh_1980,True,False,True,True
Golnane1,True,False,True,False
gorbeh9876,True,False,True,False
Sajjad13704,True,False,True,False
BreakHeartBlue,True,False,True,False
Shir_0_Khorshid,True,False,True,True
wanted_00_00,True,False,True,False
bilibutcherrr,True,False,True,False
qachaqchi660,True,False,True,False
CIRO_PARSI,True,False,True,False
yekta621503,True,False,True,True
Iranianboy1989,True,False,True,True
atafighter,True,False,True,False
123456mioboy,True,False,True,False
BahmanKaleh,True,False,True,False
HassanMoha29134,True,False,True,False
dralim56,True,False,True,False
dimneh,True,False,True,False
farzin_aryaei,True,False,True,True
iranazad1977,True,False,True,True
SrbazW13738,True,False,True,False
mohsenfakhar58,True,False,True,True
mamanbacheha,True,False,True,True
Raminm_,True,False,True,False
Sep16930872,True,False,True,False
baroncellli,True,False,True,False
AghaDavid007,True,False,True,False
mard_azadeh,True,False,True,True
royayeazadi2025,True,False,True,False
LocoMic622,True,False,True,False
shahriar1344,True,False,True,False
kenshin9092,True,False,True,False
sasha1386s,True,False,True,False
PANJAREH,True,False,True,True
RaminHn21,True,False,True,True
KimberlySu44051,True,False,True,False
Mohsen036830941,True,False,True,True
Noorsoldier7,True,False,True,False
drkht56249,True,False,True,False
aryamehr6699,True,False,True,False
shugababy_,True,False,True,False
suppresion402,True,False,True,False
soorena_1990,True,False,True,False
cyrusaccord,True,False,True,False
Anahita_APG,True,False,True,False
shahbano67,True,False,True,False
ArminNavabi,True,True,True,False
Mary12198952355,True,False,True,False
RezaOstovari4,True,False,True,True
nasimesobgahi,True,False,True,False
Ziro41040158,True,False,True,False
KingRezaP_2,True,False,True,False
amirkabir25,True,False,True,True
sarakhalighi54,True,False,True,False
_mehmetir_,True,False,True,False
aliyajanna8080,True,False,True,False
LarryEKlayman,True,False,True,False
mr_moatarez,True,False,True,False
jeep27203766,True,False,True,False
All00101,True,False,True,False
Rome21325,True,False,True,False
mmd1284656,True,False,True,True
Orkideh_E,True,False,True,False
27Pey_man,True,False,True,False
LeilayeIran,True,False,True,False
lilia_Trumpgirl,True,False,True,True
WAer7sEJfaZZTlP,True,False,True,False
MrMcKinney16,True,False,True,False
farshidroad,True,False,True,False
ArioShadma35765,True,False,True,False
Pahlavishahh,True,False,True,False
Justin_48lolo,True,False,True,False
Mehr1050997,True,False,True,False
HmydGhlamy26591,True,False,True,False
MaBeiginejad,True,False,True,False
VSalehieh,True,False,True,False
Ashik_Billah8,True,False,True,False
chekmyname,True,False,True,True
hamedtgh,True,False,True,False
jaavid_shah,True,False,True,False
afternoonsun7,True,False,True,True
markgeorge800,True,False,True,True
farshadfarshqwe,True,False,True,False
Mahdizadeh15488,True,False,True,False
afsaneirani,True,False,True,True
Caramelmeta,True,False,True,False
Ela4025,True,False,True,False
akhtar1989,True,True,True,False
MAzarniya96849,True,False,True,False
chehelamirani,True,False,True,False
shahin197979122,True,False,True,False
Seeyasookhte777,True,False,True,False
gladiato2025,True,False,True,False
NA50018645,True,False,True,True
59Mohi58,True,False,True,False
alvin26260,True,False,True,False
Shahinlooo,True,True,True,True
Bahram09206669,True,False,True,False
1Habibian,True,False,True,False
Hodor937098,True,False,True,True
bloodyphonix,True,False,True,False
Atoornia,True,False,True,False
daza_azad,True,False,True,True
Milaanmr,True,False,True,True
brooks_ash3878,True,False,True,False
shaeh1304,True,False,True,False
Moukafat,True,False,True,False
ArashRezai4545,True,False,True,False
crypto6166,True,False,True,False
ArioRaha,True,False,True,False
SlmwnyD,True,False,True,False
ghoghnossssss,True,False,True,False
HDs4717,True,False,True,False
niksimae,True,False,True,False
vicimagdelof,True,False,True,False
AAAPP3690,True,False,True,True
ZagaloB1,True,False,True,False
LFraghty85651,True,False,True,True
masooaaa,True,False,True,False
MahakRadman2583,True,False,True,False
mitra4046,True,False,True,False
ZaalFOR,True,False,True,False
mahyararyaii,True,False,True,False
disruptive7,True,False,True,False
julia_p8,True,False,True,False
martinlove236,True,False,True,False
sstay566,True,False,True,False
pahlavi_com,True,False,True,False
shalamshoolba,True,False,True,False
fardad2001,True,False,True,False
KamiSaye81333,True,False,True,True
fazisey,True,False,True,False
Nazanin_G,True,False,True,False
Sama31599012,True,False,True,True
bardia_iranii,True,False,True,False
fuckinbastarrd,True,False,True,False
MammadPahlavi,True,False,True,False
KingPhoton1,True,False,True,False
3lordmuzan,True,False,True,False
pause_Death,True,False,True,False
Addy_syz,True,False,True,False
arashmidoss,True,False,True,False
black_elite_x1,True,False,True,False
alentiti1976,True,False,True,False
iran_godfather,True,False,True,True
jesus8399,True,False,True,False
mahistan,True,True,True,True
SpahbodPeroz,True,False,True,False
banafsheh_ghsmi,True,False,True,False
behraadf,True,False,True,False
HELEN_Ksh_,True,False,True,False
Amirmehdi844960,True,False,True,False
silvio_1975_so,True,False,True,True
Tooshishun,True,False,True,False
IzadYekta,True,False,True,False
giladerdan1,True,False,True,False
persian2581,True,False,True,False
maraltehraniii,True,False,True,False
AfshinEllian1,True,True,True,False
pedramshahnavaz,True,False,True,False
asili1961,True,False,True,False
SandyBig81,True,False,True,False
Atosa1549,True,False,True,False
redstar_666666,True,False,True,False
KourosAzartash,True,False,True,False
yourfriend39,True,False,True,False
parsi14385,True,False,True,False
SB8199120483475,True,False,True,False
f99286130,True,False,True,False
Dena_pv98,True,False,True,False
saman_350,True,False,True,True
Songornia,True,False,True,True
madyar1401,True,False,True,False
mperelman,True,False,True,False
nasim644328351,True,False,True,False
Roya51215,True,False,True,False
maziarmarco,True,False,True,False
,True,False,True,False
sorkhnak,True,False,True,False
mhmakki,True,False,True,False
pishiiik,True,False,True,True
asgharflafeli,True,False,True,False
V4vendettaaaaa,True,False,True,False
Rissa3030,True,False,True,False
pershin_boy,True,False,True,False
KingOfHell77,True,False,True,True
fuaaaad586,True,False,True,False
ly6250273153889,True,False,True,True
HowidyHamza,True,False,True,False
Amirhos86163217,True,False,True,False
Arasheshbaa,True,False,True,False
ArtemiaBita,True,False,True,False
Masoud_2559,True,False,True,False
Shahmihanabadi_,True,False,True,True
Shiva59552225,True,False,True,False
KhanalMB,True,False,True,True
unknownper31,True,False,True,False
artemis_pe97652,True,False,True,False
NikPendar369,True,False,True,False
monajanahm,True,False,True,False
tourneh71267,True,False,True,False
Palevoon,True,False,True,False
87_winner,True,False,True,False
SaharTavakoli9,True,False,True,False
ahmad37480,True,False,True,False
gatesofhell9,True,False,True,False
BahramAzad37392,True,False,True,False
tar1350tar,True,False,True,False
abbasparsi,True,False,True,False
korocodill,True,False,True,False
Fadaei93575185,True,False,True,True
azadi7888,True,False,True,False
Kourosh2121,True,False,True,False
Kiu_kiki,True,False,True,False
morteza10a,True,False,True,False
reza1747,True,False,True,False
ggooddgirl,True,False,True,False
Afgaar_4004,True,False,True,False
satushinakamotu,True,False,True,False
Qalandar63,True,False,True,False
Aria_2582,True,False,True,False
FarehIranTV,True,False,True,False
queeckly,True,False,True,False
Dr_Abrishamkar,True,False,True,False
saeednader48681,True,False,True,False
did0009,True,False,True,False
K1Kave,True,False,True,False
HakhaAli,True,False,True,True
good_bye1401,True,False,True,False
pahlavi_yasmine,True,True,True,True
sara_rhvrd,True,False,True,False
BozeKhar,True,False,True,False
simorgh_2,True,False,True,False
JJohan3815,True,False,True,False
RShemroon,True,True,True,True
eq55,True,False,True,False
Dr_Dreamerr_,True,False,True,False
Farhad_tork,True,False,True,False
parvin_mohebbi,True,False,True,False
Soza1168229Soza,True,False,True,False
banovarahi,True,False,True,False
DragonsHeartss,True,False,True,False
aghachurchilll,True,False,True,False
Anizh_irani,True,False,True,False
persian_1991,True,False,True,True
babak57798788,True,False,True,True
MikhailMandM,True,False,True,False
shiporr_,True,False,True,False
IrajC31063,True,False,True,False
jnbarrot,True,False,True,True
snematollahi,True,False,True,False
Aysan_Iran,True,False,True,False
omidxazadi,True,False,True,False
Samii987p,True,False,True,False
Vetiverrr,True,False,True,False
ZoghalForoosh,True,False,True,False
ChaawTimes,True,False,True,False
birght_future,True,False,True,False
Abivardan1978,True,False,True,False
OfficialSimin,True,True,True,False
Hat24245194Hat,True,False,True,False
Bahram_smp7020,True,False,True,True
Arash1623998,True,False,True,False
RoshdiSalm2665,True,False,True,False
anonym0usalien,True,False,True,False
RadArtemis56,True,False,True,False
PrinceAemond18,True,False,True,True
Alirezaazad2023,True,False,True,False
AnnaAnna198538,True,False,True,False
god_kochak,True,False,True,False
sohrabpakzad77,True,False,True,False
siina1037500,True,False,True,False
Laststanddavid,True,False,True,True
Symmetrybody_tj,True,False,True,False
kurosh1919,True,False,True,False
Z7pZ8GPdHeNWhOK,True,False,True,True
DarvishOmi21387,True,False,True,True
JoliJolia8274,True,False,True,False
khalokakaee,True,False,True,False
AllhZby2573,True,False,True,False
dariush_ki38195,True,False,True,False
farhishan,True,False,True,False
utab2020,True,False,True,False
blindowl80,True,False,True,False
SMichelsss43669,True,False,True,False
KANAEKO05850214,True,False,True,False
shakouri87,True,False,True,False
EshghTabas8940,True,False,True,False
MikeMorrisss,True,False,True,False
tumpaaktar30,True,False,True,False
1_shahrvand,True,False,True,True
2nonononono,True,False,True,True
shah_khah1,True,False,True,False
HomayeIranian,True,False,True,False
Iran_Ariobarzan,True,False,True,False
AhmadFarahman18,True,False,True,False
leny4827,True,False,True,False
Irany2022,True,False,True,True
ByDwd21498,True,False,True,True
SarbazRezaShah2,True,False,True,False
RoyaJoonRJ,True,False,True,True
i5LN4H03G4ivMgL,True,False,True,False
DAVIDNissi8,True,False,True,False
mohamadA410801,True,False,True,False
Shangulia,True,False,True,False
Shahin310843,True,False,True,False
FarshadRzh10454,True,False,True,False
BemounJoker,True,False,True,False
1954_denzel,True,False,True,False
quixoticfighter,True,False,True,False
venom278777,True,False,True,False
moradi_nashmin,True,False,True,False
Eba21265624,True,False,True,False
FarhadAmard3,True,False,True,True
Mahro72,True,False,True,True
shabrang1992,True,False,True,False
zarabithegr8,True,False,True,False
mobarez1991,True,False,True,False
Gapy_Azad,True,False,True,False
DavidSacks,True,False,True,False
Nasim_golestan,True,False,True,False
CocoL45102,True,False,True,False
azadiway1401,True,False,True,False
ShahPahlavi1960,True,False,True,False
Dan4kingreza,True,False,True,False
Kkh58624537,True,False,True,False
saiedshemirani,True,True,True,False
SarhangiSo69694,True,False,True,True
Monsters343,True,False,True,True
mahan20162016,True,False,True,False
BahramRad84,True,False,True,False
Milad18936,True,False,True,False
Navid1966,True,False,True,False
argoalkeeper,True,False,True,True
Mohamma15345297,True,False,True,True
nellpour,True,False,True,True
HyperGa58392870,True,False,True,False
baabaaak,True,False,True,False
legolas5740,True,False,True,False
Epm617946937790,True,False,True,False
AlamiFariborz,True,False,True,False
ghazale_chelabi,True,False,True,True
Keivanam,True,False,True,False
helaleshiri,True,False,True,False
dantehism,True,False,True,False
eme6191,True,False,True,False
only_godislove,True,False,True,False
nasle_noo,True,False,True,False
sali99417164,True,False,True,True
DerekLopez67319,True,False,True,False
HOS_BAS_2000,True,False,True,False
Mary09695034,True,False,True,False
jam247376,True,False,True,False
iiiiiinnnd,True,False,True,False
UeMKT3JT8HDFeUI,True,False,True,False
shahikitas7685,True,False,True,False
ShahoVatan,True,False,True,False
feri_2023,True,False,True,False
nima_mos12,True,False,True,True
Ireadyouall,True,False,True,False
Snapethesavage,True,False,True,False
JavadRassuli,True,False,True,False
tinaasheri,True,False,True,True
sseennaaas,True,False,True,True
babaadoel,True,False,True,False
AriyaMehr_2025,True,False,True,False
HEAVYWASH_,True,False,True,False
Mirza_Koch_Khan,True,False,True,False
mirabi_hamid,True,False,True,False
RMiraghayi,True,False,True,False
Bambobia,True,False,True,True
MashreghiPesar,True,False,True,False
iraniiiiii989,True,False,True,False
IraneSarafraz1,True,False,True,False
kasra1825,True,False,True,False
PacheAzm,True,False,True,False
Tayra74,True,False,True,False
whois20211400,True,False,True,False
_ali__aqa__,True,False,True,False
Estarlink11,True,False,True,False
RedrockRiver,True,False,True,False
CAS_GILAK,True,False,True,False
M_A_NI,True,False,True,True
MariamShahriar,True,False,True,False
EhsanTmusique,True,False,True,False
vatanvataniran,True,False,True,False
manotoperspolis,True,False,True,False
movibryant24,True,False,True,False
AfsaneyeRowshan,True,False,True,False
LHstm53270,True,False,True,False
Mehdi55199930,True,False,True,False
Sepidedam2535,True,False,True,False
rexamian,True,False,True,False
mahdifa23470728,True,False,True,False
iranzam02769139,True,False,True,True
OpRambo75506,True,False,True,False
salam122345678,True,False,True,False
fesenjoonNn,True,False,True,False
Da_Behzad,True,False,True,False
belakorm,True,False,True,False
mojgan_shohan,True,False,True,False
barayeIran670,True,False,True,True
Respina122626,True,False,True,False
prisp2023,True,False,True,True
KasraNushirvan,True,False,True,False
Seshanbeh,True,False,True,True
mhd_1403,True,False,True,True
rezarezarezarrr,True,False,True,False
Zahra554628001,True,False,True,True
Alireza1361493,True,False,True,True
Derafshkaviyan2,True,False,True,False
maziyar5862,True,False,True,False
Kakomotori,True,False,True,True
CyrusPersia_25K,True,False,True,False
Nader1398ab,True,False,True,False
OmHooda1,True,False,True,False
Mohamad86277574,True,False,True,False
Ariuonte,True,False,True,False
mikhtavile57,True,False,True,False
BosworthTo64372,True,False,True,False
Erfanirn,True,False,True,True
Manouch88799342,True,False,True,False
Shahram0107515,True,False,True,True
kaveh_63,True,False,True,False
FarhadK119334,True,False,True,True
dr_taramehr044,True,False,True,False
khelojitonew,True,False,True,False
behrouzaria29,True,False,True,False
meh8585,True,False,True,False
khoshbin89,True,False,True,False
Masuod412175555,True,False,True,False
nikdast,True,False,True,True
itsKGG,True,False,True,False
balochpahlavii,True,False,True,False
m196819,True,False,True,False
iranpahlavi2117,True,False,True,True
MacroInvestor10,True,False,True,False
MidnightGrus,True,False,True,False
ashTehran,True,False,True,True
hell_warrior_07,True,False,True,False
Asal291,True,False,True,False
calvino2025,True,False,True,False
Ajdarafkan,True,False,True,False
kamangirrrr,True,False,True,False
Marco66725922,True,False,True,False
ZabihAmini1525,True,False,True,False
JANAMFADAYIRAN1,True,False,True,False
NewYorkerinLACA,True,False,True,True
sa_afsaneh87834,True,False,True,False
abbasiniho,True,False,True,False
adi_jony89902,True,False,True,False
saman222000,True,False,True,True
LiliybirdM,True,False,True,False
unknown90to23,True,False,True,False
womanofsunland,True,False,True,False
HR4868,True,False,True,False
poolack2410,True,False,True,False
mhhm6661,True,False,True,False
ShahinPeykar,True,False,True,False
__Gordafarid,True,False,True,False
kingpahlaviiii,True,False,True,False
robiolle,True,False,True,False
Karbandi15,True,False,True,False
persiaswrd,True,False,True,False
seraphvandad,True,False,True,False
MBwyry3021,True,False,True,False
Majid1642,True,False,True,False
Reza273503,True,False,True,False
ZardoshtKiarash,True,False,True,True
magicpen2000,True,False,True,False
kamangir1945,True,False,True,False
MaryHaeri68763,True,False,True,False
Mohsen199017,True,False,True,False
Jupiter17876647,True,False,True,False
empresstudio,True,False,True,False
Israel_Alma_org,True,False,True,False
armeyti,True,False,True,False
mskeyhan2,True,False,True,False
nasrin_p_d,True,False,True,True
metaartdesign,True,False,True,False
4IGvtJJMNKNHbP7,True,False,True,False
AmoyeRosita,True,False,True,False
ShahdokhtN74255,True,False,True,False
_mahtabtabrizi_,True,False,True,False
hichi29,True,False,True,False
iranazad14038,True,False,True,False
nikasarinahadis,True,False,True,False
Omidghasemi111,True,False,True,False
MCI__Italia,True,False,True,False
Mahnazkhodamad1,True,False,True,False
firozehee,True,False,True,False
Einzigghoul,True,False,True,True
Maryamazadi15,True,False,True,True
firegirl5507,True,False,True,False
zanvidaazadi,True,False,True,False
bardia40,True,False,True,False
THE_REWARD_KING,True,False,True,False
nag49179,True,False,True,False
RoyayeO,True,False,True,False
tarverdiza70626,True,False,True,False
Biarosh,True,False,True,False
roya_zarrin1971,True,False,True,False
sahar646047,True,False,True,False
msuster,True,False,True,False
hichennn,True,False,True,False
Javid_shaaah,True,False,True,True
Aty96702021,True,False,True,False
ParvanehSa35422,True,False,True,False
mmng199,True,False,True,True
titi__1998,True,False,True,False
janguler62,True,False,True,False
DabBaghim2992,True,False,True,False
Sherlock79250,True,False,True,True
banupanizAzar,True,False,True,True
ir_Andromeda,True,False,True,False
ALABAMAALA64950,True,False,True,False
minaOrkide,True,False,True,False
jamsiavoosh,True,False,True,False
Abhi93012,True,False,True,True
96_95_89,True,False,True,False
janis94881747,True,False,True,False
Shahe_naz,True,False,True,True
Elaheshahbazi1,True,False,True,True
Hamidtaha59,True,False,True,False
HalalehMasoud,True,False,True,False
Inookijisab,True,False,True,False
ramingh98859591,True,False,True,False
shiran_shahmir,True,False,True,False
Dr_Rafizadeh,True,False,True,False
Maani700,True,False,True,False
trex_styler,True,False,True,False
LCc80,True,False,True,False
ariaijam,True,False,True,True
BehrouzBoochani,True,True,True,True
azadi484848,True,False,True,False
Amir69179609,True,False,True,False
JamesCooper24_,True,False,True,True
pedarpedro,True,False,True,False
Mitra1277701,True,False,True,False
Aryanapart,True,False,True,False
Ali78829285,True,False,True,False
armando_lofi,True,False,True,False
persian_zebra,True,False,True,False
dokhtarlor415,True,False,True,False
Dibbbbi,True,False,True,False
ostad_patrik,True,False,True,False
No_Islamic_Rep,True,False,True,True
Zanzendeghi,True,False,True,False
PoneyHoney3,True,False,True,True
SunilVadakan,True,False,True,False
meow_ot7,True,False,True,False
Behzadhamrahi,True,True,True,False
hopegreatIran,True,False,True,False
Leo8291mh,True,False,True,True
Barbie4MVS,True,False,True,True
hadimansou21135,True,False,True,False
alirezaax03,True,False,True,False
GLNoronha,True,False,True,True
Sayade_mochgir,True,False,True,False
fahimeh33071749,True,False,True,False
sed__jamal,True,False,True,False
mMwTaXGWvPOf9Zo,True,False,True,False
SoheilaTahEri67,True,False,True,False
arazeshe_foroos,True,False,True,True
r373832517098,True,False,True,False
golmang32132884,True,False,True,False
cersei82,True,False,True,True
JulJulzarah,True,False,True,False
Behmorrie,True,False,True,False
Brian__73,True,False,True,False
AzadehTina,True,False,True,False
sarbazshahiran,True,False,True,False
Linda13064063,True,False,True,False
AriayeeeM,True,False,True,False
Nasim_Aryaee,True,False,True,False
mrymr22895850,True,False,True,False
abo_naser_kdmat,True,False,True,False
joon_amir63204,True,False,True,False
pesteradicator6,True,False,True,False
TunnelRat_45,True,False,True,False
mrcreatebymee,True,False,True,False
patriotiran79,True,False,True,False
NoahFardad,True,False,True,False
parvin_may,True,False,True,False
Nik48558993,True,False,True,False
ZahraH11096569,True,False,True,False
Mamadhashem1348,True,False,True,False
EL_0044,True,False,True,False
iran13571401,True,False,True,False
Afsane66102116,True,False,True,True
timfarmer,True,False,True,False
yaardangholi,True,False,True,False
Roham_8,True,False,True,True
johnangelo0047,True,False,True,False
ali_bahramm,True,False,True,False
HelloSamIamM,True,False,True,False
ksrw270416,True,False,True,True
CharlieCal7147,True,False,True,False
UweH57076703,True,False,True,False
Elani0n,True,False,True,False
aryamehr2025,True,False,True,False
maziyar_arya,True,False,True,False
Ata009821,True,False,True,False
swanpeace,True,False,True,False
nafas_tehrani7i,True,False,True,False
lyr1582946,True,False,True,False
KatyOstovar,True,False,True,False
dream_iranian,True,False,True,False
mehrabi_bahram,True,False,True,False
ArmaneIranian,True,False,True,True
ParvaneAli50067,True,False,True,False
Ashkanitn,True,False,True,True
yxaxsxsxi,True,False,True,False
pahlaviism,True,False,True,False
BeeeChareh,True,False,True,False
jangalmirza,True,False,True,False
fadakar2005,True,False,True,False
GorzeFereidooni,True,False,True,True
OMIDJ93290022,True,False,True,True
sheen_heart,True,False,True,False
Iranianboy52,True,False,True,True
Nilgonbanoo,True,True,True,False
nedabakhsh2003,True,False,True,True
Fair__Fairy,True,False,True,False
aztorad,True,False,True,False
iranzamin2583,True,False,True,False
Sisi97102777,True,False,True,False
BArdshyr53580,True,False,True,True
AlirezaYar98,True,False,True,False
golaagha,True,False,True,False
shabeh_siha,True,False,True,False
mehranomidi13,True,False,True,False
babakGen,True,False,True,False
AmirF0048,True,False,True,False
NavidAfkaari,True,False,True,False
ramin_monazam,True,False,True,False
yadavakhilesh,True,False,True,False
jmsyd4482418687,True,False,True,False
Mohammad7106949,True,False,True,False
dae_victor2,True,False,True,True
queen_of_sun,True,False,True,True
BdyAsghr,True,False,True,False
realnaparsaa,True,False,True,False
hiradhiradi1,True,False,True,False
Diako770374,True,False,True,True
az_md0,True,False,True,False
TechDethMetal,True,False,True,False
sunrise_1156,True,False,True,False
yb80538081,True,False,True,False
MrSchmidt811108,True,False,True,False
zluwx,True,False,True,False
shablon_22,True,False,True,False
mirzaeehsan3,True,False,True,False
ariobarzanes401,True,False,True,False
A_Jafarzadeh,True,True,True,False
HSheibanyrad,True,True,True,False
FereydunF52072,True,False,True,True
Prisoner0089,True,False,True,False
_helpeachother_,True,False,True,False
sanaz553,True,False,True,True
Hamidrezasavar3,True,False,True,False
yasmin_yousuffy,True,False,True,False
Zanirannl,True,False,True,False
vivaalD_i,True,False,True,False
ArsenkarCo,True,False,True,False
BHL,True,False,True,False
AmirDas44621946,True,False,True,False
fardad200,True,True,True,False
redaganahmady,True,False,True,False
nazanin1111111v,True,False,True,False
allahya24664797,True,False,True,False
Roham9272,True,False,True,False
angry_Iran,True,False,True,False
BaranLyto71590,True,False,True,False
barbodrad60,True,False,True,True
anahita_ira,True,False,True,False
AAlbsyr43106,True,False,True,False
bignownow41798,True,False,True,True
nftbtct,True,False,True,True
Reza81861772,True,False,True,False
nilgooniiii,True,False,True,True
ug4star,True,False,True,False
king2581iran,True,False,True,False
m_ta9h,True,False,True,False
Hamed_B_R,True,False,True,False
JsyPynkmn86041,True,False,True,False
RADA1922,True,False,True,False
lessy_chertarry,True,False,True,False
truedetective63,True,False,True,False
Iran_thekingdom,True,False,True,False
Simba102025,True,False,True,True
vahid280560482,True,False,True,True
Alann2210,True,False,True,False
j0obin,True,False,True,False
Parpanchi,True,True,True,True
nixonfoundation,True,False,True,False
AdamJamesSusan,True,False,True,False
freemind1900,True,False,True,False
soroushsou,True,False,True,False
imranha75,True,False,True,False
1400kiyasha1400,True,False,True,False
liliAT66,True,False,True,False
Saman13yeg,True,False,True,False
halehagandj,True,False,True,True
gmvy82FZ5Y98589,True,False,True,False
tyl_e_rD,True,False,True,False
KrmanyMhmdrswl,True,False,True,False
bita_nami,True,False,True,False
Farschad834017,True,False,True,False
hamediranei55,True,False,True,False
yastakas8,True,False,True,True
kaveh_ahangar20,True,False,True,False
SETAYESH_199,True,False,True,False
Bardiairaniiii,True,False,True,False
2020Alkapo58795,True,False,True,False
keshvari_aa,True,False,True,False
azadihame,True,False,True,False
bikhabam,True,False,True,False
Ariobarzan1399,True,False,True,False
,True,False,True,False
LognDavn,True,False,True,False
hklamolu,True,False,True,False
Hurashko,True,False,True,False
kurosh_persia_,True,False,True,False
spr_blwt,True,False,True,False
Dedi258890,True,False,True,False
dandalionsky,True,False,True,False
ZKhishkar,True,False,True,True
MehrsammAria222,True,False,True,False
moral_brave,True,False,True,False
Ablakoola,True,False,True,False
airanianman,True,False,True,False
mjydmhmdy101,True,False,True,False
Marta125553,True,False,True,True
AmirAriairani,True,False,True,False
Daryous37879235,True,False,True,False
Gisoo72881055,True,False,True,False
pwry112370,True,False,True,False
sbobby1348,True,False,True,False
LimoochiArham,True,False,True,False
transparent_int,True,False,True,False
amiroo_am,True,False,True,False
ZibaTannaz,True,False,True,False
yakamoz__4444,True,False,True,False
holakoolooloo,True,False,True,False
Liberti2022,True,True,True,False
ilianilim,True,False,True,True
sorna20102000,True,False,True,False
vahidkhan92,True,False,True,False
AA553187,True,False,True,False
19_SarahN,True,False,True,False
JesusIsKing290,True,False,True,False
AlirezaAzh64655,True,False,True,False
Azade_Eran,True,False,True,False
NMA8217,True,False,True,False
Michela42467922,True,False,True,False
Nazaninhosain,True,False,True,False
amir60095063,True,False,True,False
mamale25,True,False,True,True
halftimeninja,True,False,True,False
positi_man,True,False,True,False
m0rel,True,False,True,True
javidshahradio,True,False,True,False
aidakrzh,True,False,True,False
FeredeIran,True,False,True,True
rasulbajelan,True,True,True,True
Sarakamali20,True,False,True,False
ErfanMz79,True,False,True,True
palavolo,True,False,True,False
bambo60120,True,False,True,False
AhoS89641,True,False,True,False
Hich112213,True,False,True,False
_new_iran,True,False,True,False
SaraSazgar,True,False,True,False
fisherman1397,True,False,True,False
GhorghoroMr,True,False,True,False
Irandoost67493,True,False,True,False
lagerththa,True,False,True,True
mahyar8888,True,False,True,True
Arthurvanderlie,True,False,True,False
Doonkishot,True,False,True,False
youtab_g35929,True,False,True,True
ebrahimyan7,True,False,True,False
brave65204891,True,False,True,False
ZTahwry,True,False,True,False
CanuckRock,True,False,True,True
hwr53379792,True,False,True,False
deep_blue_smile,True,False,True,True
KhatibiOfficial,True,True,True,False
SabinTanha,True,False,True,False
Ferdiiran4,True,False,True,False
roya_ahmadinia,True,False,True,False
baalmaskeh,True,False,True,False
MhmdQary30047,True,False,True,False
Sternschlucht,True,False,True,False
piyalechi,True,False,True,False
Kamran_Irani,True,False,True,False
alibidarF,True,False,True,False
daryamonta6571,True,False,True,False
payan____,True,False,True,False
WdAdhr78822,True,False,True,True
baba_kuchik,True,False,True,False
Khodanoor369,True,False,True,False
Ali_Masoumi_,True,False,True,True
BehzadM0,True,False,True,True
Ahmad66_m,True,False,True,False
RaKhi136,True,False,True,True
noorzahra1992,True,False,True,False
Asena9949768255,True,False,True,False
MorawieckiM,True,False,True,False
parippp290604,True,False,True,False
ashofteh_hal,True,False,True,False
LogCabinGOP,True,False,True,False
Dondieg14561714,True,False,True,False
reezaghanoon,True,False,True,False
Saeed7054Nafas,True,False,True,True
mjyd27153591,True,False,True,False
habil13668222,True,False,True,False
Fahad_Alamirii,True,False,True,True
NhanGnj,True,False,True,False
divooneh_,True,False,True,False
saman_1361,True,False,True,False
Paris8665,True,False,True,False
midthera7en,True,False,True,False
Davy0,True,False,True,False
DavoodRahimpour,True,False,True,False
Tyron2025,True,False,True,False
HITLER_VvV,True,False,True,False
ks_465,True,False,True,True
Amirbahado79671,True,False,True,False
choleghazak,True,False,True,False
rockybalboa7557,True,False,True,False
faribadavodi,True,True,True,False
Better4IRAN,True,False,True,False
_BARAN_SSS,True,False,True,False
BenyaminHosein1,True,False,True,False
The__Binary,True,False,True,False
ali_pourhosein1,True,False,True,False
DeadPoet1984,True,False,True,False
MKocholoo,True,False,True,False
linesNFT_H,True,False,True,False
rocklandino19,True,False,True,False
iranvadigarhich,True,False,True,True
fari_bibak,True,False,True,False
madankar_sara,True,False,True,True
sattartaji,True,False,True,False
kouresh20,True,False,True,False
iran_nahid,True,False,True,False
SpaceX,True,False,True,False
mamaghani838402,True,False,True,False
hamidsanati6661,True,True,True,False
AbdiRoya65468,True,False,True,True
min53317703,True,False,True,False
awesome_12340,True,False,True,False
SavaSavadkoohi,True,True,True,False
sushiAlita,True,False,True,False
nneda1376,True,False,True,False
Zartoshtpahlav1,True,False,True,False
DokitaMuki71559,True,False,True,False
MarkazMorad,True,False,True,False
Sarkob3,True,False,True,False
Saadi51534846,True,False,True,False
Aryobarzan67641,True,False,True,False
HKashani40,True,False,True,False
hossein_sha5916,True,False,True,False
Alirezacanada,True,False,True,False
azadmanesh13789,True,False,True,True
FaridM95116,True,False,True,False
MdMamun75536250,True,False,True,True
Sgh17068248,True,False,True,True
KianaMsqt,True,False,True,False
IBO_OOOOO,True,False,True,False
kaminarino_kami,True,False,True,False
Javidshah55106,True,False,True,False
CinemaRex,True,True,True,False
Blueeyesangel1,True,False,True,False
pedar_martin,True,False,True,False
_agha_irani_,True,False,True,False
PADENA21,True,False,True,False
HassanpourSaeed,True,False,True,False
god_of_Gods369,True,False,True,False
MReed57536,True,False,True,False
torkpour_arash,True,False,True,False
Mr_Iran12,True,False,True,False
sheila_farhang,True,False,True,False
atena_ramezani,True,False,True,False
alo_khoda,True,False,True,False
RahbarDonya,True,False,True,False
CyrusTh74263530,True,False,True,True
HamedRasoli12,True,False,True,False
HiVivik14766,True,False,True,False
soshiant0707078,True,False,True,True
man_khaste41077,True,False,True,False
Tinabakhshi,True,True,True,False
9zRXB7FKtgvFovK,True,False,True,False
mohamma23078991,True,False,True,False
agartaria,True,False,True,True
shaheen_ir,True,True,True,True
lively_breeze,True,False,True,True
SORENA57,True,False,True,False
zhr08950396,True,False,True,False
7REZA_AZER,True,False,True,False
moh_aminmo,True,False,True,False
MazdakBAMDADAN2,True,True,True,False
PoorMaryam,True,False,True,False
AmirMalekian250,True,False,True,True
KoroooshK39889,True,False,True,False
amiramini2124,True,False,True,False
kenzopourya,True,False,True,False
azad_apap17,True,False,True,False
kasra_persian23,True,False,True,True
Persianman81303,True,False,True,False
abiasMinistry,True,False,True,True
bipesar,True,False,True,False
_i9m7h30n3,True,False,True,True
wildcatIr,True,False,True,False
Hamid430088,True,False,True,False
EvanGolnaz,True,False,True,False
MaryamA50195877,True,False,True,False
Jm66189021,True,False,True,False
vsohrab11184,True,False,True,False
ibrahimmbc,True,False,True,False
majidi_tah69567,True,False,True,True
ArashHussein,True,False,True,False
HosseinMal35061,True,False,True,False
flash_srz,True,False,True,False
Hamidrezbeyk,True,False,True,True
sycorendan,True,False,True,True
EddieTon43,True,False,True,False
RTawakli,True,False,True,True
mehran__1978,True,False,True,False
HumanAzadi,True,False,True,False
taravat_j,True,False,True,False
PRmara20,True,False,True,False
AHUssein_mo,True,False,True,False
,True,False,True,False
JKak51270,True,False,True,False
ara_ela6824,True,False,True,False
MatiiiP12,True,False,True,False
RdwanySlma35632,True,False,True,False
jwlan_ly,True,False,True,False
dorsa4566,True,False,True,True
HaratianAli,True,False,True,True
HichkasOfficial,True,True,True,False
r_aryaei,True,False,True,False
mojibdl1,True,False,True,False
Emad263,True,False,True,False
Born_In_Tehran,True,False,True,False
Javad8845334765,True,False,True,False
iamkhorsand,True,False,True,True
mehdimoha8,True,False,True,False
negar_faraz,True,False,True,False
DARYL33Dixon,True,False,True,True
iranmehrpars,True,False,True,False
NatConTalk,True,False,True,False
finalmomentsss,True,False,True,False
leilaasleila,True,False,True,False
ariyai_,True,False,True,False
MkatbNwr_kdmate,True,False,True,False
HRMKH19,True,False,True,True
Forouzandy,True,True,True,False
javid_mina,True,False,True,True
ahmed_must47845,True,False,True,False
CCellboo,True,False,True,True
sadatahmed023,True,False,True,False
sorenasalari9,True,False,True,False
rezaazadi339869,True,False,True,False
abanskid,True,False,True,False
Sd76327078,True,False,True,True
Kianoosh6664,True,False,True,False
cerato997,True,False,True,False
survivor_nftt,True,False,True,True
be_nam_e_zan,True,False,True,False
babak_rahnavard,True,False,True,False
L1985000,True,False,True,False
Baharaane1,True,False,True,True
IRAANBAAN2,True,False,True,False
GolestanOmid,True,False,True,False
Frozanaf,True,False,True,True
Mirmat57,True,False,True,False
kaveh4040,True,False,True,False
barandazamm,True,False,True,False
sepahani,True,True,True,False
ali_kariz231365,True,False,True,False
Mahsaaaaa6,True,False,True,False
antimamooti,True,False,True,False
Kati57196782940,True,False,True,False
Alireza30904352,True,False,True,False
SmohammadH76840,True,False,True,False
Afshin03929999,True,False,True,False
karimeshoon,True,False,True,False
DirtyLilacc,True,False,True,False
zakhmdyabet,True,False,True,True
FatmaZ46342,True,False,True,False
JustSayin157328,True,False,True,False
persis_55,True,False,True,False
BerkeR91705895,True,False,True,True
AfsharSiroos,True,False,True,False
Serchengoo,True,False,True,False
abangan2500,True,False,True,False
Gimmick1221,True,False,True,False
Edwardiosss,True,False,True,True
ilya_sh3,True,True,True,False
ayalbargan,True,False,True,False
M19549Maral,True,False,True,True
ziirak93,True,False,True,False
Cyrus1656552160,True,False,True,False
Shahin_mad,True,False,True,False
VafaAlishahi,True,False,True,False
taherimani505,True,False,True,False
OwletteSouth,True,False,True,False
Alireza97458002,True,False,True,False
NavidAfkari1,True,False,True,False
Nima_gharpooz,True,False,True,True
1hdrgb1,True,False,True,True
persianlio,True,False,True,False
heidary_behnam,True,False,True,True
freeshadi81,True,False,True,False
Ardavan252,True,False,True,True
MihanparastR,True,False,True,False
Arash471163,True,False,True,False
sina_delavari,True,False,True,True
angela13331333,True,False,True,False
AAtashbaz,True,False,True,False
Iartour,True,False,True,False
ghootti,True,False,True,False
daemontargeryn0,True,False,True,False
PinkPantherIr,True,False,True,True
lahijanirashti,True,False,True,False
mehrbanojan,True,False,True,False
Babakkhoram11,True,False,True,False
aA357100,True,False,True,False
RaFg40908355,True,False,True,False
Binazir1988,True,False,True,True
farshid49747133,True,False,True,False
tochukwu_oke,True,False,True,False
saharmira2,True,False,True,False
FHajibaghe593,True,False,True,False
mohammadazadpor,True,False,True,False
alibabahastam,True,False,True,False
ramyar0935,True,False,True,False
Nader4FreeIran,True,False,True,False
sahar_11abd,True,False,True,False
LinconVaez,True,False,True,False
adsignx,True,False,True,True
sadjoker776579,True,False,True,False
M20Majid,True,False,True,False
SorenaAriamehr,True,False,True,False
la68795,True,False,True,False
BrandonF22839,True,False,True,False
Anti_Left_X,True,False,True,False
Maryamqueen1984,True,False,True,False
ZfrFrhad,True,False,True,False
SHAHANSHAH2583,True,False,True,False
humantalk4ir,True,False,True,False
Ammazzidi,True,False,True,False
Empurioss,True,False,True,True
bahaar1365,True,False,True,True
elham_darabi20,True,False,True,False
GSab770,True,False,True,False
Bahereh5,True,False,True,False
farhaaaad10,True,False,True,True
Mojtabashirazi6,True,False,True,False
Darya_2020d,True,False,True,False
codpich1,True,False,True,False
IranianAusRep,True,False,True,False
rahelehe8732122,True,False,True,False
fatemeh168789,True,False,True,False
HAMIDREZA_79sep,True,False,True,False
Iranfree2500,True,False,True,False
CyrusTheGreat6,True,False,True,True
VahidMDD,True,False,True,False
Samane91206812,True,False,True,False
Arashpahlavi11,True,False,True,True
nafass111,True,False,True,False
moorche10,True,False,True,False
morfi6221,True,False,True,False
ali460891393848,True,False,True,False
rasti_110110,True,False,True,False
khansarinia,True,False,True,False
ssiamak8,True,False,True,True
saeed_hame52198,True,False,True,True
hou_sal45462,True,False,True,True
w22662863,True,False,True,False
arlightning1017,True,False,True,False
Farzad9630,True,False,True,False
sajad_ne,True,False,True,False
Teddy65421,True,False,True,False
SafedahM,True,False,True,False
ubay_kasep,True,False,True,False
yejaye_door,True,False,True,False
mO0nym0On,True,False,True,False
rahelepan,True,False,True,False
baymax_irani,True,False,True,False
hamed772266,True,False,True,False
majid_reza963,True,False,True,True
Hooman_Iran10,True,False,True,True
SarjinSmrt,True,False,True,False
Alialidap,True,False,True,False
shahramk82,True,False,True,False
Mehrnoush09,True,False,True,False
Diego_patriot,True,False,True,False
drvahdani,True,False,True,False
parast0000001,True,False,True,False
kingreza2024,True,False,True,False
themiilii,True,False,True,False
ashrafiiiii,True,False,True,False
Shahed5754,True,False,True,False
Danialoow,True,False,True,False
sobheomide2025,True,False,True,False
Rokhsareamidi,True,False,True,False
PaulZamany,True,False,True,True
ariuo344781,True,False,True,False
keven5998,True,False,True,True
Warriorofpersia,True,False,True,False
HosseinAkb27255,True,False,True,False
jerome_ara48993,True,False,True,False
ZedrooJoanna,True,False,True,False
justirajov,True,False,True,True
ali466943372712,True,False,True,False
Rick02495449,True,False,True,False
Yalda29792344,True,False,True,True
rahmatkhoshrou,True,False,True,False
raisedbyphoenix,True,False,True,True
AmirJavani12,True,False,True,False
MRRKH6241791903,True,False,True,False
master724247,True,False,True,False
Mansour__Soufi,True,False,True,False
Asal2321401,True,False,True,True
SHAH7_45,True,False,True,False
WrAf99,True,False,True,True
siavash_8888,True,False,True,False
Babak_iranyar,True,False,True,False
wakeuptoraelity,True,False,True,False
AZPOIUYTREWQAZ,True,False,True,True
SamanA82867,True,False,True,False
zazo123mis,True,False,True,False
javid2h,True,False,True,False
arashbagheri,True,False,True,False
MHesaby,True,False,True,False
ShahramKhalatb1,True,True,True,False
Siyah_Jamegan,True,False,True,False
asoupar,True,True,True,False
Alice_Weidel,True,False,True,False
saeed98247984,True,False,True,False
FatttemeS,True,False,True,False
koorosh1974jam,True,False,True,False
milankhajehie,True,False,True,False
students00,True,False,True,True
x_userunk9,True,False,True,True
khabamia,True,False,True,True
Arthurbmorgan1,True,False,True,False
alikhani_alirza,True,False,True,False
high_eleven,True,False,True,False
MAriyaei78796,True,False,True,True
shlgyr,True,False,True,False
nimasaeidi_,True,False,True,False
kaj_o_kole,True,False,True,False
paniali3,True,False,True,False
MKamariii79233,True,False,True,False
mama22518,True,False,True,False
man_in_ja,True,False,True,True
Risen_for_Iran,True,False,True,True
keronpm,True,False,True,False
,True,False,True,False
MrBean30ia30,True,False,True,False
Abdulqudus60,True,False,True,False
kamran13672,True,False,True,True
Leily9865472831,True,False,True,False
ashkan163230091,True,False,True,False
Barg_,True,False,True,False
oopirani,True,False,True,False
RahatOLholghuM,True,False,True,True
VivaViva199538,True,False,True,False
payambakht,True,False,True,True
khashayar0007,True,False,True,False
Tanhaee777,True,False,True,False
regeneratemee,True,False,True,True
CameronBehzadi,True,True,True,False
starbombairan,True,False,True,False
Dari_paryayi,True,False,True,False
shadows_off,True,False,True,False
Md77545448,True,False,True,False
FeryTiamo,True,True,True,False
ARASPASHAEI,True,False,True,False
PressSec,True,False,True,False
myad06707158,True,False,True,False
mahdip1212,True,False,True,False
Mehrad_ariaei,True,False,True,False
nilimlim,True,False,True,True
ArabLengeh,True,False,True,False
hamid462996,True,False,True,False
FanpageYaspah,True,True,True,False
Alireza336a,True,False,True,False
Humaye_Iran,True,False,True,False
hassejam,True,False,True,False
ShahrazShAA,True,False,True,False
ameh_far,True,False,True,True
MmMm14800079,True,False,True,True
Roshana_sh,True,False,True,False
topolmirza,True,False,True,False
Reza6070,True,False,True,False
Jamshiddadgar,True,False,True,False
Roya1Se,True,False,True,False
ForoughFarrokh5,True,False,True,False
Bahmani48446962,True,False,True,True
mohammadre38638,True,False,True,True
EeVahid,True,False,True,False
PeymaneNovin1,True,False,True,True
zibarish,True,False,True,False
amgadizeina,True,False,True,False
Iran_2500_,True,False,True,False
mihan_sarbaz,True,False,True,False
Nader02721609,True,False,True,False
Moji8665,True,False,True,False
Hesambahrami4,True,False,True,False
aminkas2,True,False,True,False
Sailor199217,True,False,True,False
aminaghaei2,True,False,True,False
mihan_dos,True,False,True,False
richardabbas53,True,False,True,False
Aryamehr_com,True,False,True,False
MlkFarshad,True,False,True,True
kadosiyan,True,False,True,False
HojjatA47844,True,False,True,False
tthenry141414,True,False,True,False
Alithepatriot12,True,False,True,False
IronTermite79,True,False,True,True
Farhangn1Arezoo,True,False,True,False
paddy1339,True,False,True,False
Atousa_Patriot,True,False,True,False
Behnam_AD,True,False,True,True
emilyshar1,True,False,True,False
Radman_s51,True,False,True,False
God_king_people,True,False,True,False
javid_shah4123,True,False,True,False
sourimogharrabi,True,False,True,False
baharkhademh,True,False,True,False
KarooN51942417,True,False,True,False
ras99841,True,False,True,False
Piron_e_Iran,True,False,True,False
Daniel230708,True,False,True,False
Shima80100,True,False,True,False
ancient4life,True,False,True,True
shekarpash,True,False,True,False
neda_haghgo,True,False,True,False
Eggshell991115,True,False,True,False
mk_fighter_,True,False,True,True
pasargad28533,True,False,True,False
azadeh48,True,False,True,False
shingolani,True,False,True,True
Agh28471801,True,False,True,False
rta1959,True,False,True,False
hamed_usf,True,False,True,False
1raneazad,True,False,True,True
2025Zoldik,True,False,True,False
IranSafe,True,False,True,False
shahyar25,True,False,True,False
mahsaamini2500,True,False,True,False
Sooffiiaa78,True,False,True,False
ilyarad410725,True,False,True,False
RainyDaysOfYear,True,False,True,False
MehrzadAry51364,True,False,True,False
Azarsam_Radinya,True,False,True,False
SMherbani,True,False,True,False
Sara_victtory,True,False,True,False
JavadHossini14,True,False,True,False
MersadRaeisi,True,False,True,False
hichestannisty,True,False,True,False
iran_shiva,True,False,True,False
ebrahimi29877,True,False,True,False
iranusa2000,True,False,True,False
Reza_datja,True,False,True,False
vajname,True,True,True,True
rosaparto,True,True,True,True
VictorPeyman,True,False,True,False
IrBozorg,True,True,True,False
Elahe87936389,True,False,True,False
kingcryptoiran,True,False,True,True
Abdo75684Doosti,True,False,True,False
bzd_dn,True,False,True,False
manairan201,True,False,True,True
Empire23456,True,False,True,False
JavadPartizan,True,False,True,False
sflo115,True,False,True,False
Ariamehr4ever,True,False,True,False
brongraybad,True,False,True,True
PahlaviGram,True,False,True,False
LiliSadr1315,True,False,True,False
Milad_Superhero,True,False,True,False
mrubin1971,True,False,True,False
SenMikeLee,True,False,True,False
mjm71582789,True,False,True,False
ElahehShe,True,False,True,False
RtbPra,True,False,True,True
Bitaxxi,True,False,True,False
shangoo00,True,False,True,True
Pahlavi554490,True,False,True,False
yekta6766,True,False,True,True
Olebeys,True,False,True,False
amir420am,True,False,True,False
royaljasmine12,True,False,True,False
nisreen_fahid,True,False,True,False
jozef522007,True,False,True,True
Aban19771,True,False,True,False
AslanSavalanci,True,False,True,False
mshahrooz34,True,False,True,False
iranebozorgma,True,False,True,True
Akharin_kalam,True,False,True,False
BasyAfshyn23434,True,False,True,False
ahora50313949,True,False,True,False
Ravanparis,True,False,True,False
Fukingregime,True,False,True,False
ParhamRamin,True,True,True,False
Kadelaw,True,False,True,False
darkobbozi,True,False,True,False
may_eddii,True,False,True,True
SinaWorldWide,True,False,True,False
abwjwdaldwsry41,True,False,True,False
beniswiftdj,True,False,True,False
masih_iran71,True,False,True,True
GraphicHavir,True,False,True,False
KamranAriyamehr,True,False,True,False
Soroush485062,True,False,True,False
FBIDirectorKash,True,False,True,False
zartoshtgr36261,True,False,True,True
Reyhane24793826,True,False,True,False
join_today8,True,False,True,False
miss_marvaa,True,False,True,False
Javanack,True,False,True,False
arifajahan90031,True,False,True,False
Kimiyakhaton3,True,False,True,False
SrwshSyna58051,True,False,True,False
parandehazad96,True,False,True,False
BB__9959,True,False,True,False
artemispor,True,False,True,False
jupiter27685052,True,False,True,True
hedieh696992260,True,False,True,False
solaris73693693,True,False,True,False
Pls_save_Iran,True,False,True,True
BasyDawd23028,True,False,True,False
AyranPayn53965,True,False,True,False
alikasra51,True,False,True,True
sabakhoie,True,False,True,True
mohsenshar41211,True,False,True,False
Farhad1371398,True,False,True,False
darvishishahram,True,False,True,False
SarmadiSay7585,True,False,True,False
Mahtwittiti,True,False,True,False
Azadikhah21,True,False,True,False
nftbooks2,True,False,True,True
shh305456,True,False,True,False
NoteFeroun,True,False,True,False
StudHkm,True,False,True,False
Jamshidkingstar,True,False,True,True
ToukaNeyestani,True,True,True,True
MahmoudMemar8,True,False,True,False
sorena_saadat,True,False,True,False
TheAkbarShah2,True,False,True,False
SafaiDarya,True,True,True,False
Passenger1349,True,False,True,False
MajidTavakolii,True,True,True,True
MTA1342,True,False,True,False
MHShari55663849,True,False,True,False
sarahraviani,True,False,True,False
sami96669345,True,False,True,False
Maryamszsz,True,False,True,True
TheDarkUrge11,True,False,True,False
lidia77ry,True,False,True,True
SamieSkyee,True,False,True,True
mollynbella,True,False,True,False
NAzartash,True,False,True,True
Mehrabad9,True,False,True,False
redlikeastar,True,False,True,False
Gh0ghn0u5,True,False,True,False
lightSoldiers7,True,False,True,True
HaniaAmiry,True,False,True,False
_mono77_,True,False,True,False
Sara___Stanley,True,False,True,False
avarhvatan,True,False,True,False
alibigham666,True,False,True,False
Haghshenas1A,True,False,True,False
ani9494,True,False,True,False
Zamnah2018,True,False,True,False
alioraz4,True,False,True,False
behnoudam,True,False,True,False
sono_Amir_,True,False,True,False
amoo1011,True,False,True,False
HanKling10,True,False,True,False
MAyran98961,True,False,True,False
shahramshirazi6,True,False,True,False
parvizsardari,True,False,True,False
ArtavandKrazy02,True,False,True,False
Hamidiran1393,True,False,True,False
setareh_diet,True,False,True,False
HamiDGh_NC,True,False,True,False
SiamakGhassemi,True,True,True,True
KKhanzadeh59819,True,False,True,True
Alice_wndr420,True,False,True,False
GhiamiDavood,True,False,True,False
kaicox95,True,False,True,False
wahid_ks32,True,False,True,False
mrs20306260,True,False,True,False
annisaboutgod,True,False,True,False
dr_hanaoka,True,False,True,False
masiihastam,True,False,True,True
MMonshizadegan,True,False,True,False
loAmirol,True,False,True,False
sassoon1828saba,True,False,True,True
ShahWillReturn,True,False,True,False
SarzamineBabak,True,False,True,False
nevada18632672,True,False,True,False
salar1370iran,True,False,True,False
NaslEsokhth,True,False,True,False
BeNaV_A,True,False,True,False
thegoodperrson,True,False,True,False
ghofranian,True,False,True,False
RasoulBlife,True,False,True,True
OmediNews,True,False,True,True
Amirrez_h,True,False,True,False
negahbanemarz,True,False,True,False
gormesabzi,True,False,True,False
Ehsansadat21,True,False,True,False
ahoora1267,True,False,True,False
Hossein94962965,True,False,True,False
MaziarZafari,True,False,True,True
soofiahagh,True,False,True,False
BANDAR_ABADAN,True,False,True,False
BFrhady97684,True,False,True,False
yelowstoon,True,False,True,True
PJoker85813,True,False,True,False
koctelmolotof,True,False,True,False
_melikaarian,True,False,True,False
melissatimke,True,False,True,False
MaryIrani2,True,False,True,False
ridam2Islamm,True,False,True,False
IRG_ISAR,True,False,True,True
dokhtarepaeez90,True,False,True,False
jefreykhan,True,False,True,True
iraanvatanman00,True,False,True,True
EDowman9150,True,False,True,True
lilibetparsi,True,False,True,False
sam_sam93703025,True,False,True,False
Timothy_Shinero,True,False,True,False
PersianRider_,True,False,True,False
A_lee_o,True,False,True,False
Parham26693609,True,False,True,False
Drstrange1368,True,False,True,True
ww3_persia,True,False,True,True
Sayeh1973,True,False,True,False
Asaee83334593,True,False,True,True
fredom2023,True,False,True,True
GrootbiGroot,True,False,True,False
ServinPooryamin,True,True,True,False
gandom197777,True,False,True,False
Omid41142031,True,False,True,False
airrint,True,False,True,False
malihe1349,True,False,True,False
MHh541533335391,True,False,True,False
6a7b1a80811143a,True,False,True,True
Sara94493626,True,False,True,False
Parsaghobadi123,True,True,True,True
Hell_Ice_saler,True,False,True,False
fathi_shirin,True,False,True,False
CNa30M,True,False,True,False
sarbazgard,True,False,True,False
mary_javanan,True,False,True,False
J8686Z,True,False,True,False
Morvaridri12,True,False,True,False
EdwardCentaur,True,False,True,False
Hector77122077,True,False,True,False
Ladlad09490283,True,False,True,False
samgiga2,True,False,True,False
Nazanin63313677,True,False,True,False
AmirS63658104,True,False,True,False
DavidOk92894193,True,False,True,False
kamalpishvandi,True,True,True,False
KingClaw9176714,True,False,True,False
johny_dollar,True,False,True,False
behzad_8619,True,False,True,False
ghombolbanin,True,False,True,False
KhashayarShahX,True,False,True,False
barayeekhaharam,True,False,True,False
DDadkhah19002,True,False,True,False
zaraparis6,True,False,True,False
Sam00885645,True,False,True,False
_Dr_Faust_,True,False,True,False
judiiiii198,True,False,True,False
dokhtare_ir,True,False,True,False
DamonShahh,True,False,True,False
Irandokht2020,True,False,True,True
MalakshahH,True,False,True,True
bhrmgoor,True,False,True,False
ShaahAbbas,True,False,True,False
DrAlan47571564,True,False,True,False
MG2932615537840,True,False,True,False
REDBOY2500,True,False,True,False
k_marpl78235,True,False,True,False
tabasom95163,True,False,True,False
WebWaver,True,False,True,False
babakkh93300902,True,False,True,False
Obeydlapaei,True,False,True,False
Official_Teewhy,True,False,True,False
DavaroUpgraded,True,False,True,False
Farzin60886837,True,False,True,False
Mohsenkian12,True,False,True,False
MolinaColi50536,True,False,True,False
FarhaniZar13073,True,False,True,False
iran_int,True,False,True,False
khwshans1082,True,False,True,False
SonoRondine,True,False,True,False
Shir1Shir1,True,False,True,False
SaraaTheCurious,True,False,True,False
ramonitosoniga,True,False,True,True
David498763,True,False,True,False
FarmerOfHope,True,False,True,False
MNadeali31585,True,False,True,True
Judyy_Abbottt,True,False,True,True
l2inoa,True,False,True,False
AntiAkhondd,True,False,True,False
sousereh,True,False,True,False
shahyadazadi,True,False,True,False
blackskynet1213,True,False,True,False
koler2otikeh,True,False,True,False
azadsocial_,True,True,True,False
AriyaeiSharar,True,False,True,False
TommyGilmo4497,True,False,True,False
Maryamebi58,True,False,True,False
k1B8LTCw3eMY3vl,True,False,True,False
IzehIran,True,False,True,True
persian_lady56,True,False,True,False
HMDRZEBDN,True,False,True,False
PMetran15299,True,False,True,False
Mgannna,True,False,True,False
ans_anso11529,True,False,True,False
dimoomid70,True,False,True,False
Parrattarna,True,False,True,False
Hassanggi,True,False,True,False
MissingNeutrino,True,False,True,False
hamid1350,True,False,True,False
zafaron172,True,False,True,False
esfah23432,True,False,True,False
FardadBehzadi,True,False,True,False
Mephisto1776,True,False,True,False
JesseColem93144,True,False,True,False
ReAm1287754,True,False,True,False
CaptainZeus_,True,False,True,False
NoName89962729,True,False,True,False
Shahramkoma,True,False,True,True
scilentpet,True,False,True,False
Shahram61222237,True,False,True,False
kalagh_sephid,True,False,True,False
shadisadr,True,True,True,False
itspouria1,True,False,True,False
RoyaHeydari,True,False,True,False
Farshad48468312,True,False,True,False
Arman43682302,True,False,True,False
ALPpaKkAaaA,True,False,True,False
sh912306,True,False,True,False
chakaaavakk,True,False,True,False
somoo1975,True,False,True,False
ghoroube,True,False,True,False
blusky9800,True,False,True,True
Ghassemi_abi,True,False,True,False
PDKIfarsi,True,True,True,False
agnosticism___,True,False,True,False
asosan1960,True,False,True,False
miremad1212,True,False,True,False
muayded222,True,False,True,False
FaberBilly55409,True,False,True,False
4parsa1566238,True,False,True,False
Behnam64589746,True,False,True,False
Db5ixVb1sN76729,True,False,True,False
7septimus7,True,False,True,False
Iranianpatriott,True,False,True,False
gavanbivatan,True,False,True,False
MOStabasom,True,False,True,True
zoalaktaf48187,True,False,True,True
hanieh566933,True,False,True,False
noor24252,True,False,True,False
MRAMIRSOLTANI7,True,False,True,False
Roshanak191401,True,False,True,False
cynder_yella,True,False,True,False
korosh2582,True,False,True,False
afroditeh91,True,False,True,False
moinkave5464,True,False,True,False
FardiinHemmati,True,False,True,True
NickoPing,True,False,True,False
SahraeiSoheila,True,False,True,False
javan_melissa,True,False,True,True
Sean35254843,True,False,True,False
an049111,True,False,True,False
musashirin280,True,False,True,False
omegairan,True,False,True,False
Sara817293591,True,False,True,False
justGod63411563,True,False,True,False
kafeiiin,True,False,True,False
Vandad941677862,True,False,True,False
IsabellaDeMonte,True,False,True,False
m0javadddd,True,False,True,True
sahabetwiter,True,False,True,False
manyrad0,True,False,True,False
hizhda,True,False,True,False
Majid084_0831,True,False,True,False
21Azar_Iran,True,False,True,False
Irahsfa_Irani,True,False,True,False
panahimostafaa,True,False,True,False
jirinngi,True,False,True,True
mss_bean,True,False,True,False
MAryayy97153,True,False,True,False
Hjtos,True,False,True,False
AMansoureh27288,True,False,True,False
shiyda2002,True,False,True,False
Bella39002923,True,False,True,False
MaziarBehnood,True,False,True,False
Yoshi10080502,True,False,True,False
NajiLyla,True,False,True,False
NooFarda,True,False,True,False
Gilda32858824,True,False,True,True
OghloKor25088,True,False,True,False
kourosh84734145,True,False,True,False
MahzariMaziar,True,False,True,True
CAFAssociation,True,False,True,False
MehdiiQQ,True,False,True,False
ShahramSadidi,True,False,True,False
tlakli,True,False,True,False
pahlaviomidiran,True,False,True,False
Farzamgfh_,True,False,True,False
Hasanahmadsimab,True,False,True,False
kosianodavinci,True,False,True,False
hamsaie2,True,False,True,False
KASRAA_AMINI,True,False,True,False
NEhtemami,True,False,True,False
shahab_teimoori,True,False,True,False
kiarash_parsi,True,False,True,False
Gulliver__07,True,False,True,False
MaziarMianua,True,False,True,False
j3ntelman,True,False,True,False
Drsher0,True,False,True,False
zarr_mamad,True,False,True,False
MaSOuD01355276,True,False,True,False
whhinnerpou,True,False,True,True
alikurd105,True,False,True,False
Rosette_tmdn,True,False,True,False
franchi13600,True,False,True,False
iran13041304,True,False,True,False
kingalonevito,True,False,True,False
iranize_great,True,False,True,False
ferfery1358,True,False,True,False
Minamoon111,True,False,True,False
MojPahlavi89520,True,False,True,False
mossyA5,True,False,True,False
maszangeneh,True,False,True,False
NilooLuna,True,False,True,False
kactus89,True,False,True,False
jaanfadayeiran,True,False,True,True
SoheilaMoh57084,True,False,True,False
Humanhorizental,True,False,True,False
husain4412,True,False,True,True
lDxAIL6DNzRt1DK,True,False,True,True
paradayss,True,False,True,False
sitdawnhere,True,False,True,False
ehs_arj,True,False,True,True
fere_mehr,True,False,True,False
javid_shah63,True,False,True,True
sh_kz1975,True,False,True,False
MortazaviFarnaz,True,False,True,True
shadow_man78,True,False,True,False
MirzadehM715,True,False,True,False
Niktaparsi,True,False,True,False
azadi14012500,True,False,True,False
nicelife1159,True,False,True,False
Nader79419856,True,False,True,True
PrysaSh15265,True,False,True,False
ShakiSaghi,True,False,True,False
sabzi_koka,True,False,True,False
Aura17Q77,True,False,True,False
irankordbano,True,False,True,False
khodazedeh666,True,False,True,False
zistanha,True,False,True,False
IranShahi0,True,False,True,False
KasraAarabi,True,True,True,True
bozorgmehr_iran,True,False,True,False
amir_mahmo75146,True,False,True,False
mrkamyaar,True,False,True,False
domestic_lion,True,False,True,False
payiz1981,True,False,True,True
AfarinAzim14930,True,False,True,False
khzfdeir,True,False,True,True
Iran_E1,True,False,True,False
AManouchehri777,True,False,True,True
RitaDalir,True,False,True,False
NikaPatriots,True,False,True,False
re1001za,True,True,True,False
soren7899,True,False,True,False
amirkhan1364,True,False,True,False
mhmd_abyar15960,True,False,True,True
TashakkorRamtin,True,False,True,True
GraceBrown45449,True,False,True,False
Ahouramazd39274,True,False,True,True
ahora_mazdai,True,False,True,True
ghodghodbimahal,True,False,True,False
Musi12375633,True,False,True,False
Sofia69594023,True,False,True,True
mmmohammaddd69,True,False,True,True
AshiriMohammad,True,False,True,False
amirali1426210,True,False,True,False
NooshinAghili,True,False,True,False
sefryekd,True,False,True,False
KhosroMashreghi,True,False,True,False
hes_khob,True,False,True,True
TXRandy14,True,False,True,False
TheDarkLord2020,True,False,True,True
omidepiruzi,True,False,True,True
SinaNic69,True,False,True,False
Ku00789,True,False,True,False
mulaa_shopen,True,False,True,False
BehnooshMerati,True,False,True,False
ordi_be_eshgh,True,False,True,False
GavinFranc29484,True,False,True,False
Radmehr1989h,True,False,True,False
piruz2000,True,False,True,False
ChefBurger10,True,False,True,False
Tree_of_light78,True,False,True,False
MonaK23943587,True,False,True,False
GholaamKalehpaz,True,False,True,False
toloueghamary,True,False,True,False
arash914,True,False,True,False
HOI_Game,True,False,True,False
YoungALiiiiiii,True,False,True,False
inulegalconsult,True,False,True,False
Coco_rub,True,False,True,False
2Sejo_99,True,False,True,False
AuthenticIrani1,True,False,True,False
Reyhan43609021,True,False,True,False
mehrdadhm1992,True,False,True,True
VATAN1Iran,True,False,True,False
yourkshire,True,False,True,False
shahzade8988,True,False,True,True
SahariiiAb,True,False,True,False
kabir7_korosh,True,False,True,False
purya_taji,True,False,True,False
peykpadtribune,True,False,True,False
FArei75080,True,False,True,False
varharam_bahram,True,False,True,False
nilaamirr,True,False,True,False
mahtaabah,True,False,True,False
saaraallii,True,False,True,False
kavehsaraj1,True,False,True,False
shahmibakhshad,True,False,True,False
pahlaviaryamehr,True,False,True,False
AfeKolio,True,False,True,False
ava62822606,True,False,True,True
Artem1979i,True,False,True,False
raha_shahi123,True,False,True,False
I_am_Elfo,True,False,True,False
NooshinSoleiman,True,False,True,True
ArefehAt,True,False,True,False
MiIadination,True,False,True,False
BaIran1401,True,False,True,False
Salvador1993040,True,False,True,False
Amir62486161,True,False,True,True
LiraviArya,True,False,True,False
sorahioharif,True,False,True,True
FarsNews24,True,False,True,False
Dayvid66909,True,False,True,False
Katty79754401,True,False,True,True
rahaomidi2,True,False,True,False
AlacahanAsoo,True,False,True,False
1onehundred,True,False,True,False
koroosh2000,True,False,True,False
mohmmad_germany,True,False,True,True
piremardwanted,True,False,True,False
sami_rastakhiz,True,False,True,False
Ariosarbazirani,True,False,True,False
Homa_km,True,False,True,False
Aamy113,True,False,True,False
iranwkhawrmyanh,True,False,True,True
fallllllya90778,True,False,True,False
MohammadSh67062,True,False,True,False
NedaNourZhina,True,False,True,False
ArthurMorg_2002,True,False,True,True
kingbezoz,True,False,True,False
beshghiran,True,False,True,False
Mohamma88188862,True,False,True,False
SiaMon361,True,False,True,False
moonlighttt6788,True,False,True,False
swarleg,True,False,True,False
GSGB01,True,False,True,False
FHajiaghazadeh,True,False,True,False
FarshidQ144000,True,False,True,False
mohsen200956171,True,False,True,False
javidan707,True,False,True,True
Prince_Persia93,True,False,True,False
HendiLeila,True,False,True,False
Zpersian2023,True,False,True,True
MarkFulton72104,True,False,True,False
zanyarkorzani,True,False,True,False
SardarBorna,True,False,True,False
AsemaniPayman,True,False,True,True
Liliium4,True,False,True,False
AleAmbrosiTW,True,False,True,True
Javadtee,True,False,True,False
mr_professoram,True,False,True,False
Maymi72311962,True,False,True,False
bahader_taheri,True,False,True,True
AbolfazlM97139,True,False,True,False
protester68,True,False,True,False
wMcSj982bXsvifd,True,False,True,True
Farhad5778,True,False,True,True
shayan7766,True,False,True,False
SaraMou87727167,True,False,True,False
sandra_i22,True,False,True,False
farzandkorosh62,True,False,True,False
Iranetanha,True,True,True,False
padeshahjahan,True,False,True,False
Tomcat832654201,True,False,True,False
101stAASLTDIV,True,False,True,False
agha583,True,False,True,False
IraniTurkmen,True,False,True,True
KianIranAzad1,True,False,True,True
Iran_Travels,True,False,True,False
sheriiiiii_m,True,False,True,False
8bis961143,True,False,True,False
AVAziba,True,False,True,True
HovakN,True,False,True,False
parvaz1404,True,False,True,False
misi1433002,True,False,True,False
lovesthemoon12,True,False,True,True
kianoo3h57713,True,False,True,False
Standbyiran,True,False,True,True
ArkerHeinSoe,True,False,True,False
Bblank_Mind,True,False,True,False
OneNationGuy,True,False,True,False
Face_of_terror,True,False,True,False
mindfulnesist,True,False,True,False
nika45631,True,False,True,True
ATORPAT7,True,False,True,False
abresefiiid,True,False,True,False
IPIForum,True,False,True,False
PourhassanSammy,True,False,True,False
AnaIrji83782,True,False,True,False
4iTjyI7xfgQr7TD,True,False,True,False
Aegonsfire,True,False,True,True
NoriArsalan,True,False,True,False
winds_of_chang3,True,False,True,False
emamzadevili,True,False,True,False
Negii2201,True,False,True,False
ros_feri,True,False,True,False
salehi_moh99021,True,False,True,False
Raha_Kaisar,True,False,True,False
Namdarpour72314,True,False,True,False
ShidyShab,True,False,True,False
ManizheK16761,True,False,True,False
iranlover25000,True,False,True,True
shahinsayadi,True,False,True,False
ari4reform,True,False,True,False
persianman0077,True,False,True,True
schahram69,True,False,True,False
RIIR_HIM,True,False,True,False
pariaaminn,True,False,True,True
harrypotter1_1,True,False,True,False
masoudm61371569,True,False,True,False
Search_Drop24,True,False,True,False
hosein_malek,True,False,True,False
UtterEmotion,True,False,True,False
esmaeilzadanppp,True,False,True,False
YoungestIbile,True,False,True,True
PouranAmir,True,False,True,False
shirazshahrraz,True,False,True,False
3Megabazus3,True,False,True,False
callmeNicei,True,False,True,False
mehran24m,True,False,True,False
samadiHosein,True,True,True,True
aappss7373,True,False,True,False
killayatollah,True,False,True,False
GatAych,True,False,True,False
Narouei1995,True,False,True,True
HosseinShidd,True,False,True,False
AfsharAzi,True,False,True,False
Positivistique,True,False,True,False
Mohammad1371231,True,False,True,False
,True,False,True,False
Hassanmoallem21,True,False,True,False
AaronL3b,True,False,True,False
azarsarae,True,False,True,True
ppasargad,True,False,True,False
mrpwood1,True,False,True,False
LibPhan,True,False,True,False
mehran_kara,True,False,True,False
atashneshann,True,False,True,False
HrkKhz,True,False,True,False
Henryokonkwo30,True,False,True,False
savannah_cable,True,False,True,False
moinmirsazalehi,True,False,True,False
IrAnEaZaDDDDDD,True,False,True,True
Utab8035,True,False,True,False
iranitanha11,True,False,True,False
shirkhorshidnws,True,False,True,False
ashimashi_birdy,True,False,True,False
yadi53408883,True,False,True,True
Saray398049,True,False,True,False
Khanlar15924424,True,False,True,False
iampayaam,True,False,True,False
FrshadFathi,True,False,True,False
YasiYasi728182,True,False,True,False
MMilad99,True,False,True,False
mahde_tamadon,True,False,True,False
LOST_IN_UNI_369,True,False,True,True
Mohammad1026599,True,False,True,False
Azarbal1421,True,False,True,False
darya_bi_dard,True,False,True,True
Soheil45100537,True,False,True,True
mamz9002,True,False,True,False
Mo_1982_13,True,False,True,False
SorayaHadd77913,True,False,True,False
homsoli,True,False,True,False
Mr_Nima_O,True,False,True,False
N3on0wl,True,False,True,False
ai59517082,True,False,True,False
Nobodyy888,True,False,True,False
aslanihabibeh,True,False,True,False
MiadshaA,True,False,True,False
BziMzi,True,False,True,False
arjhang_mani,True,False,True,False
JngWzyr,True,False,True,False
Mkrasouli1,True,False,True,False
Amir08051974,True,False,True,False
HomeiraBakhtia1,True,False,True,False
abbaszadeh71,True,False,True,False
belansh,True,False,True,False
sinasht9,True,False,True,False
Masoud78114486,True,False,True,False
BasicRights4U,True,False,True,False
felanisv,True,False,True,True
XLOG4RX,True,False,True,True
padeshahikhahan,True,False,True,False
FarshedFarshed1,True,False,True,False
Mota04072083,True,False,True,False
Mojinoo1,True,False,True,False
bermodamod,True,False,True,True
PouryaSahi,True,False,True,False
B45391Hmyd,True,False,True,False
shirokhorshidd,True,False,True,False
H10Poorya,True,False,True,False
AeternaNoxPugna,True,False,True,True
Ehsanhz13,True,False,True,False
nft_kaya,True,False,True,False
NamhPayan,True,False,True,False
irano_info,True,False,True,True
FoulParvin1,True,False,True,False
hercool20,True,False,True,False
azameshraghi,True,False,True,True
DKhosraviar,True,False,True,False
veinamman,True,False,True,False
maghso46283,True,False,True,False
Nakedgrizly,True,False,True,False
Omidvaram3,True,False,True,False
QTz220,True,False,True,True
Sa77444S,True,False,True,True
behem_migan,True,False,True,False
negnag00,True,False,True,True
diba_ariya,True,False,True,False
jimmyHG30,True,False,True,True
r_esk3419,True,False,True,False
TINTINandMILO,True,False,True,False
mkhhere86,True,False,True,True
mohsenkabiri121,True,False,True,True
bbinam2021,True,False,True,False
faraji_kh,True,False,True,False
MaziarHassanza2,True,False,True,False
irannn_a,True,False,True,False
alirezaadibann,True,False,True,False
error8787,True,False,True,False
reza292939,True,False,True,False
welovepahlavi,True,False,True,False
CNorrisg2,True,False,True,False
Tech_Trader01,True,False,True,False
royatale,True,False,True,False
sevda_2023,True,False,True,False
IranieZakhmi,True,False,True,False
A_A_Patriot_ir,True,False,True,False
dana00713,True,False,True,True
Anahetasha,True,False,True,True
SSqrayy60664,True,False,True,False
askalwny,True,False,True,True
GANDO_ret,True,False,True,True
adrian379356927,True,False,True,False
MMeskinnavaz,True,False,True,True
FFb81271,True,False,True,False
khatebotlan77,True,False,True,True
JavidShah1979,True,False,True,False
Kasrafza,True,False,True,False
mohoom_,True,False,True,False
Malin2407,True,False,True,True
farhad04975489,True,False,True,False
BehnamPak2,True,False,True,False
Wiloeed1357,True,False,True,True
kartall369,True,False,True,True
marderahaeeiran,True,False,True,False
Mor96648Somayeh,True,False,True,True
AskX___,True,False,True,False
FarmandehS85748,True,False,True,False
Shirin_20631,True,False,True,False
MAZAM15197594,True,False,True,False
kouroshvazir,True,False,True,False
eyyubi_tohid,True,False,True,True
nimroff,True,False,True,False
Avaaa1988,True,False,True,False
azadi_68_,True,False,True,False
kavedoroodgar,True,False,True,False
illiyact,True,False,True,False
R_B_2_0_2_3,True,False,True,False
FarhadMohtasham,True,False,True,False
inc_cosmic,True,False,True,False
MoonGoddess006,True,False,True,False
babaki,True,False,True,True
MBineshoon,True,False,True,True
AmirPanah256965,True,False,True,False
steven77567582,True,False,True,False
m52080307,True,False,True,False
ipersiann,True,False,True,False
BehrFa215,True,False,True,False
new_empier,True,False,True,True
babcock_jo65664,True,False,True,False
mahsaamoo,True,False,True,False
AzitaToloee,True,False,True,True
savadjan,True,False,True,True
lampinventor,True,False,True,False
Aria48502871,True,False,True,False
NejadNezhad,True,False,True,False
sky00974236,True,False,True,False
kajakallas,True,False,True,False
margbar3fased,True,True,True,False
MakvandiPa,True,False,True,False
amityadavbharat,True,False,True,True
yousef_kimiagar,True,False,True,True
Nastaranelko,True,False,True,False
H_moheet,True,False,True,False
AriyaHaft,True,False,True,False
FMehregan81,True,False,True,False
SaeedAghajan2,True,False,True,False
HShmzd8555,True,False,True,False
carloo202099,True,False,True,False
movahed81,True,False,True,False
danoshch,True,False,True,True
miim144000,True,False,True,False
kamal_maso,True,False,True,False
MahsomiShervin,True,False,True,True
AmirF15493,True,False,True,False
Naeim1518790M,True,False,True,False
fedevalverdehe,True,False,True,True
m_7mil,True,False,True,False
PishoolParang,True,False,True,True
Mahdi7941082718,True,False,True,False
AramAra87475947,True,False,True,False
KheirandishSam,True,False,True,True
illulight11,True,False,True,False
Cameron_98_,True,False,True,False
freethinkerCT,True,False,True,False
Sha__Kar,True,False,True,True
Arushaaa26934,True,False,True,False
adamchobi1379,True,False,True,False
AliKalhor16,True,False,True,False
RezaAmiri4141,True,False,True,False
BredRuffian,True,False,True,True
NazariehH,True,False,True,False
zizokop97,True,False,True,False
PeteHegseth,True,False,True,False
Khja56,True,False,True,False
alKA3173659617,True,False,True,False
cryptony10044,True,False,True,False
zita_jan,True,False,True,False
SamNej1,True,False,True,True
Meitimeshki,True,False,True,False
AghaeeNilofar,True,False,True,False
IranBanu401,True,False,True,True
Sami21273955,True,False,True,False
sepehrlv,True,False,True,False
Vatanparast_ir,True,False,True,False
mazilantor,True,False,True,False
MorrisInMotion,True,False,True,False
blal_ymy,True,False,True,False
ShirinM7575,True,False,True,False
Palishelbi,True,False,True,False
DE_N_VER,True,False,True,True
Nazgol00993930,True,False,True,True
mosavi60597,True,False,True,True
dore_bezandaro,True,False,True,False
atash_13,True,False,True,False
YektaNasse97335,True,False,True,False
AlhhElaheh,True,False,True,False
Rezion,True,False,True,False
HomehrKave,True,False,True,False
Fereshteh3javid,True,False,True,False
khorous_neshan,True,False,True,False
Pallid_Bone,True,False,True,False
prhazh71775,True,False,True,False
y7pfqf57mc,True,False,True,False
Bluejayet,True,False,True,False
brayan_furyy,True,False,True,False
vartan1790052,True,False,True,False
Ashi_Bahman,True,False,True,False
GangBoyO,True,False,True,False
M_like_Mahsa,True,False,True,False
negaran112,True,False,True,False
Assou_2,True,False,True,False
sarayjni,True,False,True,False
mojtaba2a,True,False,True,True
__Anita__y,True,False,True,False
ahmad_dandori,True,False,True,False
RaziAzita,True,False,True,False
Berlin_236,True,False,True,True
BijanSeifi,True,False,True,False
arminshayan_,True,False,True,False
roshanak6101,True,False,True,False
babakiraniasl,True,False,True,False
Om49sh,True,False,True,False
Shiva57923150,True,False,True,False
ProjectLeonOnX,True,True,True,False
hassanibraaa,True,False,True,False
shirokhorshid19,True,False,True,False
RoyaMajd98552,True,False,True,False
solo200006,True,False,True,False
Salar1650276,True,False,True,True
JuveElias2,True,False,True,False
Abolfazl149,True,False,True,False
ghadesiyeh1400,True,False,True,False
GenevaSummit,True,False,True,False
Shajarian_Fan,True,False,True,False
vanheram,True,False,True,False
AzitaGuzzo,True,False,True,False
KiaFarahmand,True,False,True,False
SChychap,True,False,True,False
Dannypersian,True,False,True,False
vandetta002,True,False,True,True
saeedrezapahlav,True,False,True,False
n0wiseverything,True,False,True,False
ywnsa1,True,False,True,False
LionandSunIran,True,False,True,False
affshiin,True,False,True,False
DehghanMahanq,True,False,True,True
OKarimi1975,True,False,True,True
Aryabarandaz,True,False,True,False
SmiledesignerM,True,False,True,False
frrhf27,True,False,True,False
JodieAbout,True,False,True,False
KA_Azadeh,True,False,True,False
kantis,True,False,True,False
MinaSarlak2,True,False,True,False
pesarjepetoo,True,False,True,False
hastiminoo,True,False,True,False
mamal_amrikaei,True,False,True,False
jhian_iran,True,False,True,False
ba24247607,True,False,True,False
22Khorshid,True,False,True,False
F_Armani2000,True,False,True,False
abraham4cm,True,False,True,False
AZ26374698,True,False,True,False
masih_mori64603,True,False,True,False
DavoodLotfi3,True,False,True,False
SARBAZIREN,True,False,True,False
BanooNasta80444,True,False,True,False
ATaisuoun81377,True,False,True,False
voiceofpahlavi,True,False,True,False
mr_computerr,True,False,True,False
jonevar60,True,False,True,False
ParhamShafiei,True,False,True,False
ArashBq,True,False,True,True
ASIIKAN1,True,False,True,False
IranMonarchists,True,False,True,False
Jasonjm83949453,True,False,True,False
rezahamedk,True,False,True,False
justamyy4,True,False,True,False
arash38880445,True,False,True,False
KingPrsRezaP3,True,False,True,False
go4it_68,True,False,True,False
etinoma,True,False,True,False
nicever2,True,False,True,True
sostdast,True,False,True,False
DavePirjoll,True,False,True,False
aurora8665,True,False,True,False
maria___ra3,True,False,True,False
alirezakiani2,True,True,True,False
AramAra8690,True,False,True,False
bg1381,True,False,True,True
moslem_nejad,True,False,True,False
LittleMirz,True,False,True,False
rs7435132277314,True,False,True,False
khoda39684,True,False,True,True
OfPersiaa,True,False,True,False
schah2583,True,False,True,False
Kave_Ahangar67,True,False,True,False
Hankmoo68402400,True,False,True,False
HajKamy29380,True,False,True,False
mohammad4221z,True,False,True,False
MQrabaghy78907,True,False,True,False
kingofpersia247,True,False,True,False
majidre28855018,True,False,True,False
_Gordaafarid,True,False,True,False
vazir_war,True,False,True,False
sadeq_rad,True,False,True,False
kavesadr,True,False,True,False
salehi9399,True,False,True,False
ziba78602594,True,False,True,False
shiirini,True,False,True,False
ZandiZandi15,True,False,True,False
dornika12,True,False,True,True
SarbazeNader,True,False,True,False
kajaveshek63712,True,False,True,False
Fereshtehbaha69,True,False,True,False
ShabnamSolyman1,True,False,True,False
Arashh728,True,False,True,True
notoirgc1235,True,False,True,False
Typhone77,True,False,True,True
mhnkh6,True,False,True,False
OMIDium96,True,False,True,False
MalakootiM74470,True,False,True,True
megatronsaman,True,False,True,False
ayatmohagheghy,True,False,True,False
Agent_Hitman472,True,False,True,False
zoreghods,True,False,True,False
theedarkbluee,True,False,True,False
Khosro_sasani,True,False,True,False
Paeez56650158,True,False,True,True
DJavid94921,True,False,True,False
Mahdiyeh_1369,True,False,True,False
yaghoot62,True,False,True,False
Marian50809845,True,False,True,False
ahoora403,True,False,True,False
A_M1989f,True,False,True,False
Ames_hn,True,False,True,False
AaryaOmid,True,False,True,False
Iranunion1,True,False,True,False
amirarsalanawal,True,False,True,False
BanooBelfi,True,False,True,False
NikolaPortal,True,False,True,False
Expatriate_Man,True,False,True,True
MahusaZz88491,True,False,True,False
navidili,True,False,True,False
ghasemi_ka9889,True,False,True,False
26babochka,True,False,True,False
MagicS64976,True,False,True,False
Mahban4,True,False,True,False
SundayFutures,True,False,True,False
vatanam_ba_shah,True,False,True,True
PahlaviMonarchy,True,False,True,False
Atena19908051,True,False,True,False
didarbeqiamat,True,False,True,False
adasi32,True,False,True,False
RoyaPilehroud,True,False,True,False
pilotmohamadi,True,False,True,True
sarbazvatanam0,True,False,True,False
A729003,True,False,True,False
govaaresh,True,False,True,True
leyd8003,True,False,True,False
udWwATTlL8PJZbY,True,False,True,False
mandana301098,True,False,True,False
PegiNegi,True,False,True,True
ahuman_activist,True,False,True,False
Tarane1400,True,False,True,False
HodhodBidaar,True,False,True,False
JanaSiavash,True,False,True,False
FereydooneAzadi,True,False,True,False
MehdiDe95289654,True,False,True,False
mitochoeve,True,False,True,False
HallMJ2,True,False,True,True
salarkholdi7,True,False,True,False
GangaMadam,True,False,True,False
pineda121993,True,False,True,True
padeshahi_khah,True,False,True,True
rasoulghadiri,True,False,True,False
Habib2S1M,True,False,True,True
havijori,True,False,True,True
walletflights,True,False,True,False
AprErfan,True,False,True,False
misaghe313,True,False,True,False
seeuindarkside,True,False,True,True
m_b716,True,False,True,False
saeedyou33,True,False,True,False
lionsunir,True,False,True,False
amir_persian_,True,False,True,False
itsjeikoo,True,False,True,False
_dr_hanibal_,True,False,True,False
behroozzz,True,False,True,True
Farzane98,True,False,True,True
mehrzad2245,True,False,True,False
lotus246810,True,False,True,False
ABoostanipour,True,False,True,False
li5004375615,True,False,True,False
MT009821THRAN,True,False,True,False
Hesam22102210,True,False,True,True
Shenika3333,True,False,True,False
Aminp6666666666,True,False,True,False
Amir76992529,True,False,True,False
kamyab51506011,True,False,True,False
CaffeineOrmoien,True,False,True,True
_kingggggg_,True,False,True,False
arashparsy,True,False,True,False
XRez007X,True,False,True,False
marmari1980m,True,False,True,True
Vitnovelle,True,False,True,False
mahdiyarmonfred,True,False,True,False
simonederayeh,True,True,True,False
rymhr4,True,False,True,False
MasoudSaeedinia,True,False,True,False
tookay33,True,False,True,False
negarabbasi963,True,False,True,False
PatrioticPersia,True,False,True,True
k0vat,True,False,True,True
VataniranVatan,True,False,True,False
ahuramazda2582,True,False,True,False
Fazel3758,True,False,True,False
ArmaanCyrus,True,False,True,False
Azadi1631,True,False,True,False
Pari27468839N,True,False,True,False
SherryFouladip2,True,False,True,False
amirhexaa,True,False,True,False
wojtekWWII,True,False,True,False
Woah_Moah,True,False,True,False
FirstIran403,True,False,True,False
Riraa72,True,False,True,False
sepanta1351,True,False,True,False
mbmortad,True,False,True,False
hamiidgh84,True,False,True,False
Fatimafawzy55,True,False,True,False
RouzbehFarahani,True,False,True,True
notbrightside,True,False,True,False
Ebi16910055,True,False,True,False
DjirSarai,True,False,True,False
bb0019742826425,True,False,True,False
Sadeqfxb,True,False,True,False
IraniMaral,True,False,True,False
doostekhoobeto,True,False,True,False
dokhtare__irani,True,False,True,False
mhs318046463229,True,False,True,False
AghaiySeja5130,True,False,True,True
agha_rasoull,True,False,True,False
iranika14,True,False,True,False
agha_rostam,True,False,True,False
nooshiaa,True,False,True,False
ReginA2020ir,True,False,True,False
barandaz151,True,False,True,False
Abrar7546,True,False,True,False
JackT2019,True,False,True,True
MohsenA53648133,True,False,True,False
Stefan_KhNe,True,False,True,False
Koroshoneone,True,False,True,False
lwwr15,True,False,True,False
frhhd40,True,False,True,False
Keyvan_Azizi1,True,False,True,True
MMoradi37828,True,False,True,True
KhanumDr1,True,False,True,False
mehrdad161248,True,False,True,False
golpamchal,True,False,True,False
theroyalfamilly,True,False,True,False
Hani58254729516,True,False,True,False
Minakia1359,True,False,True,False
Shahyar80480429,True,False,True,False
Sophi1979074,True,False,True,True
mehrlllshadsari,True,False,True,False
kiani2O2O,True,False,True,False
KevinK18098672,True,False,True,False
monarchy_of_ir,True,False,True,False
hawraman79,True,False,True,False
VAmjadyan24500,True,False,True,False
AliFazmetr,True,False,True,True
DCprotests4Iran,True,False,True,False
EHEB11672452,True,False,True,False
anoverthink3r,True,False,True,True
ZadmehrPar76633,True,False,True,False
dariush1399,True,True,True,False
cceliinee,True,False,True,False
HaniGolestaneh7,True,False,True,False
Bmind641,True,False,True,False
Vnomit,True,False,True,True
MoridiReza2702,True,False,True,False
AQpersian17,True,False,True,False
yasmangoolaa1,True,False,True,False
migmig250,True,False,True,True
JavadMazid91403,True,False,True,False
iran_mothemadn,True,False,True,False
komando336345,True,False,True,False
arenagalleryart,True,False,True,False
maziar61230032,True,False,True,False
calexboys,True,False,True,False
mens34415,True,False,True,False
Zaal_Bakhtiari,True,False,True,False
AliPishvai62238,True,False,True,False
ShahpourSasany,True,False,True,False
kmsaadai,True,False,True,False
mr_sepanta,True,False,True,False
NaghmehKian,True,False,True,False
alphaplus1356,True,False,True,False
christianmoraly,True,False,True,True
eqsanim,True,False,True,False
ManIran2414,True,False,True,False
pshgrdy,True,False,True,False
sina_2544,True,False,True,False
akbari_jah69019,True,False,True,False
PersisIran,True,False,True,False
AkbrHydry38890,True,False,True,True
XBozhabadi,True,False,True,False
borjnoghredagh,True,False,True,False
KashiS60,True,False,True,False
MehranMousavi4,True,False,True,False
drwys215906342,True,False,True,False
Pakzadjavad1,True,False,True,True
Angolakian,True,False,True,False
NaderGolpa,True,False,True,True
samaneh_phi,True,False,True,False
ThomasSowell,True,False,True,False
AriaHiva,True,False,True,False
HamereMoradi,True,False,True,False
2_tapesh63359,True,False,True,False
K1979A27244,True,False,True,False
Fati05518584,True,False,True,False
persiianality,True,False,True,True
begaeail,True,False,True,False
Mahban22,True,False,True,False
Arad_Kaviani,True,False,True,False
youranoniranian,True,False,True,False
KamranSadeghi16,True,False,True,False
dark_prince_xx,True,False,True,False
Penisy8,True,False,True,True
Nassiejoon,True,False,True,False
harfe__akhar,True,False,True,False
BardiaGarshasbi,True,True,True,False
MajidRezaRahna2,True,False,True,False
bij_mohammadi,True,False,True,False
skepticprank,True,False,True,True
queenF40,True,False,True,False
trust3421,True,False,True,False
sanaee52,True,False,True,False
Hamoon21,True,False,True,True
Daryuosh196,True,False,True,False
NGheydar,True,False,True,True
cyrus_galleria,True,False,True,False
arash_thh,True,False,True,False
alikoshe,True,False,True,False
televarzesh,True,False,True,False
RezaMilan373401,True,False,True,False
,True,False,True,False
shahryar_shfgh,True,False,True,False
takemetoch8rch,True,False,True,False
SnakeWoodeh,True,False,True,False
288_hamid,True,False,True,False
mahsa31p,True,False,True,False
baarb0d,True,False,True,False
Shah18392,True,False,True,False
MazyarSachmechi,True,False,True,False
AkramKowsari,True,False,True,False
majid_punisher,True,False,True,False
behname_asabi,True,False,True,False
manferedetanha,True,False,True,False
boshramehr,True,False,True,False
peymanm1985,True,False,True,False
sajjad_pahlavi,True,False,True,True
Alireza81622207,True,False,True,False
Armin9595,True,False,True,False
mohiii9090,True,False,True,False
mohamady2231,True,False,True,False
leaily2,True,False,True,False
cyrus67771152,True,False,True,False
WorldBette55120,True,False,True,True
ZRouyan,True,False,True,True
JalallJohar,True,False,True,False
MMoradi36466,True,False,True,False
Azadeh58866699,True,False,True,False
HVidamax,True,False,True,False
CaptainPidi,True,False,True,False
08nightsun,True,False,True,False
latal2030,True,False,True,False
MitraG19,True,False,True,False
moradi_ara50679,True,False,True,False
Gordafarid2024,True,False,True,False
soosmast69,True,False,True,True
,True,False,True,False
ba_risheh,True,False,True,False
NamdarShahzad,True,False,True,False
elyot267354,True,False,True,False
Hsh92757380,True,False,True,True
itslumus,True,False,True,False
bashirtash,True,True,True,True
asosaleh,True,False,True,False
mmd_shar,True,False,True,False
aconstantnymph,True,False,True,False
Dywaaneh,True,False,True,False
ym_ariyo,True,False,True,False
narinNew187726,True,False,True,True
miladoxi,True,False,True,False
Fakhravar,True,True,True,True
sherix1981,True,False,True,False
Israel_katz,True,False,True,False
Jockerbaz,True,False,True,False
nargilitala,True,False,True,False
mahhek476354,True,False,True,False
Vector_fuck,True,False,True,False
hooman1212,True,False,True,False
M3ximus_,True,False,True,False
OrojloHamid,True,False,True,False
BehzadFarnia,True,False,True,True
PCB970218578213,True,False,True,False
Alieimani28592,True,False,True,False
openmond2022,True,False,True,False
Massodh,True,False,True,False
shashank_hada,True,False,True,False
gluenettaOwl,True,False,True,True
nobody_nejad,True,False,True,False
parisa94805766,True,False,True,False
ucancallmeguy,True,False,True,False
Farhad_khan7,True,False,True,False
zeno094398451,True,False,True,False
M4m4dzZ,True,False,True,False
CarissaHel93909,True,False,True,False
KhomarBamd,True,False,True,False
1nikoonik,True,False,True,False
iranamazadam,True,False,True,False
sadeghi_pe62446,True,False,True,False
TaherianRoya,True,False,True,False
Nadershah56,True,False,True,True
Omid32387661,True,False,True,False
polar_beachh,True,False,True,False
shahrokhbagheri,True,False,True,False
ancientworld11,True,False,True,False
snzarsh,True,False,True,False
faraz_khs,True,False,True,False
kamran_pahlavi1,True,False,True,False
david_pep,True,False,True,False
mswd02682612,True,False,True,False
Mohamadzad18681,True,False,True,False
FShahin31973,True,False,True,False
santiagohourih9,True,False,True,False
DupperDuck,True,False,True,False
Neanderthaaaal,True,False,True,True
Amir_Jozzi,True,False,True,False
mahbodhosseina1,True,False,True,False
ievam1984,True,False,True,False
ArthurShelllby,True,False,True,False
sna_rzi,True,False,True,False
BradSherman,True,False,True,False
Asohm2020,True,False,True,False
exraeil,True,False,True,False
Golestan1995,True,False,True,False
Pouria45834,True,False,True,False
FEMPE3,True,False,True,False
Iranefardayeman,True,False,True,False
jiji_soskachap,True,False,True,True
omid_valii,True,False,True,False
SHAH_valiahd,True,False,True,False
ABoyofPersia,True,False,True,False
RosalindFr34721,True,False,True,False
padooei1384,True,False,True,True
bfv53081164,True,False,True,False
sanandaj666,True,False,True,False
golroobg,True,False,True,False
Arkh91,True,False,True,False
Pahlavissm,True,False,True,False
Neeraj_Rajput51,True,False,True,False
EP_President,True,False,True,False
KalamiSajjad,True,False,True,False
ingairann,True,False,True,True
Rad67235063,True,False,True,False
EsmailSasa72743,True,False,True,False
vahiidof,True,False,True,True
ferehola,True,False,True,False
mhmdrd13590,True,False,True,False
Pythia888,True,False,True,True
Leilarkh,True,False,True,False
,True,False,True,False
shahinnajafi80,True,True,True,False
Med55127282,True,False,True,False
aboreyhan3,True,False,True,False
arya8080808,True,False,True,False
haj_atayeasal,True,False,True,False
MyhnMam35458,True,False,True,False
DamnAlcaraz,True,False,True,False
SimaDini,True,False,True,True
azadiamarezo0st,True,False,True,False
Kristi40524373,True,False,True,False
saeedghaderi170,True,False,True,True
AhooraTheMazda,True,False,True,True
RFshah3,True,False,True,False
farid747,True,False,True,False
beegonaa,True,False,True,False
hamidtaheri1975,True,False,True,True
makuirani,True,False,True,True
maziyara70,True,False,True,False
AFury2004,True,False,True,False
BiDar101001,True,False,True,False
mariaeu83867231,True,False,True,False
mohmed_tok,True,False,True,False
Aqaryus1,True,False,True,True
AnnaRahnam84097,True,False,True,False
SFaeze_Alavi,True,True,True,False
rahamarik,True,False,True,False
Punisherfa,True,False,True,False
samibygi129,True,False,True,False
MohsenSafarkha2,True,False,True,False
khobbetoche,True,False,True,False
SaraSafakhah,True,False,True,True
choupan8,True,False,True,False
Parisaaa3,True,False,True,False
Freedomfor_us,True,False,True,False
MRoghani66,True,False,True,False
nossareh,True,False,True,False
akhondak1357,True,False,True,False
YQdsy76909,True,False,True,True
scharlinn,True,False,True,False
KKabir644859,True,False,True,False
HadiBabaei18,True,False,True,False
film3xir,True,False,True,False
Harriso77168795,True,False,True,False
HatamM89174,True,False,True,False
shahsaeed2023,True,False,True,False
Freedeep121,True,False,True,False
ichbin_mehdi,True,False,True,False
1234Mercer76832,True,False,True,False
JorgieNolan,True,False,True,False
Seppchik,True,False,True,False
HashemeKatayoun,True,False,True,False
Seanusa11,True,False,True,False
Feredi98,True,False,True,False
yek_adad_yaghi,True,False,True,False
lida_hassan,True,False,True,False
bahar_2500,True,False,True,False
Payam711519,True,False,True,False
realsendar1990,True,False,True,True
Parvin54987346,True,False,True,False
CommanderS59886,True,False,True,False
naghshej,True,False,True,False
mehrirasol,True,False,True,False
Delaram20232023,True,False,True,False
didiy843,True,False,True,False
Ashavan_,True,False,True,False
Focus0001s,True,False,True,False
sheykhkill,True,False,True,True
reirey1980,True,False,True,False
FuckMullahsInIR,True,False,True,False
shahin_shi90460,True,False,True,False
JNassirian,True,False,True,False
Hivairani73,True,False,True,False
m_t_r_o,True,False,True,False
Azar12110855,True,False,True,True
vegastar1991,True,False,True,False
GhorbaneeA16403,True,False,True,True
amirtehranii8,True,False,True,False
behitwo,True,False,True,False
Ferivanda23,True,False,True,True
uco_80,True,False,True,False
feri76143,True,False,True,False
MousaviOzra,True,False,True,False
callmekurdish,True,False,True,False
FarhadMoha79933,True,False,True,False
abedrahimiyan,True,False,True,False
02c9e2674f934fb,True,False,True,False
Mahmoud70769172,True,False,True,False
zlegonar43566,True,False,True,False
Far1342,True,False,True,False
Paarsin1,True,False,True,False
Raha07482945150,True,False,True,False
MamadM34,True,False,True,False
Sholeh53462609,True,False,True,True
Anahita2501183,True,False,True,False
mardoomiran,True,False,True,False
Arashhhastam,True,False,True,False
RyxtXoGru7xchaR,True,False,True,True
mazda771255498,True,False,True,False
Haftzade,True,False,True,False
ApadanaTel,True,False,True,False
RasheedKhaan1,True,False,True,False
mmehrabian32147,True,False,True,False
Arshuamaria,True,False,True,False
TampaBucsFan69,True,False,True,False
daneshkhodayari,True,False,True,False
farrokhzadd,True,False,True,False
AghasbaBuilder,True,False,True,True
AnsyhNsb,True,False,True,False
NiamoNiamo1,True,False,True,False
BiazarSiroos,True,False,True,True
Trump5o,True,False,True,False
Jacob_7857,True,False,True,False
Abzurdlife,True,False,True,False
FarshidAzi22680,True,False,True,False
hnazari20,True,False,True,False
Pardis0Chista,True,False,True,False
H95313563,True,False,True,False
AhanafFori38878,True,False,True,True
shahrouz431464,True,False,True,False
fanousdarya,True,False,True,False
ariyamehhr,True,False,True,False
cyrex55,True,False,True,False
PersiaPATRIOT,True,False,True,False
Irani97987088,True,False,True,False
Persian_picture,True,True,True,False
Nader_IranLover,True,False,True,False
freehamiran,True,False,True,False
kameliyajoon,True,False,True,False
RepJoeWilson,True,False,True,False
BrownBear_007,True,False,True,False
ariel_oseran,True,False,True,True
farnaz_farah,True,False,True,True
antoniorubio122,True,False,True,False
mhdy_hsyny89803,True,False,True,False
SaeedAm82511201,True,False,True,False
BbahramG,True,False,True,False
Hanieh_Inanlou,True,False,True,True
PmMohammad67737,True,False,True,False
DkhtZhra39361,True,False,True,False
sheitonballlla,True,False,True,False
PersianofIRAN,True,False,True,True
irankhabarr,True,False,True,False
siranvash,True,False,True,False
rahepahlavi,True,False,True,False
rira_youshig,True,False,True,False
sarbaaz_iia,True,False,True,True
patrik_2021,True,False,True,False
dav581258822505,True,False,True,False
fardinian90ir,True,False,True,True
sarynaukrain,True,False,True,False
khorshid22_v,True,False,True,False
OkoilOkpt,True,False,True,False
ReenaVerma57363,True,False,True,False
alo1644870,True,False,True,False
cityzen181894,True,False,True,False
zargari55,True,False,True,True
sourush_heydar,True,False,True,False
azadinazdikastt,True,False,True,False
Uzarrik,True,False,True,False
theshahlegacy,True,False,True,False
ZukoZune,True,False,True,False
AdFox101,True,False,True,False
driverman91,True,False,True,False
silvest06155621,True,False,True,True
shirbishe2,True,False,True,True
Mohamadroodbari,True,False,True,False
SheriTstone,True,False,True,False
kaftarbas,True,False,True,False
KolyaeiMehran,True,False,True,False
FdWesten,True,False,True,False
rajushe62401466,True,False,True,False
philipmortimerr,True,False,True,False
CafeRick1,True,False,True,True
elham47326690,True,False,True,False
JDVance,True,False,True,False
benefiiit,True,False,True,True
Arash_th_Archer,True,False,True,False
Mehran_hp1,True,False,True,False
karnina_anna,True,False,True,False
TooseNozar,True,False,True,False
KMehrkam,True,False,True,False
ashay_80s,True,False,True,True
KarNiloufar,True,False,True,True
alamsoal,True,False,True,False
Nasrin21232596,True,False,True,False
goldarei877,True,False,True,False
ahs_1967,True,False,True,False
toop_Morvarii,True,False,True,False
adam_persian,True,False,True,False
zakharkosh,True,False,True,False
muwitter,True,False,True,False
z_dagoori,True,False,True,False
BabakAzima2,True,False,True,True
AliZoghi13,True,False,True,False
3pehr00,True,False,True,False
Esmaiil47851499,True,False,True,False
2aVXzLIEm8wqvYL,True,False,True,False
sharam200,True,False,True,False
persian2179,True,False,True,False
Avayiran,True,False,True,True
sunset_alireza,True,False,True,False
Radman06693049,True,False,True,False
mbwbh2970315833,True,False,True,False
chapsoz,True,False,True,False
Rainam07825475,True,False,True,False
SahraAzabadegan,True,False,True,False
Nik_Adelante,True,False,True,False
Morre_Pi,True,False,True,False
nasermoradi3,True,False,True,False
san_az07,True,False,True,False
Haamvataan,True,False,True,False
hych_ma,True,False,True,False
sherin2531,True,False,True,False
ZenabAl7,True,False,True,False
MohammadBokaie,True,False,True,False
Mary60167978,True,False,True,True
Ameercreatives,True,False,True,True
AFF988106522188,True,False,True,True
hekhamanesh43,True,False,True,False
javidshahsong,True,False,True,False
ahmadyan86,True,False,True,True
cyrus_2500,True,False,True,False
Ana41913989,True,False,True,False
MusaHoseini1361,True,False,True,False
rebelio11,True,False,True,False
EhsanShavarebi,True,False,True,False
EstiriNader2540,True,False,True,True
AhouraMazda2581,True,False,True,False
SecYellen,True,False,True,True
noorm777369,True,False,True,True
KarimiAhoora,True,False,True,False
Farnaz20717794,True,False,True,False
FormylandI13715,True,False,True,False
prince__persia7,True,False,True,False
all_hasti,True,False,True,False
gandom28309436,True,False,True,True
Blou9978,True,False,True,True
Varese_Isildur,True,False,True,True
Babak172818,True,False,True,False
Mahjam_,True,False,True,False
vibesversee,True,False,True,False
Sakhtmanrooz,True,False,True,False
berlineton,True,False,True,False
Brixama5,True,False,True,False
MosbyyTedd101,True,False,True,False
Iranshahrtv,True,False,True,False
SiavashZz95773,True,False,True,False
hich199,True,False,True,True
CNR77688,True,False,True,False
mhdirashidi2541,True,False,True,False
,True,False,True,False
liberaldemocras,True,False,True,False
HaMeD77989738,True,False,True,False
PahlaviRezaaSha,True,False,True,False
mathsygoth,True,False,True,False
zaneirani71,True,False,True,False
gliacellmatters,True,False,True,False
bakhtiyari07,True,False,True,False
milaniabbas,True,True,True,True
KurdMalek35247,True,False,True,False
Mooolian,True,False,True,True
shadowshade1979,True,False,True,False
BardiaSA2,True,False,True,True
zanekambiz85,True,False,True,False
2020Sahereh,True,False,True,False
RezaShahab60792,True,False,True,False
Sepehr712,True,False,True,False
bhnmzdy4,True,False,True,True
Lilium887766,True,False,True,False
AmirHamoon54115,True,False,True,False
AliBabakRahmat1,True,False,True,True
Astikmat4,True,False,True,False
mehdibarca1984,True,False,True,False
alex57230368928,True,False,True,True
Esi79363827,True,False,True,False
Parseh0,True,False,True,False
HamedRe48703903,True,False,True,False
FreePersia2020,True,False,True,False
Casablanca_jo_p,True,False,True,False
KhojeMhmd58611,True,False,True,False
Farah46183421,True,False,True,False
Alireza8792,True,False,True,False
HamedTahmasebi7,True,False,True,False
,True,False,True,False
PoooranDokht,True,False,True,False
cop_mobo,True,False,True,False
Land_lesss,True,False,True,False
nesfetoam,True,False,True,False
RezaAzadian,True,False,True,False
NooroziMas93316,True,False,True,False
Alex11090,True,False,True,False
arashb1400,True,False,True,False
lili12131415161,True,False,True,False
setare319,True,False,True,False
Sad1977mans,True,False,True,False
salami_misha,True,False,True,False
DokhtareAryayi,True,False,True,True
Achaemenid22,True,False,True,False
M4fQjmjuyo68huz,True,False,True,False
TIRMAHAN,True,False,True,False
vista_time,True,False,True,False
HamidYa17719544,True,False,True,False
Q_Yasi_Q,True,False,True,False
LiionAndSun,True,False,True,True
alexmum12394817,True,False,True,False
PsndHsyn60300,True,False,True,False
agunner2_,True,False,True,False
Atila_O_o,True,False,True,False
learningRuston,True,False,True,False
MajPahlavi,True,False,True,False
PouyanVista,True,False,True,False
iranazad38,True,False,True,False
Zeinal0711,True,False,True,False
chaiiee,True,False,True,True
BehnamNader,True,False,True,False
Irani_princess,True,False,True,False
drpegahm,True,False,True,False
KhamooshMorgan,True,False,True,True
aboolashi1990,True,False,True,True
mohsen_yek,True,False,True,False
Panorama666,True,False,True,False
Darklees_mind,True,False,True,False
damavand_tanha,True,False,True,False
fatemeh140075,True,False,True,False
Max77697901,True,False,True,False
behnood1969,True,False,True,True
MadamMinoo,True,False,True,False
pesareiranbano,True,False,True,False
Dahe_hashtadi86,True,False,True,False
df9e56c7b4ee4d8,True,False,True,False
Archdevil1980,True,False,True,False
AA_1938,True,False,True,False
Avash2014,True,False,True,False
nimaashahinn,True,False,True,False
znb8356964955,True,False,True,False
defaultvalue66,True,False,True,False
MahnazRazavi,True,False,True,False
jelvezar,True,False,True,False
Mohsentorab1989,True,False,True,False
MiladDehghan,True,False,True,False
hosseintajiii,True,False,True,False
irani5858,True,False,True,False
keyhoul,True,False,True,False
alahverdy56553,True,False,True,False
mahshid1968,True,False,True,False
behzad7901,True,False,True,False
GreatCyrus5344,True,False,True,True
Lord04688872,True,False,True,False
sarbazanorg,True,False,True,True
medi123,True,False,True,False
mehdikarari1,True,False,True,False
Musybat,True,False,True,False
Marde_Hesabii,True,False,True,False
ninja4705,True,False,True,False
Imatrakaa,True,False,True,True
sheikh_alaki,True,False,True,False
Termehazd,True,False,True,False
nakhodaaaa123,True,False,True,False
Amesha_Asha,True,False,True,False
hduigksjhwifi,True,False,True,False
MsAvaa21,True,False,True,False
Mehro_28,True,False,True,False
nowruz_ir,True,False,True,False
Asdyan71,True,False,True,False
shrodeer,True,False,True,False
DrEliasOfficial,True,False,True,False
nakhodar,True,False,True,False
KhanKoroosh,True,False,True,False
tatitopgun96506,True,False,True,True
Zed77o8,True,False,True,False
valkyrie_persia,True,False,True,False
ShahDier,True,False,True,False
mina34456740526,True,False,True,False
javid88iran,True,False,True,False
CkLmjvkHnlYQtbM,True,False,True,True
Dianax115,True,False,True,False
BENN08907133,True,False,True,False
darioush_irani,True,False,True,False
negar_am1994,True,False,True,True
etherscribee,True,False,True,False
Paradis03791669,True,False,True,False
by_sab25096,True,False,True,False
Hamidrezavessa1,True,False,True,False
Amirnasri1359,True,False,True,False
m_tanabod,True,False,True,True
Great_arteshtar,True,False,True,False
VatankhahIrani,True,False,True,False
NoMore00739119,True,False,True,False
abed37423,True,False,True,True
parande00169319,True,False,True,True
Ali03168580,True,False,True,False
Mooli68Man,True,False,True,False
Hamed36206421,True,False,True,False
Hauman75,True,False,True,False
nilo_1109,True,False,True,False
Golbool,True,False,True,True
LysRadman,True,False,True,False
Roudabeh_,True,False,True,True
kargadanbaldar,True,False,True,True
AlirezaNasirey,True,False,True,False
marzi2532,True,False,True,True
min68480,True,False,True,False
SiminNl,True,False,True,False
suren_baba,True,False,True,False
viv122355,True,False,True,False
HemaseAzadi,True,False,True,False
manouch20367313,True,False,True,True
JT00672525,True,False,True,False
foranewiran,True,False,True,True
___Bluemood___,True,False,True,False
morvarid2842,True,False,True,False
saman59439020,True,False,True,False
ahuramarigold,True,False,True,False
chosravi,True,False,True,False
MasoodBabapoor,True,True,True,False
Mr33869611,True,False,True,False
Ardeshir27781,True,False,True,False
masheakhar,True,False,True,False
AdamMahdy4,True,False,True,True
mermormir6,True,False,True,False
PariSa38856077,True,False,True,False
TopperAlicia,True,False,True,False
DokhtareIran155,True,False,True,True
b5pKwE7FXNFfrtN,True,False,True,False
DrRaha_MD,True,False,True,True
daneshpooy,True,False,True,False
salis11577523,True,False,True,False
r0332987419013,True,False,True,True
Gholinomi,True,False,True,False
Rezamot88190546,True,False,True,True
schuartzeneger2,True,False,True,False
SecDef,True,False,True,False
Davod1402,True,False,True,False
AliNemati244221,True,False,True,True
badqalsisi,True,False,True,False
shrapdawwod,True,False,True,False
loboyelor,True,False,True,False
azadi_fereshteh,True,False,True,False
Samchba,True,False,True,False
Mina38908911,True,False,True,False
banafshe1973,True,False,True,False
arian_safai,True,False,True,True
Patrix434,True,False,True,False
10rei_10ri,True,False,True,False
rezaaghaei7,True,False,True,False
siavash65055361,True,False,True,False
Foroghi1303,True,False,True,True
mmikeig,True,False,True,False
AysooKhanum,True,False,True,False
confuzedguy,True,False,True,False
arash_arrowwell,True,False,True,False
yasai1970,True,False,True,False
Wk1Moregan,True,False,True,False
badebanenoor,True,False,True,False
pshyzed,True,False,True,False
delavarkarimi11,True,False,True,False
gooshehneshinam,True,False,True,False
hamid478881,True,False,True,False
mokhtari_ir,True,False,True,False
bloomer2023,True,False,True,False
medzvardi,True,False,True,False
FAziziloo,True,False,True,False
Hodaameri1,True,False,True,True
sami_mk6,True,False,True,True
sefid_pashmi,True,False,True,True
Iran_2500_years,True,False,True,False
Dimitri210117,True,False,True,False
saeiidmolavi,True,False,True,False
radmehr_d,True,False,True,True
mj12881032,True,False,True,True
EMMYSAINT08121,True,False,True,False
2023Mytwit,True,False,True,False
Airdrop24690,True,False,True,False
17ococ,True,False,True,False
mandanairanian,True,False,True,False
mobdyan_plus,True,False,True,True
egh1911,True,False,True,False
PersianNacho,True,False,True,True
nazaninhodhod,True,False,True,True
pourzangi,True,False,True,False
jadugarzolfha,True,False,True,False
HosenShazz63391,True,False,True,False
elonmaskedadash,True,False,True,True
KhanomPar,True,False,True,False
Vtrader11,True,False,True,False
mehrshadspar,True,False,True,False
namjounami123,True,False,True,True
sky_holi,True,False,True,True
MaryamRZ_Irano,True,False,True,False
Mahoor_2021,True,False,True,False
farshaaddddddd,True,False,True,False
Ezkiel289078,True,False,True,False
mahso631,True,False,True,False
MOJTABA94111006,True,False,True,True
Narges5656,True,False,True,False
khodayegan,True,False,True,False
DevilDance5046,True,False,True,False
VakilSina,True,False,True,False
mehrdadpontus,True,False,True,False
nwyd94438955,True,False,True,False
AbolJasem,True,False,True,False
Miloooooollllll,True,False,True,False
LSepidar,True,False,True,False
Shabvaartel,True,False,True,True
Gordafariddoran,True,False,True,True
SarebanAmin2525,True,False,True,False
arashashkan573,True,False,True,False
JgU6fEA4fQjWpVu,True,False,True,False
kamran47303782,True,False,True,False
facelesso0,True,False,True,False
narges57100625,True,False,True,False
mackanashk,True,False,True,True
RahimiSooniya,True,False,True,False
KilitSmart68078,True,False,True,True
Baharestan_12,True,False,True,False
MHamidiman65947,True,False,True,False
JOOKCIL,True,False,True,False
culeta1010,True,False,True,False
UpdateNews724,True,False,True,False
kayvanabbassi,True,True,True,False
Its_Radmehr,True,False,True,False
mgh2958,True,False,True,False
AtnaShryfa24107,True,False,True,False
B6744Kalin,True,False,True,True
iguana_yeka,True,False,True,True
AyobDarabi,True,False,True,False
behroz991,True,False,True,False
dexter777110,True,False,True,True
A_Sahar024,True,False,True,True
mikycalafe,True,False,True,False
MasoudRazaviyan,True,False,True,False
zedde57,True,False,True,False
mahmoudreza1992,True,False,True,True
NikiZadeh,True,False,True,False
saint66lucifer,True,False,True,False
baktash_K,True,False,True,False
mamali4dalghak,True,False,True,False
PirKaftar,True,False,True,True
AFazlipoor,True,False,True,False
gholamhasan1278,True,False,True,False
MalMal31788383,True,False,True,True
climbeing,True,False,True,False
Ebiiii63,True,False,True,False
Iran1azad2,True,False,True,True
S_H_A_B_A_N_I,True,False,True,False
loveeee1400,True,False,True,True
edalatiyanmosi,True,False,True,False
Maral989847,True,False,True,True
borzou2924,True,False,True,False
pahlavijan1366,True,False,True,True
KavehZ2011,True,False,True,True
HAfshari69353,True,False,True,False
khn4857,True,False,True,False
ffffssss195088,True,False,True,False
bahare23z,True,False,True,True
HaS95299179,True,False,True,False
Rezakayaa,True,False,True,False
khodejustincase,True,False,True,True
wishbird79,True,False,True,False
Ariameh04854173,True,False,True,False
aqdashasdam,True,False,True,False
TuckerCarlson,True,False,True,False
MohamadSha16089,True,False,True,False
Abbasebr,True,False,True,False
psaidthat,True,False,True,False
F_C_down,True,False,True,False
Iranyar_Iranyar,True,False,True,False
CNReports,True,False,True,False
eslamii_hamid,True,False,True,False
pesarvahshi2000,True,False,True,False
KheradName,True,False,True,False
AEhteshami87487,True,False,True,False
homaysaadat10,True,False,True,False
Ali20null08,True,False,True,False
mahmoudi_ir,True,False,True,False
officialiranica,True,False,True,False
MesutHaray1,True,False,True,False
ArshA76,True,False,True,False
mahdi4604490822,True,False,True,False
abuozar111,True,False,True,True
CrysisCrypto,True,False,True,False
javad77823457,True,False,True,False
rose20121975,True,False,True,False
a_sad_easterner,True,False,True,True
Saeed27125300,True,False,True,False
Ahmadblackhors1,True,False,True,False
SaharAdesertt,True,False,True,False
SedighehMinachi,True,False,True,False
ashk1100,True,False,True,False
AmirAbasHoveida,True,False,True,True
KyleJohnso4543,True,False,True,False
Ario11198419,True,False,True,False
per_zerodark,True,False,True,False
AbbyRA241783,True,False,True,False
Pashiman414324,True,False,True,False
ArtinRamtin,True,False,True,False
The_Scorpion76,True,False,True,False
ahmadsh571,True,False,True,False
Kian1067,True,False,True,False
IShowTreven,True,False,True,False
maryjooana,True,False,True,False
LabayogVin13888,True,False,True,False
daryoazar,True,False,True,False
,True,False,True,False
ayatolah_mishel,True,False,True,False
mehrdad800,True,False,True,False
hetova38,True,False,True,True
pdn154761,True,False,True,False
ShHoseiin,True,False,True,False
AllisterCrowly,True,False,True,False
shrb11890374,True,False,True,True
serendipia_ma,True,False,True,False
,True,False,True,False
khashtria,True,False,True,True
KRezaiy36254,True,False,True,False
rightherrow,True,False,True,False
CyrusTheFirst60,True,False,True,False
Mozez_22,True,False,True,False
mehranblood85,True,False,True,False
nooneneednoone,True,False,True,False
MFryduni,True,False,True,False
SIMA75774367,True,False,True,False
3toedsloth6,True,False,True,False
kayanipour61712,True,False,True,False
Saltanattalab2,True,False,True,False
89a75a7ebb0d46f,True,False,True,True
homayonaz78,True,False,True,True
RAhmdy73677,True,False,True,False
Zahra_shahbar,True,False,True,False
shab_zadh,True,False,True,True
commando5064185,True,False,True,True
don_ya1996,True,False,True,True
Shaghay93632409,True,False,True,False
ab84765354,True,False,True,False
Farbod66666,True,False,True,False
toranjfirouzei,True,False,True,False
nour93175,True,False,True,False
Nasiri43758,True,False,True,False
Ehsanghi3,True,False,True,True
Substantial021,True,False,True,False
Commander_Rabie,True,False,True,False
Ali_Bitmit,True,False,True,False
amirmahdavi1995,True,False,True,False
Barandaz2533,True,False,True,False
AliHz1997,True,False,True,False
saltbanamak,True,False,True,True
bhramahwrayy3,True,False,True,False
tanhaye_marde,True,False,True,True
Monarch1Fox,True,False,True,False
TwinJetNebula,True,False,True,True
Tehrantin,True,False,True,False
officiallAzadeh,True,False,True,False
Hilda_larens,True,False,True,False
_ariyamehr,True,False,True,False
BenameVatan,True,False,True,False
ayatollah_floki,True,False,True,False
AminiJaleh,True,False,True,False
MazaheryAhmad,True,False,True,False
Maanaa_shah,True,False,True,False
potheadinho,True,False,True,False
BRabienia,True,False,True,False
hoseingazme,True,False,True,False
farvehariran,True,False,True,False
mahmood_Artesh,True,False,True,False
SerojBoghosyan,True,False,True,True
bahadorimr,True,False,True,False
littlecolorfulN,True,False,True,False
zorantel,True,False,True,False
Elim1243,True,False,True,False
saeedeh894946,True,False,True,False
maryeshgh110,True,False,True,False
Meisamnahid,True,False,True,False
Guilan_Girl,True,False,True,False
VP,True,False,True,False
shazdepesar,True,False,True,False
r_oyai1,True,False,True,False
Elrian_NFT,True,False,True,False
Turadsch,True,False,True,True
SAvesta78056,True,False,True,False
justheinfinity,True,False,True,False
mirzareaza,True,False,True,False
WhoKnow1990,True,False,True,True
pesarekeikavous,True,False,True,False
A_j_s_zaadeh,True,False,True,False
Vito_carleone8,True,False,True,True
Mohammadia305y,True,False,True,False
rezaazar43052,True,False,True,False
drashkan_mir,True,False,True,False
taufikbad,True,False,True,False
shahshahshah678,True,False,True,False
farzank50,True,False,True,False
IM_THE_Ali_JJ,True,False,True,False
parthianempire,True,False,True,False
joker4ir,True,False,True,False
Yasinasiladi,True,False,True,True
fri78045,True,False,True,False
parsineda1996,True,False,True,False
Yalasarat,True,False,True,True
GhanbariSetare,True,False,True,False
SadriSadra,True,False,True,False
Tedyingenious,True,False,True,False
buffaloman77,True,False,True,False
RamandiHaleh,True,False,True,True
adame_khoob,True,False,True,False
Mimobiibo,True,False,True,False
ftm_ni7,True,False,True,False
LionesssLegacy,True,False,True,True
aryan_d22,True,False,True,False
farhadraza81,True,False,True,False
BabakHaghjoo,True,False,True,False
HKhashtareh,True,False,True,False
kiaei_mohammad,True,False,True,False
RemRav64952,True,False,True,False
HoomanGhaniPour,True,False,True,False
kourosh_far,True,False,True,False
mahsima881740,True,False,True,True
biasab790,True,False,True,False
Nazi_Mad,True,False,True,False
ladyy_young,True,False,True,False
irankhanoom1384,True,False,True,False
AmirShams96,True,False,True,False
Funcartun,True,False,True,False
SaraJamIrani,True,False,True,False
soheila13394711,True,False,True,True
samiiiiaarrr,True,False,True,False
Adrian1368120,True,False,True,False
YudhaaaW,True,False,True,False
Masoud_369,True,False,True,False
Alireza57021818,True,False,True,False
Mah_Mo7,True,False,True,False
koshteshab,True,False,True,False
pasha1401549846,True,False,True,False
Amin03270648,True,False,True,True
aliekazemi1985,True,False,True,True
_Awakening5D,True,False,True,False
gilsa__,True,False,True,False
AM67849599,True,False,True,True
FoundationILR,True,False,True,False
ShimaMoh44679,True,False,True,True
aminzahirinejad,True,False,True,False
Sherine_javan,True,False,True,False
KhorshidShahbar,True,False,True,True
Nima45849546,True,False,True,False
artemis_aaaaaa,True,False,True,False
ramkal1377,True,False,True,True
ali_paydarr,True,False,True,True
DZhiivar,True,False,True,False
Rvu9b7uLDQZM5Zo,True,False,True,False
kakeroyoga21,True,False,True,False
KtgEq3WKc7o8H0w,True,False,True,False
hushbam67,True,False,True,True
majidna78356914,True,False,True,False
GgeessooGuisou,True,False,True,False
vahid53644186,True,False,True,False
Herman50966672,True,False,True,False
pirouzei,True,False,True,False
fatme94lk,True,False,True,False
Alireza8182,True,False,True,False
AmirZargham11,True,False,True,False
zeinoorani,True,False,True,False
btsliph,True,False,True,False
javanshir9,True,False,True,False
sadeghZibakalam,True,True,True,True
KingRezaPahlav,True,False,True,False
L24562F,True,False,True,False
2583Kiasha91512,True,False,True,True
RevolatedWithPo,True,False,True,False
JonathanHaroun1,True,False,True,False
A_Frank767,True,False,True,False
Aban9814,True,False,True,False
TanjilI79878227,True,False,True,False
binta_yau,True,False,True,True
B24017,True,False,True,False
KashifSaeedii,True,False,True,False
mark_d_wallace,True,False,True,False
BahramHagh66914,True,False,True,False
ferdowsi_tusi,True,False,True,False
Lisianthus_gh_f,True,False,True,False
thehearer_,True,False,True,False
kay_parisa,True,False,True,False
Hosseinhsch1990,True,False,True,False
ssaahheell2588,True,False,True,False
sahar136611,True,False,True,True
pejman18279738,True,False,True,False
GhOmidvar,True,False,True,False
aramis202020,True,False,True,False
roshanak_ast,True,True,True,False
weststorm64,True,False,True,False
minadokhtaremah,True,False,True,False
AliShad1038,True,False,True,False
niloofarAbi00,True,False,True,True
LolaCassi_,True,False,True,False
AryaRouhi39966,True,False,True,False
Amirkabirzende,True,False,True,False
BrutaINature1,True,False,True,False
helya_k2024,True,False,True,False
MviHamun,True,False,True,False
parsa_arh,True,False,True,False
farnaz1310601,True,False,True,False
zahra050641916,True,False,True,False
parto54595133,True,False,True,False
Soha1272,True,False,True,False
iranman777,True,False,True,True
farafathy,True,False,True,False
AnitaNezhad,True,False,True,False
HamidEshgh91991,True,False,True,False
kheir_nadide,True,False,True,False
alireza13641985,True,False,True,False
Wanted92009272,True,False,True,False
ghazanfari55452,True,False,True,False
Ghyt14254487,True,False,True,False
Pollux561421,True,False,True,False
amiri_iman94139,True,False,True,False
sadsaltanhaei,True,False,True,False
73_florence,True,False,True,False
HajSardar1,True,False,True,False
MehrnooshGhorb3,True,False,True,False
SaeedGh83111412,True,False,True,False
libertarian_dpr,True,False,True,False
PrinceDelighted,True,False,True,True
shahpoor2020,True,False,True,False
Subzero752,True,False,True,False
KevinJaymz,True,False,True,False
LOLO1366613,True,False,True,False
mahmoodarzanii,True,False,True,False
Maryamraisi87,True,False,True,False
captain_zero_tm,True,False,True,False
Arya0delaviyan,True,False,True,True
Mozhganmahdav10,True,False,True,False
AbhishekbAITC,True,False,True,True
AtiMasroor,True,False,True,False
Aavaxx737,True,False,True,False
akbarjoojeh,True,False,True,False
samalexshah,True,False,True,False
rocketman_1944,True,False,True,True
nayerehes13571,True,False,True,False
RoozmehrJ,True,False,True,False
archang07706087,True,False,True,True
marrya_77,True,False,True,False
RKrmy13612,True,False,True,False
mort28302,True,False,True,False
jesiiinopink,True,False,True,False
Peymanhty01,True,False,True,False
AshokaHafe29641,True,False,True,False
EspenBarthEide,True,False,True,False
siamak_heydary,True,False,True,False
sara75653982,True,False,True,False
mar11133165,True,False,True,True
piramerd12,True,False,True,False
siayoshbito2,True,False,True,False
Mandanaphotogr,True,False,True,False
azadikhah123,True,False,True,False
Scream6368,True,False,True,False
A111N6,True,False,True,False
paydar_iran_,True,False,True,False
mehranfx666,True,False,True,False
hastiii1380,True,False,True,False
asafavictor95,True,False,True,False
Cyrosirani,True,False,True,False
Damoon4u,True,False,True,False
artmis2194,True,False,True,False
SeyedAmirrm,True,False,True,False
raha09371259754,True,False,True,False
alreza83,True,False,True,False
IRPirangara,True,False,True,True
nasidarya57,True,False,True,True
GIL60qrL_H8j,True,False,True,False
Amirbidi21481,True,False,True,True
Shullman7,True,False,True,False
golden_dragon76,True,False,True,False
vahedibahram,True,False,True,False
M0hsengh,True,False,True,False
Kimia491320,True,False,True,False
Mehrnoshsajed11,True,False,True,False
arash20203,True,False,True,False
zohresolimany,True,False,True,False
pourdar,True,False,True,False
SabaSabz44,True,False,True,True
kakbarihamed,True,False,True,False
fkarimzade81,True,False,True,False
reddish1984,True,False,True,False
RouhallahHakim1,True,False,True,True
oootred188,True,False,True,False
sheyda_G26,True,False,True,False
agharastan11,True,False,True,False
kinginnorth76,True,False,True,True
eng71412050,True,False,True,False
91amin91,True,False,True,False
FBhkam83085,True,False,True,False
Durgesh79853144,True,False,True,False
hga1485829,True,False,True,False
a2_intl,True,False,True,False
MR1ARASH,True,False,True,False
mirzabahram33,True,False,True,False
memol666,True,False,True,True
olive303658551,True,False,True,True
zanzandgyiran,True,False,True,False
kingiraniian,True,False,True,True
mahdifallah,True,False,True,False
imagination_h,True,False,True,False
KarenIrani1990,True,False,True,False
FarzadFarh66815,True,False,True,False
armanahooraii,True,False,True,False
aki777azd1,True,False,True,True
OpatanEP,True,False,True,True
Savak_Bear,True,False,True,False
IranIraaan,True,False,True,False
golroud,True,False,True,False
VandadO95669,True,False,True,False
DYosefian79291,True,False,True,False
HAP11686,True,False,True,True
farhado1984,True,False,True,False
Afshintt69,True,False,True,False
shahanshah36,True,False,True,False
News_Iran,True,False,True,False
Arta22025,True,False,True,False
mactive00,True,False,True,True
AlmasC124254,True,False,True,False
farhadrouzbaha,True,False,True,True
_hojat_,True,False,True,False
peyman_sedqi,True,False,True,False
dananik_f,True,False,True,True
Shahin42002375,True,False,True,False
korosakikuuun,True,False,True,False
leonardking87,True,False,True,False
,True,False,True,False
Kourosh_Dana,True,False,True,False
seyedhagjo,True,False,True,False
parhamsix,True,False,True,False
KardanMojt78100,True,False,True,False
professor1975,True,False,True,False
Behrooz0229152,True,False,True,False
Alexboys102102,True,False,True,False
Cristiano,True,False,True,True
Alirezaabbasi_7,True,False,True,True
Mattymadani,True,False,True,False
RahaeeNews,True,False,True,False
hosan_sohrabi,True,False,True,True
ABaerbock,True,False,True,False
satii_mahyar,True,False,True,False
rpeiro1965,True,False,True,False
rasoli_mohsen65,True,False,True,False
herelioy,True,False,True,False
Rezayaghobi10,True,False,True,False
VMohadjeri,True,False,True,True
kalafe_,True,False,True,True
Iranamordad,True,False,True,False
Suchiant_,True,False,True,False
SamiulH29860921,True,False,True,False
Koslami1357,True,False,True,True
BKouchakpour,True,False,True,False
variance22,True,False,True,False
Robatimm,True,False,True,True
ali17553042,True,False,True,False
BOnly33891,True,False,True,False
Grunrana,True,False,True,False
Sandra591230980,True,False,True,False
Arashariya28019,True,False,True,False
sani121200000,True,False,True,False
doglas34125558,True,False,True,False
zandiparvin7,True,False,True,False
Si_Sh49731,True,False,True,False
mardmihan140,True,False,True,True
ali_yousefy,True,False,True,False
ak49069267,True,False,True,False
tarrllan,True,False,True,False
alirz_o,True,False,True,False
realtorhami,True,False,True,False
simahun,True,False,True,False
Bimaryam1,True,False,True,True
spacy11125449,True,False,True,False
inknownam,True,False,True,False
Mathiiyou,True,False,True,True
swastikapahlavi,True,False,True,False
shahdoustpahlav,True,False,True,False
Aban98Mehr,True,False,True,False
Feresht48948755,True,False,True,False
ziba_nowruzz,True,False,True,True
NazakTavakoli1,True,False,True,False
K1soloman,True,False,True,False
Imanrl1980,True,False,True,False
,True,False,True,False
tranh_dy,True,False,True,False
x4lireza_alfa,True,False,True,False
FeriKooty,True,False,True,False
SasanHoomehr,True,False,True,False
Ceddy713128,True,False,True,False
patriot_17_17,True,False,True,False
Es84Sadeq,True,False,True,False
aynodlady,True,False,True,True
BahmanAkbarpou1,True,False,True,False
b06049,True,False,True,True
Pahlavi_love94,True,False,True,False
Arash_Persian,True,False,True,False
WiTrHope,True,False,True,False
afarin61,True,False,True,False
Mannish_Boy,True,False,True,False
jigool50,True,False,True,True
Shahbar_jalal,True,False,True,True
Sepideh7895,True,False,True,False
MonicaAz11,True,False,True,True
,True,False,True,False
ham_gonah,True,False,True,True
Pahlavism_RZ2,True,False,True,True
persi_Swift,True,False,True,False
pahlaviparastt,True,False,True,True
babak0652,True,False,True,True
Mehrbanoo41,True,False,True,True
silentman11111,True,False,True,False
esi1357m,True,False,True,True
dxccc1232,True,False,True,False
ghinsin_,True,False,True,False
saeidah73505421,True,False,True,False
stark_ted23380,True,False,True,False
kiaatri123,True,False,True,False
AliDaneshi2007,True,False,True,True
pirezan_,True,False,True,False
Roya78156423,True,False,True,False
m_amin1260,True,False,True,False
BloomingShazar,True,False,True,False
nofar_sobhan,True,False,True,False
Simin09370484,True,False,True,False
mariya0020,True,False,True,False
mechanictired,True,False,True,False
Quereska,True,False,True,False
GhasemiRoy59564,True,False,True,False
ZanVPahlavi,True,False,True,False
KazemAhmadi481,True,False,True,False
shaqayeqla,True,False,True,False
Vahram_G,True,False,True,True
arya_pursam,True,False,True,False
kavehahangari7,True,False,True,False
MasoudDastangoo,True,False,True,False
Anahita51588051,True,False,True,False
__slak__,True,False,True,False
babak20302030,True,False,True,False
Arash6666666,True,False,True,False
Croissantinno,True,False,True,False
alihassanniya1,True,False,True,False
m_d1994m,True,False,True,False
HoseiniKazzem,True,False,True,False
mohsen_b99,True,False,True,True
shhnaz30654103,True,False,True,False
AshelyMehl95078,True,False,True,False
MooyyyMooyyy,True,False,True,False
YvlYpQVUVXUQfxJ,True,False,True,False
Leila1133065,True,False,True,True
Radiomashrooteh,True,True,True,False
Kazem1467973,True,False,True,False
voiceof_btc,True,False,True,False
mandanaa1357,True,False,True,False
Mohamad87160044,True,False,True,False
papaknik,True,False,True,False
AzarNamini,True,False,True,False
_felora,True,False,True,True
volcano_876,True,False,True,True
Ahmadostad4173,True,False,True,False
Kingsha51154674,True,False,True,False
MehdiDizaj,True,False,True,True
mana1348,True,False,True,True
janatan_J,True,False,True,False
iraman64,True,False,True,False
BenFarzad,True,False,True,False
FarhadAzad7,True,False,True,False
mina10665,True,False,True,False
h_partabiyan,True,False,True,False
ahmadpasbani,True,False,True,False
first8pa,True,False,True,False
mohamedforadi,True,False,True,True
HassanS62616930,True,False,True,False
MohammadFa73905,True,False,True,False
FatiMohammadi12,True,False,True,False
frhd61847766,True,False,True,True
soroush_khazaei,True,False,True,False
ozamaend,True,False,True,False
KING1825911,True,False,True,True
SamMat9488,True,False,True,False
AmirLion7989,True,False,True,False
masooud2000,True,False,True,False
mannydannyy,True,False,True,False
oripidd,True,False,True,False
fadai_pahlavi,True,False,True,False
_Rmin,True,False,True,True
Atradat11,True,False,True,False
NasimBanoo98,True,False,True,False
gerdelbhansel,True,False,True,False
IWasBornIranian,True,False,True,False
HsynD16368,True,False,True,True
SarvKhshk,True,False,True,False
Larii_Walker,True,False,True,False
sarbedaran99,True,False,True,False
Zorvanism,True,False,True,False
undeadwolverine,True,False,True,False
ArsalanBb59042,True,False,True,False
MhyaP67741,True,False,True,False
Soldier_Pahlavi,True,False,True,False
MythologyRostam,True,False,True,False
vip_fiun,True,False,True,True
ELsardinow,True,False,True,True
syavash2581,True,False,True,False
AliMahmoudian6,True,False,True,False
Amortatt,True,False,True,False
YaraAmir92733,True,False,True,True
BakhtiarTom,True,False,True,False
NobodyNour,True,False,True,False
October1120004,True,False,True,False
javidshahh2025,True,False,True,True
2khtare_bahar,True,False,True,False
MaRiXosrOvi,True,False,True,False
javaherbin,True,False,True,False
anotherlikeME_,True,False,True,False
MEHRSHA07864773,True,False,True,False
koookooo1369363,True,False,True,False
thebehnoom,True,False,True,False
elicalebon,True,False,True,False
Pouria690452,True,False,True,False
Mohsen_araki,True,False,True,False
Pahlavi314iran,True,False,True,False
Puriantella,True,False,True,False
Floyd_Lauton,True,False,True,True
FereydounJRL,True,True,True,False
ShhdayA87312,True,False,True,False
avesta95383151,True,False,True,False
cheraghci79488,True,False,True,True
royareads,True,False,True,False
s_yosefy44593,True,False,True,False
talkh_oon,True,False,True,False
hamid248000,True,False,True,True
GorbehGorb76283,True,False,True,False
mehdadsepehrtaj,True,False,True,True
Anahidamin,True,False,True,False
sunriseinw14362,True,False,True,False
ICARUS91773046,True,False,True,False
nejatbahrami,True,True,True,True
Irani30min2025,True,False,True,False
KevinDa89023314,True,False,True,False
El88086428,True,False,True,False
abas_karimi1365,True,False,True,False
ATLAS_4000,True,False,True,True
3009Sara,True,False,True,False
fairghh,True,True,True,False
irani_yekan,True,False,True,False
Amirhoseyn1374,True,False,True,False
mahasti_s,True,False,True,False
chap_dastam,True,False,True,False
Shinyroad1,True,False,True,False
mirzarezaeee,True,False,True,False
Bahman18661,True,False,True,False
RazorSharpp021,True,False,True,False
PourmandH,True,False,True,False
omid70660736,True,False,True,False
kimyakalantari,True,False,True,False
Aahoora281490,True,False,True,False
imzara1983,True,False,True,True
sednay78175,True,False,True,True
ElizabethO16653,True,False,True,False
reza2pahlavism,True,False,True,False
Donna32109558,True,False,True,False
AHShihab251593,True,False,True,True
Abigailpersian,True,False,True,False
BaharTa54,True,False,True,False
Minimalist82028,True,False,True,False
khayyamhedayat,True,False,True,False
KhosrowShokr,True,False,True,False
BARDIA_FERDOOS,True,False,True,False
shahab569,True,False,True,False
Ka_Rama1111,True,False,True,True
HHH2664,True,False,True,True
xuser9898,True,False,True,False
SamBrow3318613,True,False,True,True
Italia_Iran_org,True,False,True,False
mahnah01ayhman,True,False,True,False
lorde_sharghi,True,False,True,False
Philip465518101,True,False,True,False
NargesNarg21806,True,False,True,False
Morgennikan,True,False,True,False
Bluemoo1877733,True,False,True,False
Alireza_Sakaky,True,False,True,False
permanentland,True,False,True,False
ShimahdriS,True,False,True,False
AfshinHululu,True,False,True,False
n_nikotein,True,False,True,False
9sf_h,True,False,True,False
SheidaSoff57189,True,False,True,True
BhandarPolicy,True,False,True,False
KShafiyane,True,False,True,False
N_MorganAzadi,True,False,True,False
AshabiEbbie1,True,False,True,False
Mamad1359,True,False,True,False
farshadachak,True,False,True,True
Majidi65567546,True,False,True,False
bJalnxxDxWGrFqo,True,False,True,False
daravsara,True,False,True,False
bahrami_danesh,True,False,True,False
Mohamad73772119,True,False,True,False
whoispeopel,True,False,True,True
Artaadokhtt,True,False,True,False
Iranforus1401,True,False,True,False
IFahimeh,True,False,True,False
liliostech,True,False,True,False
Aria136613,True,False,True,False
sofisnl15990,True,False,True,False
mokhtari_ei,True,False,True,False
arman_iranshahr,True,False,True,False
vahidq121212,True,False,True,False
MOHAMAD_LO1999,True,False,True,False
barfipersiancat,True,False,True,False
Sirus_1111,True,False,True,False
viralfever777,True,False,True,False
zhivagoo25,True,False,True,False
MonfaredNi92891,True,False,True,False
naderSHAHIRAN,True,False,True,True
Mrnight7777,True,False,True,False
MaziarSaajedi,True,False,True,False
BTasnikh60142,True,False,True,True
AshenaMehr20041,True,False,True,False
MohammadOmidi16,True,False,True,True
PahlaviReza,True,True,True,True
Bahar56143461,True,False,True,False
Ariaamhr,True,False,True,False
Azadi33191,True,False,True,False
Vohoomana1,True,False,True,False
Mahyar415549021,True,False,True,True
Zhrdardmand,True,False,True,False
ExxomPayam,True,False,True,True
SB_f1984,True,False,True,False
30A666,True,False,True,False
Roya05875849,True,False,True,False
IRAN4Eveer,True,False,True,True
DrMasha955041,True,False,True,True
AMV1959,True,False,True,False
GhazalehH3,True,False,True,False
mohammadtora88,True,False,True,False
Danielian1015,True,False,True,False
Liza1339424,True,False,True,False
hazbowa,True,False,True,False
MaliSilva5,True,False,True,False
Madibi6,True,False,True,False
warreldane8,True,False,True,False
Bahareh_mir,True,False,True,True
beni1390,True,False,True,False
BasrhRqyh,True,False,True,False
Matin_skibaz,True,False,True,False
BIGPandaHERE,True,False,True,False
khastahamed,True,False,True,False
SM_creative,True,False,True,False
AmiriKarbandi,True,False,True,True
Booshveg2002,True,False,True,False
nafir_,True,False,True,False
Afshin911022812,True,False,True,False
AmirOhana,True,False,True,False
HPirgheibi,True,False,True,False
Shahi_freedom,True,False,True,True
Vtahayori,True,False,True,False
King1821020,True,False,True,False
FARBOD1694,True,False,True,True
SiamImtiaz69,True,False,True,False
Arya258390,True,False,True,False
AryaHoma,True,False,True,False
MehranRash41970,True,False,True,False
KingIIIR,True,False,True,True
1youngcrazy,True,False,True,False
Javidshah2566,True,False,True,False
UlysseEllian,True,False,True,False
Liadia7002,True,False,True,False
babaamir100,True,False,True,True
PeaceDonya65138,True,False,True,False
Negarkhatoon2,True,False,True,False
EidehSanan,True,False,True,True
Shahpursasani,True,False,True,False
IranKhah4,True,False,True,False
radman_por,True,False,True,False
OshnoVizheh,True,False,True,False
AlirezaKar0320,True,False,True,False
Bahadirsahnpskd,True,False,True,True
elham_moradi22,True,False,True,False
MaKhourshid,True,False,True,False
padidary,True,False,True,False
Shanza1992,True,False,True,False
Mei858585,True,False,True,False
OmarKhayya79794,True,False,True,True
g_rasputin__,True,False,True,False
OmidKT62,True,True,True,True
khalibaf1,True,False,True,False
barandaz1993,True,False,True,False
Hila1363,True,True,True,True
dankroaster,True,False,True,False
NoriShahla66266,True,False,True,True
sng765615433369,True,False,True,False
EaAstronaut,True,False,True,False
khabar_fory,True,False,True,False
rastgar_alireza,True,False,True,False
SB13437351,True,False,True,False
mhdy_hsyny75424,True,False,True,False
Sue555666H,True,False,True,False
EnvEraSciIran,True,False,True,False
iranazizam39589,True,False,True,True
Ahoora_37,True,False,True,False
khudealmas,True,False,True,False
herman_isinger,True,False,True,False
NargesKashaniCA,True,False,True,True
gstsp380766,True,False,True,False
iranemotahed85,True,False,True,False
ClassyyVirus,True,False,True,False
mansor1367,True,False,True,False
nashreakaziib,True,False,True,False
Akbarabbasi38,True,False,True,True
maxim661473610,True,False,True,False
aatiii9,True,False,True,False
GardJ,True,False,True,False
KiumarsJahandel,True,False,True,True
darvag946746,True,False,True,False
jamasbfrood,True,False,True,False
monifisent2021,True,False,True,False
Iranmasi,True,False,True,False
Shahan_pars,True,False,True,False
F_Mohajerani,True,True,True,True
BabakMo00529077,True,False,True,False
sam1980384115,True,False,True,False
MrNobody966,True,False,True,False
Jorji556,True,False,True,False
ali87933488,True,False,True,False
Kambiz8152,True,False,True,True
Shynnyx98,True,False,True,False
Kasra_999R,True,False,True,False
alihaghi12,True,False,True,False
Hamid99565026,True,False,True,False
amiri_pooya,True,False,True,False
ForsaRhys,True,False,True,False
denvert99,True,False,True,False
BandarShapouri,True,False,True,True
MotherlandRobot,True,False,True,False
m_azadfard,True,False,True,False
AziKeykhosravi,True,False,True,False
Sorena6009,True,False,True,True
r16892190988471,True,False,True,True
Shadow079067331,True,False,True,False
miranis67,True,False,True,False
persianismother,True,False,True,False
kamix25x,True,False,True,True
lyqdmy2565621,True,False,True,False
Daniel043821253,True,False,True,False
Yas11111Yas,True,False,True,False
ArabelaMob42776,True,False,True,False
Mahtavallai,True,False,True,True
sa56595081,True,False,True,False
ElahehAlizadeh7,True,False,True,False
wolfgangieM,True,False,True,False
MohMA002,True,False,True,False
Hamed1337162,True,False,True,False
Mahtab1553913,True,False,True,False
bakhtiyarvand46,True,False,True,True
BeduralSarah,True,False,True,False
FBozorgmeh8776,True,False,True,False
hassanshariatm5,True,True,True,True
Simin39612641,True,False,True,False
Ramin_tk,True,False,True,False
Parvaz7barfaraz,True,False,True,False
No_face_n0_name,True,False,True,False
sigmondfreud72,True,False,True,False
pahlavitaabad,True,False,True,False
samansamani7788,True,False,True,False
azarakhsh531,True,False,True,True
farshadeashour,True,True,True,False
kp45531355,True,False,True,False
Atabakifar1363,True,False,True,False
MalousFarhadi,True,False,True,True
Kaveh08457130,True,False,True,False
kavan9567,True,False,True,False
fabsshow,True,False,True,False
rbnewslines,True,False,True,False
mrymsdt3,True,False,True,True
Apadana20242,True,False,True,False
OrcaExplorer,True,False,True,False
Samira715950,True,False,True,False
Ahoorajavidshah,True,False,True,False
Rgrafit1,True,False,True,False
Darya814130,True,False,True,False
Soni37355857,True,False,True,True
Prisonershout,True,False,True,False
fparsee,True,False,True,False
StefanBanach_,True,False,True,False
MamalA64,True,False,True,True
alaroza113345,True,False,True,False
D174655D,True,False,True,False
Scorpoion2022,True,False,True,True
JMehr3783,True,False,True,False
Gashttassp,True,False,True,False
PTahmasebiz,True,False,True,False
etedali_farbod,True,False,True,False
simorg111,True,False,True,False
XPrimePablo,True,False,True,False
maysamassaadi,True,False,True,False
SoufianiMehdi,True,False,True,False
anahidarshadi,True,False,True,False
Henry_John_Temp,True,False,True,False
TajIranii,True,False,True,False
Ninjasens,True,False,True,True
yekta676,True,False,True,False
phaezehdashti,True,False,True,False
Mmir445,True,False,True,False
Ali1621086,True,False,True,True
AmirBagha1370,True,False,True,False
Denizgodless,True,False,True,False
Sama2583,True,False,True,False
Sun03159,True,False,True,False
monamo_369,True,False,True,False
punisher1371,True,False,True,False
RastinRuzbeh,True,False,True,False
mkfy15056337,True,False,True,True
RedStone1976,True,False,True,False
FoadinBChiKord,True,False,True,False
Ydny0113,True,False,True,False
Cyberpunish,True,False,True,True
IDEUropean,True,False,True,False
JohnEngdah5016,True,False,True,True
Ashkan4212617,True,False,True,False
konjkav_girl,True,False,True,False
ghashang6,True,False,True,True
AsemanRangii,True,False,True,False
kamrantrx,True,False,True,False
unknownTMuser,True,False,True,True
nationalist665,True,False,True,False
bashahamhamishe,True,False,True,False
Persianleopard5,True,False,True,False
mary_mt47,True,False,True,True
aram_mehdi29340,True,False,True,True
majidfallah11,True,True,True,False
sayadt60,True,False,True,False
Philasophylover,True,False,True,False
sha366149850,True,False,True,False
setrapian,True,False,True,False
Voodooir,True,False,True,False
faf1452250,True,False,True,False
mlibank,True,False,True,False
Behrooz1412,True,False,True,False
howtodo2024,True,False,True,False
GreenHell66,True,False,True,True
AskariAfsa27200,True,False,True,False
MehrnazNamiri,True,False,True,False
sb451429,True,False,True,False
atousa_aba,True,False,True,False
Naser_konjkav,True,False,True,False
suzyyashar1,True,False,True,False
AmyNaseri,True,False,True,False
haleh293,True,False,True,False
parvin5375,True,False,True,False
Jenabi63,True,False,True,False
HarperNels93249,True,False,True,False
Entropieee,True,False,True,False
mehdi199013021,True,False,True,False
ghorbanzad65895,True,False,True,False
Ariush12,True,False,True,False
iran21161,True,False,True,False
Arnick___,True,False,True,False
BakhtSadeg84642,True,False,True,False
AraaIrandost,True,False,True,False
CatherinaDoumas,True,False,True,False
BShtoei,True,False,True,False
LyDansh74726,True,False,True,False
PersianSankofa,True,False,True,False
Rezairani2024,True,False,True,False
persianous,True,False,True,False
MohasenNazari,True,False,True,False
freedom4IRN,True,False,True,False
Lilac1319,True,False,True,True
mostafa1fallah,True,False,True,False
MrBarani1991,True,False,True,False
EzmarayRashad20,True,False,True,False
MandanIran48,True,False,True,False
SwyBh16225,True,False,True,True
,True,False,True,False
ArmanDarab9237,True,False,True,False
BalootZagrs,True,False,True,False
Tahereh08669910,True,False,True,False
desirelifestory,True,False,True,False
Sky_MonaAfshar,True,False,True,False
BehbahaniJavad,True,False,True,False
Donpiste21,True,False,True,False
BahariPegi,True,False,True,False
Ariyan_Iran,True,False,True,False
AtuAtunewplanet,True,False,True,True
aramisM578194,True,False,True,False
erfan_tabaa,True,False,True,False
MehranPahlaviii,True,False,True,True
ManTGoal,True,False,True,False
HadiAhmadi9979,True,False,True,True
Boorix,True,False,True,False
naazer12,True,False,True,False
AllenBlour37761,True,False,True,False
jafaritabaar,True,False,True,False
RaahePahlavi,True,False,True,False
omid57891257,True,False,True,False
farhadi_az19311,True,False,True,False
Pahlavikingreza,True,False,True,False
iraj_mesdaghi,True,True,True,False
Simsang246663,True,False,True,False
__Babak_,True,False,True,False
LeilaMokht40245,True,False,True,False
A137698470,True,False,True,False
HafizHusnainSh4,True,False,True,False
Titaniommetalic,True,False,True,False
iiddaanna,True,False,True,False
BabaiiVahi67423,True,False,True,True
aliashori525011,True,False,True,False
rezabiarezaian,True,False,True,False
N0or420,True,False,True,False
deborah1333_,True,False,True,True
sorenamehr17,True,False,True,False
PuriaTf,True,False,True,True
ssupvaibhav,True,False,True,False
2290Korosh,True,False,True,False
Mohamad53949656,True,False,True,False
vashoovaash,True,False,True,False
_matarsak_1,True,False,True,False
rsln25133805,True,False,True,False
mahboobems,True,False,True,False
Nazgolialp,True,False,True,False
TrshyzyMhdy,True,False,True,False
MotaghiMajid,True,False,True,False
rezakhan9776,True,False,True,False
Stiv_Rajerz,True,False,True,False
PasPasarga58118,True,False,True,True
Zizi324319,True,False,True,False
PhoenixprjIran,True,True,True,True
artimis1970,True,False,True,False
Mehrdad171771,True,False,True,False
surooshsuroosh,True,False,True,False
Aghamohsenaghaa,True,False,True,False
shahryarMMADANI,True,False,True,True
IhanIhan11,True,False,True,False
Miladghaziany,True,False,True,False
BTNGoldieJohnny,True,False,True,True
sherlook79,True,False,True,False
pimpaaaaaaaa,True,False,True,False
shantzhgar,True,False,True,False
3taReha,True,False,True,False
khorsidghahreh,True,False,True,False
microperfumes,True,False,True,False
AdeliHamidreza,True,False,True,False
Kowri_z021,True,False,True,False
MarjanShohani,True,False,True,True
Marc_Hartman2,True,False,True,True
soroushkha91720,True,False,True,False
F_Rostami_Art,True,False,True,True
archibald86147,True,False,True,False
LNasry73998,True,False,True,False
foodT976,True,False,True,False
MohammadDonyaei,True,False,True,False
Azadi402,True,False,True,False
Amiralim464,True,False,True,False
dadypick,True,False,True,True
mrrrobot2024,True,False,True,False
alirezaPahlavi1,True,False,True,False
Kiavash32473903,True,False,True,False
mohsenpatriot21,True,False,True,True
F2425098828943,True,False,True,True
sam009909126810,True,False,True,True
E_3zar,True,False,True,False
Sfr1982Sam,True,False,True,True
sarab_sarab66,True,False,True,False
Mimgrafi,True,False,True,False
borzoobakhtyary,True,False,True,False
KhanGanjali,True,False,True,False
mosaferkeshi,True,False,True,False
arvinkhoshnood,True,False,True,False
POTUS,True,False,True,False
DRAFSHKAWYANY,True,False,True,True
Plato_Khan,True,False,True,False
bitman1365,True,False,True,False
grand_persia,True,False,True,True
perdisdrako1,True,False,True,True
FckBastardsofIR,True,False,True,True
0x_Mardin,True,False,True,False
sorenairni,True,False,True,False
Mavid2n,True,False,True,False
SiSho92,True,False,True,False
agattacrispy,True,False,True,False
Mo_Sa_K,True,False,True,True
uzasf,True,False,True,False
sarhhsnlo,True,False,True,False
Covid_0690,True,False,True,False
MogtabaHA,True,False,True,True
SimonArifin24,True,False,True,True
mohamad25273768,True,False,True,False
hwmnh97713,True,False,True,False
GKhoshgele43380,True,False,True,False
AramSalarJahan,True,False,True,True
edwin_iranvij,True,False,True,False
im_Faeze76,True,False,True,True
F31614029,True,False,True,False
Ario8811,True,False,True,True
DeutscherSheikh,True,False,True,False
Faghire_esfahan,True,False,True,True
shirinA23193243,True,False,True,False
Kiki197352,True,False,True,False
RezabokoneIR,True,False,True,False
marronbloom,True,False,True,False
09JP7eb0hMFZA3B,True,False,True,False
galybaldy,True,False,True,False
SherryLady25,True,False,True,False
Sina___s1989,True,False,True,False
tra_reza,True,False,True,False
zaminepak,True,False,True,False
Saeed2050094250,True,False,True,False
PesareShoja632,True,False,True,False
mahdis2420,True,False,True,False
Minoomyl,True,False,True,False
matty1027,True,False,True,False
MRazavinia35897,True,False,True,True
Bita842237181,True,False,True,False
boy_magica41106,True,False,True,False
fashismkhaste,True,False,True,True
IRisnotIran,True,False,True,False
dehshir,True,False,True,False
AHORAPAHLAVI,True,False,True,False
mr_ahadian,True,False,True,True
Vandad_3743,True,False,True,False
YAZDAN00648592,True,False,True,False
SALTY110,True,False,True,True
IRAN_Nafas,True,False,True,False
Karenparsafar,True,False,True,True
N_the_wall,True,False,True,False
UWSAKB,True,False,True,True
XerxesRPking,True,False,True,True
doozlinegar,True,False,True,False
capitalist86,True,False,True,True
BabakBakhtyari,True,False,True,True
rajgapoor,True,False,True,False
iranzma,True,False,True,True
MazaherYazdani,True,False,True,False
Iranfree641241,True,False,True,False
MahmoudZibaie,True,True,True,False
JavaheriEd9239,True,False,True,False
GilaGamliel,True,False,True,False
siamakkNFT,True,False,True,False
imamrgh,True,False,True,False
hichkas20221,True,False,True,False
dnc__001,True,False,True,False
baharr_ali,True,True,True,False
humanity1761845,True,False,True,False
yeiroonii,True,False,True,False
EF6eJjLtEqgmdHX,True,False,True,False
azin_naghibi,True,False,True,False
r89141_reza,True,False,True,False
iraniangirlx,True,False,True,False
ghasemghafarii,True,False,True,False
dhqn155386,True,False,True,True
Rs35936924R,True,False,True,False
dkhtr_wrzshkar,True,False,True,False
Yashimotocrypto,True,False,True,False
AmiraghaKhavari,True,False,True,False
Talwaseh,True,False,True,False
MohammadKi11645,True,False,True,False
ErfanR78,True,False,True,False
loregohar,True,False,True,False
Dream123land,True,False,True,False
__niggaman__,True,False,True,False
SiamakSafi,True,False,True,False
KambizMks,True,False,True,False
homeyy9,True,False,True,False
Fahi46102645,True,False,True,False
saeedkarimiiiii,True,False,True,True
peymanm56849657,True,False,True,False
IranianArts,True,True,True,True
shahanshah404,True,False,True,False
Ritel1555,True,False,True,False
behnam89225,True,False,True,False
milajewels,True,False,True,False
JamilKhoze2915,True,False,True,False
kamikaze_kmy,True,False,True,False
adp_jaeger,True,False,True,False
BayatCnc,True,False,True,False
Ellhhaam1,True,False,True,False
ador_ar10404,True,False,True,False
Mohammadabedi_z,True,False,True,False
Simin10279358,True,False,True,False
kaktoos98,True,False,True,False
noroozniya27739,True,False,True,False
Poya10258483,True,False,True,False
tranyen96,True,False,True,False
Ariobarzan_WLF,True,False,True,False
inheartofgalaxy,True,False,True,False
Korosh04246903,True,False,True,False
bakhtyariranban,True,False,True,False
behnood72793497,True,False,True,False
MaxSupport4Iran,True,False,True,False
hosseinsarba,True,False,True,False
Pari2583,True,False,True,False
AAHAAMET,True,False,True,False
1Dokhtarak,True,False,True,False
sdavoodzadehfar,True,False,True,False
MCartoonlover,True,False,True,False
taqoti,True,False,True,False
IranSarayekohan,True,False,True,False
FdayyHmyra14227,True,False,True,False
KerdaarNeek,True,False,True,False
mimo645004,True,False,True,False
LarryKingdom24,True,False,True,False
MrtdyM52892,True,False,True,False
Patriotgraphy,True,False,True,False
arefisikaroudi1,True,False,True,False
norouziessi,True,False,True,False
Hary1342,True,False,True,False
MohsenGh_,True,False,True,True
setare945943,True,False,True,False
GanjaliMoh60946,True,False,True,False
eagles2200,True,False,True,True
Behdad75,True,False,True,False
zlz8113,True,False,True,True
Rikaalo,True,False,True,False
hbarati,True,False,True,False
Warahran52,True,False,True,False
shahi_pesar,True,False,True,True
arzhang74394207,True,False,True,False
DiaryofPius,True,False,True,False
hossein_kian88,True,False,True,False
navipiro193900,True,False,True,False
Kardan59805511,True,False,True,False
ngarstan97230,True,False,True,False
AYAyatollahi,True,True,True,False
GilaniMari2222,True,False,True,False
simin75689455,True,False,True,False
OoZzMaaa,True,False,True,False
Son_of_Irani,True,False,True,False
AlirezaFatahnai,True,False,True,True
DeanVatan,True,False,True,False
chenbrain60,True,False,True,True
fasihi2019,True,False,True,False
BlackTulipe4,True,False,True,False
rahnavard123,True,False,True,False
tozendejan,True,False,True,True
lsmdy168,True,False,True,True
ahura1122,True,False,True,False
aderkhshn,True,False,True,False
nezamepadeshahi,True,False,True,True
,True,False,True,False
3UgqvyVpZKo6IiC,True,False,True,False
iranshahr123,True,False,True,False
FightTillDeath0,True,False,True,False
HWaly1990,True,False,True,True
gys42015484,True,False,True,False
mahvajahanian,True,False,True,False
Redhotc65551338,True,False,True,True
sorsen97,True,False,True,False
iran_vatanam00,True,False,True,False
_AnotherGod_,True,False,True,False
Rdehghanisanij,True,False,True,False
mehtiii44,True,False,True,False
g1sou,True,False,True,False
rabinhoodam,True,False,True,True
RaymondSca62261,True,False,True,False
Paniz_Arch,True,False,True,True
KOUROSH_REZAEII,True,False,True,False
Diako6300,True,False,True,False
zk10813475,True,False,True,False
hwgrd1,True,False,True,False
pahlavisevomm,True,False,True,False
mhtb_75,True,False,True,False
aminbabazadeh1,True,False,True,True
shahryar_iran3,True,False,True,False
bardiairaniiiii,True,False,True,False
maryam404i,True,False,True,False
Ayhan0804,True,False,True,False
MehrshadMa36275,True,False,True,False
binam228,True,False,True,False
aaka91548,True,False,True,False
Dokhtare__atash,True,False,True,False
sarasadeghe,True,False,True,False
Irandoust99563,True,False,True,False
star1_ssss,True,False,True,False
QAF32SVQHupo7nm,True,False,True,False
Ebrahimfalahat1,True,False,True,False
kavoos223,True,False,True,False
boynextdoorhug,True,False,True,False
nasrin31464380,True,False,True,True
ArYaMehr261919,True,False,True,False
sajiicj844,True,False,True,False
morning_wait,True,False,True,False
ONLYSHAH1979,True,False,True,False
AVESTA007,True,False,True,False
sahar694466,True,False,True,False
farshid_th,True,False,True,False
Alirezaaaaa13,True,False,True,False
Patriot18932161,True,False,True,True
lilian97086362,True,False,True,True
Cyrus25001,True,False,True,False
mt10_369,True,False,True,True
AfsharShan86535,True,False,True,False
Arash_bikamann,True,False,True,False
goodniyt,True,False,True,True
thedarknessends,True,False,True,True
Ghandack,True,False,True,True
Majid98589042,True,False,True,False
AShafighi8961,True,False,True,False
ShahinS35387,True,False,True,False
Gggg7777888844,True,False,True,True
HosseinGhadimi4,True,False,True,False
khshayartaj,True,True,True,True
mojtabajl1360,True,False,True,False
AtabkAzad61574,True,False,True,False
RezaSebghati,True,False,True,False
asha2582,True,False,True,False
Kaspino106,True,False,True,False
a92753297,True,False,True,False
barcood505,True,False,True,False
Sala90482932247,True,False,True,False
death_of_mollah,True,False,True,False
pounez156370,True,False,True,False
aniketmak123,True,False,True,False
womenmonarch,True,False,True,False
Riazdanesh,True,False,True,False
Aylin63295115,True,False,True,False
Radicalrightson,True,False,True,False
sepide_990,True,False,True,False
Demoktator,True,False,True,False
NinaNaderchi,True,False,True,False
soroushariyai,True,False,True,False
Michael0785571,True,False,True,False
Clavel973818513,True,False,True,False
SasanShafii,True,False,True,False
ARGO80676003,True,False,True,False
Arash97324342,True,False,True,False
agharasol,True,False,True,False
Setareh_shab32,True,False,True,False
Hadidi72333,True,False,True,False
pndra78,True,False,True,False
darrahtos,True,False,True,False
Ramin34641,True,False,True,False
puzzle_2_0_2_0,True,False,True,False
kOor_Fekr,True,False,True,True
RPourmahak45453,True,False,True,False
NeevTheDeev,True,False,True,False
itshamedfard,True,True,True,True
BaharGhanbary,True,False,True,False
LKarimipou31102,True,False,True,False
she_is_artemis,True,False,True,False
Cherchilian,True,False,True,False
NabakZan,True,False,True,False
mmilinso1,True,False,True,False
Dumaan__,True,False,True,False
shahdoost2016,True,False,True,False
shashkhali,True,False,True,False
Burijas_of_Sun,True,False,True,False
Shahin54852118,True,False,True,False
phoenixpartizan,True,False,True,False
omid13583967,True,False,True,False
,True,False,True,False
masiha23,True,False,True,False
IBaradaran40881,True,False,True,False
lilyganj,True,False,True,False
mikeremi21,True,False,True,False
Samira70823844,True,False,True,False
veladimerr,True,False,True,True
MahnazFarzam,True,False,True,True
MohsenHhatam,True,False,True,True
ekhtar_akhar,True,False,True,False
MahdizTweet,True,False,True,True
koh140053,True,False,True,False
Reza23716,True,False,True,False
hadron91,True,False,True,False
faryade_rahaie,True,False,True,False
tj70018449,True,False,True,False
ma4ta370,True,False,True,False
hedieh0086,True,False,True,False
Shiva5479,True,False,True,False
0080azad,True,False,True,False
arsanahoseikhan,True,False,True,False
khabarekhodro,True,False,True,False
net2main,True,False,True,False
TazeVareed,True,False,True,False
Mortezamshahi,True,False,True,True
zohregh14,True,False,True,False
Kiwi01815119034,True,False,True,False
sadeghi_ha73303,True,False,True,True
maryameee4023,True,False,True,True
AbassyRaki,True,False,True,True
NaPahlavi_57,True,False,True,False
13Charisma13,True,False,True,False
ProfSheehan,True,False,True,False
aryobarzan91,True,False,True,False
mania_irani,True,False,True,False
Miiiss_MarMar,True,False,True,False
IbrahimOmo43267,True,False,True,False
sesangevren,True,False,True,False
Moradian_ir,True,True,True,False
GreatManook,True,False,True,False
Michael68156852,True,False,True,True
forexkingegan,True,False,True,True
kingdompartisan,True,False,True,False
hellboy97N,True,False,True,False
6I4E2aMnJr5MiL9,True,False,True,False
SherryLane57,True,False,True,False
rihousarinda,True,False,True,True
AranKamangar,True,False,True,False
Shahr00zRad,True,False,True,True
t_mohamad97727,True,False,True,False
SEEDAB2,True,False,True,False
nelson_abdolah,True,False,True,False
Anonymfighter1,True,False,True,False
RJmalpwr,True,False,True,True
goldsmith_83,True,False,True,False
Sami33980007,True,False,True,True
Robin_Hood2021,True,False,True,True
QasmAshkanfar,True,False,True,False
PouranneG24633,True,False,True,False
joker_22_01,True,False,True,True
blackdeer991,True,False,True,True
antiMullahh,True,False,True,False
mahizolal57,True,False,True,False
harbardiran,True,False,True,False
Alireza00635104,True,False,True,False
kinghamband,True,False,True,False
Bahrami11Amir,True,False,True,False
hamivattan,True,False,True,False
khafshduzak,True,False,True,False
Setareh0000,True,False,True,False
Pahlavison,True,False,True,False
ipreferthemoon,True,False,True,False
moama_ir,True,False,True,True
BJanmohammadi,True,False,True,False
_yanush,True,False,True,True
aryaee45,True,False,True,False
not_go_to_ass,True,False,True,False
Mostafa28970963,True,False,True,False
Mehdiaz198515,True,False,True,False
maewer170,True,False,True,False
david661988,True,False,True,False
shirojan,True,False,True,False
KhorsandiAdib,True,False,True,False
Deiilamii,True,False,True,True
SabaMehr7,True,False,True,False
SaeedIranBan1,True,False,True,False
hamidrezag,True,False,True,False
amin1988ii,True,False,True,False
SkySirous,True,False,True,False
antireligion250,True,False,True,False
MakanParsa,True,False,True,False
linevisions,True,False,True,False
SohrabBaqtiari,True,False,True,False
pari60207298,True,False,True,True
nazanin04528645,True,False,True,False
kam_iran,True,False,True,False
mehran6737641,True,False,True,False
bahijeh_hafez,True,False,True,False
MMhmdy19836,True,False,True,False
puyaars,True,False,True,False
RzaeiHamei33107,True,False,True,True
BB7930583524921,True,False,True,False
nami48111155,True,False,True,False
javidpaeizan,True,False,True,False
TehraniAza60961,True,False,True,True
ali_nakh_,True,False,True,False
Bardia_y_Rastin,True,False,True,True
a_ehsan_,True,False,True,False
amirparvaneh08,True,False,True,False
DaryushSaf33465,True,False,True,False
caly_baker2000,True,False,True,False
farzandeiranam1,True,False,True,True
NoOne61508662,True,False,True,True
MKhanhosei49607,True,False,True,True
rezi08432521,True,False,True,True
Skky1404,True,False,True,False
JohansenFa,True,False,True,True
AminRafiei1981,True,False,True,True
Sunny42984614,True,False,True,True
Rezakhan1372,True,False,True,False
gohari_vah6468,True,False,True,False
Shahram_SHB,True,False,True,False
BehzadBehy,True,False,True,False
Shoombous,True,False,True,False
mo_daq,True,False,True,False
m_h_0_hamed,True,False,True,True
pyrwz92253,True,False,True,False
chamroosh2500,True,False,True,True
EsfandaI72945,True,False,True,False
Daniel81518271,True,False,True,False
Mishamarii,True,False,True,False
jim_jam1100,True,False,True,True
NargesDarg,True,False,True,False
Mori03091757,True,False,True,False
prototyppee,True,False,True,False
BestmanChukwudi,True,False,True,False
sasan1984m,True,False,True,False
farzandiran2588,True,False,True,False
Hogo512,True,False,True,False
parvin21727900,True,False,True,False
jasonmi06832002,True,False,True,False
miga_2024,True,False,True,False
mozhzhz,True,False,True,False
Sara770807,True,False,True,False
IDoGraphics,True,False,True,False
Negin2101,True,False,True,False
Persian_0098,True,False,True,False
neda55471595,True,False,True,False
majidreza24,True,False,True,False
galaktous,True,False,True,False
raman86519832,True,False,True,False
NoActRequired,True,False,True,False
joolly1367,True,False,True,True
Ardeshiran1,True,False,True,False
Mohamadrez74395,True,False,True,False
trumppersia,True,True,True,False
lion_son335,True,False,True,False
HagBabbe,True,False,True,False
Antimaleh,True,False,True,False
Feryragbar,True,False,True,False
gholamreza47,True,False,True,False
RezaAhmadi1978,True,False,True,False
mozhgzn,True,False,True,False
BKatayoon47,True,False,True,False
Mr_Fereidoun,True,False,True,False
MohammadMzi,True,False,True,False
Fightergela,True,False,True,False
kowsik_11,True,False,True,False
garfieldsoltan,True,False,True,False
young_ir0098,True,False,True,False
ATMATUZA,True,False,True,False
JouharFahim,True,False,True,False
amirarsln_binam,True,False,True,False
GuardOFShah,True,False,True,False
RanjbarNin41973,True,False,True,False
AminAghaKhan,True,False,True,False
sgidfar,True,False,True,False
Naymazof,True,False,True,False
ModjtabaSa57790,True,False,True,True
IRITA2583,True,False,True,False
Alvand1A,True,False,True,False
abas_hw63,True,False,True,False
Zendebaad,True,False,True,False
HRoostat,True,False,True,False
mountvein,True,False,True,False
Hmid1984,True,False,True,False
ned30732155,True,False,True,False
RezaJojo487839,True,False,True,True
ashimashi20200,True,False,True,False
0xRideAlone,True,False,True,False
ghaem_mmd,True,False,True,False
attash_sard,True,False,True,False
Iranejan1971,True,False,True,False
sina20232023,True,False,True,False
Fatemeh172025,True,False,True,False
safamobin93,True,False,True,True
m_zafarmehr,True,False,True,False
DIFA_USA,True,False,True,False
KaramiAlir63353,True,False,True,False
permatik_1,True,False,True,False
net3Main,True,False,True,False
mirabellpx,True,False,True,True
Alireza_b1987,True,False,True,False
Rezakh59,True,False,True,False
RachelTaheri,True,False,True,False
trukamelo,True,False,True,False
kllllllshe,True,False,True,False
khandanepahlavi,True,False,True,False
ashpaze_pir,True,False,True,True
kasra92,True,False,True,True
Farshid4199262,True,False,True,False
salman31452,True,False,True,False
SMmadar,True,False,True,False
khzayy11478,True,False,True,False
kVSpWwfHVSL7uHN,True,False,True,False
Ariya_2550,True,False,True,False
antiafghan691,True,False,True,True
AmirhesamKashf2,True,False,True,False
mr_warrior_30,True,False,True,False
sadegyanehedaya,True,False,True,True
PsychologyandL1,True,False,True,False
AliGhaf90854915,True,False,True,True
SaeedRezaie15,True,False,True,False
ARASH_AALAM,True,False,True,False
taiger615297411,True,False,True,False
raziii2000,True,False,True,False
KaghdhD,True,False,True,False
Parkia_Iran,True,False,True,False
Sportyjurisdoc1,True,False,True,False
imperials_guard,True,False,True,False
takhtejamshidv,True,False,True,False
flindnh,True,False,True,False
mazygene,True,False,True,False
afshin4631,True,False,True,False
morrRlo,True,False,True,False
Persiannightman,True,False,True,False
andishist,True,False,True,False
AmirHsalehiFa,True,False,True,True
zhila18170412,True,False,True,False
GoudarziSh,True,False,True,True
Poookerr_Face,True,False,True,False
alisaki,True,False,True,False
BabyYoda90,True,False,True,False
kavehardalanUSA,True,False,True,False
Iamateacherrr,True,False,True,False
AliReza33621385,True,False,True,False
IbnAhwaz,True,False,True,False
amkae_rk,True,False,True,False
DerafshKaviany,True,False,True,True
Iranboy93400654,True,False,True,False
alexjf3731,True,False,True,False
PartyPikp2582,True,True,True,False
kh_manely,True,False,True,False
saltyman123,True,False,True,False
amiirvakili,True,False,True,False
vahid867379,True,False,True,False
rpaa00501684,True,False,True,True
itssarn,True,False,True,True
BTabrizi2025,True,False,True,False
Kingleonpersia,True,False,True,True
kermanirani,True,False,True,False
Masoud1769519,True,False,True,False
Tabaa1989,True,False,True,True
tork_kord_iran,True,False,True,False
B_Zand1970,True,False,True,False
elahe84046837,True,False,True,False
AAA10869838,True,False,True,False
GHAZALGH95,True,False,True,False
AmirIsazadeh6,True,False,True,False
IranmonarchMB,True,False,True,True
PariMahkam,True,False,True,True
ShahrzadVn,True,False,True,False
shadishad50,True,False,True,False
DrSino3,True,False,True,False
_esteres_,True,False,True,False
Daughterofvega,True,False,True,False
loosterooooooo,True,False,True,False
1369_yazdan,True,False,True,True
567Elahe27803,True,False,True,True
Mimmik2022,True,False,True,False
Q8t2FgQLcDTvgtZ,True,False,True,False
Ariya98060801,True,False,True,False
Ali01682020,True,False,True,False
Neginjaraei,True,False,True,False
NaderSoltanpour,True,True,True,True
sepehrparsa1,True,False,True,False
King0fpars,True,False,True,False
mswd33487458347,True,False,True,False
tata06370241,True,False,True,False
parse1335027,True,False,True,False
kaveh69ss,True,False,True,False
yrnym1519958,True,False,True,True
Rahap74,True,False,True,False
Sammi6932351,True,False,True,False
Patriottic,True,False,True,False
bita6998,True,False,True,False
nasim60372627,True,False,True,True
shir1366,True,False,True,False
omid_xx,True,False,True,True
masoudsepanta,True,False,True,False
moshsarashpaz,True,False,True,False
amir1337415,True,False,True,False
t78584493,True,False,True,False
fayabari,True,False,True,False
MahnazShok11655,True,False,True,False
ottis6_,True,False,True,False
phoebe8313354,True,False,True,True
mohsen8569,True,False,True,False
narehchelebi,True,False,True,False
Ankit73422611,True,False,True,False
amo_rezaee,True,False,True,True
AlirezaMos66212,True,False,True,False
Attarkitah90841,True,False,True,False
8613hashishnahs,True,False,True,False
Fahim87Z,True,False,True,False
FeriTaheri,True,False,True,False
starlet1606,True,False,True,False
abasaltian,True,False,True,True
javid_shah2001,True,False,True,True
SaFa11034893565,True,False,True,False
imafsaneh,True,False,True,False
rezabagheri1984,True,False,True,True
mr_mohammad__,True,False,True,False
laimerplatz,True,False,True,False
shadMimja,True,False,True,False
,True,False,True,False
MHossein8662,True,False,True,False
bairammvm,True,False,True,False
AframShah,True,False,True,False
AshkaniBardiya,True,False,True,False
hamzeh_hamid,True,False,True,True
SamGhostStark07,True,False,True,False
SiavashAshk,True,False,True,False
luna_leo_,True,False,True,False
ariyaeia1,True,False,True,False
nayeri_mohammad,True,False,True,False
WineerL83860,True,False,True,True
Peyman_Shah,True,False,True,True
ivaniivani14,True,False,True,True
miss_aysu___,True,False,True,False
Kichijotenaz,True,False,True,True
_m_e_h_t_i_,True,False,True,False
SanazBaz,True,False,True,False
Scorp1Emp4Free,True,False,True,False
king_of_persiaa,True,False,True,False
psychPatriot,True,False,True,False
MotuExchange,True,False,True,False
iranologyscty,True,True,True,False
HabebMoham22502,True,False,True,False
Shiro3eSn,True,False,True,True
aryastark94,True,False,True,False
persian1401,True,False,True,False
dastayofski2020,True,False,True,False
MB_Free_,True,False,True,False
ALONMAN2003,True,False,True,False
Armin1t,True,False,True,False
MatthewRegistry,True,False,True,True
pare__simorgh,True,False,True,False
Iran_Iran_lran,True,False,True,False
akbar253111,True,False,True,False
LTidar15326,True,False,True,False
Iran_Revolucion,True,False,True,False
Ldnbln,True,False,True,True
anti_parasite,True,False,True,True
_diana_0_0_,True,False,True,False
Mehdi81555,True,False,True,False
golere_khaste,True,False,True,False
hmp_76,True,False,True,True
KARNA1375,True,False,True,False
Yazzdgerd,True,False,True,False
arsha3757,True,False,True,False
anchor7275,True,False,True,True
taji72_sam,True,False,True,False
ahooraaaa11,True,False,True,False
sisiAragorn,True,False,True,False
skot_farya1565,True,False,True,False
Phonyx5,True,False,True,False
abiyaneh,True,False,True,True
4mirIran,True,False,True,False
Artemis_rad1997,True,False,True,False
BehnamGermany,True,False,True,False
Vahidvg1984,True,False,True,False
yvdadmoj,True,False,True,False
AlexChatran,True,False,True,False
Mehr_dadSt,True,False,True,False
masoudr75793294,True,False,True,False
BAHMAN_FARZADI9,True,False,True,False
Saeid_Nosohian,True,False,True,False
rahi20077194109,True,False,True,False
abbassi_farnaz,True,False,True,True
Amir_it_tw,True,False,True,False
Arash_special,True,False,True,False
firouzbakh9064,True,False,True,True
Mirzamalkomkhan,True,False,True,False
Angeles1358,True,False,True,False
motedayeni_,True,False,True,False
mr_khastehhh,True,False,True,True
diasdirgantara1,True,False,True,False
agsmaster17,True,False,True,False
cageddbirdd,True,False,True,False
siavash4460,True,False,True,False
SaheleAramesh66,True,False,True,False
Afshin7175,True,False,True,False
hazi1717,True,False,True,True
allpachino6595,True,False,True,False
Hossein06177704,True,False,True,False
taj_pahlavi,True,False,True,False
HillHill_Pariii,True,False,True,False
soheil623,True,False,True,True
mirza74018,True,False,True,False
amirlatifi_ana7,True,False,True,False
Sorahi10,True,False,True,False
Dpca781Dpca,True,False,True,False
sedaye_mardoom,True,True,True,False
SlymanyTahrh,True,False,True,False
saeiiid1979,True,False,True,False
kArAsAk88,True,False,True,True
7continentnewss,True,False,True,False
HaghighatMaryam,True,False,True,False
adel__lak,True,False,True,False
Dani_22m,True,False,True,False
ghelgheli67,True,False,True,False
fozoolemahaleh,True,False,True,True
burna_irani,True,False,True,False
Persian8Boy,True,False,True,True
KamranFathi1994,True,False,True,False
Meviolon,True,False,True,True
AbbasGh05304176,True,False,True,False
benhur_raddi,True,False,True,False
pedramgh2003,True,False,True,False
HAbnus,True,False,True,False
Saribellla,True,False,True,False
mowlana800,True,False,True,False
parPari_slp,True,False,True,False
mmovas,True,False,True,True
MehdiJozi70154,True,False,True,False
SariSiroun,True,False,True,False
hormoza48,True,False,True,False
SaeedSo71672779,True,False,True,False
antonionavaz2,True,False,True,False
ariddlemaybe,True,False,True,False
TinaGhazimorad,True,True,True,True
Mb100800,True,False,True,False
RyanGh777,True,False,True,False
somehr33,True,False,True,False
mmichaelllll,True,False,True,False
azadi_arma86087,True,False,True,False
ShafieiRez98352,True,False,True,False
sn6311232410832,True,False,True,False
my_ideas_iran,True,False,True,False
primen1899,True,False,True,False
Timaleeeene,True,False,True,False
son_suun,True,False,True,False
SMehrab65,True,False,True,False
Pedram17224181,True,False,True,False
Amonieh_Mo,True,False,True,False
VINZ_55,True,False,True,False
FardaRoshan03,True,False,True,False
Hassanarjmandii,True,False,True,False
BamboGreen8642,True,False,True,False
mooshimalin,True,False,True,True
Ash4184,True,False,True,False
1343happy,True,False,True,False
SajjadNGC,True,False,True,False
MeslTo,True,False,True,False
_Iranmard_,True,False,True,False
faridBF7,True,False,True,False
For_Aban,True,False,True,False
HypatiaMath,True,False,True,False
allenassareh,True,False,True,False
Elnaz_Tf,True,False,True,True
Sepideh749143,True,False,True,False
ariyai_salar,True,False,True,True
Mohamma33121268,True,False,True,True
PrwyzShhsw16888,True,False,True,False
Marshmaloo20,True,False,True,False
samhadi7711,True,False,True,False
Mahmood90841880,True,False,True,True
Moonii_80,True,False,True,False
Lionandsunflag,True,False,True,False
chakar1767902,True,False,True,False
porteghal_44,True,False,True,False
shahab845255,True,False,True,True
FaMojahedi,True,False,True,False
mori898098,True,False,True,False
Baran171717,True,False,True,True
Arashpersian369,True,False,True,False
Paripani195601,True,False,True,False
78sh126,True,False,True,True
raahiill_38,True,False,True,False
IraniAraz8850,True,False,True,False
FariborzAfshari,True,False,True,False
Vatandoost172,True,False,True,True
ANickhan,True,False,True,False
yrndkt13,True,False,True,False
MansourPan19132,True,False,True,False
ZVandaie71215,True,False,True,False
rohe_aban,True,False,True,False
IHunterking,True,False,True,False
Ariyan_Race,True,False,True,False
pahlavipahlavii,True,False,True,True
MikeWaltz47,True,False,True,True
shapur71466,True,False,True,False
free_iran888,True,False,True,False
vistapars,True,False,True,True
aomana20031,True,False,True,False
mamin7711,True,False,True,False
Khachool,True,False,True,False
zohreh13306,True,False,True,False
AziPedram,True,False,True,False
KazmyanMhdy,True,False,True,False
Israel_BenZion,True,False,True,True
Mardavij2010,True,False,True,False
taktaktrop,True,False,True,False
taher7303961907,True,False,True,False
ARSAM1304,True,False,True,False
KianiConcept,True,False,True,True
Sara91queen,True,False,True,False
Ir_shah_pahlavi,True,False,True,False
Afshin320580920,True,False,True,False
amin13701726,True,False,True,True
tahmineh__mj,True,False,True,True
hmgrayy,True,False,True,False
PZartoshtGreat,True,False,True,False
Mobina_shbni,True,False,True,True
zacgyb34445,True,False,True,True
v71e0X2uPrADDgB,True,False,True,False
ShaunToub,True,True,True,True
hooman__khalili,True,True,True,False
HT00940,True,False,True,False
AriyaAriya38327,True,False,True,False
3157_jp,True,False,True,False
PersianFlo,True,False,True,False
mrsoroush20,True,False,True,False
Rasoolnasr11,True,False,True,False
behniaz89,True,False,True,False
Alleks1333,True,False,True,False
H03eN85,True,False,True,False
Laleh51148960,True,False,True,False
mzyz49620653,True,False,True,False
chooooleh,True,False,True,False
anaurdom,True,False,True,False
blueDamavand,True,False,True,False
Anon09753,True,False,True,False
StopShootingpls,True,False,True,False
mamnoe,True,False,True,False
Vanguard_Iran,True,False,True,True
rend_e_kharabat,True,False,True,True
dk_shahriar,True,False,True,False
Mali72110753,True,False,True,False
Vrrr1234,True,False,True,False
akbarnojob,True,False,True,False
EnghelabIran22,True,False,True,False
aliiiii921155,True,False,True,False
sweet_whimsyxx,True,False,True,False
HSkhnwr,True,False,True,True
zok40812,True,False,True,True
fatherofrockk,True,False,True,False
2C_iran,True,False,True,False
MasoudKhan180,True,False,True,False
binam9589,True,False,True,False
__sheyda__nr__,True,False,True,True
Armangoudarzi71,True,False,True,True
MehdiAref12,True,False,True,False
bambishn,True,False,True,False
nothing8572635,True,False,True,False
Shahab1348,True,False,True,False
MrFreeirani,True,False,True,False
Ahmadtokanlo,True,False,True,True
Arasharya70,True,False,True,False
SARBAZ1837489,True,False,True,True
mohamad_zo21683,True,False,True,True
farbodasha,True,False,True,False
ali2_mohse20865,True,False,True,False
DrafsheK,True,False,True,False
FahimiradFardad,True,False,True,True
Aryxfnn,True,False,True,True
Arme60T,True,False,True,False
daiizanjirbaf,True,False,True,True
alijeyrani77,True,False,True,False
Theycallmegurll,True,False,True,True
AbbasRafiee1364,True,False,True,False
gly686155851500,True,False,True,True
ethots2012,True,False,True,False
Mehdi23458984,True,False,True,True
BreathOfLife752,True,False,True,False
SarDar_1980,True,False,True,False
movasagh_manba,True,False,True,False
HOSSEIN72899071,True,False,True,False
sjdipor,True,False,True,False
kaveh_shahriari,True,False,True,True
Hamedfar5,True,False,True,False
Maryam79973984,True,False,True,True
MiM080507,True,False,True,False
MB28880357,True,False,True,True
KESHAVARZ111,True,False,True,False
NooriRama,True,False,True,True
Haddock_In_Iran,True,False,True,False
rezafallah1998,True,False,True,False
repdarrellissa,True,False,True,False
mrrobotblood,True,False,True,False
SeilentHill,True,False,True,False
HaniyehN79264,True,False,True,False
melody010186,True,False,True,False
kasracrypto23,True,False,True,False
Mei3am82,True,False,True,False
PeymanNovinShah,True,False,True,False
ABlinken,True,False,True,False
KavirR47,True,False,True,False
MohsenMoha63569,True,False,True,True
F22DemoTeam,True,False,True,False
shiva28554080,True,False,True,False
SHahSHahan3525,True,False,True,False
mahdi_mjm,True,False,True,False
ShahrzadN55179,True,False,True,False
AliRezaAverdi,True,False,True,False
HamidMohamady14,True,False,True,False
Mattadamonidin,True,False,True,True
SJeex58506,True,False,True,False
Hosein03099557,True,False,True,True
sattar19771,True,False,True,False
LOZHANS,True,False,True,True
mohammadpedofil,True,False,True,False
TavakolDarius,True,False,True,False
IranshahrASSOC,True,False,True,False
amin_ghana5891,True,False,True,True
arskayboy,True,False,True,False
Mandana63464131,True,False,True,False
kamzikamzid,True,False,True,False
ghasedak140,True,False,True,True
chamroshhh,True,False,True,True
Parasash,True,False,True,True
OutOfContextArz,True,False,True,False
JToxic6969,True,False,True,False
KhusianArian,True,False,True,False
dariush2,True,False,True,True
soroosh67,True,False,True,False
lucky_luciano0o,True,False,True,False
Pahlavi_M_R,True,False,True,False
zera_amo,True,False,True,False
avood1984,True,False,True,False
_Str4tuS_,True,False,True,True
ArminAzami36124,True,False,True,False
Shefloora,True,False,True,False
DSaadat287079,True,False,True,False
AliaFtp,True,False,True,True
cw93637375,True,False,True,False
colourfuliran,True,False,True,False
Rkurapika1978,True,False,True,False
watchandthinks,True,False,True,False
SabaBakhtyari,True,True,True,False
arashiraniii,True,False,True,False
Aakib1296,True,False,True,False
Amirhos03386549,True,False,True,False
daroon_gera,True,False,True,False
Dastayofskii1,True,False,True,True
Hami15910,True,False,True,False
esfandin,True,False,True,False
jab_sir14828,True,False,True,False
ax_news0_0,True,False,True,False
azadi85016399,True,False,True,False
NazParish,True,False,True,False
MohtashamS62049,True,False,True,False
Kiana_farsi1990,True,False,True,False
Maryam663459603,True,False,True,True
Nasrin4691nsf,True,False,True,False
TheBraveHamid,True,False,True,False
niki_yas,True,False,True,False
shadi48676199,True,False,True,False
mahmoodesk7622,True,False,True,False
peggy_ziggy,True,False,True,False
elaheh_50,True,False,True,False
zeedavi,True,False,True,False
AradKiani3,True,False,True,False
ahoora368273,True,False,True,False
vahid_jo,True,False,True,False
nima_btc,True,False,True,False
stanlly88,True,False,True,False
mpour09,True,False,True,False
Zz1234595463473,True,False,True,False
Shahrad_fq,True,False,True,False
_____afra_____,True,False,True,False
mathewmurdak,True,False,True,True
SATAR_CLASSIC,True,False,True,False
isaac_solola,True,False,True,False
ZRiazat11891,True,False,True,True
Elham1981k,True,False,True,True
DolatiAbas52837,True,False,True,False
Shahrokh_Gol,True,False,True,False
JamesDeanUAP,True,False,True,False
hesamghazaei927,True,False,True,False
kappauno80,True,False,True,False
poorewandad,True,False,True,False
MahyarM80914,True,False,True,False
Nasime921825756,True,False,True,False
_szpilman_,True,False,True,False
yek_parcham,True,False,True,False
RiveraDill39955,True,False,True,True
RadioJavidShah,True,False,True,False
1andOnly_MoHoRa,True,False,True,False
A_h_Arian,True,False,True,False
vahid_davani,True,False,True,False
ShamsiShiv63781,True,False,True,False
Hyun751,True,False,True,True
mmsk20m,True,False,True,True
mrhooo1231,True,False,True,False
akvan_elc,True,False,True,False
AsefElly,True,False,True,False
ahmedifatma512,True,False,True,True
DerakhtiAmir,True,False,True,True
Milad32604975,True,False,True,False
behzadkhos72276,True,False,True,True
nimagorji,True,False,True,True
ykta12345,True,False,True,False
zhm1041,True,False,True,False
Danielnejati007,True,False,True,False
AwynaB81695,True,False,True,False
amirabad_gorgan,True,False,True,True
realnervan,True,False,True,False
pesareshamshir,True,False,True,False
MoeRoustaei,True,False,True,False
B_Khoeiniha,True,False,True,False
masterwoodd,True,False,True,False
riseagain77,True,False,True,True
saeeeeedss,True,False,True,True
tellthetruth_m,True,False,True,False
,True,False,True,False
Call_Me_Pilot,True,False,True,False
diako36963,True,False,True,False
anderoma932346,True,False,True,False
PeymanMAJ,True,False,True,False
kurdbuy1390,True,False,True,False
RezaV35815,True,False,True,False
FreeGuyGanIran,True,False,True,False
5alva2r5ilin5a,True,False,True,True
ariuobarzan1357,True,False,True,False
theelrbh2,True,False,True,True
TaftSam,True,False,True,False
ohrey69,True,False,True,False
Jakob_AZADI,True,False,True,False
phoebebuffay87,True,False,True,False
kadarka14,True,False,True,False
daryl_mesa,True,False,True,False
sed_farzad,True,False,True,True
kurikurdem,True,False,True,False
mainnet4ar,True,False,True,False
Engelsma131,True,False,True,True
NFara2535,True,False,True,False
mehdiaamiriynn_,True,False,True,False
mina_abbasian,True,False,True,True
ben089406376150,True,False,True,False
Farazopg,True,False,True,False
HDariush,True,False,True,False
hBvMbf3Xa2nwPum,True,False,True,False
danaei6715774,True,False,True,False
darii1990,True,False,True,False
Zemestan71,True,False,True,False
MohammadRe66671,True,False,True,True
yuvalrimkey,True,False,True,False
ShojaeiSiamak,True,False,True,True
,True,False,True,False
Hana_khanoomi,True,False,True,True
pahlavi0,True,False,True,False
amir43922780,True,False,True,False
DariushHasanloo,True,False,True,False
bull_red92211,True,False,True,False
HashemYous24211,True,False,True,False
mainnet5g,True,False,True,False
pegouly,True,False,True,False
sadik740263,True,False,True,False
pahlavitimes,True,False,True,False
saeedbazarjani,True,False,True,False
SefidZoghali,True,False,True,False
0xtrader1988,True,False,True,False
Behrad944,True,False,True,False
ShabgardBidar,True,False,True,False
Z207J,True,False,True,False
siyavash_niknam,True,False,True,False
hamvatan332796,True,False,True,False
RememberSHAH,True,False,True,False
issaseyedi_,True,False,True,True
Melbourne077,True,False,True,False
TGRstark,True,False,True,False
GKouhyar,True,False,True,True
Behman__,True,False,True,False
SocietObserver,True,False,True,False
2yvqv,True,False,True,False
pad451792382085,True,False,True,False
mxanaha,True,False,True,False
fariborz_doost,True,False,True,True
mr_naieb,True,False,True,False
TaghvaeiOm81901,True,False,True,False
NArjestan26051,True,False,True,True
Berkeh196473801,True,False,True,True
ssssiran,True,False,True,False
noghtesarkhat0,True,False,True,False
shahnamam,True,False,True,False
dario6000,True,False,True,True
AMehranfard,True,False,True,True
FatehaneTehran,True,False,True,False
SShadman80928,True,False,True,True
ai_simulacrum,True,False,True,False
rezaakhaaan,True,False,True,False
ptolemy_II,True,False,True,False
e2kaya,True,False,True,False
jen9225,True,False,True,False
_shahbazi,True,False,True,False
neginhamedi,True,False,True,False
matisa222,True,False,True,False
passes19,True,False,True,False
aryaei_iraniam,True,False,True,False
omid1890601,True,False,True,True
sharon1172480,True,False,True,False
IslandIran,True,False,True,False
golnarjahanbani,True,True,True,True
babak54431365,True,False,True,False
AMIR_TROY7,True,False,True,False
juatmens,True,False,True,False
arash_tam60,True,False,True,False
Nazism_1933,True,False,True,False
khanomemarzi,True,False,True,False
mahi07578197,True,False,True,True
imnigeen,True,False,True,False
kingpabloesc,True,False,True,False
FBsth40747,True,False,True,False
mts_mohammad,True,False,True,False
ashkanmastii,True,False,True,False
konjkav__,True,False,True,True
Asho_2024,True,False,True,False
SokhanGoy,True,False,True,True
angel_199628,True,False,True,False
new__iran,True,False,True,False
AliSohr48238765,True,False,True,False
navapars,True,False,True,False
RedRoseFilmPod,True,False,True,False
3600_580642,True,False,True,False
iran_bisouygara,True,False,True,False
Ho_Shahriyar,True,False,True,False
mamarad7,True,False,True,False
sama_soso,True,False,True,False
aliazizi86,True,False,True,False
Ant671632124627,True,False,True,False
AliMaleki_52,True,False,True,False
Master778954,True,False,True,False
A88178308Adam,True,False,True,False
Pahlavi1Iran,True,False,True,False
lili13681368,True,False,True,False
javidshah23,True,False,True,False
lotus7064,True,False,True,False
iraneefarda,True,False,True,False
KwrwshP52000,True,False,True,False
delimar17348460,True,False,True,False
mostafaa_karimi,True,True,True,False
ElizaE30421,True,False,True,False
amin13781989,True,False,True,True
mazani777,True,False,True,False
SaeidShirany,True,False,True,False
WriMo22,True,False,True,False
elikaaa777,True,False,True,False
ahmad_marani,True,False,True,False
zeus60750007,True,False,True,False
kingpahlavireza,True,False,True,False
Soheil_Iran_,True,False,True,False
ILiya0007,True,False,True,False
SportDayana,True,False,True,False
DanshPdhyr65073,True,False,True,False
mmaleki450248,True,False,True,False
Arian_Bajool,True,False,True,True
SkYliNe31314187,True,False,True,False
babak2500_ir,True,False,True,False
,True,False,True,False
Hesaminam,True,False,True,False
AureleTobelem,True,False,True,True
Tesla_72,True,False,True,False
rEvQtGStFWmq4bI,True,False,True,False
iran_mahzoni,True,False,True,False
DaeMo3i,True,False,True,False
Nakhoda_alman,True,False,True,False
Skymaster32,True,False,True,False
LeylonLili,True,False,True,False
W53TQmOZWlCNQVD,True,False,True,False
javiiid_shah,True,False,True,True
maren007769500,True,False,True,False
sqrika,True,False,True,False
HesamM61,True,False,True,False
HomaMahoor26116,True,False,True,False
shshahab790,True,False,True,False
Sun0fLion,True,False,True,False
ghoghnoos1418,True,False,True,False
MFazelzade27347,True,False,True,False
kazbolton,True,False,True,False
berlinjlm,True,False,True,False
MMoradi47354,True,False,True,False
ipershan7,True,False,True,False
parsiankorosh1,True,False,True,True
Peyman757575,True,False,True,False
babademii,True,False,True,False
MaadPit,True,False,True,False
saeed_win85593,True,False,True,True
Persian_Sld,True,False,True,False
Shahram_khoujeh,True,False,True,True
aradiran1,True,False,True,False
Galadriel_mf,True,False,True,False
srg5475,True,False,True,False
hjahani005,True,False,True,False
IranDokht91,True,False,True,False
Ispahbed,True,False,True,False
Fariborzkayvan,True,False,True,True
natureseeksh,True,False,True,False
ARMedia88501926,True,False,True,True
mayalem296590,True,False,True,False
ArtxEgregious,True,False,True,False
amiitis_,True,False,True,False
Shah_mihan_2025,True,False,True,False
Mitan_Music,True,False,True,False
Bagheirani1366,True,False,True,True
OmidSh27,True,False,True,False
Hegel_javan,True,False,True,False
zarei_arad,True,True,True,False
HKhabis,True,False,True,False
ali_kandi35565,True,False,True,True
GODisWinner7,True,False,True,False
farzadgoft,True,False,True,False
AZrajab99,True,False,True,False
vaze_sekaf,True,False,True,False
irani_irani_,True,False,True,False
hnghnbr_aiaai,True,False,True,False
DaneshvarAzadeh,True,False,True,False
fariba11321249,True,False,True,False
Samedbehrangi,True,False,True,False
Aftab598256292,True,False,True,False
pirikhahreza50,True,False,True,False
Zohreh80447815,True,False,True,False
DavKe132027,True,False,True,True
nya_zym14914,True,False,True,True
mojtabgul,True,False,True,True
0paniz0,True,False,True,False
Dexter5030,True,False,True,False
Yahya_Iranian,True,False,True,False
Mr_Arefam,True,False,True,False
rebel_meh,True,False,True,True
shahyar26101919,True,False,True,False
Mariam44418803,True,False,True,False
mojtaba20220101,True,False,True,False
hamid_sh1990,True,False,True,False
MOHAMMADBA72784,True,False,True,False
jhyuuvff,True,False,True,False
N13541366,True,False,True,False
Homa40819019259,True,False,True,False
niloo47834200,True,False,True,False
Zariiin34,True,False,True,False
diyako965927,True,False,True,False
aidencan97,True,False,True,False
re_nik46360,True,False,True,False
yakh_paz,True,False,True,True
minjinleesujon,True,False,True,True
cirus2581,True,False,True,False
Mohamma18492021,True,False,True,False
yaabarfarz,True,False,True,False
Elinder1989,True,False,True,False
Shahan_Iran,True,False,True,True
resist_vanessa,True,False,True,False
sarshadn1,True,False,True,True
mamalhosyni,True,False,True,False
Raul6650,True,False,True,False
_Ariobarzan_,True,False,True,False
BitaHooshyar,True,False,True,True
blueshadowrez,True,False,True,False
kingshareza,True,False,True,False
Rezaanasiriiii,True,False,True,False
SalmanianElham,True,False,True,False
mmmg1329,True,False,True,True
Arastoo_ap,True,False,True,False
EEbrahimi19,True,False,True,False
milad_shomali,True,False,True,False
Undine_X,True,False,True,True
MaryamMada74442,True,False,True,False
ar81434060,True,False,True,False
AbdulrahmanHei1,True,False,True,False
TormundFerguson,True,False,True,False
ngocnguyenkc,True,False,True,False
MShokouhiyan,True,False,True,True
savaky_,True,False,True,False
rezashielsar,True,False,True,False
alim22702416,True,False,True,False
MairanSarzamine,True,False,True,False
parsi19027,True,False,True,False
YadgaryS19453,True,False,True,False
ariya2256,True,False,True,False
Javad1388,True,False,True,False
MARJAN_11,True,False,True,False
iamnazaninph,True,False,True,False
Shahrokh9irani,True,False,True,False
Azhpar60,True,False,True,True
kimi_kn,True,False,True,True
Iiranazadii,True,False,True,False
Setareh_Ghotbi,True,False,True,False
Rayan22031400,True,False,True,False
Simorghir,True,False,True,False
AryanpourElsa,True,False,True,True
zohreh97463,True,False,True,False
Ali_9star,True,False,True,False
ShahnShah880,True,False,True,True
zahakosh,True,False,True,False
SaeedPahlevan3,True,False,True,False
hoseinbagher05,True,False,True,False
Persian56916611,True,False,True,False
half_epsilon,True,False,True,False
jesuissara_2023,True,False,True,False
AQadrpnah40164,True,False,True,False
MardeAraam,True,False,True,False
yly1255029,True,False,True,False
khalilballochi,True,False,True,True
DrfHgfddsqwad,True,False,True,False
bantam_z,True,False,True,False
gh_mzf,True,False,True,False
Dayan_paya,True,False,True,False
BabayanMatt,True,False,True,False
ara3635,True,False,True,True
Bamshad69,True,False,True,False
booooomb92,True,False,True,True
Farrhadd5719,True,False,True,False
KhodaNaderi,True,False,True,False
APjbr25966,True,False,True,False
eagle_injast,True,False,True,False
shirin46183446,True,False,True,True
A4a1xkqcmLk555O,True,False,True,False
mehrdoost,True,False,True,True
ayranazad154508,True,False,True,False
armanmotiei,True,False,True,True
mahiakbari63,True,False,True,True
hartmann65170,True,False,True,False
Painter_Art_14,True,False,True,True
Adamo_2000,True,False,True,False
be_zoodi,True,False,True,False
liliM33201530,True,False,True,False
az10464,True,False,True,False
VIX863645376136,True,False,True,False
babaksina2500,True,False,True,False
MagicDd2,True,False,True,False
tabasom791,True,False,True,True
Tiger_01234,True,False,True,False
EnghelabX1401,True,False,True,False
Ayshen05,True,False,True,False
younesb45714476,True,False,True,False
ghaderi66f,True,False,True,True
AlirezaKhaef69,True,False,True,False
PardisSabeti,True,False,True,False
GuyHosdin,True,False,True,False
ray_onima,True,False,True,False
Niloofa66464581,True,False,True,False
hami28229832,True,False,True,False
mohammadkhazae3,True,False,True,False
HamburgIranian,True,False,True,False
Kafshdooza84414,True,False,True,False
aghil551620,True,False,True,False
ArashZibaie,True,False,True,False
Hakarihshri,True,False,True,False
Maria9800462911,True,False,True,False
amin59,True,False,True,False
Syavash2580,True,False,True,False
maroofi23,True,False,True,False
nft22tw22,True,False,True,False
bennyyy_boyyy,True,False,True,False
ArshiaPaknejad,True,False,True,True
Silver_piruz,True,False,True,True
Panimoonpahlavi,True,False,True,False
babak_888,True,False,True,False
ardavan281,True,False,True,True
ElhamA936626,True,False,True,False
maze_runner666,True,False,True,False
AbrahymSyd16015,True,False,True,False
MercedeManavi,True,False,True,False
CapitanPri6,True,False,True,False
TedLassoooo,True,False,True,False
A282710,True,False,True,False
PejmanYaha4122,True,False,True,False
AzarnoushKhosh1,True,False,True,True
Neda27257910,True,False,True,False
namo199898,True,False,True,False
ShahaB1634568,True,False,True,False
mgholikhan,True,False,True,False
KaK_Sharif,True,False,True,False
balti_abideen,True,False,True,False
e_oghab,True,False,True,False
shahanshah1400,True,False,True,False
AsadRaisi44,True,False,True,False
maryam_mahd,True,False,True,True
iranzad242,True,False,True,False
Saeed152246,True,False,True,False
HSakhaparvar,True,False,True,True
Farhadshoe989,True,False,True,False
a9fc547b71ac430,True,False,True,False
HAJM_Montreal,True,False,True,False
MrdAbany,True,False,True,False
Mehran27575142,True,False,True,False
Khooroosi,True,False,True,False
jay93london,True,False,True,False
khezashiraan,True,False,True,False
parisakourosh,True,False,True,True
mmd723855733,True,False,True,True
ezzati_naser,True,False,True,False
CCBPersian,True,False,True,True
ZKaramigol,True,False,True,False
Siasiamac,True,False,True,False
fmp57288169,True,False,True,True
Nima932039332,True,False,True,False
amanate_taher,True,False,True,False
samritik20,True,False,True,False
fifi11714,True,False,True,False
elfigirly,True,False,True,False
Aria7799,True,False,True,False
shahparak243259,True,False,True,False
HoseinMoayedi,True,False,True,False
mohsenimah236,True,False,True,False
BabayiBoy14362,True,False,True,False
Jack_o_L4ntern,True,False,True,False
sinaomiddvari_,True,False,True,False
fight4free_iran,True,False,True,False
Saeed59909006,True,False,True,False
GorgeMamade,True,False,True,False
nft26tw26,True,False,True,False
winst_cherkool,True,False,True,False
PanahiLei,True,False,True,False
KRezaPahlavi,True,False,True,False
BaranGolde7810,True,False,True,False
MRodabe28293,True,False,True,False
Iran1Azad1,True,False,True,False
BorhanF19,True,False,True,False
Azad15459,True,False,True,False
SarzaminJ82765,True,False,True,False
ShokoofehKhosr1,True,False,True,False
Haleh92786976,True,False,True,False
papitall19,True,False,True,True
kermaniar,True,False,True,True
mohammad240476,True,False,True,False
GeneralBzorg,True,False,True,False
shrzd123377,True,False,True,True
hossein61344675,True,False,True,False
shimalizadeh,True,False,True,False
Parvaneh690247,True,False,True,False
sam_of_Iran,True,False,True,True
Ehsan80185792,True,False,True,False
golrokhiraee,True,True,True,False
mlaaragorn,True,False,True,False
nazgol_m,True,False,True,False
unika1414,True,False,True,False
Reza243133,True,False,True,False
DinaSatkin,True,False,True,False
sfer140,True,False,True,False
Homa77heda,True,False,True,False
shahin9069,True,False,True,False
Hmid_ha,True,False,True,False
phornseyhaa,True,False,True,False
freedomfightr0,True,False,True,False
matti677,True,False,True,False
Matinirani48971,True,False,True,False
Ferferi1984,True,False,True,False
twbist1,True,False,True,True
madadi_aza9851,True,False,True,True
yekmahdi12,True,False,True,False
Israel_MOD,True,False,True,False
Hosein_h2004,True,False,True,False
mehrdad_strong,True,False,True,False
Khosrowalikord2,True,True,True,True
FahimPouri,True,False,True,False
Blackbirds2022,True,False,True,False
azadmard13,True,False,True,False
Pariii_Aaa1,True,False,True,False
mohammad_he_is,True,False,True,False
Mehrdad2563,True,False,True,False
nft24tw24,True,False,True,False
MehdiMa28055841,True,False,True,False
donyabeti,True,False,True,False
Meysamparsa123,True,False,True,False
minaamiry61,True,False,True,False
yan_nld1,True,False,True,False
powerwoman96,True,False,True,False
awaisuharuna,True,False,True,False
maf_sir,True,False,True,True
IAA8181,True,False,True,False
Kolloooche,True,False,True,True
mahmoudrezaebad,True,False,True,False
parviz_rashvand,True,False,True,False
dom_9810,True,False,True,False
hmohsen_m2h,True,False,True,True
savagesegoo,True,False,True,False
Ariyabrdna,True,False,True,False
BaramakiBalash,True,False,True,False
Imasan7676,True,False,True,False
AblfzlTahry,True,False,True,False
AtraFaraha37007,True,False,True,False
timarestantw,True,False,True,True
htvghhfghgghvvv,True,False,True,True
cuckold_hot999,True,False,True,False
Kybbyca920,True,False,True,False
gdz5SN3Q8fEmVOQ,True,False,True,False
KavehAhangar250,True,False,True,False
simintanha1,True,False,True,False
Mehranbozorgan,True,False,True,True
Moien58900095,True,False,True,False
walter70843,True,False,True,True
mo_ba_rez,True,False,True,True
drwalterbh,True,False,True,False
bhrwn65326,True,False,True,False
its__not__true,True,False,True,False
Sashaashil,True,False,True,False
esmaeilion,True,True,True,False
LiveMeysam31091,True,False,True,False
No_matterrrr,True,False,True,False
hashm_mrad70440,True,False,True,False
Marcell0Ma,True,False,True,False
Sarta1367,True,False,True,True
1khaabzadeh,True,False,True,False
iamiraniang,True,False,True,True
TruthFreedom777,True,False,True,False
UdvashU15962,True,False,True,False
SEtherealeyes,True,False,True,False
lotfAlikh_zand,True,False,True,False
nft25tw25,True,False,True,False
Farzad487235358,True,False,True,False
parsak6098,True,False,True,False
im_atreas,True,False,True,False
aria_axe,True,False,True,False
SaharT01666643,True,False,True,False
vahid_2024,True,False,True,False
RezaF2011,True,False,True,False
Ardshir_,True,False,True,True
Leily2058738317,True,False,True,True
UUberwinden,True,False,True,False
IR2582_KHORASAN,True,False,True,False
ShalghamSyah,True,False,True,False
gognoos43,True,False,True,False
KhaldarAli,True,False,True,False
alirahm97872622,True,False,True,False
mani_venus0,True,False,True,False
pyrpsr,True,False,True,False
Amir17498950,True,False,True,False
FirozIran,True,False,True,False
MahsaAmini_2023,True,False,True,False
abbasagha_allaf,True,False,True,False
Akfa57Akbar,True,False,True,False
arash_2554,True,False,True,False
ArvinMad,True,False,True,False
whatisess,True,False,True,False
aminy1076729,True,False,True,False
naziii86,True,False,True,True
Mohammad1076393,True,False,True,False
SamiraMansoori1,True,False,True,False
Tazianekhoda,True,False,True,False
AMZD_hr,True,False,True,False
abanpion,True,False,True,False
jalalgajet1371,True,False,True,False
nkolannashenas,True,False,True,True
RoozH79,True,False,True,True
evil_queen1997,True,False,True,False
narciss1981,True,False,True,False
DrArk381,True,False,True,False
sara_shiukhi,True,False,True,False
mamdfahim1,True,False,True,False
AliParvaz699174,True,False,True,False
shah_s_soldier,True,False,True,False
ariyoobarzans,True,False,True,False
Danialjordialba,True,False,True,False
Mahmud6814,True,False,True,False
elham19821402,True,False,True,False
shiiirokhorshid,True,False,True,False
0Magicjan0,True,False,True,False
MohammadKa33650,True,False,True,False
Pahlavishaah,True,False,True,False
poshtigbann,True,False,True,False
msodiba1,True,False,True,False
rahimiarsh6996,True,False,True,False
Farhan_m_iran,True,False,True,False
Sparrow2202,True,False,True,False
I_ManVII,True,False,True,True
mohammad_3802,True,False,True,True
nwyn215364,True,False,True,False
hwshng60544,True,False,True,False
Hunter_ghost141,True,False,True,False
EternalMorning_,True,False,True,False
Balazar_86,True,False,True,False
iamfayaaaa,True,False,True,False
M_N_H_K,True,False,True,False
hamid0253,True,False,True,False
Sungift6,True,False,True,False
znzndgy09795889,True,False,True,False
quintiyano,True,False,True,False
Kheirolnesah,True,False,True,False
Mohamad_Reza88,True,False,True,False
MojganSa2002,True,False,True,False
sinamehr5,True,False,True,False
Baradarkochloo,True,False,True,False
Ariya_Sayeh,True,False,True,False
khoddadi94881,True,False,True,False
nastii1466981,True,False,True,False
AIAF_2579,True,False,True,False
reza33681483,True,False,True,False
Amir_khosravi01,True,False,True,False
Dianathemanager,True,False,True,True
mostafa55875305,True,False,True,True
isarachk,True,False,True,False
amimero,True,False,True,False
paschal95953957,True,False,True,False
bapir55,True,False,True,False
afsaneh55,True,False,True,False
Mn998700,True,False,True,True
iwYKKoYjKXw6G02,True,False,True,False
AkhondDaro45694,True,False,True,False
XEhjsV3Lv8HimZh,True,False,True,False
66xLuciferx66,True,False,True,False
2BeytiConductor,True,False,True,False
ahora1401,True,False,True,False
taksavar88433,True,False,True,False
Najibnaik,True,True,True,True
Femzybaba123,True,False,True,False
thanksvanar,True,False,True,False
agoraaparatus,True,False,True,False
AzPahlaviBegoo,True,False,True,True
snfry6,True,False,True,False
JESUISNAHANJAR,True,False,True,True
FBolghadr,True,False,True,False
montacortes100,True,False,True,False
BabackBidin,True,False,True,False
VEN_DE_TA,True,False,True,False
Farzad56237794,True,False,True,False
SajadKamali5,True,False,True,False
samaa_re,True,False,True,False
Garciaparrad,True,False,True,True
DickSchoof,True,False,True,False
Rognar9,True,False,True,False
Ramtin_sadigh,True,False,True,False
Atish6131311697,True,False,True,False
TwSrzqr,True,False,True,False
Huss05445467,True,False,True,False
Kourosh_Sajjadi,True,False,True,False
JustinBarn24782,True,False,True,False
Moeinjamali99,True,False,True,False
Mohammadi9596,True,False,True,False
mgddmiii,True,False,True,False
Sanchit_K_,True,False,True,False
emad_shirani89,True,False,True,False
Benjaminmalibu,True,False,True,True
ali4bit,True,False,True,False
pesarfokoli,True,False,True,False
ElectedKingdom,True,False,True,True
count__duckula,True,False,True,False
1998Dnz,True,False,True,False
,True,False,True,False
zoghalakhtehh,True,False,True,False
AlexandroZ95021,True,False,True,False
pachidamm,True,False,True,False
rashidpouramini,True,False,True,False
Matin2Mohammadi,True,False,True,False
BAY_2025,True,False,True,False
mystiiciism,True,False,True,False
koroogle,True,False,True,False
SisilyPh,True,False,True,False
AliZandi123350,True,False,True,True
rezvazir,True,False,True,False
KMazdak,True,False,True,False
IIFOM_CO,True,False,True,False
hmwnjast,True,False,True,False
birdboy430576,True,False,True,True
Majid_______7,True,False,True,False
amirali_askari,True,False,True,False
helen135579,True,False,True,False
hichkas1978,True,False,True,False
Ansarikamal65,True,False,True,False
HodRabin68409,True,False,True,True
mahhhhhhhhhhhB,True,False,True,True
ASoleimani1989,True,False,True,False
KforTron,True,False,True,False
farzadvatan6396,True,False,True,False
farzad57906536,True,False,True,True
Sarafortapachi,True,False,True,False
_Matyom,True,False,True,False
TaN54551,True,False,True,False
zand_karim9553,True,False,True,True
paradais41,True,False,True,True
maryaavatar,True,False,True,False
alimh56,True,False,True,False
zamburakk,True,False,True,False
Azita45115314,True,False,True,True
pesarak_freedom,True,False,True,False
javadkhanpor,True,False,True,False
RetoTorabi,True,False,True,True
payamsni,True,False,True,False
ItsMe8277893124,True,False,True,False
korosh742924111,True,False,True,False
gylmrd193122,True,False,True,False
iranefree1401,True,False,True,False
Maria49576044,True,False,True,False
gholipourh3,True,False,True,True
tah_soudi,True,False,True,False
sorenaye1401,True,False,True,False
sattarS654333,True,False,True,False
Marshall13666,True,False,True,False
Yavar2565,True,False,True,False
im_behzad,True,False,True,False
TirthChaitanya,True,False,True,False
LeilaGhorb8438,True,False,True,False
Vafa2022,True,False,True,False
ManookKhodabak1,True,False,True,False
jhafi472,True,False,True,False
ahmadah59365058,True,False,True,True
feniloey,True,False,True,True
JCCastro07,True,False,True,False
arrahimi,True,False,True,False
shadibabasafari,True,False,True,False
Sarvenazeshiraz,True,False,True,False
AsenaZ20289,True,False,True,False
dogelove72,True,False,True,False
D_kurosh,True,False,True,False
Ariamehr061,True,False,True,False
hamidkomasi,True,False,True,False
JoRezaee92938,True,False,True,False
hdy_2874,True,False,True,False
zibaii66,True,False,True,False
shepeshak6pa,True,False,True,False
reza_aghaali,True,False,True,False
atorbaan,True,False,True,False
astronaut_ufo,True,False,True,False
mmwwd275544,True,False,True,False
berlin_hf,True,False,True,True
m_longgone,True,False,True,False
Msh10214,True,False,True,False
SaraS09820756,True,False,True,True
SGhyr14813,True,False,True,False
ElhamSataki,True,False,True,False
tayebeh1152363,True,False,True,False
red_lable_91,True,False,True,False
farah_yous56120,True,False,True,False
LSwlty38859,True,False,True,False
MarzbanDaygan,True,False,True,False
AhamadTaheri,True,False,True,False
Anzalichiiii,True,False,True,False
AliVaki17393677,True,False,True,False
dxt5vsm69z,True,False,True,True
Abbash70838692,True,False,True,False
DaryushYou68851,True,False,True,False
Joseph58816968,True,False,True,True
5yuDvswbFU2b5d5,True,False,True,False
adibi_office,True,False,True,False
Reza16832154,True,False,True,False
iranpahlavi7877,True,False,True,False
APahlbod,True,False,True,False
cyrussonIran93,True,False,True,False
maleki_eghbal,True,False,True,True
KFardian,True,False,True,False
villadep92,True,False,True,False
Mansourhh1360,True,False,True,False
Gholamr08773513,True,False,True,False
mashrotehorg,True,True,True,False
THoseini5439,True,False,True,False
royalist_iran,True,False,True,False
Leila_825,True,False,True,True
gh0qn00s,True,False,True,False
rezabagheri,True,False,True,False
mahdian701,True,False,True,False
ghasemg66147300,True,False,True,False
tanhay_vahshi73,True,False,True,True
kavehhhame,True,False,True,False
A_3_7_13,True,False,True,False
casrobot,True,False,True,True
Amirrezzasaeedi,True,False,True,False
rz_safa,True,False,True,False
xaniargoldasteh,True,False,True,False
AliAli994372,True,False,True,False
Azadi4Iranian,True,False,True,False
RadioSavak1,True,False,True,False
arianamz8,True,False,True,False
homayesaathat,True,False,True,False
myd1791714,True,False,True,False
RezaGhorba75114,True,False,True,False
ariamehr_1975,True,False,True,False
Bfergy90,True,False,True,False
kivan134449971,True,False,True,False
DaniyalMpi,True,False,True,False
rsrs74531148539,True,False,True,False
IranMahsaAmini,True,False,True,False
lidam583,True,False,True,False
ArtemisBar80016,True,False,True,False
SamaneD1990,True,False,True,False
qnry159733,True,False,True,False
masumijavad,True,False,True,False
igg1129852,True,False,True,False
lpw63007910,True,False,True,False
Stressedforever,True,False,True,False
TanhaaKhN,True,False,True,False
moha11453673,True,False,True,False
Persian_guard2,True,False,True,False
DPhlwy,True,False,True,False
FREEIRAN1982,True,False,True,False
Zar___1,True,False,True,True
atoosaofficial,True,False,True,False
Theo_Iran,True,False,True,False
xSupraTrd,True,False,True,True
NmjShb40353,True,False,True,False
JuaMGR,True,False,True,False
AliAliez,True,False,True,False
ne111y,True,False,True,False
SH_1360_1401_K,True,False,True,False
habibeh_safari,True,False,True,True
AGoodarzie,True,False,True,False
MohammadFe3309,True,False,True,True
DeanWin78628547,True,False,True,False
dsilv52,True,False,True,False
m_khoshhal,True,False,True,False
MorriBigdeli,True,False,True,False
ar10na,True,False,True,False
Shaghagh,True,False,True,False
lion369lion1,True,False,True,False
warrior_2581,True,False,True,False
nakhoda_karen,True,False,True,False
deivid_skandari,True,False,True,False
mymy919985,True,False,True,False
GilanRoodsary,True,False,True,True
GhMehrzad,True,False,True,False
jalilzade_m,True,False,True,False
rezarezamobarez,True,False,True,False
Ardeshir2dam,True,False,True,False
HamedAh24284947,True,False,True,True
ly3112237579445,True,False,True,False
heisenberg4030,True,False,True,False
4parsi1,True,False,True,False
iranmonarchist,True,False,True,False
TibiTina3497,True,False,True,False
m09354904942d,True,False,True,True
Mojgan63112P,True,False,True,False
Aschkiac,True,False,True,False
Babak1516,True,False,True,False
andish_aza82291,True,False,True,False
imsimplewoman,True,False,True,False
ParAb46616,True,False,True,False
1942Alberto,True,False,True,False
Fj52256904,True,False,True,False
navid268,True,False,True,False
SaeidAriamehr,True,False,True,False
sobh_bekheyr,True,False,True,False
mosenofficial,True,False,True,True
MajidSh68626597,True,False,True,False
RoshanRangii,True,False,True,True
jenabeedalatkh1,True,False,True,False
SaraNejati5,True,False,True,False
somi271161,True,False,True,False
Kameran1368bhmn,True,False,True,False
objector_01,True,False,True,True
AliBaharlo30702,True,False,True,False
rezaaryaee92,True,False,True,True
HmydK38866,True,False,True,False
MrMohsen18,True,False,True,False
Mohammadal33787,True,False,True,False
brdyn127040,True,False,True,False
arashtarantist,True,False,True,False
Eldenminareza,True,False,True,False
Shahin15159751,True,False,True,False
AmirparsaF76744,True,False,True,False
val74944,True,False,True,False
Rayzasharp021,True,False,True,False
pesaretamirkar,True,False,True,False
Persianpat,True,False,True,False
2500iranphoenix,True,False,True,True
DK61339,True,False,True,False
AMohmdi27389,True,False,True,False
Pcthe_great,True,False,True,False
oOLkzbSuzYY3cL5,True,False,True,False
80_reza,True,False,True,False
Hitclif1990,True,False,True,False
rimbo1111,True,False,True,True
Mbasmsni,True,False,True,False
Apak1970,True,False,True,False
faghannn2,True,False,True,False
koorshbzrgh,True,False,True,False
kkkkk222222228,True,False,True,False
Jasmine834207,True,False,True,False
,True,False,True,False
hami_mirza6367,True,False,True,False
Ariyasmusic,True,False,True,False
saeeddashti54,True,False,True,False
Iranbastan2584,True,False,True,False
MahsaD45517,True,False,True,True
sorena86,True,False,True,True
Leah07655436,True,False,True,False
ValiYaghob,True,False,True,False
Thisissunny007,True,False,True,False
khan_pasargad,True,False,True,False
Sheksepiir,True,False,True,False
Sajadghorbani4,True,False,True,False
Ariou_barzan,True,False,True,False
Ecbatanaaa,True,False,True,False
hasan14779582,True,False,True,False
MytySlgy,True,False,True,False
8c6374e12f054b6,True,False,True,False
AliJaydari76430,True,False,True,True
BkhtMjyd2840,True,False,True,False
MARGEMOoOsh,True,False,True,False
YaghmaeiMa10318,True,False,True,False
Cosmic_Mysticis,True,False,True,False
Monapi1,True,False,True,False
Siavash__p,True,False,True,False
llagertaa,True,False,True,False
vandad2025,True,False,True,False
IranAzad1616566,True,False,True,False
njfwnd69115,True,False,True,True
Mohamadghafuori,True,False,True,True
saramojtahedi,True,False,True,False
QwbSfary50608,True,False,True,False
mohamma45651067,True,False,True,False
MDarbidi80006,True,False,True,True
Aysuvahed,True,False,True,True
aryaaryanpour0,True,False,True,False
imsawme,True,False,True,False
madam_franklin,True,False,True,False
Ehsan_9192,True,False,True,False
daashpari,True,False,True,True
MohamadSha89720,True,False,True,False
NeganSmth1985,True,False,True,False
ariyo_barza,True,False,True,False
diako51,True,False,True,False
RMT_661,True,False,True,False
ly66984847,True,False,True,False
MysaluteS,True,False,True,False
rezayousef42230,True,False,True,True
AmirHos27994948,True,False,True,False
SashaS86136,True,False,True,False
hsyn_arya73621,True,False,True,True
DWIRDWIR,True,False,True,False
ZKhojasteh28,True,False,True,False
KBoroujeni,True,False,True,False
Amir_Perzad,True,False,True,False
dmwnd419310,True,False,True,False
Christi40038744,True,False,True,False
hamid_hpf,True,False,True,False
N_Boukili,True,False,True,False
MaryamHoss5198,True,False,True,False
SaiidQ40305,True,False,True,True
Shery4zza,True,False,True,False
ehsan_5G,True,False,True,False
andishmandddddd,True,False,True,False
javidpahla91820,True,False,True,False
WarriorMad20,True,False,True,False
parviz_khanlari,True,False,True,False
Blue_sky1402,True,False,True,False
m_zarqi,True,False,True,False
reza84952812,True,False,True,False
karimz45656,True,False,True,False
_Nishfa_,True,False,True,False
alfdal350768,True,False,True,False
AryanDuxt,True,False,True,True
cloon3r,True,False,True,False
AllenRosn,True,False,True,False
yaldaishere,True,False,True,False
AmiraliVaziri4,True,False,True,False
mohamadfarazad4,True,False,True,False
tida93695,True,False,True,False
karamazooof,True,False,True,False
WomanFredomlife,True,False,True,False
homasarin,True,False,True,False
Cherrfar,True,False,True,False
ji_neda48528,True,False,True,True
hcrp88,True,False,True,False
saberi_yasaman,True,False,True,False
BabaniPani55737,True,False,True,False
Behzadreval,True,False,True,False
khodetabahkar,True,False,True,False
antsgh,True,False,True,False
P27210209,True,False,True,True
aliranjbar2000,True,False,True,False
Zara14968134,True,False,True,False
1M1peacefighter,True,False,True,False
VaziriElaheh,True,False,True,False
marzejonon,True,False,True,False
Iran_Baan_,True,False,True,False
MajidA79257,True,False,True,False
sarbedar423309,True,False,True,False
Alii9630,True,False,True,False
_Tinaab_,True,False,True,False
selinhsz,True,False,True,False
subversive_00,True,False,True,False
akundkosh,True,False,True,False
qsmzry2,True,False,True,False
mr_pakan,True,False,True,False
ma_jaja1,True,False,True,True
persianposeidon,True,False,True,False
pmflame0,True,False,True,False
TanhatarAzMan,True,False,True,True
demTheIran,True,False,True,False
mehrbanoo_ir,True,False,True,False
PeacefulPiano,True,False,True,False
AKeihani,True,False,True,False
parisazamani10,True,False,True,False
LoghmanSs,True,False,True,False
kourosh_IV,True,False,True,False
ariest4r,True,False,True,False
Amirjah51821197,True,False,True,False
MehranBay,True,False,True,False
Hamfat95821362,True,False,True,False
javoon66666,True,False,True,False
sima52681643,True,False,True,False
r23588584,True,False,True,False
slt21611,True,False,True,False
D4rk9999,True,False,True,False
nima11336699,True,False,True,False
Thirdashk,True,False,True,True
Omid90878094,True,False,True,False
Kaweh666,True,False,True,True
Mahdieh41231901,True,False,True,False
MaryamTaghavi19,True,False,True,False
zibaayebidar,True,False,True,True
ICMFPahlavi,True,False,True,True
AzadehToraj,True,False,True,False
Hellboyir,True,False,True,False
ShopLuxuryStyle,True,False,True,False
HametMoradi71,True,False,True,False
Colonel_Adrin,True,False,True,False
mhdhmd_,True,False,True,False
sherlockpoirot8,True,False,True,False
MrMohi89,True,False,True,False
AsbeAtesh,True,False,True,False
hami_mihan,True,False,True,False
Reza62449819,True,False,True,False
BabakKatouzi,True,False,True,False
King_Ahoura,True,False,True,False
immortal_guardd,True,False,True,False
reza263380,True,False,True,False
paeezbabli40632,True,False,True,False
moka8618199,True,False,True,False
tibakh,True,False,True,True
vpexpandedmetal,True,False,True,False
ferimilani,True,False,True,False
SEPAHBOD_2583,True,False,True,False
Hamidariaee85,True,False,True,False
KhnAyran55852,True,False,True,False
Rot803,True,False,True,False
Amiraliaaam,True,False,True,True
MFotuhi71443,True,False,True,True
YutabArio,True,False,True,False
h_somiii,True,False,True,False
RezaKeshavarzi7,True,False,True,False
MohsenRaza54680,True,False,True,True
Sutehdell,True,False,True,False
MehdiFarid17519,True,False,True,False
hamidrezar63525,True,False,True,False
Gay_Patriot_IR,True,False,True,False
elham_5779,True,False,True,True
HosseinAshtarii,True,True,True,True
shalpetter,True,False,True,True
AghaPesar90,True,False,True,False
mostafa_h9723,True,False,True,True
Baharehrk1,True,False,True,False
TAzmwdh96337,True,False,True,False
hmrd75563047,True,False,True,True
golishirin,True,False,True,False
knoxeknoxe,True,False,True,False
BaNzdyk39389,True,False,True,False
mehran_m1098,True,False,True,False
HeminJ187373,True,False,True,False
Doolmoradof85,True,False,True,False
kasrashayan,True,False,True,False
ElhamNa62303900,True,False,True,False
Bardia_re,True,False,True,False
demon_omi54471,True,False,True,False
DarK_ChoCol69,True,False,True,True
Pasar_guard,True,False,True,False
Reza_azizi60,True,False,True,False
khzyfy63885,True,False,True,True
pasargad_news,True,False,True,False
Iran2024Free,True,False,True,False
moozianeh,True,False,True,False
mahjabbari,True,False,True,False
Hamedo4u,True,False,True,False
sonofphoneix,True,False,True,False
Narges61A,True,False,True,False
ghorbani00231mm,True,False,True,False
FP_7777,True,False,True,False
soliwest,True,False,True,True
sauron11110000,True,False,True,False
Afra01067936,True,False,True,True
samira29819421,True,False,True,False
sedaye_omiid,True,False,True,False
FereidoonZ61731,True,False,True,False
hbpotato,True,False,True,False
manhatan449900,True,False,True,False
akhavi_jan,True,False,True,False
Mohamads24prl,True,False,True,False
rasoulipour,True,True,True,False
JudyAbbott2024,True,False,True,True
Sadiyo_mane991,True,False,True,False
nekacityhossien,True,False,True,False
mohamad07969559,True,False,True,False
HamidAllah69525,True,False,True,False
Saad_Kln,True,False,True,True
ba179e8000a54a0,True,False,True,False
Guril_Angoori,True,False,True,False
s_sa50741,True,False,True,True
RepMcClintock,True,False,True,True
MeNe129957,True,False,True,False
farbod616003,True,False,True,False
saied_syberi2,True,False,True,False
iranSymphony,True,False,True,False
YounesYazdani2,True,False,True,False
nemesisgod94,True,False,True,False
afsargosikhte28,True,False,True,True
MichealEbr32019,True,False,True,False
ebram_haj,True,False,True,False
smyj55,True,False,True,False
Farzinsolo,True,False,True,False
lisa20252025,True,False,True,False
kiasha_king,True,False,True,False
YektaShahram,True,False,True,False
HRJomid,True,False,True,False
ALIR_MV,True,False,True,False
MTmly15262,True,False,True,False
minoo_abbassi82,True,False,True,False
FDahty40378,True,False,True,False
mah83143,True,False,True,True
Ellie_irp,True,False,True,False
KMozaffarian,True,False,True,False
Fatemest98,True,False,True,False
kamangiran1,True,False,True,True
_kambakhsh,True,False,True,False
torinsonoftrain,True,False,True,True
Islamfuckerman,True,False,True,False
MohammadReza7_5,True,False,True,False
ArtBehrang20646,True,False,True,False
amirhosstav,True,False,True,False
KhashayarA90759,True,False,True,False
ArashH89968,True,False,True,False
MarySami61,True,False,True,False
habib77355710,True,False,True,False
Meysamfaraji13,True,False,True,True
AziMorvari32400,True,False,True,False
GhotbiLeila,True,False,True,False
saff69h,True,False,True,True
pour_nazan79329,True,False,True,False
ragnarkingid,True,False,True,False
FarzadAmani56,True,False,True,False
RyanTM0,True,False,True,False
sisley1980,True,False,True,False
salehi_saj45234,True,False,True,False
fasl_e,True,False,True,False
Donya615119,True,False,True,False
MajidMoham898,True,False,True,False
maximus8decimus,True,False,True,False
ANF96919311,True,False,True,False
FaribaGarmani,True,False,True,False
SaamaanNdri,True,False,True,False
peyman1985m,True,False,True,False
AAriyamehrr,True,False,True,False
MMT_hater,True,False,True,False
im_a_blackcat,True,False,True,False
sedighr74,True,False,True,False
IranAzad202412,True,False,True,False
YlyNzhad,True,False,True,False
mahdikh49414590,True,False,True,False
trokingpers,True,False,True,False
steventheonne,True,False,True,False
pakzad081,True,False,True,False
moeinharjoon,True,False,True,False
nadershah1402,True,False,True,True
uzprqEXVzQKg89n,True,False,True,False
mosalzd,True,False,True,False
UsefiMajid,True,False,True,False
akbarmo70962795,True,False,True,True
AdenA5166467056,True,False,True,False
RoksanaB39685,True,False,True,False
Babakzf2500,True,False,True,True
luvo_li,True,False,True,False
aelisa67,True,False,True,False
ahoramazda271,True,False,True,True
iamahmadQ,True,False,True,True
SamMaxwell92230,True,False,True,False
Erfsha,True,False,True,False
Radmazon_,True,False,True,False
ArshaRick,True,False,True,False
maziyar19196322,True,False,True,False
guissssou,True,False,True,False
DrManuchehri,True,False,True,False
MaghsoudiAli,True,False,True,False
simpelwish,True,False,True,True
Shapour_I,True,False,True,True
OfficialMusa21,True,False,True,True
mchmirshekari,True,False,True,False
bahman_dodi,True,False,True,False
Mttk121,True,False,True,True
HY87732429,True,False,True,False
HamidHamoon33,True,False,True,True
Callagh9,True,False,True,False
theShadoww20,True,False,True,False
CRP_of_Iran,True,False,True,False
zariihad,True,False,True,False
ZR7981,True,False,True,False
Hamaanbaba,True,False,True,False
reza259435,True,False,True,False
Zahra_sadat_97,True,False,True,False
MordiEmmanuel16,True,False,True,False
Shahanshah79,True,False,True,False
nobodyy_no,True,False,True,True
ladyshiba,True,False,True,False
farro47766,True,False,True,False
HiwaSnow,True,False,True,False
nakshbandi81391,True,False,True,False
khaledpirzadeh,True,False,True,False
mo68503639,True,False,True,False
aasaeedi,True,False,True,True
givmaster,True,False,True,False
rezamirzayi16,True,False,True,False
Egoods1,True,False,True,False
SAzarbyjan74047,True,False,True,True
behnaz_32,True,False,True,False
88heisenberg88,True,False,True,False
Kamranab4,True,False,True,False
beniwhoknows,True,False,True,False
HasanSheyd24642,True,False,True,False
lilwave77,True,False,True,False
maryam69307303,True,False,True,False
Hossein95003481,True,False,True,False
GofKer,True,False,True,False
masoudcastel,True,False,True,True
milans234,True,False,True,False
yasi_1401,True,False,True,False
FardinY20442,True,False,True,False
Amirkheilaei,True,False,True,False
Romeo45365115,True,False,True,False
porseshgar16,True,False,True,False
mahsaaaa_amini,True,False,True,False
KoofteBerenjii,True,False,True,False
MkrmhS,True,False,True,False
sami_6464,True,False,True,False
Sabor1515,True,False,True,False
Mehran_f73,True,False,True,False
Azar84902765354,True,False,True,False
tisfuni,True,False,True,False
DSH_1969,True,False,True,True
jangjoo_edalat,True,False,True,True
world_Serpentt,True,False,True,True
massimodutti18,True,False,True,False
samane99360300,True,False,True,False
shahkorosh2,True,False,True,False
gooyanews,True,False,True,False
bamazebamzi,True,False,True,False
Krypton_Sat,True,False,True,False
Simin38546056,True,False,True,False
FaribaRanjbar,True,False,True,True
Hghazi8,True,False,True,False
farhadahora,True,False,True,False
NavidiEsmaeil,True,False,True,False
tuqom1,True,False,True,False
m_aslany,True,False,True,False
O6cfUSpqFO59AD1,True,False,True,False
Rehi73,True,False,True,False
sogandsobhani19,True,False,True,True
itsn1nja,True,False,True,False
ajiiimajiii,True,False,True,False
moh71768,True,False,True,False
KeyvanZizi65734,True,False,True,True
Irandoost64,True,False,True,False
rana65396,True,False,True,False
Arminx1998,True,False,True,False
jalalirani4,True,False,True,False
Amirm_zandy,True,False,True,False
MHatamian,True,False,True,True
fariba33238967,True,False,True,True
mamadfreedom9,True,False,True,False
ardavan_29,True,False,True,False
Sociance2,True,False,True,False
Amirreza_200511,True,False,True,False
yourhearse1,True,False,True,False
arashghanbariko,True,False,True,False
Roya3838,True,False,True,False
mamdeath,True,False,True,False
Jamejam253656j,True,False,True,False
dariushj54,True,False,True,False
majoon66846131,True,False,True,True
Ideanf1,True,False,True,False
SaharRezaee10,True,False,True,False
Mogadam1M,True,False,True,True
WatermelonDua02,True,False,True,False
milartvp,True,False,True,False
SabzV57,True,False,True,False
roohull_noruzi,True,False,True,False
mo7676p,True,False,True,False
faribara,True,False,True,False
IranSpaceKeeper,True,False,True,False
sadra222,True,False,True,True
khashayar19900,True,False,True,False
M02H94N,True,False,True,False
kheradjooo,True,False,True,False
Im_Mr_Frodo,True,False,True,False
_oktapos,True,False,True,True
shabahang1344,True,False,True,False
SBegange,True,False,True,True
rooo_as6,True,False,True,False
selin965187,True,False,True,False
RJahanama,True,False,True,False
SBosari62506,True,False,True,False
aazar_goshasb,True,False,True,False
dashali54831635,True,False,True,False
ShahMusic2585,True,False,True,False
mahdyar3113,True,False,True,False
Mei276331,True,False,True,False
AshrafzadeAli,True,False,True,False
FarnazJafar,True,False,True,True
BabaeiSaye60257,True,False,True,True
melissaforbes88,True,False,True,True
sherlock4121,True,False,True,True
younesmoha85722,True,False,True,False
ofoghruydad,True,False,True,False
Bitcoin_crypto6,True,False,True,False
2sibalbalu,True,False,True,False
MSpahlavi48,True,False,True,False
mohammadsss1995,True,False,True,False
Mahshid1773573,True,False,True,True
HezbePadeshahi,True,False,True,False
sorena_Ef,True,False,True,False
camelkesh,True,False,True,False
Ali21606918,True,False,True,False
nniiimaa,True,False,True,False
3TrprXLBxUsVo5F,True,False,True,False
ShrlwkHlmz,True,False,True,False
S_R_HOSSEINI_47,True,False,True,True
parsajavan,True,False,True,False
lizadeh_mina,True,False,True,False
H2Hidden,True,False,True,True
realatssa,True,False,True,False
nadershaaah,True,False,True,False
Amirbakhtiiarii,True,False,True,True
GolipourAm6044,True,False,True,False
IranianHexalot,True,False,True,False
nasfaas68,True,False,True,False
SZarei75671,True,False,True,False
ariyaz747,True,False,True,True
mahboob77020314,True,False,True,True
rhymym512,True,False,True,False
Rezaabay2,True,False,True,True
OroadAshk13,True,False,True,False
Ali59413961,True,False,True,False
phoenixsdr,True,False,True,False
BeRJyS1,True,False,True,False
BaztaryanSabah,True,False,True,True
rabin441359,True,False,True,False
NYazdanjoo65143,True,False,True,False
haghjou1401,True,False,True,False
MichelMakarian,True,False,True,False
Tehshe40,True,False,True,False
iranmaneshe,True,False,True,False
Feri13373478,True,False,True,False
Arxxxxxxxxxx,True,False,True,False
Soldier267884,True,False,True,False
zahraeftekhar13,True,False,True,False
Ham3dmirza,True,False,True,False
PatriotsEU,True,False,True,False
senquatriuX,True,False,True,False
Maryam27860,True,False,True,False
dqs44686672,True,False,True,False
usakeivan,True,False,True,False
AliVaki96819850,True,False,True,False
Lea_Iran1Lion_V,True,False,True,False
ahm2ah,True,False,True,False
mobarez_vatan17,True,False,True,False
NicoleAz142214,True,False,True,True
Spartacus_M37,True,False,True,False
Amirhos49736168,True,False,True,False
Mr_Sh1376,True,False,True,False
AMIRSENPAI1,True,False,True,False
AkramBadpa23059,True,False,True,False
ladysarak,True,False,True,False
Frbdgrbni,True,False,True,False
rezaaaammmmm,True,False,True,False
AsgariMani44689,True,False,True,False
Vanoosheh_1981,True,False,True,False
capitanali0609,True,False,True,False
The_nhlw__,True,False,True,False
mohammadifard4,True,False,True,True
JohnBerry274248,True,False,True,True
mehdimoradimehr,True,False,True,False
KawehAria,True,False,True,False
nazfaal,True,False,True,True
kokousakichi,True,False,True,False
Aryanaz89,True,False,True,False
MahsonHagaani,True,False,True,False
Aurora_a24,True,False,True,False
MahdiBakhshi7i,True,False,True,False
mandanaariaei,True,False,True,False
AAA115689,True,False,True,False
Amir24682500,True,False,True,False
sandbad52436,True,False,True,False
Sami32386963,True,False,True,True
Zarii98627539,True,False,True,True
Ruzegare_khub,True,False,True,True
mali_0359,True,False,True,False
Saeed07928078,True,False,True,False
sa06815055,True,False,True,False
fafar1355,True,False,True,True
Amirabas327084,True,False,True,False
mmtbbehi,True,False,True,False
Majids87480464,True,False,True,False
sahel83218574,True,False,True,False
GfXx60962752,True,False,True,False
JavadAsadi67352,True,False,True,False
omidm733,True,False,True,False
iranjanma,True,False,True,False
Av19712Ave,True,False,True,False
maryamm65352634,True,False,True,False
Fardin_for_free,True,False,True,False
MaryamDior,True,True,True,False
Magham_ozmaaa,True,False,True,False
Mhmdrsmd,True,False,True,True
RezaGhassemi5,True,False,True,False
elaheh04_,True,False,True,False
shzarei,True,False,True,False
amir1397909,True,False,True,False
Shah4Iran,True,False,True,False
sonopersiana,True,False,True,False
MohParvar,True,False,True,True
heisenbergKhaan,True,False,True,False
GilvariHamid,True,False,True,False
fn41785787,True,False,True,False
Sempredrittoo,True,False,True,False
jafaresfahani,True,False,True,True
IranWriter,True,False,True,False
mahmwd115,True,False,True,False
Vigilante1991,True,False,True,True
SafarpourH10986,True,False,True,False
parniya_hmd,True,False,True,False
RAGNAR_2024,True,False,True,False
Che_933,True,False,True,True
MehdiBehnam766,True,False,True,False
_Atoosa,True,False,True,False
69KeyserSoze666,True,False,True,False
MasoudMusavi5,True,False,True,False
faz7011,True,False,True,False
vatanam0ir,True,False,True,False
foroghi2581,True,False,True,False
marmar76195550,True,False,True,True
BahrainiSh88310,True,False,True,False
EllaofCastle,True,False,True,False
Arash190796,True,False,True,False
MstfyZadh94122,True,False,True,False
HosseinFag42537,True,False,True,False
samirakazemi16,True,False,True,False
khanzadeh1400,True,False,True,False
Goafaei,True,False,True,False
malek48758,True,False,True,False
ferferi666999,True,False,True,False
pouyataheri11,True,False,True,True
k_saturnn,True,False,True,False
Favzkid01,True,False,True,False
fereydounfaro,True,False,True,False
30_miin,True,False,True,False
erfuntweet,True,False,True,False
maryam0036,True,False,True,True
elmira04846713,True,False,True,False
Lili06777377,True,False,True,False
BijanBayat,True,False,True,True
Mohamma78385681,True,False,True,True
KhaliliMj36568,True,False,True,False
hamidchemical,True,False,True,False
agh4198,True,False,True,False
SoroushRsp,True,False,True,False
thisissofuking,True,False,True,True
paa_rii_saa,True,False,True,False
mazi_bazi47121,True,False,True,False
MohammadRa43826,True,False,True,True
fatteme77,True,False,True,False
Mrmoradi5,True,False,True,False
Faride30003054,True,False,True,True
bharazady2,True,False,True,False
Majid18071741,True,False,True,False
Sorour06666981,True,False,True,False
payman_7i,True,False,True,False
amydllhi,True,False,True,False
asi_az__hame,True,False,True,False
t_janatan,True,False,True,True
KimiaJafari6,True,False,True,True
beygihome,True,False,True,False
amir_amb0,True,False,True,True
SarkandiHamid,True,False,True,False
ARMMAN_2017,True,False,True,False
iran_Banoariaee,True,False,True,False
rp7859916831304,True,False,True,True
AhmadBazrafsha6,True,False,True,False
EmamzadeMohsen,True,False,True,False
sh_kh_53,True,False,True,False
YektaMarya48114,True,False,True,False
cooo0o0l,True,False,True,False
erfawn_sh,True,False,True,False
king1855240,True,False,True,False
Ali53021928,True,False,True,False
shahdokhto,True,False,True,False
Reza4186,True,False,True,True
Motezaaad,True,False,True,True
koorushpahlavi,True,False,True,False
khachonok24203,True,False,True,False
FereshtehM47014,True,False,True,False
llparvinll,True,False,True,False
MrAryani,True,False,True,False
xxxxtaat,True,False,True,False
dawod85379996,True,False,True,False
96Malek2017,True,False,True,False
masesk121,True,False,True,False
Etehad49373986,True,False,True,False
bahram_ez,True,False,True,False
Asdanesh,True,False,True,False
Chomar1988,True,False,True,False
ElahehMehr,True,False,True,True
NaserKing144422,True,False,True,False
HoumayonKhan,True,False,True,False
abbasahmadabadi,True,False,True,False
EnigmaFarbot,True,False,True,False
Mohammadre44294,True,False,True,False
mohammad1985059,True,False,True,True
Daniel99969548,True,False,True,False
Karen_vafai,True,False,True,False
fahimi_mahdi66,True,False,True,False
sssssaaaajjjaad,True,False,True,False
yekiranii,True,False,True,True
AzadiMery,True,False,True,False
ShahlaShahpanah,True,False,True,False
mohamadtgh,True,False,True,True
hamid616177891,True,False,True,False
EbdSheri,True,False,True,False
Nadfreespirt,True,False,True,True
smrd24861754,True,False,True,False
PetereParkerPur,True,False,True,False
patriot_mehdi,True,False,True,False
hafezhaghighi,True,False,True,True
soh36100,True,False,True,False
garshsb,True,False,True,False
Iranian069,True,False,True,True
belyad42833,True,False,True,False
saeed_salimic60,True,False,True,False
nanak_91,True,False,True,False
Rocky56284397,True,False,True,True
Croticiano,True,False,True,False
GisoO0o,True,False,True,False
FazTak39664,True,False,True,False
bysbys989837441,True,False,True,True
ramses1th,True,False,True,False
ArshanMokhtari,True,False,True,False
Mconfused93,True,False,True,False
freedom1989949,True,False,True,True
Javid08334775,True,False,True,False
bakorosh,True,False,True,False
bittergrapfruit,True,False,True,False
emel1365,True,False,True,False
ashilmicloudco1,True,False,True,False
Fifi00456014,True,False,True,False
dkhos,True,True,True,False
sarita_capa,True,False,True,False
IranIra35656042,True,False,True,False
fkamranshahy,True,False,True,False
asiaiebehzad,True,False,True,False
irandokht1349,True,False,True,False
doctor_manhatan,True,False,True,False
kourosh74119588,True,False,True,False
MarKo6759361313,True,False,True,False
faranak446994,True,False,True,False
Javid998877,True,False,True,True
Formyhomeland,True,False,True,False
Abbasi2014A,True,False,True,True
outofberlin,True,False,True,False
haghighat_saeed,True,False,True,False
SNAV00062055,True,False,True,True
MahiNord,True,False,True,False
Reza8sht,True,False,True,True
am20220916,True,False,True,False
MokhtariRaya,True,False,True,False
RezaGnr1,True,False,True,False
lyzadh_nasr,True,False,True,True
Alfa19795,True,False,True,False
ghanari55,True,False,True,False
iranwins20891,True,False,True,False
Grea8jb,True,False,True,False
ms56660392,True,False,True,False
hz7_matin,True,False,True,False
pmoji1998,True,False,True,False
Maryamirani22,True,False,True,False
saj_sh7,True,False,True,False
saray1366,True,False,True,False
hassanjahanbak5,True,False,True,False
s_ab12345,True,False,True,False
farshad_pishva,True,False,True,False
thisiselpatron,True,False,True,False
Alimoazzen00,True,False,True,False
ali340258377570,True,False,True,False
bitak220,True,False,True,False
arezumfard,True,False,True,True
SahraAzarabadga,True,False,True,True
moradizade1985,True,False,True,False
SRanaei43154,True,False,True,False
OmidYazdani898,True,False,True,False
zazar61,True,False,True,False
3ssi7f,True,False,True,False
farzamkarbasi,True,False,True,False
dalir1990,True,False,True,True
Zanziyanazadi,True,False,True,False
Hesamheydari11,True,False,True,False
NamatiKaty,True,False,True,False
NabieeReza,True,False,True,False
mad_salhy,True,False,True,True
RahatiSaeid,True,False,True,False
SateSefr,True,False,True,True
RoyaRonika,True,False,True,False
sepehr845862,True,False,True,False
payndeiranshah,True,False,True,False
qqnws16744519,True,False,True,False
faribairani20,True,False,True,False
mydreamofazadi,True,False,True,False
i_franak,True,False,True,False
bavan2020,True,False,True,False
ly5609609248335,True,False,True,False
PanosPetrou1234,True,False,True,False
Shahpur_2ooo,True,False,True,False
NErheRVllIIc3sH,True,False,True,False
tmpiroozi,True,False,True,False
EmpireParsa,True,False,True,True
CinqueStelle5M,True,False,True,True
rshsam3,True,False,True,False
KhajKhaju,True,False,True,True
IRAN16166472,True,False,True,False
saeedsalma50120,True,False,True,False
sarir409,True,False,True,False
amin_aminpoor,True,False,True,False
Zahraa33274919,True,False,True,False
djduxu5190,True,False,True,False
hosein_kordi7,True,False,True,False
xakestar_,True,False,True,False
MarkJCarney,True,False,True,False
zaak44324744,True,False,True,True
davoodrameza13,True,False,True,False
ArsaGhasempour,True,False,True,False
Aryamehr2566,True,False,True,False
reza80269368,True,False,True,False
persiaisalive,True,False,True,False
foxriver222,True,False,True,False
swabumme,True,False,True,True
capitanloren,True,False,True,False
sh_brainy,True,False,True,False
HadiTatar20333,True,False,True,True
ROSTAM_BOOKS,True,False,True,True
AlirezaE590,True,False,True,False
maryyy62,True,False,True,False
AYaghoubvand,True,False,True,True
lordmgi,True,False,True,False
saraa_artist,True,False,True,True
omidbepirozi401,True,False,True,False
ramin_1400,True,False,True,False
mohsen_hak68493,True,False,True,False
for_omid,True,False,True,False
i_denirani,True,False,True,False
heart_sheylo,True,False,True,True
hedishjf,True,False,True,False
arsalan16346408,True,False,True,True
Tanha72161013,True,False,True,False
Cedar315894,True,False,True,False
KhooramMohsen,True,False,True,False
TOUCHGOLD548626,True,False,True,False
AzitaShad46482,True,False,True,False
alikarami725202,True,False,True,True
elahe_sh18,True,False,True,False
javidshah0,True,False,True,False
frhng382804,True,False,True,False
jahan_fh,True,False,True,False
EsmaeilNamdari,True,False,True,False
_PERSIAN_GOLF,True,False,True,True
slvroffcl,True,False,True,False
borobaba6,True,False,True,False
AGadook,True,False,True,True
amirzakd2,True,False,True,False
Pouya_fa77,True,False,True,False
a_azitaa,True,False,True,False
faezehpour10563,True,False,True,False
mehrdadpopo,True,False,True,False
kittymazi68,True,False,True,False
AbrishamF22791,True,False,True,False
ahmadsooki75,True,False,True,False
zarin_farzad,True,True,True,False
IranShahr_MTL,True,False,True,True
pippin_silent,True,False,True,False
BehruzTrading,True,False,True,True
Fujitsu1142,True,False,True,False
Heli61618621611,True,False,True,True
mohsen9169,True,False,True,False
rd4157475516066,True,False,True,False
Azii42383043,True,False,True,False
baharrafinia833,True,False,True,False
janideep55,True,False,True,False
memento9149,True,False,True,False
Ap117P,True,False,True,False
yalda923,True,False,True,False
iran_wolf53769,True,False,True,False
Farzane33444599,True,False,True,False
iamsmh95,True,False,True,False
64Ariya,True,False,True,True
fucktosiano,True,False,True,False
KING_KYRUS,True,False,True,True
rdwdy7,True,False,True,False
bigdudelebowski,True,False,True,False
shyr77497221,True,False,True,True
pedram1775196,True,False,True,False
hesammt7,True,False,True,False
aliya8692,True,False,True,True
Fench_Kouchoul,True,False,True,False
MortezaAdabi,True,False,True,True
sedaye_bi_jan,True,False,True,False
FarnazHbb,True,False,True,False
Omid79951334,True,False,True,False
Zizi_Mccartney,True,False,True,False
vedaf86,True,False,True,False
KianAzadfekr,True,False,True,False
besoyenoor52250,True,False,True,False
WildTommy14,True,False,True,True
LULA_LLUULLAA,True,False,True,False
PersianKnighttt,True,False,True,False
BhzadNby,True,False,True,True
phoenix__138,True,False,True,False
MehdiShahbazi11,True,False,True,False
PireMard70,True,False,True,False
asalbanoooo0,True,False,True,False
Ikhalili2,True,False,True,False
MoonaSrd,True,False,True,False
Erami1,True,False,True,False
amirhosseinab1,True,False,True,False
IRANIANPA,True,False,True,True
kalbom7,True,False,True,False
amin59777713,True,False,True,False
farhadikhosrow,True,False,True,True
godanddone13,True,False,True,False
Mandireyar,True,False,True,True
imanhassani1980,True,False,True,False
Naderaria12,True,False,True,True
hadiaslani1985,True,False,True,False
Amir2288,True,False,True,True
0xwrongbet,True,False,True,False
savaki1357_1404,True,False,True,False
doctorhoma,True,False,True,False
AMnasab20795,True,False,True,True
vatanprast59,True,False,True,False
KhaterehMo48045,True,False,True,False
MbsophMb,True,False,True,False
Kaneki52583,True,False,True,False
yarmohammadshah,True,False,True,False
mjavadgol,True,False,True,True
DFinanceEra,True,False,True,False
Mohamad21976558,True,False,True,True
reeeeelaax,True,False,True,False
Hamid35242658,True,False,True,False
Nik2Sid,True,False,True,False
NPirdoost64894,True,False,True,False
M_F_My_Country,True,False,True,False
fox_schemer,True,False,True,False
soroosh1973,True,False,True,False
EHSANOOOOOOOO,True,False,True,False
Delavar69,True,False,True,False
Tabatabaei41583,True,False,True,True
mmdnfr98,True,False,True,False
useful_but,True,False,True,False
MSMchange,True,False,True,False
matroodin,True,False,True,False
MR96689383,True,False,True,False
Ahura_bh,True,False,True,False
hos1362,True,False,True,False
plipli3543,True,False,True,True
AllieShamaaei,True,False,True,False
sepideh77060753,True,False,True,False
1377_mahsa,True,False,True,False
programmerIR80,True,False,True,False
ndrlu69024,True,False,True,False
Behrooz21860506,True,False,True,False
milad95524410,True,False,True,False
HamidRe33735428,True,False,True,False
farda_jj,True,False,True,False
mrym22260,True,False,True,False
avareziX,True,False,True,False
Vahidbashir85,True,False,True,False
Hasan70995545,True,False,True,False
mustafa_roosta,True,False,True,True
JzIrj87336,True,False,True,False
iranfreeco,True,False,True,True
MahdishBagheri,True,False,True,False
SagharStudio,True,False,True,False
CyJa78,True,False,True,True
Iraj63140440,True,False,True,False
Kaveh75,True,False,True,False
mylllluuuuuu,True,False,True,False
Phlavvvii,True,False,True,True
,True,False,True,False
sellol909,True,False,True,False
enghelabi_1401,True,False,True,False
TabriziMohsen,True,False,True,False
6tGKnTClfoB5v0S,True,False,True,False
golzari10,True,False,True,False
HamidGouda82061,True,False,True,False
samipani1051,True,False,True,True
VaezSorour,True,False,True,False
OmidIranAzad,True,False,True,False
Dele_KHeshti7,True,False,True,False
callmereyhannn,True,False,True,False
kaghazsefid,True,False,True,False
sr19214389,True,False,True,True
interchapmalll,True,False,True,False
a_r_samary,True,False,True,False
Hamidrazavi1981,True,False,True,False
ArstwJawyd,True,False,True,False
yalda_ardalan,True,False,True,False
shahla1979r,True,False,True,False
parhm_,True,False,True,True
Mah1055324,True,False,True,False
MOHAMMADRE69739,True,False,True,False
sam99281703,True,False,True,True
nader59mah,True,False,True,False
O3037516615,True,False,True,False
TaghizadehRieka,True,False,True,False
BennyRamzi90266,True,False,True,False
GreatBanksy,True,False,True,False
AhooraBrg,True,False,True,False
Ayo_Tomidee,True,False,True,False
MomeniYaser,True,False,True,False
kamrezi,True,False,True,False
spnt250789,True,False,True,False
Nim80964576,True,False,True,False
AboutBahart,True,False,True,False
saree72_binaa,True,False,True,False
baran_dard22,True,False,True,True
SharyaneAzadi,True,False,True,False
holmes66222,True,False,True,False
Yasi1996___75,True,False,True,True
AzadhBhram12265,True,False,True,False
MahdiHassa50734,True,False,True,False
MollaPashmoddin,True,False,True,False
alisattari6,True,False,True,False
artemis550101,True,False,True,False
osyan__gar,True,False,True,False
HmydGhlamy85126,True,False,True,False
arashdesigner20,True,False,True,False
sss66h,True,False,True,False
realpersianking,True,False,True,True
Ghasemiiii888M,True,False,True,False
SiratiYounes,True,False,True,False
farzadkiani877,True,False,True,False
mohsenpatriot2,True,False,True,False
birdoofpassage,True,False,True,True
StoneFiroo4703,True,False,True,False
az_hd1364,True,False,True,False
sharon_iran,True,False,True,False
Z_life_freedom,True,False,True,False
Anahid2581,True,False,True,False
arastattoo91,True,False,True,False
maryam31876485,True,False,True,False
mino_abbasi1374,True,False,True,False
arvin_kiani12,True,False,True,False
Houri61229751,True,False,True,False
rwblkhan,True,False,True,False
Parsi03211551,True,False,True,False
Mohammadal47297,True,False,True,False
leidavash,True,False,True,False
ValiFarahani,True,False,True,True
MandanaJamali,True,False,True,False
zarindokht_ah,True,False,True,True
Dayivahid12345,True,False,True,False
rahulsahni33,True,False,True,True
Fahim3352761491,True,False,True,False
tajebozorg1979,True,False,True,True
naranji_666,True,False,True,False
MahdaviLeily,True,True,True,True
saatsazk,True,False,True,True
Ferey_nadoun5,True,False,True,False
s_taymooriyan1,True,False,True,False
rasol157,True,False,True,False
Iranian_boy7,True,False,True,False
pkmajiid,True,False,True,False
mhraby420841,True,False,True,True
azshomabehtaran,True,False,True,False
lf71354556,True,False,True,False
LIBREWOMEN,True,False,True,False
sonya04333895,True,False,True,False
mazyar_bahrami,True,False,True,True
paria55031,True,False,True,False
chap_gaiidam,True,False,True,False
R2CDSI8ivGxxxea,True,False,True,False
agirl9777,True,False,True,False
torj_mosvi,True,False,True,False
siavash_irann,True,False,True,False
cosinus400,True,False,True,False
pandaye_skini,True,False,True,False
sinamohamm96405,True,False,True,False
nikacha32679823,True,False,True,False
savad_iran96,True,False,True,True
Artemis5325851,True,False,True,False
Sakks0n,True,False,True,False
kianmehr89,True,False,True,False
GreatPersiaa,True,False,True,False
syavarsan,True,False,True,False
Arash86345926,True,False,True,False
Vaspuher,True,False,True,True
AryaLap28408,True,False,True,False
mehnor7,True,False,True,True
nadabiri,True,False,True,False
NedaAb10,True,False,True,True
kosarseyfi78,True,False,True,False
MastioRastiii,True,False,True,False
ShA37067,True,False,True,True
termehirani,True,False,True,False
DarabDavoudi,True,False,True,False
zanzendegizan,True,False,True,False
friseurmansour,True,False,True,True
DwstSh5,True,False,True,False
alinajibiii,True,False,True,True
KomEsm,True,False,True,False
cis_per,True,False,True,False
EDI79527165,True,False,True,False
ariya_Alizad,True,False,True,False
NajvaYosefzade,True,False,True,False
hasgari4,True,False,True,True
Aliiirezaaa3,True,False,True,False
winstonsibil,True,False,True,False
BSdr166,True,False,True,False
NegRHNejad,True,False,True,False
PedramAshkan,True,False,True,False
Hossein7912,True,False,True,False
Zarabinich,True,False,True,True
DrbndyShkwh,True,False,True,False
jananavaz,True,False,True,False
hadi_ariamehr,True,False,True,True
iran66093263,True,False,True,True
Soheila64358595,True,False,True,False
ajami_david,True,False,True,False
emmsource,True,False,True,False
VukashinFa,True,False,True,False
merdad74,True,False,True,True
SouzanPourmokh1,True,False,True,True
Anibah20,True,False,True,True
pantea_Nickname,True,False,True,False
tinnaa_2003,True,False,True,False
FarahFarnaz,True,False,True,False
Aminlp98,True,False,True,False
RezaShah2436,True,False,True,False
Namira_98,True,False,True,True
farsam_arkifar,True,False,True,False
Nima_Kavousi,True,False,True,False
MaedeSalami,True,False,True,True
alokardguy,True,False,True,False
BardyAAAAAAA,True,False,True,False
BzrgNadr,True,False,True,False
yasharqt,True,False,True,False
shahrzad1973,True,False,True,False
paryar_pr,True,False,True,False
aaminnnimaa,True,False,True,False
dsahra,True,False,True,False
ImanAriamehr,True,False,True,False
Majid82437997,True,False,True,False
ShahbanouFarah,True,True,True,False
Milad136991,True,False,True,True
LeylaLeybabae,True,False,True,False
Alishmaste,True,False,True,False
peymoon66,True,False,True,False
w_w1365,True,False,True,False
Persiangulf1403,True,False,True,True
AbdoliAfsaneh,True,False,True,False
facelesspar,True,False,True,False
amkA22412648,True,False,True,False
MahdiMahsa71433,True,False,True,False
siavash84770032,True,False,True,True
drfalahatpishe,True,True,True,False
parviz26710753,True,False,True,False
mirhoss6,True,False,True,False
HamidAghdam1,True,False,True,False
mehrdadpaj3929,True,False,True,False
SaeediAli25700,True,False,True,False
HeidariSolmaz,True,False,True,False
samkhallash,True,False,True,True
dr_afsaneh,True,False,True,True
hido_rasid,True,False,True,False
amirrezazii,True,False,True,False
patriot_iran50,True,False,True,False
SAEED0153,True,False,True,False
LLLOSTCONTROLLL,True,False,True,False
Leo10Amir,True,False,True,False
Abas27811261,True,False,True,False
MojganSaha25978,True,False,True,False
KasraRnj92581,True,False,True,False
naderafsharjam,True,False,True,False
Persianking2006,True,False,True,False
GarshasbB72178,True,False,True,False
Miike1988,True,False,True,False
blacktail2550,True,False,True,False
esmailei,True,False,True,False
Yasna19306502,True,False,True,False
kUsjKLeolBA27bz,True,False,True,False
Aashk2024,True,False,True,False
MasoudKingsman,True,False,True,False
RnjbrFatmh57291,True,False,True,True
aboutalebii1721,True,False,True,False
VahidNoroz59986,True,False,True,False
Sonia_4875,True,False,True,False
Boxe_glory,True,False,True,False
nirvaanaa95rf,True,False,True,False
sohrab521027853,True,False,True,False
ZahedJahan16615,True,False,True,True
HamedYounesi2,True,False,True,False
noradinshno,True,False,True,False
baki_amir,True,False,True,False
ArdavanMofid,True,True,True,False
ArdvanBahm97732,True,False,True,False
pavellnedved111,True,False,True,False
sasan_khod,True,False,True,False
sina_aminvari,True,False,True,False
sara_tiss_,True,False,True,False
miroo_mehdi,True,False,True,False
taranom_ziz,True,False,True,True
Azari80292103,True,False,True,False
saeedtaree,True,False,True,False
Haniye62870812,True,False,True,True
parsi22774,True,False,True,False
meysam1388,True,False,True,False
titii166,True,False,True,True
Yeganeh2562,True,False,True,False
sizarta22,True,False,True,True
__Freedom_btfly,True,False,True,True
baleeeeee__,True,False,True,True
Divine_Soul777,True,False,True,True
Annatar_Ainur,True,False,True,False
Danielberano,True,False,True,False
shahabmehrnami,True,False,True,False
myCrosswalk_,True,False,True,False
AliJaviid,True,False,True,False
mojisabeti,True,False,True,False
S9999095293436,True,False,True,False
8044aa8d7246426,True,False,True,False
aliihonarmand,True,False,True,False
Mobin_bax,True,False,True,True
AliBakhtar81779,True,False,True,True
MohammadKeimasi,True,False,True,True
_Meysam_sarmadi,True,False,True,False
ShineOlia,True,False,True,False
Reza728945271,True,False,True,False
Mrt_840,True,False,True,True
Sahel90518113,True,False,True,False
Suliiiiiiid,True,False,True,False
AkbarEghdami,True,False,True,False
MalekesmailiS,True,False,True,False
sue_assili,True,False,True,False
mobin__2005,True,False,True,False
rez1324567,True,False,True,False
DrAv2017,True,False,True,False
Amir206sef,True,False,True,False
AR_77_MA,True,False,True,False
PayamAmani3,True,False,True,False
shahnazteherani,True,True,True,True
roshanmasoul,True,False,True,False
Mohammedma63094,True,False,True,False
Apothtoth,True,False,True,False
saeidki3112176,True,False,True,False
Ali1359A,True,False,True,False
MiriamHamedani,True,False,True,False
dawood99819470,True,False,True,True
khosr_o,True,False,True,False
FandakIrani,True,False,True,False
Ak20000M,True,False,True,True
AzarLyly,True,False,True,True
mostaf_63,True,False,True,False
darbedar00,True,False,True,False
YeIrani_inX,True,False,True,False
AmmmAmmm123755,True,False,True,False
KKarandish,True,False,True,False
Barandaz_Sarbaz,True,False,True,False
rangrazian92291,True,False,True,False
JavidanIrann,True,False,True,False
mehrdadghanba12,True,False,True,False
AzarHosseini4,True,False,True,False
dr_mpki,True,False,True,False
RezaJami0,True,False,True,False
_sepidiii78415,True,False,True,False
surena_mobarez,True,False,True,False
azfarahan,True,False,True,False
salehi_abb1920,True,False,True,False
awmir1997_,True,False,True,True
minoo284840,True,False,True,False
BahramM27,True,False,True,False
zamani_javid,True,False,True,False
MulakSandr,True,False,True,False
behnoor000,True,False,True,False
Al84003Alireza,True,False,True,False
panifey,True,False,True,False
aghil_asn,True,False,True,False
ParsiCamellia,True,False,True,False
Yaaaasaman,True,False,True,False
mojitatbali1367,True,False,True,True
hhaaajjjj,True,False,True,False
mr_naaam,True,False,True,False
HRirani4,True,False,True,False
_Hiv__,True,False,True,False
AMahpr44544,True,False,True,False
sina_kianmer,True,False,True,False
FarzandaneIran,True,False,True,False
twitamirii,True,False,True,False
JudyAbboutt,True,False,True,False
,True,False,True,False
bahareh_bo28764,True,False,True,False
IranVatanp43557,True,False,True,False
So4343,True,False,True,False
khwbay91176,True,False,True,False
Mehrdad_Python,True,False,True,False
Behdad41932542,True,False,True,True
aghakocholoo,True,False,True,True
saharmg1369,True,False,True,False
babak_bk5874,True,False,True,False
Hesamk6,True,False,True,False
Drsaesh2022,True,False,True,True
Afkatanchi,True,False,True,False
LalehFattahy,True,False,True,False
ShahriariB41076,True,False,True,False
AAshkwh,True,False,True,True
elahegh47,True,False,True,True
satanist_slbl,True,False,True,False
MOHAMMAD01MAHDI,True,False,True,False
afi_teh,True,False,True,False
babayedokhtaram,True,False,True,False
msa_gh77,True,False,True,False
RKouhsarian,True,False,True,False
mehrdadbkhtiari,True,True,True,False
AftabJnoob,True,False,True,False
MaryamR25139748,True,False,True,True
PartizanStrong,True,False,True,True
MahmudBabae,True,False,True,False
tatasonami,True,False,True,False
Amirbrh8,True,False,True,True
khorzokhan13,True,False,True,True
shahab_ss81,True,False,True,False
javid90068,True,False,True,False
Drbob03530531,True,False,True,False
Mansour626767,True,False,True,False
ashkan30766605,True,False,True,False
Parisaes12,True,False,True,False
AriyomhtIrani1,True,False,True,False
Somy78327974,True,False,True,False
mafkh1363,True,False,True,True
mahzist_roshan,True,False,True,False
HpoorAras,True,False,True,False
Twis8siwT,True,False,True,False
amirmehdipour21,True,False,True,False
emeirnouri,True,False,True,False
coral_nik,True,False,True,True
HoseainAmir,True,False,True,True
sarbazshah1,True,False,True,True
david04183404,True,False,True,False
sholehmehr,True,False,True,False
AmPer8807214017,True,False,True,False
baflavi,True,False,True,False
LiLby2022,True,False,True,False
nastaran1341,True,False,True,True
Alirezamoqadac,True,False,True,False
HamedShB1986,True,False,True,False
Hamedderakhsha5,True,False,True,False
Asba924478,True,False,True,False
Sia82505759,True,False,True,True
mamalamrikaii,True,False,True,False
farshad_70,True,False,True,False
Shahin_1919,True,False,True,False
APa33306,True,False,True,False
vertigoversky,True,False,True,True
DIDNOZ,True,False,True,False
sa2790663592629,True,False,True,False
AzSoheil,True,False,True,False
sh4niz,True,False,True,True
nimosharif_pour,True,False,True,False
my_illusions_00,True,False,True,True
MrAlirezza_R,True,False,True,False
goldeneyes7129,True,False,True,False
SPournemat,True,False,True,False
persiakiiing,True,False,True,False
MZEAEZM,True,False,True,False
feriiiiiiiii7,True,False,True,False
Mshj24369433,True,False,True,False
monarch_iran_,True,False,True,False
SGohar1,True,False,True,False
ya3ermf,True,False,True,False
KiYanTf,True,False,True,False
SaraSha68792767,True,False,True,False
Xena2626,True,False,True,False
DonDiego2500,True,False,True,False
ManaMandegar,True,False,True,False
SaeedKa03440163,True,False,True,True
mehdi_21,True,False,True,False
Mhshd64581762,True,False,True,False
SetarehShi91690,True,False,True,False
irshahri,True,False,True,False
HosseiniSargol,True,False,True,True
shams_sama23943,True,False,True,False
BellFafa17,True,False,True,False
Shahabbyt1364,True,False,True,False
hasti1435690,True,False,True,False
kiloo2zar,True,False,True,False
MasterRaven8,True,False,True,True
khashayarabbb,True,False,True,False
H_Ray1990,True,False,True,True
sherwin30546,True,False,True,False
Heyroonebozorg,True,False,True,False
SajjadSade48567,True,False,True,True
Davood47494179,True,False,True,False
homayoun0075,True,False,True,False
ShahinNaza20560,True,False,True,False
Znb_Glr,True,False,True,False
Adventure1828,True,False,True,True
mary777155,True,False,True,True
Rasaw13,True,False,True,False
Saviwx,True,False,True,False
A1surefire,True,False,True,True
kaveh6123,True,False,True,False
nafas_n93,True,False,True,False
Arshan048,True,False,True,False
Nimamar23,True,False,True,False
Mr__western,True,False,True,False
mihanzone,True,False,True,False
ThePrincejan,True,False,True,False
sjavadmohamadi,True,False,True,False
mahdiranaie,True,False,True,False
e_amirhoss16667,True,False,True,False
all_eyes_on_IRN,True,False,True,False
hamedsaeedi01,True,False,True,False
lalehnajafi,True,False,True,True
khosro1370,True,False,True,False
shangolmirza,True,False,True,False
hesam51631,True,False,True,False
FYazdanpanah,True,False,True,False
efterisko,True,False,True,False
_wildwest_7,True,False,True,True
ParmidaBarez,True,False,True,False
Lili75593436,True,False,True,True
azita_toloee,True,False,True,False
glm222635782020,True,False,True,False
hamzeh950,True,False,True,False
BahramRasti8,True,False,True,False
IranAzad96348,True,False,True,True
aghagoli2022,True,False,True,False
par877,True,False,True,False
AliAlip66266253,True,False,True,True
MohamadiAbtin,True,False,True,False
Eje7nvc5k0WN8FX,True,False,True,False
Zadeh_hastam,True,False,True,False
Sayehhych,True,False,True,False
J61Sina,True,False,True,False
ShahbazAnjoman,True,False,True,True
reza_shah3,True,False,True,True
rahbarehezbebad,True,False,True,False
Hariskar8,True,False,True,False
BaghdadiSa58670,True,False,True,False
freeIRANman,True,False,True,False
rezakhanpedar,True,False,True,False
KaveKorosh4572,True,False,True,False
ArashAh15,True,False,True,True
bbaa1352ss,True,False,True,False
DXCI_XIII,True,False,True,False
Saleh99026823,True,False,True,False
mahyarmetal,True,False,True,False
Artemis_Iranian,True,False,True,False
95_paar,True,False,True,False
Elhamtj2,True,False,True,False
karimy_hos10228,True,False,True,False
Ashk80863811,True,False,True,False
bbernousphd,True,False,True,True
kourosh_f401,True,False,True,False
BlingamErf,True,False,True,False
MobinGhafari95,True,False,True,False
ha1med23,True,False,True,True
maryamradfar28,True,False,True,False
nabi_rahmati,True,False,True,False
trump1087635,True,False,True,False
MehdiR12153711,True,False,True,False
hamidtrade67,True,False,True,False
Rosa63802965,True,False,True,True
ParsaKoorosh,True,False,True,False
RahmaniMaj65242,True,False,True,False
amirali62435075,True,False,True,False
NooseBreakers,True,False,True,False
ali3p2p,True,False,True,False
ARezaaeiyazdi,True,False,True,False
Hrmr007,True,False,True,False
fara718164,True,False,True,False
mR54602194,True,False,True,False
aflaksar5582,True,False,True,True
khoonearyaee,True,False,True,False
holyamitiel,True,False,True,False
Aras74484660,True,False,True,False
ho3ein210227711,True,False,True,False
aram_a1987,True,False,True,False
azarakhsh54,True,False,True,False
TaheriMohsen69,True,False,True,False
iraj_gholami,True,False,True,True
AnaHita401,True,False,True,False
ikkyu_s4n,True,False,True,False
abbasma08309585,True,False,True,False
Maziyar91313383,True,False,True,False
artimus576965,True,False,True,False
jimlening,True,False,True,False
Nooshin06626785,True,False,True,False
meysam_hoosh,True,False,True,False
FARSHIDNEMATI3,True,False,True,True
mtiwdi51811,True,False,True,False
fari1365812,True,False,True,False
yazdanmehr7,True,False,True,False
RazaviSami4340,True,False,True,False
hamedjalili17,True,False,True,False
AkbarBaradaran,True,False,True,True
SepidL77011,True,False,True,False
Hamid_Aghaei24,True,False,True,False
Tanhaye_GHavi,True,False,True,False
BtwlSalary3674,True,False,True,False
NooshinFM,True,False,True,False
abolfazlsv2018,True,False,True,False
sassver,True,False,True,False
NavadehgiMehran,True,False,True,False
arash135713,True,True,True,False
real_lionandsun,True,False,True,False
Simin63041414,True,False,True,False
Elnaz_khavand,True,False,True,True
farzaneh8m1,True,False,True,False
TomCat8399,True,False,True,False
Derafshmedia,True,False,True,False
yavartoghrol70,True,False,True,False
jmal_davoodi,True,False,True,False
Iranban2024,True,False,True,False
MajidA7689,True,False,True,False
dehghani_m88725,True,False,True,True
MirzaNarahat,True,False,True,False
ARAMKIASARI,True,False,True,False
breitng1,True,False,True,False
margbarakhonda,True,False,True,False
chekhabaremage,True,False,True,False
Maxxx9328,True,False,True,True
arsham_khaan,True,False,True,False
mehdita37815544,True,False,True,False
tobefreeir,True,False,True,False
catecholamineA,True,False,True,False
saeid41418977,True,False,True,False
MohammadTaraho5,True,False,True,True
MaryamM93904495,True,False,True,False
winstonchercil,True,False,True,False
Soutele_,True,False,True,False
p1j22,True,False,True,False
Ariab2002,True,False,True,False
FNjfy14927,True,False,True,False
Ashk_the_first,True,False,True,False
aahbzs8059,True,False,True,False
Mike_Ghorbanian,True,False,True,True
BordbarTab38864,True,False,True,False
Khashayars53658,True,False,True,False
Atenakazemii,True,False,True,False
Amirtotoloo,True,False,True,False
shaparak447,True,False,True,False
Meow_Meow_m0,True,False,True,False
HasanNambar,True,False,True,False
naniarm50,True,False,True,False
thisissunn,True,False,True,False
AHw1366,True,False,True,False
NoOne1367,True,False,True,False
Freeswan2023,True,False,True,False
iozarsif,True,False,True,True
gharachourlou_m,True,False,True,False
Rayeheahooraee,True,False,True,False
Vadapersian,True,False,True,False
mssxe,True,False,True,False
Maryaa8900,True,False,True,False
Ferii_vld,True,False,True,False
RaghuKondori,True,False,True,False
pezhman_sohrabi,True,False,True,False
GhaMor67,True,False,True,False
Hmomeni_anbaran,True,False,True,True
__4dt__,True,False,True,True
Shahin_gachpaxh,True,False,True,False
sepehr863408,True,False,True,True
behi7mehr,True,False,True,False
abroujerdi1,True,False,True,False
Negar6834367997,True,False,True,False
mithra_x99,True,False,True,False
Mina38778541,True,False,True,False
TabarFera,True,False,True,False
arya582052,True,False,True,False
p4226128463695,True,False,True,False
KimJo71058,True,False,True,False
247112229m,True,False,True,False
BACHEMAHALHA,True,False,True,False
Mardin82753283,True,False,True,True
zynb17763413,True,False,True,False
shoja9494,True,False,True,True
gazanfar63,True,False,True,False
Agreatdoom,True,False,True,False
sirousdds,True,False,True,False
YAriaee,True,False,True,False
1oneness11,True,False,True,False
r_nikashakarami,True,False,True,False
magas_fesorde,True,False,True,False
MMahdokht22004,True,False,True,True
payande_irann,True,False,True,True
HomauonP,True,False,True,False
k_esm5,True,False,True,False
OCYRtweets,True,False,True,False
MahmoudiMa52164,True,False,True,False
fazool176778,True,False,True,False
amiri1170841,True,False,True,False
farah6747843058,True,False,True,False
GaMusclema770,True,False,True,False
NooriBaran60419,True,False,True,False
UniqueYekta,True,False,True,False
MmMansori1,True,False,True,False
arvid_save,True,False,True,True
3_villages,True,False,True,False
antimullah2016,True,False,True,False
fifijan9496,True,False,True,False
Paseboon1,True,False,True,False
miani98,True,False,True,False
__bhmn__,True,False,True,False
A87154A,True,False,True,False
surena_shayan,True,False,True,False
Mehrad11001,True,False,True,False
dayaan43071235,True,False,True,False
inastarannn,True,False,True,False
KamalHosseiny,True,False,True,False
ehsan_golpa,True,False,True,False
farzane_fr,True,False,True,False
sabasabory,True,False,True,False
Kaktusirani,True,False,True,False
RRazavi59376,True,False,True,False
Mohsen88995241,True,False,True,False
l3rad1ey,True,False,True,False
newConspiracist,True,False,True,False
MahinMotahari,True,False,True,False
kamalihamid3,True,False,True,True
Abolfazlorg9,True,False,True,False
SamBarfo,True,False,True,False
bc2blk,True,False,True,False
MehradAkbari,True,False,True,True
alikhazael,True,False,True,False
ilipoor,True,False,True,False
Mahsapazhavand,True,False,True,False
erfxov,True,False,True,False
alijamix,True,False,True,False
lilaIrani1,True,False,True,False
MohamadHam70142,True,False,True,False
Titi261186,True,False,True,True
shadij444,True,False,True,False
arash_77777,True,False,True,False
realIranFacts,True,False,True,False
MehdiMo19512762,True,False,True,False
ShahSrbaz52240,True,False,True,False
Arkamahdi,True,False,True,True
nnikafaz43,True,False,True,True
1stQuadrillion,True,False,True,False
Ali27788060,True,False,True,False
Agha_Joun,True,False,True,False
B2210807985159,True,False,True,False
IraniDivan57162,True,False,True,False
Mojgan92193543,True,False,True,False
sirusbl4ck,True,False,True,False
0xox19x,True,False,True,False
persiangolf369,True,False,True,True
hadi_nasseri,True,False,True,False
TanhaaYase17348,True,False,True,True
Pirat43370768,True,False,True,True
Keyvoon1401,True,False,True,True
Yegane5456,True,False,True,True
ZahraGh18954809,True,False,True,False
OmidAlvares,True,False,True,False
Araagornn,True,False,True,False
kharehgol,True,False,True,False
Sirus1264330,True,False,True,True
J_SHaheDelha,True,False,True,False
PahlaviComms,True,False,True,True
haloogen12w,True,False,True,False
AGhorbani711,True,False,True,False
AmirRez03202728,True,False,True,False
tatazad81,True,False,True,False
YazdanTbar,True,False,True,False
zakadamoon,True,False,True,False
Sam__Khani,True,False,True,False
tSjW7RfgSehThNR,True,False,True,True
the_H_Farhadi,True,False,True,False
Forouz13,True,False,True,False
stillalirez,True,False,True,True
mly082295672755,True,False,True,False
punisherxi1i,True,False,True,True
Dr_ali95,True,False,True,False
SoonGhSoon,True,False,True,False
Soheilakho21792,True,False,True,False
Farid__47,True,False,True,False
yekta22794682,True,False,True,True
negaringol63,True,False,True,False
Fery36136902,True,False,True,True
ghbad6,True,False,True,False
MS_Ali12,True,False,True,False
jinx_jk,True,False,True,True
Salar32564762,True,False,True,False
masoud_omid,True,False,True,True
ParsaShirin,True,False,True,False
Lilithsbf,True,False,True,False
Officialomid66,True,False,True,False
Kasrawwww,True,False,True,False
Lion98766,True,False,True,True
Kaweh121_mnr,True,False,True,False
ANoroozi13341,True,False,True,False
MinPres,True,False,True,False
Javid_Pahlavism,True,False,True,False
soltanmehr,True,False,True,False
saati86278253,True,False,True,False
TrUfyane,True,False,True,False
IranianHero6,True,False,True,False
bz_melisa,True,False,True,False
hoshmandmaghool,True,False,True,False
mehrtash_d,True,False,True,False
grandarcherr,True,False,True,False
lalocyril,True,False,True,False
Mahmoud51997877,True,False,True,False
mrsina6370,True,False,True,True
MHajimorad42171,True,False,True,True
theworld2028,True,False,True,False
sad950171551629,True,False,True,False
javadtabatabaii,True,False,True,False
Tanazam1,True,False,True,False
Silicone_14,True,False,True,False
AMoghanizadeh,True,False,True,False
r_airdrop,True,False,True,True
ElecompAg,True,False,True,False
MaddahiArm,True,False,True,False
mstfahsini65,True,False,True,False
amin_aol,True,False,True,False
kavehe_digar,True,False,True,False
Amirhosein_Tj,True,False,True,True
Maniiikhaan,True,False,True,True
Athena2981989,True,False,True,False
Naghi0041,True,False,True,True
Kaavianii,True,False,True,False
as197373,True,False,True,False
teimurpurreza,True,False,True,False
n_davoodiyaan,True,False,True,False
DaniAL103532614,True,False,True,False
AShanbedi27957,True,False,True,False
MiddleMotavaset,True,False,True,False
NNiloophr,True,False,True,False
KianaK228612,True,False,True,False
SharonShar17676,True,False,True,True
ye_azadykhah,True,False,True,False
Oldleopard_9,True,False,True,False
amoosoh,True,False,True,False
Iran7596,True,False,True,False
FrzamJhany18794,True,False,True,False
Hawk_irani,True,False,True,False
Freedom99676996,True,False,True,False
babak_2581,True,False,True,False
GhafouriNa33155,True,False,True,False
amir__m_,True,False,True,False
Jamshid48947650,True,False,True,False
ATaghavi1990,True,False,True,False
Mr92232713,True,False,True,False
SuzannaAria,True,False,True,False
Omid185645,True,False,True,False
ali_saghi68,True,False,True,True
nasran69492373,True,False,True,False
Atefeh93445197,True,False,True,False
mohsen_varaste,True,False,True,False
AlirezaMou91223,True,False,True,False
SadeqReza777,True,False,True,False
thekingguard79,True,False,True,True
HoseinNorouzi82,True,False,True,False
MimHseen4,True,False,True,True
Alireza14393272,True,False,True,True
limooooooonn,True,False,True,False
_lAsalmjl,True,False,True,False
sarbazevatan63,True,False,True,False
NazaninRaj69223,True,False,True,False
titaniomman,True,False,True,False
RnCUYJuT13VWvw7,True,False,True,False
Yasaman122,True,False,True,True
meraj021sh,True,False,True,False
Marryyy_76,True,False,True,True
Mohamad1596370,True,False,True,True
PadshahyK,True,False,True,False
HosseinkarimiB,True,False,True,False
last_md_samurai,True,False,True,False
kagha1358,True,False,True,False
passzmarg,True,False,True,False
HD_Archi,True,False,True,False
Farid130973,True,False,True,True
amirgooran,True,False,True,True
heidri_marals,True,False,True,False
artin_a_k_zand,True,False,True,True
bahar37487346,True,False,True,False
ariiiya_solat78,True,False,True,True
Farzane33401062,True,False,True,False
KamyabFarzaneh,True,False,True,False
Masoud_7kl,True,False,True,True
karimdehghan,True,False,True,False
0xm17ff,True,False,True,False
MahmoudBenam,True,False,True,False
amir_so2007,True,False,True,False
Ali74546361141,True,False,True,False
Ivanman17,True,False,True,False
BrianZarkar,True,False,True,True
FRazkah27312,True,False,True,True
zohre1341,True,False,True,False
sonofson2013,True,False,True,False
abbas2500,True,False,True,False
Ekbert33,True,False,True,False
MJK1405,True,False,True,False
emotion_amkh,True,False,True,True
Amirng4,True,False,True,False
MOHSENSHUFER,True,False,True,False
Reza80473453,True,False,True,False
Lakcherii,True,False,True,False
mD_moltf,True,False,True,True
0xox20x,True,False,True,False
barzegarhojjat,True,False,True,False
Homme2Sombre,True,False,True,True
IZADYARAN_MS,True,False,True,False
vayarku1324,True,False,True,False
kratos_karatos,True,False,True,True
hashem1361950,True,False,True,False
Fariborz_pk,True,False,True,False
Mitra55492091,True,False,True,True
donyagaeed,True,False,True,True
kittana2022,True,False,True,False
M_Amini_fa,True,False,True,False
ghalandar_4,True,False,True,False
habibi9922,True,False,True,False
santakhamn21556,True,False,True,False
AliGh29767084,True,False,True,False
Sara04917712,True,False,True,False
AZISHI58,True,False,True,False
noore_shomal,True,False,True,False
Fgh56672817449,True,False,True,False
korosh0083,True,False,True,True
sorena43299,True,False,True,False
GoliiiiG,True,False,True,False
eediiie,True,False,True,False
Bahrsm2,True,False,True,True
MansouriKhandan,True,False,True,True
SchahabWatan,True,False,True,False
MoneyronR,True,False,True,False
Kourosh1372,True,False,True,False
grok,True,False,True,False
PedramA27103,True,False,True,False
farbluesky,True,False,True,True
AmiramQU,True,False,True,False
HeimdalFreedoom,True,False,True,False
,True,False,True,False
Ghazal315314,True,False,True,False
sheepkeepergirl,True,False,True,False
Nathan77Black,True,False,True,False
xIxyzIx,True,False,True,False
MEHHHDI8,True,False,True,False
Wishtasb262396,True,False,True,False
UniversIran2540,True,False,True,False
Amorfati__ma,True,False,True,True
MostafaTehran16,True,False,True,False
SMollaei30692,True,False,True,False
Skan1400,True,False,True,False
Nader202317,True,False,True,False
MrymN82502,True,False,True,False
sepand80,True,False,True,True
javadenayati3,True,False,True,False
Asst3121,True,False,True,True
FreudAlexander,True,False,True,False
Msdroshani,True,False,True,True
samdnamas,True,False,True,True
Mahpar_,True,False,True,False
jshi85665193,True,False,True,False
_Marcus_997,True,False,True,False
MajiedNik,True,False,True,False
RajZar67137,True,False,True,True
mohammadsoltann,True,True,True,True
panahi_sam84207,True,False,True,False
kingdariush2020,True,False,True,False
zahrasd37,True,False,True,False
mfh58501745,True,False,True,False
azad57299090152,True,False,True,False
RezaMalekp50693,True,False,True,False
Fcakepaz,True,False,True,False
Sallyanne_o_de_,True,False,True,False
bbdnlfr333,True,False,True,True
vandidad85,True,False,True,False
mehrdokht2020,True,False,True,True
MehPuo58939,True,False,True,False
MjtbyB94367,True,False,True,False
milad707070,True,False,True,False
komodsaazKiooni,True,False,True,False
khosro1363,True,False,True,False
jama10691,True,False,True,True
1982Mahlagha,True,False,True,True
Aj06675141A,True,False,True,False
shahinirani1357,True,False,True,False
mofid01547903,True,False,True,True
ihosse1n,True,False,True,True
HonarPasar60927,True,False,True,False
forough_mastan,True,False,True,False
Cris15958284,True,False,True,False
MattMeddie,True,False,True,False
ADorafshan,True,False,True,False
Mehdi_Tiger68,True,False,True,False
abassiamansori,True,False,True,False
HOSSINZARE4,True,False,True,False
mahsaazhdari,True,False,True,False
Mehrdadparsa14,True,False,True,False
Faramar63522750,True,False,True,True
alikiani1375,True,False,True,False
VenusVenus488,True,False,True,True
faram13shah,True,False,True,False
ParsiKnight,True,False,True,False
FR85396187,True,False,True,True
PatriotNegan,True,False,True,True
Azady258,True,False,True,False
KhademiMit55187,True,False,True,False
manazadimikham,True,False,True,False
heavenkzm,True,False,True,False
KianifardE,True,False,True,True
FK1345,True,False,True,True
persiaismylove,True,False,True,False
Yasi55875129,True,False,True,False
Amirmas67835301,True,False,True,False
SamanAbdinejad,True,False,True,False
Motafa40545786,True,False,True,False
sm_vahedi,True,False,True,False
mohsen_shr,True,False,True,False
mohi_nejati,True,False,True,False
FatemeGhia4505,True,False,True,False
leila_farhadi,True,False,True,False
PNpjBl3RY9yqt4u,True,False,True,False
iamramhei,True,False,True,True
Reza_rz666,True,False,True,True
SarbazN14096,True,False,True,False
LotfaliA72811,True,False,True,False
amir17q9873,True,False,True,False
mijowkari,True,False,True,False
Mr_Arash_i,True,False,True,False
MaMaD_dehghani,True,False,True,False
Sanazsalman,True,False,True,False
shiva76832025,True,False,True,False
AFASi12,True,False,True,True
mamad30bil1,True,False,True,False
amoo_lucifer,True,False,True,False
barahoott,True,False,True,False
tahajahani1986,True,False,True,False
libertesam1,True,False,True,False
Javid_Shah2024,True,False,True,False
alikish84,True,False,True,False
Ta918dm,True,False,True,False
Dokhi_sag2,True,False,True,False
alimm59467,True,False,True,False
SohrabzadS44115,True,False,True,False
Mehrab7039,True,False,True,False
ClothingVesta,True,False,True,False
TheLord97979491,True,False,True,False
alirezakh2145,True,False,True,False
mabisami162115,True,False,True,False
Amadis35,True,False,True,False
AmiraliMoh24471,True,False,True,False
wanted2181,True,False,True,False
aryan28042,True,False,True,False
Pegaheomid1403,True,False,True,False
BahariEli89640,True,False,True,False
Mahour_hd,True,False,True,False
profesor0032,True,False,True,False
Kavhp,True,False,True,True
Maliheh31949702,True,False,True,False
somaye636363,True,False,True,False
karook2005,True,False,True,False
Sara91514553971,True,False,True,False
MalihehKho69475,True,False,True,False
,True,False,True,False
Bidarshow,True,False,True,False
Rey197707,True,False,True,True
re_z_4,True,False,True,False
mzk09782345,True,False,True,False
BhnamDary14174,True,False,True,False
pesareirannn,True,False,True,True
Pooranrazzaghi,True,False,True,False
42liSetare42962,True,False,True,False
Behio_nti,True,False,True,True
NasrinNiki,True,False,True,False
RajabzadehTagh,True,False,True,False
hamid11p11,True,False,True,True
sanam_369,True,False,True,False
Jahan822601,True,False,True,True
8ZsCZ0mXzcq6v52,True,False,True,False
,True,False,True,False
7masiiih7,True,False,True,False
sherloc06949979,True,False,True,False
Shaghlamm,True,False,True,False
MashadyMehdy,True,False,True,False
jamhourejam,True,False,True,False
Mohamma67540249,True,False,True,False
arashkamangir91,True,False,True,False
adel_abili,True,False,True,False
9jgneUltJCOYdKS,True,False,True,False
BMohammadee,True,False,True,True
Distdp_t,True,False,True,False
SA34062539,True,False,True,False
Saeed137059,True,False,True,False
miladlangroudi,True,False,True,True
Majid30794523,True,False,True,False
M_R_A1977,True,False,True,False
davood_mostofi,True,False,True,False
SalvadorR1900,True,False,True,False
jbi_immigration,True,False,True,False
HamiMahsa57613,True,False,True,False
slwky89362,True,False,True,False
sara48656725,True,False,True,True
chatara2001,True,False,True,False
sa_sa_94_,True,False,True,False
Rosebcvan,True,False,True,True
ArsinSZ,True,False,True,False
MAWatcher180,True,False,True,False
pahlavimediaorg,True,False,True,False
hrtn54,True,False,True,False
koushamad,True,False,True,False
Iran1985Koroush,True,False,True,False
Deanshayan,True,False,True,False
lilidf963,True,False,True,False
darwinsabouri,True,True,True,False
amyrmhbb,True,False,True,False
Shah200382,True,False,True,True
losicutecat,True,False,True,True
MalekiMort21297,True,False,True,False
Ahoota1,True,False,True,False
Si1ent_Whisper,True,False,True,False
ZarrinDoraki,True,False,True,False
mehrdadasghrie,True,False,True,False
TheGrtG19,True,False,True,False
vargha80,True,False,True,False
dbpdqpq,True,False,True,False
nedaaaaa86,True,False,True,False
moha21435,True,False,True,False
abedi_maso63131,True,False,True,False
SiawoshG,True,False,True,False
M_AliHoshyar,True,False,True,False
khaksarfinance,True,False,True,False
Jamal75791480,True,False,True,False
matinm19891,True,False,True,False
omidmalekpr2306,True,False,True,False
kohandyarairan,True,False,True,False
PersianGulf71,True,False,True,False
BabakZarandi,True,False,True,False
BacheReza,True,False,True,False
ghapalinazar,True,False,True,False
Nstbhi64,True,False,True,False
shivvaaaa,True,False,True,False
BatShaba19254,True,False,True,False
hahaha686677,True,False,True,False
mehrfar12,True,False,True,True
iranianuc,True,False,True,True
onikashvil42778,True,False,True,False
avash03475638,True,False,True,False
JuliussCaesaar,True,False,True,False
shin_miim,True,False,True,False
TehraniAsad,True,False,True,False
amordadplus,True,False,True,False
arashasadi2023,True,False,True,True
VNatrika,True,False,True,True
eliefelie,True,False,True,True
aDionysusk,True,False,True,True
MalekiRoha13921,True,False,True,False
ava73510351,True,False,True,True
kingAriyamehr,True,False,True,False
pvelvpuge,True,False,True,False
MehdiRahim22237,True,False,True,False
Zehn_Bimar,True,False,True,True
RoyaDeilami,True,False,True,False
narges57895440,True,False,True,False
ELahe199699,True,False,True,False
mazyar299527202,True,False,True,False
Soogooli3,True,False,True,False
Mandegar342723,True,False,True,True
parham_eshrati,True,False,True,False
mehraboon62,True,False,True,True
KoroshZgn,True,False,True,False
pahlavi_davoud,True,True,True,True
mammoth_11,True,False,True,False
EmadAsadi36,True,False,True,False
r_azizi87,True,False,True,False
R_Khosrodad,True,False,True,False
MR103535,True,False,True,False
PY30457,True,False,True,False
irooni78,True,False,True,False
PadeshahiKhahi,True,False,True,True
faghih2023,True,False,True,True
varesh90,True,False,True,False
AKhezri28591,True,False,True,False
shahyad2000,True,False,True,True
Enangin57,True,False,True,False
ProphetWhe93679,True,False,True,False
dudism666,True,False,True,False
Taymaz82064215,True,False,True,True
Chayka72469534,True,False,True,True
mhmdadb,True,False,True,False
h2583shahanshah,True,False,True,False
BahmanFar47583,True,False,True,False
passrgad,True,False,True,False
ida08400162,True,False,True,True
MonaDehnad,True,False,True,False
T67209Baqr,True,False,True,False
saba8765,True,False,True,True
Iranfarhad1986,True,False,True,False
ferry47970345,True,False,True,False
hasanyami10,True,False,True,False
hamhamgg44,True,False,True,False
zendgikon,True,False,True,False
KingBojack43,True,False,True,False
Dadar2f,True,False,True,False
Amir_sap1,True,False,True,False
karmaramayana,True,False,True,False
mirmojarabiya,True,False,True,False
derDimi13,True,False,True,False
amirrezajamalp1,True,False,True,False
memis1364,True,False,True,False
M90Mamad,True,False,True,True
ShahirehBahri,True,False,True,True
artnamvar,True,False,True,False
aliakbar_1361,True,False,True,False
AmirJ513246,True,False,True,False
mrerfanir,True,False,True,False
__Ssoli,True,False,True,True
hermindw,True,False,True,False
leilariahipanah,True,False,True,False
Khers_savak,True,False,True,False
TranhRwyt,True,False,True,False
Sinajjamalii,True,False,True,True
salijafarzadeh,True,False,True,True
Np6110,True,False,True,False
butterfly_1389,True,False,True,False
Ahora45578505,True,False,True,False
behzad_bch,True,False,True,False
SGhalandi,True,False,True,True
Samadkhani_70,True,False,True,False
Solmaz6762,True,False,True,False
majidsharifi97,True,False,True,False
,True,False,True,False
Koroshhakh,True,False,True,False
NavabiNaza61051,True,False,True,False
ManatMey,True,False,True,False
abwalqasm83312,True,False,True,False
MoriAmeri7,True,False,True,False
mehrjou99590,True,False,True,True
officiallpalang,True,False,True,False
MrKhoda,True,False,True,True
masoud22708,True,False,True,False
iammoozyman,True,False,True,False
Ariyanaz_2000,True,False,True,True
mahsun095052352,True,False,True,False
Roohianr,True,False,True,False
jopiterz,True,False,True,False
MoeedHy,True,False,True,False
63Ghasem69471,True,False,True,False
MostafaTabatab6,True,False,True,False
amir1375_0,True,False,True,False
persianHAP,True,False,True,False
irangrit,True,False,True,False
98pqzc25mg,True,False,True,False
dani_zoldikel,True,False,True,False
Mor_074,True,False,True,True
mmahmoodi9499,True,False,True,False
rezanuoryan,True,False,True,False
Rrrs1550246,True,False,True,False
Mehr1037583,True,False,True,False
ariamehr_3,True,False,True,False
uglydogly,True,False,True,False
SKhormani,True,False,True,False
hamid_brum,True,False,True,True
java59748036,True,False,True,False
HamidKrg,True,False,True,False
Mehrak97134786,True,False,True,False
elham_ghoreishi,True,False,True,False
farzane2708,True,False,True,False
yas657090718468,True,False,True,False
LShahin53081,True,False,True,False
kamrani_ke15550,True,False,True,True
dvdzang,True,False,True,False
NaderZ196588256,True,False,True,True
Majidjafari2500,True,False,True,False
sorkhsar,True,False,True,True
Coco81619891,True,False,True,False
mozhganafra,True,False,True,False
SaharAmini18,True,False,True,True
kimol74,True,False,True,True
alireza30112002,True,False,True,False
arash_jahanfar,True,False,True,False
shovalieh_binam,True,False,True,False
Pickle_Rick23,True,False,True,False
ATschubdaran,True,False,True,True
_0__0__00_,True,False,True,False
iranshir1,True,False,True,False
javadroouhi,True,False,True,False
MehdiChopani2,True,False,True,True
Shirin_Azadeh,True,False,True,True
RamynRamyn71878,True,False,True,False
HamidSarikhani1,True,False,True,False
Tooti333333,True,False,True,False
Saleh_hey00,True,False,True,True
GolabyiQ,True,False,True,False
hasan_na61,True,False,True,False
nishfaus,True,False,True,True
Seilia76,True,False,True,False
Habibollah94,True,False,True,False
Babak115681,True,False,True,False
BerTerand666,True,False,True,False
black___owl,True,False,True,False
FreedomMeysam,True,False,True,False
apraanic,True,False,True,False
MoHengameh34377,True,False,True,False
nassiremad,True,False,True,False
kourosh_fallah,True,False,True,True
Sina1260743,True,False,True,True
XParsa2004,True,False,True,False
SoulOfAProtest,True,False,True,False
Behdad4891,True,False,True,False
454Pontiac,True,False,True,False
Arianradx,True,False,True,False
Mamad65423186,True,False,True,True
Tehran_king,True,False,True,False
maxpinifromAr,True,False,True,True
Fati375472,True,False,True,False
MatinMat32814,True,False,True,False
sally47641840,True,False,True,False
WalterR26539856,True,False,True,False
sadegh_riazi,True,False,True,True
AmirAhora256590,True,False,True,True
fmhbhrmy4,True,False,True,False
mohsen_v54,True,False,True,True
omidkaviani369,True,False,True,False
fardad__1,True,False,True,False
chirahnejad,True,False,True,False
keyhani_so73516,True,False,True,False
52_nelia,True,False,True,False
kaave_irani,True,False,True,False
mehrad15718,True,False,True,False
Safari4Mahla,True,False,True,False
Sorin347173,True,False,True,False
MaaniTaghizadeh,True,False,True,False
Amir__fa,True,False,True,False
Kourosh81396110,True,False,True,False
Banavayan1,True,False,True,False
danesh_hes67877,True,False,True,False
mahla_hdrn,True,False,True,True
KamkarKamr28276,True,False,True,False
AhanchiMehdi,True,False,True,True
wolf47576629,True,False,True,False
pishgharavol,True,False,True,False
AliRezaMolaei15,True,False,True,False
GoldenPilotssss,True,False,True,False
pahlavism1403,True,False,True,False
mhdysyn72980058,True,False,True,True
Rectomlogist,True,False,True,False
Antihumanright1,True,False,True,False
hamidhajizade1,True,False,True,True
FredQazi,True,False,True,False
afshin89439797,True,False,True,False
shima_1990_,True,False,True,False
Kaveafagh1,True,False,True,False
Azam7983024,True,False,True,False
MJ93266151,True,False,True,False
Mo04397502,True,False,True,False
yeganen5,True,False,True,False
fer37646001,True,False,True,False
MrNobod66798099,True,False,True,False
Mehdishafie6,True,False,True,False
sheyda19572871,True,False,True,False
adrian26549,True,False,True,True
moji77,True,False,True,False
sofiverse89,True,False,True,False
kalavi1358,True,False,True,True
MariF24145,True,False,True,False
hiraadangorani1,True,False,True,False
REZA69739413,True,False,True,False
pasar_parsi,True,False,True,True
saedi_mohsen,True,False,True,True
mmj922830,True,False,True,False
SayadSadeg45164,True,False,True,False
Saro_kurd2,True,False,True,False
farzane36806530,True,False,True,False
alirezakha92,True,False,True,False
Samira48908850,True,False,True,True
147d32c3571e4a6,True,False,True,False
TkMahnaz6967,True,False,True,True
sadafdandelion,True,False,True,False
BahramAfshari5,True,False,True,False
mehrdad_s21,True,False,True,True
Guns_Roses_Gods,True,False,True,False
HadigmHadi,True,False,True,False
abuodoua,True,False,True,False
hafiz82480,True,False,True,False
1908M1908,True,False,True,False
141AmirNinja,True,False,True,True
Persianblood_,True,False,True,False
shei69548,True,False,True,True
PulseElect50068,True,False,True,False
wookiee77,True,False,True,False
Esmaeil__Njt,True,False,True,False
Iranianedadgar,True,False,True,False
Mana_Ateh,True,False,True,True
FazaielY28379,True,False,True,False
ciiiiiilee,True,False,True,True
Persian_lands,True,False,True,False
powerjoker01,True,False,True,False
TRM____TRM,True,False,True,False
salarz242967,True,False,True,False
babak66,True,False,True,True
hv65_irani,True,False,True,False
mohamaddlv,True,False,True,False
SiaVafadar,True,False,True,False
Behrouz1831089,True,False,True,True
aloneghostMT,True,False,True,False
setareasem66308,True,False,True,False
Mohsenhbbh,True,False,True,True
bluesky199319,True,False,True,True
aligodfather86,True,False,True,True
GojeKhoreHerfei,True,False,True,False
Jjkjavidshah,True,False,True,False
behnam7777,True,False,True,False
littleturrtle,True,False,True,False
ArashA74535365,True,False,True,False
ReyhanehZa7655,True,False,True,True
ho1062976,True,False,True,False
hani_shafiee_1,True,False,True,False
MonaTalibzadeh,True,False,True,False
ebadi6264,True,False,True,False
bh_chief,True,False,True,False
iranimrp,True,False,True,False
SrP9193,True,False,True,False
masoudfakhr,True,False,True,False
amiry72782,True,False,True,False
e_khobro,True,False,True,True
OTaheryan,True,False,True,False
Mary88041834145,True,False,True,False
AbderezaiM38174,True,False,True,False
faten_yes,True,False,True,False
Bijan74158318,True,False,True,True
houmanhagh,True,False,True,True
PakonVibre,True,False,True,False
masjoon0220,True,False,True,False
Sh63061423,True,False,True,False
QavidelLid48128,True,False,True,True
KordHamze92162,True,False,True,True
sam17979165,True,False,True,False
saman_maghool,True,False,True,False
rmdiuse,True,False,True,False
ArezuR2013,True,False,True,True
MehrdadFar85726,True,False,True,False
eysamema35627,True,False,True,False
sarbaze135,True,False,True,False
3rmjO6y27jfOkPQ,True,False,True,False
Imelodi14,True,False,True,False
ahoora13522,True,False,True,False
zhjke12,True,False,True,False
saghar11015252,True,False,True,False
kamyarteen,True,False,True,False
javid_iran2500,True,False,True,False
golorkid,True,False,True,False
MiladSa97,True,False,True,False
dardastres,True,False,True,False
Misagh511903522,True,False,True,False
N60762Mhsa,True,False,True,False
milad1388226,True,False,True,False
Mastanexo,True,False,True,False
marrygoli,True,False,True,False
sh_sbg59929,True,False,True,True
setarehnoghre,True,False,True,False
7b39e01c42ee495,True,False,True,False
ro2327128435349,True,False,True,False
haamedRostami,True,False,True,True
AlirezaKaarimi,True,False,True,True
rezaseimens,True,False,True,False
behzad2534,True,False,True,False
vahidaskari1400,True,False,True,False
iaf1929,True,False,True,False
SomayehBayati,True,False,True,False
arjmand_negin,True,False,True,False
SAJJADJAMALPOR,True,False,True,False
Daniii1979,True,False,True,False
hojat447,True,False,True,False
Hossein126nl,True,False,True,False
Tiranshahi,True,False,True,False
sharp_pillow,True,False,True,False
Vahid_Shabani,True,False,True,False
Meltem20Ozturk,True,False,True,False
,True,False,True,False
QSediqeh,True,False,True,True
RedSarhang,True,False,True,False
hamedsa50360715,True,False,True,False
Hexamreal,True,False,True,False
Mhdyz1560,True,False,True,False
Amir_shabani,True,False,True,False
aliiman02136729,True,False,True,False
FaranFereidouni,True,False,True,True
IRANAZA41131191,True,False,True,False
Guldan______,True,False,True,False
SerzhikT,True,False,True,False
ahuraaamazdaaa,True,False,True,True
frzdir,True,False,True,False
pussypoemm,True,False,True,False
MohammadTehra16,True,False,True,False
sadeghiiii2,True,False,True,False
Klagan2,True,False,True,False
NEWOpportuniti,True,False,True,True
saeed_abasian,True,False,True,True
kkelleykIRAN,True,False,True,False
farazkordjazi,True,False,True,False
Aliferdowss,True,False,True,False
Bad____Robot,True,False,True,True
sepehr271,True,False,True,False
shahrza81996549,True,False,True,True
garshasb2024,True,False,True,False
ghjklfnmmgxhjvj,True,False,True,False
5dy8840,True,False,True,False
HajebAli51447,True,False,True,False
clonjer,True,False,True,True
ShirinDJF,True,False,True,False
JahanbinNajafi,True,False,True,False
shir_dell,True,False,True,True
HaghpanahSajjad,True,False,True,False
mirsane23947,True,False,True,False
AhmadNaghavi4,True,False,True,False
ayubazadi90,True,False,True,False
amir1380_s,True,False,True,False
TavalalH,True,False,True,False
kingreza777777,True,False,True,False
AirdropN29158,True,False,True,True
SalamiSood41010,True,False,True,False
reeran2,True,False,True,False
Fs777Fs,True,False,True,False
rastin_rad,True,False,True,False
,True,False,True,False
MohammadaliYaz8,True,False,True,False
MTeymourtash,True,False,True,False
BitaDeliri91458,True,False,True,False
Titap1977,True,False,True,True
Mimi86927744,True,False,True,True
amir83293090,True,False,True,False
MarjanRahb69568,True,False,True,False
m55771599214,True,False,True,True
ali366666,True,False,True,False
NHamidi56640,True,False,True,False
neda1537,True,False,True,False
MobhamHipHop,True,False,True,False
jbl64348,True,False,True,False
Vahid_owl,True,False,True,False
iran2377,True,False,True,False
mmdbyt322497,True,False,True,False
sepehrmp315,True,False,True,False
AliRostami22011,True,False,True,False
AmirHossei25524,True,False,True,False
Shakry1378,True,False,True,True
naserkhan358366,True,False,True,False
akbarinavid057,True,False,True,False
Araaashmo,True,False,True,False
luculent_zeus,True,False,True,False
dnyl2758,True,False,True,False
AliAzim71087877,True,False,True,False
VHaatef,True,False,True,False
PrinceAfra,True,False,True,True
AnuRiera,True,False,True,False
Mohsen49065097,True,False,True,False
mreza_sarhani,True,False,True,False
Aminza91,True,False,True,True
mega_tesla1998,True,False,True,False
TikiDNA,True,False,True,True
AriaMehrban,True,False,True,False
Anas18181118,True,False,True,True
saeedazimzadeh,True,False,True,False
DrMamuoti,True,False,True,False
MoazenNarges,True,False,True,False
atashvash,True,False,True,False
payam_sb1991,True,False,True,True
hmr_absn,True,False,True,False
speed_snail86,True,False,True,False
masiha34367801,True,False,True,False
avinavina,True,False,True,False
masoud51668078,True,False,True,False
Va_Ni_Lla20,True,False,True,False
a_shahabadin,True,False,True,False
esmail90,True,False,True,True
zahra_ghan36270,True,False,True,False
Amir1357392,True,False,True,False
namvarsadi38942,True,False,True,False
moji0058,True,False,True,False
AZADSHARIF2256,True,False,True,False
mehrdadfatehi11,True,False,True,False
abdollahpo31602,True,False,True,False
MFarboodmanesh,True,False,True,False
DeadmanMeh41922,True,False,True,False
AKaviann75609,True,False,True,False
AlirezaPershian,True,False,True,False
Ahorsun777,True,False,True,False
Pouyanshn,True,False,True,False
IraniYek2500,True,False,True,False
faral25246975,True,False,True,False
H0seiu,True,False,True,True
blakbee,True,False,True,True
shayestehhp,True,False,True,True
omidfardaha,True,False,True,False
Afshin350853363,True,False,True,False
trade_ata2860,True,False,True,False
Farhad364339,True,False,True,False
alirezamzh75,True,False,True,False
feri92491419,True,False,True,False
DesikanNar25141,True,False,True,False
Esi87606419,True,False,True,False
AboualiHamed,True,False,True,True
RadicalRight55,True,False,True,False
Atash6848,True,False,True,False
VesaliParisa,True,False,True,False
reza651651,True,False,True,False
niiiuniiu,True,False,True,False
MBaharmanesh,True,False,True,True
Ssubzer00,True,False,True,False
mohamma92318099,True,False,True,True
MojtabaSamadi_D,True,False,True,False
ArtmissPG,True,False,True,False
MMasood331448,True,False,True,False
affrootan,True,False,True,False
Mohammadsphvnd,True,False,True,False
khosr0w,True,False,True,False
ZafariTehrani63,True,False,True,False
behdinpn,True,False,True,False
YAshrafu52739,True,False,True,False
wakeupiran,True,False,True,False
striderbigbang,True,False,True,False
soroushsor90214,True,False,True,False
Mah5448226,True,False,True,False
MonarchistPress,True,False,True,False
Pardis166472034,True,False,True,False
Tajpashaie,True,False,True,False
NasiriShahin,True,False,True,False
milad_razii,True,False,True,True
Abdullamoradi62,True,False,True,False
mrafatfar,True,False,True,True
kambiz134,True,False,True,False
HywanatK,True,False,True,True
emad2424242,True,False,True,False
aqa_emad,True,False,True,False
ZahraRahim25279,True,False,True,False
faridzamani26,True,False,True,False
angela_kasra,True,False,True,True
dafodivane,True,False,True,True
rezahojati11,True,False,True,True
ash08399992,True,False,True,False
DrSaeid238,True,False,True,False
mn11741810,True,False,True,True
Hamiidasad72567,True,False,True,False
PedramHojj6732,True,False,True,False
MehranSherafat,True,False,True,True
Iran___Kingdom,True,False,True,True
HomaioIIR,True,False,True,False
Pali2019,True,False,True,False
MoriKaz6,True,False,True,False
peaceandlovvv,True,False,True,True
mahmooddelbari,True,False,True,False
Alisoheyli,True,False,True,False
Pouriaa44,True,False,True,False
,True,False,True,False
nimasrp1362,True,False,True,False
AbsCcu35418,True,False,True,False
FereidoonFarsi,True,False,True,False
encryptedFellow,True,False,True,False
mahgoli25,True,False,True,False
AKourosh,True,False,True,False
taji_ayandeh,True,False,True,False
amirezakhan,True,False,True,False
RPadeshahi50088,True,False,True,False
javid_dan3,True,False,True,False
JB0072040452,True,False,True,False
FCNchJZ26Za2Ydr,True,False,True,False
mhmdmyr27720699,True,False,True,False
Nastaran_sdf,True,False,True,False
ABeikzade,True,False,True,False
PSalarvand77987,True,False,True,False
farzaneharyayi,True,False,True,False
aliheshmati5252,True,False,True,True
melor28n,True,False,True,True
DrAviTabrizi,True,False,True,False
oje_isam,True,False,True,False
farid8925,True,False,True,False
shryr594830,True,False,True,False
AhmadMoradpour_,True,False,True,False
AdrinGerami,True,False,True,False
arsenaltid11,True,False,True,False
poriyaporiya70,True,False,True,True
arash_shakoori,True,False,True,False
Rezarostami6969,True,False,True,False
motti1234s,True,False,True,False
orkid_sh_89,True,False,True,False
mmasoodi3,True,False,True,False
shahin140,True,False,True,False
Jadidi_Mr,True,False,True,False
sina_filino,True,False,True,False
parsa_eng,True,False,True,False
Mohammad1353s,True,False,True,False
EioubH,True,False,True,True
SoroushChn,True,False,True,True
noone380,True,False,True,False
moinmoinrela,True,False,True,False
Aria28669584,True,False,True,False
FXSniperTrades,True,False,True,False
AhmadReza_3330,True,False,True,False
76Eng76,True,False,True,False
parsa0921,True,False,True,False
visa_best,True,False,True,False
Nutrika_,True,False,True,True
bigsami1995,True,False,True,False
maxm1782195,True,False,True,False
sho_sehon,True,False,True,False
Gablin30405060,True,False,True,True
Eric792056,True,False,True,False
heemchanchan,True,False,True,False
kingLottery2000,True,False,True,False
Moonlight_nmi,True,False,True,True
fk57Generation,True,False,True,False
RightsRioter,True,False,True,False
roseemim0,True,False,True,False
Ir369Yarshah,True,False,True,False
HADIMOH18064373,True,False,True,False
SAshynh60624,True,False,True,True
shdrshdr1350,True,False,True,False
mostafamehraeen,True,True,True,True
erfani_soheila,True,False,True,True
hrjahast,True,False,True,False
Abd13947873,True,False,True,True
rose_sepid,True,False,True,False
RChaichiyan,True,False,True,False
pahlevanin52786,True,False,True,True
mehdimakki2,True,False,True,False
MohamadhadiTrp,True,False,True,False
BehzadMoghada,True,False,True,True
gol_sah,True,False,True,False
Photographerr65,True,False,True,False
neekarmiteh,True,False,True,True
HBahadorany,True,False,True,False
SALAZAR7805,True,False,True,True
mhrpwr29259,True,False,True,False
Amin13061399,True,False,True,False
Areyamehr112787,True,False,True,True
FAjorlou,True,False,True,False
Saramackran,True,False,True,False
saeedfayaze71,True,False,True,True
farala_q17,True,False,True,True
CologneReza,True,False,True,False
AlinejadSiyamak,True,False,True,True
jeediking51,True,False,True,False
Davar43639076,True,False,True,False
Rasoul1579085,True,False,True,False
MarziehKZM,True,False,True,False
KamyarAkba12880,True,False,True,False
Millice7Ario,True,False,True,False
Pegah6426,True,False,True,False
BenyaminRobati,True,False,True,True
BitaKhoshkhoo,True,False,True,False
Viva52965045955,True,False,True,False
azadi_irani_04,True,False,True,False
izak_fouad,True,False,True,False
MoReza997,True,False,True,False
YashAliza,True,False,True,False
Ali25852585,True,False,True,False
javaneomid,True,False,True,True
Sasi47597561,True,False,True,False
naseri_elahe,True,False,True,False
MoghadamNasiri,True,False,True,False
MaNewsAgency_Ar,True,False,True,False
AliGhaffarloo,True,False,True,False
sayeh_khia24169,True,False,True,False
keanushiran,True,False,True,False
mamanamina83,True,False,True,False
Peymanhj,True,False,True,False
MaryJan82813071,True,False,True,True
iranian_spring,True,False,True,False
Mohammadki_G,True,False,True,True
hosein_1357s,True,False,True,False
zimadisa,True,False,True,False
Erfan_mvakili,True,False,True,False
setarehfzr,True,False,True,False
Mina13dft,True,False,True,False
Nayabiyoun,True,False,True,False
5GSafai,True,False,True,False
MaroofRoya,True,False,True,True
shenva3,True,False,True,False
y4HAGCRc6WWDzhf,True,False,True,False
DJ_CRAZY15,True,False,True,False
Stephenson02_18,True,False,True,False
hojat68356385,True,False,True,False
pp174944,True,False,True,False
nickbanoo78,True,False,True,True
Pari_2583,True,False,True,False
MR65706240,True,False,True,False
sajedi1,True,False,True,True
mina79553639,True,False,True,False
ZBidmeroad,True,False,True,False
aghaei198688364,True,False,True,False
Sa1dtO74532,True,False,True,False
mobin67sh,True,False,True,False
shar1382,True,False,True,False
thlofi,True,False,True,False
_DRISHTIGARG5,True,False,True,False
_xiang_qiu888,True,False,True,False
Qt2aG95278,True,False,True,False
DavidMirza89732,True,False,True,False
Armex_motarez,True,False,True,False
amir_do6,True,False,True,False
IranianSpinoza,True,False,True,True
alirzadabir,True,True,True,False
AZ28660931,True,False,True,False
Korosh5550,True,False,True,False
Maryam8223262,True,False,True,True
farinaz2573,True,False,True,False
FaridehM1,True,False,True,False
Hasankachal1402,True,False,True,False
pafteleh,True,False,True,False
KaJa_50,True,False,True,False
KatebM36166,True,False,True,False
R1350Negin,True,False,True,False
Ali_Bigham6870,True,False,True,False
armila68848524,True,False,True,False
mahdiazd,True,False,True,True
Mohabat32028,True,False,True,False
dmoradiank,True,False,True,False
Mohamad59017533,True,False,True,False
AfrasiabiT25360,True,False,True,False
crossverarts,True,False,True,True
JeyranDadashi,True,False,True,False
Ramses72406110,True,False,True,False
katyag90443775,True,False,True,False
hamide_jafari1,True,False,True,False
Batlerret,True,False,True,False
DreammerDrum,True,False,True,True
sarai_samira,True,False,True,True
45be620c3a64405,True,False,True,False
ali81630444,True,False,True,False
frhd47,True,False,True,False
salarghadiri,True,False,True,False
SedighiHenry,True,False,True,False
meshkix,True,False,True,True
raheleh745592,True,False,True,False
shirinsaedi,True,False,True,False
hosein_cfz,True,False,True,True
MrMohseni18183,True,False,True,True
rezaeikazem1372,True,False,True,False
Foroughsngtrash,True,False,True,False
Guyfawwks,True,False,True,False
DrMonarchist,True,False,True,False
alipacino99,True,False,True,True
korosh_torabi,True,False,True,False
fatemeh3412,True,False,True,True
Aliabtehi,True,False,True,True
elahe23s,True,False,True,False
jhan61860530,True,False,True,True
arefabh,True,False,True,False
mosafere_zaman5,True,False,True,True
JBehrooz,True,False,True,False
KhodeAlirezA85,True,False,True,False
aLiii_zx,True,False,True,False
yasamanparsa001,True,False,True,False
ehsanSa58033385,True,False,True,False
khodamyelashgar,True,False,True,False
jiko_1989,True,False,True,True
fardayeroshan49,True,False,True,False
AleerezaY99676,True,False,True,False
gsyv86fvhz,True,False,True,False
tes_rad,True,False,True,False
MohammadAb16162,True,False,True,False
Shaygan61,True,False,True,False
ThrinityBalls,True,False,True,False
MehrabMola,True,False,True,True
OutlawPersian,True,False,True,False
Shahrooz78,True,False,True,False
MariaAfshar11,True,False,True,False
Alirezak2_b12,True,False,True,False
ZSarbazhos43339,True,False,True,True
Yasharatighi,True,False,True,False
Alireza60595087,True,False,True,False
kbhajavi,True,False,True,False
vahidvili28,True,False,True,True
ejnzh,True,False,True,False
EzojiSaam,True,False,True,True
lham_rad,True,False,True,False
PinkCup_Cake,True,False,True,False
scarletouhara,True,False,True,False
officialmahyar,True,False,True,True
shaadi_mo,True,False,True,False
Soroush324889,True,False,True,False
parsashiva,True,False,True,False
ErfInstitute,True,False,True,False
beerab7781,True,False,True,False
KarimianGolnaz,True,False,True,False
rabbani_hossein,True,False,True,False
mahtab_2022,True,False,True,False
SAN19901214,True,False,True,True
Afshinmashhadlo,True,False,True,False
Unknown13761997,True,False,True,False
Silent14753783,True,False,True,False
mmoossiii,True,False,True,False
hamta1761037,True,False,True,False
dariush2kabir1,True,False,True,False
kafshdozakkkk,True,False,True,False
MahdaviKim,True,False,True,True
MeetUsDude,True,False,True,True
9machiavelli9,True,False,True,False
jlylh7956,True,False,True,False
rina_ghz,True,False,True,False
Ahora09049311,True,False,True,True
bahramians990,True,False,True,False
OmidIranProject,True,False,True,True
AlexTarahomi,True,False,True,False
amirkolbadi,True,False,True,False
psrsj5,True,False,True,True
paraadoxi,True,False,True,False
Mahmood40017036,True,False,True,True
ahaur02,True,False,True,False
MahdaviHel25537,True,False,True,False
bigdeli31,True,False,True,False
Mrjames6868,True,False,True,False
asal_adelian,True,False,True,False
DavodHadadian,True,False,True,False
UdieBarony,True,False,True,False
FSina359735,True,False,True,False
Alirezaghasmiii,True,False,True,False
Gazicheh,True,False,True,False
RealllllllM,True,False,True,True
Farshid26544915,True,False,True,False
Mamairan9Ma,True,False,True,False
alichavoshi1360,True,False,True,False
kaleshaghe,True,False,True,False
ElahehMemarpou1,True,False,True,False
CJWGharib,True,False,True,False
ALTRPA83,True,False,True,True
HamiDply9,True,False,True,False
aa45688,True,False,True,True
jejehdhshs67790,True,False,True,False
meli652fa,True,False,True,False
jsn2791,True,False,True,True
melika_ahm,True,False,True,False
hiroyadegar,True,False,True,False
AbbasBinaeian,True,False,True,False
mahdii1376,True,False,True,False
Saeedtp2001,True,False,True,False
mohamad06047446,True,False,True,False
josephzii,True,False,True,True
doctorsisi98,True,False,True,False
Moonlik12614318,True,False,True,False
abachi_k,True,False,True,False
mori200056,True,False,True,False
JafariShef,True,False,True,False
g_alikin7650,True,False,True,False
iranazadabad20,True,False,True,False
getnet_bereket,True,False,True,False
samazizian,True,False,True,False
VoiceofIran2025,True,False,True,False
masiii00110211,True,False,True,False
mehdishahbazi0,True,False,True,True
sh__shayan__sh,True,False,True,False
navid1370914,True,False,True,True
GhadimiMoj92935,True,False,True,False
Alphawarrior_,True,False,True,False
m_a_r_Y1979,True,False,True,False
Majidmf72,True,False,True,False
nouri_sepi14264,True,False,True,False
oveysifarsepide,True,False,True,True
generalduguol,True,False,True,False
M4m4liw1,True,False,True,True
bbbuuuuuzzz,True,False,True,True
MHosein77314,True,False,True,False
mojtabafalah628,True,False,True,False
ShahriariBsr,True,False,True,True
behiAriyayi_FFI,True,False,True,False
Royaa2,True,False,True,False
ME_The_Shima,True,False,True,False
ArashGh0205,True,False,True,False
ArEnayatzadeh,True,False,True,True
azad_esi,True,False,True,False
aaparsi,True,False,True,True
Reza76880879,True,False,True,False
samhelll3o0y,True,False,True,False
Mozhgan19534311,True,False,True,False
B3NY4mean,True,False,True,True
ArbabhaJafar,True,False,True,False
Aquarius1964,True,False,True,False
a6ee54f25e44483,True,False,True,False
east_side_boy96,True,False,True,False
Mahdiyar28,True,False,True,False
meysamazar,True,False,True,False
cleophee98,True,False,True,False
Madjidhb,True,False,True,False
salargholamiii,True,False,True,False
KORESHSHAH,True,False,True,False
Jikjikmirza,True,False,True,False
sh3ri57,True,False,True,False
m_aminbarati,True,False,True,False
Ali2030SCH,True,False,True,False
ShaadShaad31320,True,False,True,False
Real4k2024,True,False,True,False
Bestkhosro,True,False,True,False
Bardia185819331,True,False,True,True
CombatTemple,True,False,True,False
f_yakamuz,True,False,True,False
AtefehM18919075,True,False,True,False
kevinkigan,True,False,True,False
DehdarSareh,True,False,True,False
alii_pier,True,False,True,False
reza_vaio,True,False,True,False
javid_shah2500,True,False,True,False
Mgh10893438,True,False,True,False
saarab67,True,False,True,False
kdhdld25959,True,False,True,False
BagheriSadegh,True,False,True,False
BAbrehdary,True,False,True,False
saman050580,True,False,True,False
Anonymous010625,True,False,True,False
peyman458026040,True,False,True,False
langrudi55430,True,False,True,False
Mehrdad9319,True,False,True,True
yakibod,True,False,True,True
Ehsan199372,True,False,True,True
Roza482880,True,False,True,False
fateme_NRN,True,False,True,False
makmilii,True,False,True,False
Massy987654,True,False,True,False
RahimSoltani15,True,False,True,True
saeidah27633971,True,False,True,False
MirPouya94,True,False,True,False
xBwe5P0SB48vFgp,True,False,True,False
BayatiMarjan,True,False,True,False
BeykzadeSoheyl,True,False,True,False
kourosh_now,True,False,True,False
AmirNayer3,True,False,True,False
mina73148532,True,False,True,False
Arash_D_Archer,True,False,True,True
kamran_freeman,True,False,True,False
AZareii60512,True,False,True,False
atheist_citizen,True,False,True,False
alirezahaji313,True,False,True,False
saghiramiir,True,False,True,False
mahdi24965914,True,False,True,False
irajjamshidi1,True,False,True,True
AkiCheshme,True,False,True,False
samimi92605888,True,False,True,False
AdaviVahid7646,True,False,True,False
Sh_Sharifi74,True,False,True,False
Zara963963,True,False,True,False
HKhandwzy,True,False,True,False
GODRAT53Gg69,True,False,True,True
b12580,True,False,True,False
smianabi,True,False,True,False
NasrinRanj37142,True,False,True,False
vahid6589,True,False,True,False
darmel05,True,False,True,False
PakdelMoien,True,False,True,False
VMohammadkhani,True,False,True,True
ariyamehr4810,True,False,True,False
ainazmme,True,False,True,False
MahdiP90728750,True,False,True,False
lalibertad777,True,False,True,False
fwti_kvn81,True,False,True,False
kiyanurad,True,False,True,False
Ldnif1,True,False,True,False
farazamini_am,True,False,True,False
MehdiRahimi_shz,True,False,True,True
arampopmusic,True,False,True,False
ElaheArzhang,True,False,True,False
,True,False,False,False
