user_key,prob_human,prob_bot,pseudo_label,confidence
estoucomisrael,1.5585714e-07,0.9999999,1,0.9999999
amiralikohrang,1.0,1.4897316e-11,0,1.0
afsun_jnd,1.0,4.2019552e-09,0,1.0
sadie_nc,4.470589e-07,0.9999995,1,0.9999995
fafamarefat,0.9999999,1.0353866e-07,0,0.9999999
esep65,1.0,2.6940219e-08,0,1.0
mrp42227,1.0,3.3279768e-10,0,1.0
telegraph,1.0,8.3509366e-11,0,1.0
freeiran_forus,1.0,1.2662266e-09,0,1.0
pahlavist091339,1.0,6.120646e-09,0,1.0
royabdream,1.0,2.167248e-08,0,1.0
mehrdadshahii,1.0,7.4349504e-10,0,1.0
hzhar9686923,0.99999976,1.9809237e-07,0,0.99999976
mplrq1,1.0,3.6625455e-08,0,1.0
mehr64208049,0.99999964,3.8046264e-07,0,0.99999964
virgoasare,1.0,9.568189e-11,0,1.0
mamanbozork,1.0,6.1560444e-11,0,1.0
roniieg20470,1.0,5.3530186e-10,0,1.0
tammnews,0.9999995,4.7273352e-07,0,0.9999995
childrenflagis,0.9999999,1.4500104e-07,0,0.9999999
alkar1899342,1.0,3.4396732e-11,0,1.0
golfammmmmm,1.0,9.70969e-12,0,1.0
irannmanaa,0.9999999,1.4116713e-07,0,0.9999999
why0101010101,0.99999976,1.8421464e-07,0,0.99999976
mmd1218123,0.99999964,3.1587547e-07,0,0.99999964
7mrseven77,1.0,1.0770575e-10,0,1.0
iranswastika,1.0,5.2792497e-15,0,1.0
marionawfal,0.9999999,1.2220028e-07,0,0.9999999
irankhan000m,0.9999994,5.581168e-07,0,0.9999994
mard_e_kohan,0.99999964,3.243852e-07,0,0.99999964
psychology49590,1.0,2.351209e-10,0,1.0
hawksinister,0.9999995,4.7381948e-07,0,0.9999995
trgryn17uro,0.9999999,1.1089744e-07,0,0.9999999
madamefigaro3,1.0,1.1228684e-08,0,1.0
fardinpage,0.9999999,1.2219678e-07,0,0.9999999
sasan5066461056,0.9999999,7.940584e-08,0,0.9999999
armanshahriari,1.0,1.3592177e-08,0,1.0
mohsen11872185,1.0,2.8912064e-08,0,1.0
azad123643,2.3220719e-09,1.0,1,1.0
ajenglish,0.99999964,3.805116e-07,0,0.99999964
amirami47246274,4.7123256e-09,1.0,1,1.0
azadiiran332846,0.99999917,8.787512e-07,0,0.99999917
fariba23581280,1.0,2.086955e-08,0,1.0
senatorpersia,1.0,1.5637986e-13,0,1.0
mia795806987870,0.9999999,1.4426558e-07,0,0.9999999
_aastik_ladki,3.1561418e-09,1.0,1,1.0
chelpaseh,0.9999999,1.5044456e-07,0,0.9999999
iranazadamman,0.99999917,8.465032e-07,0,0.99999917
shahshenas2577,1.0,1.7798587e-08,0,1.0
alireza25746401,1.0,3.9010986e-10,0,1.0
mojirani1388,1.0,3.289382e-09,0,1.0
bhkhda29584,1.0,5.6035575e-12,0,1.0
pjr1345,1.0,2.0602192e-08,0,1.0
irandokhti35158,1.0,1.101044e-10,0,1.0
iranmehr_ali,9.004673e-07,0.99999905,1,0.99999905
sedayeazadd,1.0,1.5228876e-08,0,1.0
mehraryaei1,1.0,6.611911e-10,0,1.0
mozhtaba2024,0.9999999,1.4992065e-07,0,0.9999999
toobi2120,1.0,4.2987964e-09,0,1.0
payande_iran3,0.99999964,3.4284426e-07,0,0.99999964
valiantpersian,1.0,1.7442509e-09,0,1.0
utab49,0.9999995,4.6521453e-07,0,0.9999995
arashhero3,1.0,3.8084885e-08,0,1.0
persepolis_1963,0.9999994,6.4667034e-07,0,0.9999994
i24news_he,1.0845768e-08,1.0,1,1.0
sfarokhy98658,0.99999976,2.6118386e-07,0,0.99999976
injusticesgod,0.99999976,2.1730395e-07,0,0.99999976
tb8685729550661,0.99999976,2.463687e-07,0,0.99999976
callmeiran01,1.0,2.0627482e-11,0,1.0
esfandyaran2,0.9999999,9.7792565e-08,0,0.9999999
aseman01287446,1.0,5.959813e-09,0,1.0
siyahroz,0.99999976,2.4115093e-07,0,0.99999976
miss_m_ja,1.0,3.4758707e-09,0,1.0
__monarchy___,0.99999976,2.5129282e-07,0,0.99999976
samira7272,8.4015134e-08,0.9999999,1,0.9999999
kolahkhood1,1.0,3.7246008e-09,0,1.0
iranianking1985,1.0,4.6340856e-09,0,1.0
is_alfe,0.99999964,3.5591563e-07,0,0.99999964
irane___khasteh,1.0,3.2685765e-08,0,1.0
missfarah55,0.9999999,1.1484997e-07,0,0.9999999
warathumanity,1.0,2.1338953e-09,0,1.0
dirozpirozpiroz,1.0,2.0939485e-08,0,1.0
persianmanx,0.9999995,5.36306e-07,0,0.9999995
arubarzans35930,0.99999976,1.9124316e-07,0,0.99999976
azadhordis,0.9999999,7.257506e-08,0,0.9999999
pinokio366754,0.9999993,7.4801324e-07,0,0.9999993
medij472shah,1.0,2.505705e-10,0,1.0
ehsaaan93,0.99999905,9.679482e-07,0,0.99999905
lilalismom,0.9999999,7.036229e-08,0,0.9999999
hannah86872721,9.185463e-07,0.99999905,1,0.99999905
gharybeashena,0.99999976,1.9831278e-07,0,0.99999976
letsgobrando45,3.387876e-08,1.0,1,1.0
beyg2000,1.0,3.555248e-08,0,1.0
hamedma80381096,1.0,6.5996426e-09,0,1.0
00nietzsche,6.245094e-07,0.9999994,1,0.9999994
melina0000z,1.0,2.2078117e-11,0,1.0
drdayy25957,1.0,5.867317e-08,0,1.0
guitasharifi,1.0,7.936462e-09,0,1.0
azadi_iran1400,1.0,5.1543463e-09,0,1.0
mahsa_m02,1.0,2.2542823e-08,0,1.0
imaginelord,0.9999999,7.485999e-08,0,0.9999999
artemis546438,0.99999917,7.875317e-07,0,0.99999917
lionandsun22,1.0,5.392716e-11,0,1.0
rasa1666696,1.0,4.799079e-08,0,1.0
ayhan_shms59379,8.988577e-07,0.99999905,1,0.99999905
kavesarbaz,1.0,3.5117905e-12,0,1.0
antikarma94,1.0,9.056155e-09,0,1.0
menofsteel2022,5.386762e-08,1.0,1,1.0
devilbazi,1.0,1.12980195e-10,0,1.0
mehran05836997,1.0,7.179671e-09,0,1.0
jjtoji,0.9999994,6.4627943e-07,0,0.9999994
we_r_d_street,0.9999999,1.3528917e-07,0,0.9999999
lyyyllaaa,1.0,2.1941453e-09,0,1.0
aljon_66,1.0,6.408408e-11,0,1.0
shahab863806,1.0,1.4998144e-09,0,1.0
setayesh1526370,0.9999999,1.5319223e-07,0,0.9999999
azadyiran4968,0.9999993,7.67486e-07,0,0.9999993
ghabletoofan,1.0,4.0573847e-09,0,1.0
sohrabast4,0.99999964,3.9065682e-07,0,0.99999964
zara65495138,1.0,2.7215547e-08,0,1.0
biiikherd57,1.0,7.898614e-10,0,1.0
kianakbarian,1.0,5.004657e-11,0,1.0
ashi_mashi_cr7,1.0,3.5012103e-08,0,1.0
yasna25iran,0.9999995,4.431503e-07,0,0.9999995
aban9p,0.99999964,3.8444404e-07,0,0.99999964
kavehzahmatkesh,0.99999976,2.4792573e-07,0,0.99999976
ayatollahozmaan,0.99999976,2.813375e-07,0,0.99999976
efeutree,1.0,8.750459e-10,0,1.0
moj64393416,0.9999999,5.972731e-08,0,0.9999999
morezzzzzzzz,1.0,3.6527488e-09,0,1.0
tehranzionist,1.0,1.4302869e-09,0,1.0
saye_original,0.9999995,4.1961428e-07,0,0.9999995
esarhaddo0n,1.0,4.5692575e-10,0,1.0
kingrezaiii,1.0,4.8894304e-12,0,1.0
mehdi22475096,1.0,1.4245695e-09,0,1.0
rad608722021703,1.0,6.9674617e-09,0,1.0
faezeh_96,1.0,1.0669593e-09,0,1.0
sssddddttttt,0.9999994,6.0137467e-07,0,0.9999994
davoodirooni191,0.9999999,1.7774e-07,0,0.9999999
braveheart77720,1.0,3.1292714e-08,0,1.0
hotep24254,1.0,1.075904e-09,0,1.0
lastf0rvist,1.0,1.3225224e-08,0,1.0
babak171735,1.0,1.4134167e-08,0,1.0
amn_amyn,1.0,1.5719574e-12,0,1.0
irano_1984,1.0,3.1174338e-12,0,1.0
foroogh2020,0.99999917,8.835621e-07,0,0.99999917
farshidkarimip,0.99999917,8.6619076e-07,0,0.99999917
peymanroshana1,1.0,3.791172e-09,0,1.0
jombi007,1.0,7.771605e-10,0,1.0
bluestar_021,0.9999999,8.7283475e-08,0,0.9999999
boy38912857,5.9418827e-08,1.0,1,1.0
lessanalgaib,1.0,6.278985e-14,0,1.0
dhqabbaniq8,1.0,2.7223996e-09,0,1.0
ebr46624,1.0,3.3848754e-10,0,1.0
mst45672589,4.2527378e-07,0.9999995,1,0.9999995
sadaf221113,0.9999999,1.4176142e-07,0,0.9999999
nickam5976,1.0,3.7370676e-13,0,1.0
misanthropgirl,0.99999976,2.2008048e-07,0,0.99999976
eiffel_org,1.0,7.258389e-09,0,1.0
anahitaira19369,0.99999964,3.0000467e-07,0,0.99999964
hhfp1357,0.9999999,7.260884e-08,0,0.9999999
officialsiasi,0.9999994,6.452522e-07,0,0.9999994
nimary571,1.0,1.1276276e-10,0,1.0
iamnocapa,1.0,6.1024436e-11,0,1.0
nsrly1198341,1.0,8.012512e-09,0,1.0
mehrganfreeiran,1.0,1.45605155e-08,0,1.0
shila37910803,0.99999917,8.598009e-07,0,0.99999917
tegiskkeold,1.0,1.7238992e-10,0,1.0
amadeus6201791,0.99999905,9.83601e-07,0,0.99999905
mehman7171,0.9999994,5.6912523e-07,0,0.9999994
koohi1976,0.9999999,1.4139417e-07,0,0.9999999
mahi_lu2020,1.0,6.3716765e-10,0,1.0
abowl2025,1.0,2.0670107e-10,0,1.0
iranianbm,0.99999976,2.6137025e-07,0,0.99999976
mihanparast1340,0.99999917,8.3294714e-07,0,0.99999917
psrajawat07,1.0,1.9897993e-08,0,1.0
elsa22498951731,1.0,5.722157e-09,0,1.0
goddesofhope,1.0,9.281682e-11,0,1.0
asabani_am,1.0,2.5010627e-11,0,1.0
sarkarishahram,1.0,4.555293e-09,0,1.0
raadpouya,1.0,1.1345971e-08,0,1.0
tarannom1401,1.0,8.1571916e-11,0,1.0
rm2023_,0.9999999,8.0701845e-08,0,0.9999999
kfarhadpour,1.0,1.3719517e-08,0,1.0
otukengokturk41,1.0,2.1966805e-11,0,1.0
vahidre13179381,1.0,1.5065154e-08,0,1.0
fat_kob98447,1.0,2.1171879e-13,0,1.0
zenoc_oshits,1.3786933e-08,1.0,1,1.0
bleeding_edge_w,0.99999976,1.8334568e-07,0,0.99999976
navidafkari145,1.0,1.5080277e-08,0,1.0
2_farzandiran,0.9999999,7.1956315e-08,0,0.9999999
ccbb25500950644,1.0,2.9653805e-08,0,1.0
mortazmort48561,1.0,2.7810508e-08,0,1.0
mahunalex8771,1.0,1.9036131e-10,0,1.0
amynynasr,0.9999999,1.2031823e-07,0,0.9999999
longshadow97803,1.0,5.222965e-14,0,1.0
irandokht2583,0.9999995,4.7574744e-07,0,0.9999995
im940879,1.0,2.6649397e-10,0,1.0
missnyc212,0.99999917,7.8651243e-07,0,0.99999917
zohrehir,0.99999976,2.4988978e-07,0,0.99999976
infiniite_space,1.0,3.5465717e-08,0,1.0
harpercami80992,1.0,2.9848723e-12,0,1.0
siamakya51771,0.9999999,1.3090012e-07,0,0.9999999
libertyiran1,5.1541133e-07,0.9999995,1,0.9999995
46_yazdan,1.0,3.0218894e-12,0,1.0
masssuicide57,0.99999917,8.6540797e-07,0,0.99999917
aidamakvandi,1.0,3.4710627e-08,0,1.0
gggg259212,1.0,2.0936291e-08,0,1.0
canuckian2024,0.9999999,1.2812917e-07,0,0.9999999
majidazmashhd,0.9999994,5.6422635e-07,0,0.9999994
maznazli119294,0.9999999,1.7194407e-07,0,0.9999999
kottletsaz,0.99999964,3.4670668e-07,0,0.99999964
pers_oral_histo,0.99999905,9.675236e-07,0,0.99999905
persianfuriosa,1.0,5.996734e-13,0,1.0
dkhtr92024,1.0,4.150087e-09,0,1.0
raptor_1991p,1.0,2.3415165e-09,0,1.0
wanderlustmim,0.9999993,7.231749e-07,0,0.9999993
lincho98,0.9999999,1.5580022e-07,0,0.9999999
zimmermann__0,1.0,2.8198448e-08,0,1.0
kyarashkyayy,1.0,1.2089409e-08,0,1.0
cityzen_cane,1.0,5.6211857e-09,0,1.0
kaveh_irann,0.99999976,1.9324189e-07,0,0.99999976
arezouhayati,0.9999999,1.5115285e-07,0,0.9999999
aaazzaaddiii,1.0,1.2558463e-08,0,1.0
farrah72691415,1.0,2.1046855e-10,0,1.0
an00sha1991,1.6755543e-07,0.9999999,1,0.9999999
pa202014,0.9999999,1.18021006e-07,0,0.9999999
sepidbamda98393,5.716662e-08,1.0,1,1.0
sazemokhaalef,1.0,1.512049e-11,0,1.0
6ohlxisk6aagx5z,1.0,4.941549e-08,0,1.0
saranaz990355,1.0,2.5141883e-10,0,1.0
neko80_m,1.0,7.935917e-09,0,1.0
3orkh,0.99999964,4.1512376e-07,0,0.99999964
trash_ghasem,1.0,8.017388e-13,0,1.0
kasiiiiit69,0.9999999,1.1580816e-07,0,0.9999999
mahoor_sh_zad,1.0,2.3430622e-09,0,1.0
just_a_guy0909,1.0,2.1068303e-10,0,1.0
shfayymhdy49958,1.0,1.623398e-12,0,1.0
senator1269,0.9999999,7.5699084e-08,0,0.9999999
sheykhpakdaman2,0.9999995,5.0013824e-07,0,0.9999995
arashesarafraz,1.0,2.4206743e-12,0,1.0
shahyadir,1.0,7.2090915e-09,0,1.0
arashs34301,0.9999999,1.6147922e-07,0,0.9999999
isyan65385352,1.0,1.620039e-08,0,1.0
archer2218,0.99999964,3.876633e-07,0,0.99999964
iran7willbefree,0.9999999,6.610026e-08,0,0.9999999
ariyaeiarn94293,1.0,4.2574946e-15,0,1.0
mrracebannon,4.9801736e-07,0.9999995,1,0.9999995
stevensongs,3.0067406e-07,0.99999964,1,0.99999964
night_ghoghnos,0.9999995,5.1573534e-07,0,0.9999995
hamedshahmorad,1.0,8.36973e-09,0,1.0
kazhehh,1.0,2.3894676e-08,0,1.0
ghoghnoos_79,0.9999995,4.3780412e-07,0,0.9999995
mulan_2023,0.99999976,2.4033497e-07,0,0.99999976
farkhannikkar,1.0,6.7853057e-10,0,1.0
siavash39420291,1.0,1.9392331e-11,0,1.0
thesedelights,1.0,2.7550486e-08,0,1.0
hfarbod56221,0.9999999,8.488461e-08,0,0.9999999
w_of_g,1.0,7.920281e-09,0,1.0
marg_nadare,1.0,1.5956712e-08,0,1.0
afreydoon,0.9999995,5.056449e-07,0,0.9999995
ppscobar04,1.0,6.998955e-11,0,1.0
mehr5l,1.0,1.1303451e-10,0,1.0
tangsir192757,1.0,1.9230102e-09,0,1.0
orangryyy,1.0,5.5536014e-12,0,1.0
abulfath2,5.068984e-11,1.0,1,1.0
titan1397,1.0,2.4476454e-11,0,1.0
chitsanewsh,1.0,4.4928976e-09,0,1.0
nobody_1359,1.0,6.4812555e-10,0,1.0
nadershah2650,1.0,1.1640755e-09,0,1.0
ayra1387,0.9999999,1.3492183e-07,0,0.9999999
anna72356891,0.9999994,5.936569e-07,0,0.9999994
mootin77,1.0,7.163732e-10,0,1.0
kaman_geer,1.0,1.6042829e-12,0,1.0
wsoulwanderer,0.99999905,9.984122e-07,0,0.99999905
omidam_abani,1.0,1.4578522e-08,0,1.0
12_artin54328,0.99999964,3.7814826e-07,0,0.99999964
kati98489288028,1.0,1.938085e-09,0,1.0
carpediemtop,1.0,3.9597987e-09,0,1.0
realfuckingnig4,1.0,1.3438807e-10,0,1.0
hda1922,1.3863331e-07,0.9999999,1,0.9999999
3paye79,1.0,2.8244633e-08,0,1.0
ayatollahkafsad,0.9999995,4.529408e-07,0,0.9999995
realroronoaaa,0.99999976,2.443778e-07,0,0.99999976
aliiroonii,0.9999994,5.951648e-07,0,0.9999994
koocheziba,1.0,2.0516382e-09,0,1.0
parvanenik5,9.416265e-07,0.99999905,1,0.99999905
nita_nadi,1.0,3.26295e-09,0,1.0
rohitmishra2024,0.9999995,4.2540196e-07,0,0.9999995
pirooz03361555,0.9999999,1.5042507e-07,0,0.9999999
omidvan,1.0,2.0159314e-13,0,1.0
yasminkhoz,1.0,1.1346794e-08,0,1.0
nazere_bozorg,0.9999995,4.197896e-07,0,0.9999995
moongoddesss74,1.0,1.895134e-08,0,1.0
mahsa_374,1.0,1.0053047e-08,0,1.0
pinklilies64,1.0,6.8401673e-10,0,1.0
pink__saraa,1.0,2.1319618e-10,0,1.0
persian9044,1.0,1.8017159e-11,0,1.0
today_with_sun,1.0,7.517901e-10,0,1.0
anvarbera,1.0,1.0634744e-10,0,1.0
saharakh85,1.0,1.3910864e-09,0,1.0
yohoo2020,0.9999999,1.3044725e-07,0,0.9999999
jkhodaeifar,0.9999999,1.0041591e-07,0,0.9999999
qscefbyjm,0.99999964,3.9106686e-07,0,0.99999964
jwtriplex2,1.0,5.918139e-09,0,1.0
qaranfil22,0.99999905,9.818615e-07,0,0.99999905
nina8597,8.042155e-07,0.99999917,1,0.99999917
saffsepid,1.0,8.8419e-09,0,1.0
johanneserwineu,1.0,3.8904746e-09,0,1.0
samansawaki2,1.0,5.0236387e-08,0,1.0
sarvazadi0,1.0,5.232114e-08,0,1.0
mahsalegacy,1.0,1.3699105e-14,0,1.0
be_name_vatan,0.99999976,2.3769769e-07,0,0.99999976
pahlavion,1.0,1.2160958e-09,0,1.0
saulgoo68115950,1.0,2.4341338e-08,0,1.0
create_cod87944,1.0,3.6326032e-11,0,1.0
siavash_mihan2,1.0,1.6194551e-08,0,1.0
newseason869,0.99999976,2.4500366e-07,0,0.99999976
iranianmunich,1.0,2.5068345e-09,0,1.0
shahram11938714,1.0,1.38485525e-08,0,1.0
mgeramophonev,0.99999976,1.8144065e-07,0,0.99999976
mohamma77827548,0.9999995,4.806398e-07,0,0.9999995
netsayeh83111,1.0,2.0358597e-08,0,1.0
pejhvak021,0.99999964,3.139986e-07,0,0.99999964
arshia1985,1.0,3.04019e-10,0,1.0
rojanazadi2,1.0,5.504556e-11,0,1.0
rajuhawlader01,1.0,3.1999747e-08,0,1.0
anon99101,1.0,4.3092052e-13,0,1.0
_phoenixirani,1.0,1.7222141e-09,0,1.0
ahorama77813212,0.99999905,9.241538e-07,0,0.99999905
chinvad19020,0.99999976,2.399539e-07,0,0.99999976
simin_dokht_25,8.6989445e-07,0.99999917,1,0.99999917
khersesaavak,1.0,1.7821483e-08,0,1.0
skysthe78715472,0.99999905,9.0043125e-07,0,0.99999905
washtimesoped,6.585003e-07,0.9999993,1,0.9999993
pedarzhept,0.99999976,2.1454954e-07,0,0.99999976
azadehehsan84,1.0,3.298796e-08,0,1.0
f14tomecat,1.0,4.606792e-13,0,1.0
zoe80473441,1.0,5.290599e-08,0,1.0
aanabil251919,0.99999917,8.483208e-07,0,0.99999917
golrokh1403,1.0,3.9654807e-10,0,1.0
sepah_sardar,1.0,4.562607e-16,0,1.0
otanesblog,1.0,2.5967205e-17,0,1.0
bigboy31415,1.0,6.283367e-11,0,1.0
jjshikani,0.9999999,1.307459e-07,0,0.9999999
anahita19862,0.9999999,1.01472345e-07,0,0.9999999
vectorpancho,1.0,4.7468935e-13,0,1.0
fatemehkhajouie,1.0,1.5658262e-08,0,1.0
persianland7,4.7955467e-07,0.9999995,1,0.9999995
persianlionesss,0.99999905,9.627971e-07,0,0.99999905
calliope_zm,1.0,8.214799e-09,0,1.0
khdasyd72643,1.0,7.211116e-12,0,1.0
iranmylove2018,1.0,5.528588e-11,0,1.0
naserclash3,1.0,6.291549e-10,0,1.0
pahlaviomid,0.99999976,2.147737e-07,0,0.99999976
revenge__ir,1.0,1.9708953e-11,0,1.0
golihita5765,0.99999905,9.4463786e-07,0,0.99999905
arya546706arya,1.0,1.434213e-12,0,1.0
shahnader2128,1.0,4.4351367e-09,0,1.0
javid_rezashah,0.9999999,1.5423332e-07,0,0.9999999
khaloohalou,0.9999999,1.3843514e-07,0,0.9999999
shaerteghan,0.9999999,7.3487016e-08,0,0.9999999
korosh_farzand,1.0,1.5130206e-08,0,1.0
koramdinn,1.0,8.558473e-10,0,1.0
bama_bn89934,1.0,1.6734421e-12,0,1.0
_rastakhiz_,0.9999994,5.866399e-07,0,0.9999994
leyloonrp,0.99999976,2.3005627e-07,0,0.99999976
azad_o_raha7,1.0,1.6308581e-09,0,1.0
shayannaderi81,0.9999999,1.5939806e-07,0,0.9999999
familenadershah,1.0,6.766025e-17,0,1.0
dosteiran,1.0,4.534157e-14,0,1.0
javidshahiranam,1.0,1.1808169e-11,0,1.0
wolf__wstreet,1.0,8.028038e-13,0,1.0
amirdorostkar3,0.9999995,4.5802827e-07,0,0.9999995
312_alee,1.0,6.841439e-12,0,1.0
azad2561,1.0,2.898456e-08,0,1.0
tehranshah5,1.0,7.8050775e-09,0,1.0
mobarez1663629,0.9999995,4.7918167e-07,0,0.9999995
gol6e6,1.0,7.890321e-09,0,1.0
kingssoldier16,0.99999976,2.5131177e-07,0,0.99999976
chris_hazelnut,1.0,1.9816987e-11,0,1.0
dwlgrd173113,1.0,2.0111732e-09,0,1.0
irnfre2,0.99999976,2.9473907e-07,0,0.99999976
_alire7a_,4.449658e-07,0.9999995,1,0.9999995
zahrabiari,1.0,4.141436e-09,0,1.0
diyako3341,0.99999964,3.1598302e-07,0,0.99999964
mazaloot,1.0,9.223752e-09,0,1.0
ribosomical,1.0,8.822442e-09,0,1.0
grandmama98,1.0,5.887557e-10,0,1.0
tele12827,1.0,4.984556e-11,0,1.0
shabrooz32,1.0,2.6410834e-08,0,1.0
khamenei_mafool,1.0,5.6350875e-09,0,1.0
mehrshaadxxx,1.0,1.3923332e-10,0,1.0
parvaneha63758,1.0,2.2858916e-10,0,1.0
nstar6985,1.0,2.686302e-10,0,1.0
doktareshakira,1.0,1.8964484e-10,0,1.0
shinshinnaaa,8.425116e-09,1.0,1,1.0
shahi2019,1.0,3.4901406e-09,0,1.0
mardaviich2,1.0,2.4064442e-09,0,1.0
shared2022,0.9999999,7.456757e-08,0,0.9999999
dastezamane,1.0,3.6974722e-08,0,1.0
phoenix19191126,1.0,8.6247753e-10,0,1.0
meteorite_0,1.0,1.47295935e-08,0,1.0
mahdiresearch64,1.0,1.4971999e-08,0,1.0
davood_david_,0.9999994,5.8486125e-07,0,0.9999994
koroshkabyr,1.0,3.8374837e-10,0,1.0
avatasamuel,1.0,2.996465e-11,0,1.0
officer_donny,0.99999964,3.1077013e-07,0,0.99999964
akhoondbutcher,1.0,5.7247875e-13,0,1.0
ariari01ariari,1.0,8.845999e-09,0,1.0
jeey_mary,1.0,3.7975328e-13,0,1.0
shahkhoban,0.9999994,6.506306e-07,0,0.9999994
aghabozorg01,0.9999995,4.752758e-07,0,0.9999995
cybersavak,1.0,1.3259422e-08,0,1.0
rghadiany,1.0,2.1924562e-08,0,1.0
drachenfutter78,1.0,2.19691e-08,0,1.0
khayammg,1.0,4.978255e-08,0,1.0
pahlavi03,0.9999999,1.2484514e-07,0,0.9999999
babakr16311,1.0,1.0278815e-08,0,1.0
rezapars,1.0,5.261179e-10,0,1.0
iraniankingreza,1.0,3.1035663e-10,0,1.0
saniiisani64316,1.0,1.6323129e-11,0,1.0
wewillsaveiran1,0.99999976,2.9016292e-07,0,0.99999976
ardeshir2025,0.9999999,6.521028e-08,0,0.9999999
insight2583,1.0,3.3877274e-08,0,1.0
donpablo_1234,1.0,3.952474e-08,0,1.0
w5koiwrjgup0nwh,0.9999999,1.5903258e-07,0,0.9999999
bamshad_pahnfar,1.0,5.3961913e-12,0,1.0
nikunammohammad,1.0,6.3663346e-09,0,1.0
saeedhalvaii,1.0,9.876388e-13,0,1.0
yavarkafar,1.0,9.9068115e-11,0,1.0
haditorkmalek62,0.9999999,1.1781229e-07,0,0.9999999
yektaaa22,1.0,3.123704e-14,0,1.0
engelab1401,1.0,2.1603764e-08,0,1.0
dariushsh24896,1.0,2.6994096e-10,0,1.0
javadkhaki_ir,1.0,9.949337e-12,0,1.0
irez85,1.0,1.4674092e-09,0,1.0
taranehabadan,0.9999999,1.08664786e-07,0,0.9999999
farahhhiran,1.0,2.8400307e-09,0,1.0
shaahiinnn,0.9999999,1.2786708e-07,0,0.9999999
qkrmy91969,1.0,5.6847353e-09,0,1.0
iranzerohour,0.99999964,3.3367937e-07,0,0.99999964
taxi8s,0.9999999,1.3563825e-07,0,0.9999999
khakhamene8617,0.9999994,5.753569e-07,0,0.9999994
mobedzal28592,0.9999995,4.7671847e-07,0,0.9999995
ariobarzan29569,1.0,1.1991598e-12,0,1.0
ato3a8000757729,1.0,1.30902355e-11,0,1.0
palang_souratee,1.0,1.222146e-13,0,1.0
mehrad_69,1.0,4.725951e-10,0,1.0
lionandsunarmy,1.0,6.866621e-11,0,1.0
kami32831913,1.0,1.394514e-08,0,1.0
armanasw,1.0,2.6994947e-08,0,1.0
nasrin_arabi,1.0,3.1849954e-08,0,1.0
abban98192288,0.99999976,2.6537737e-07,0,0.99999976
roshanfekri78,1.0,2.8034455e-08,0,1.0
bob_saginowskii,0.9999999,1.0429859e-07,0,0.9999999
janvaljaan,1.0,8.3694165e-15,0,1.0
lind83171583,1.0,6.329642e-11,0,1.0
espandiar_2nd,1.0,3.9166306e-09,0,1.0
mootaareez,0.9999999,6.344675e-08,0,0.9999999
babak4976365423,1.0,2.626287e-10,0,1.0
aieryanem,0.9999999,1.0273135e-07,0,0.9999999
iranlian027,1.0,1.09152065e-08,0,1.0
solgoli237,0.9999999,1.2527606e-07,0,0.9999999
a200x200,1.0,9.041846e-13,0,1.0
rezakha_n,0.99999976,2.859552e-07,0,0.99999976
taks78381,1.0,2.7589042e-11,0,1.0
mrszsrm,1.0,1.1316492e-08,0,1.0
kimiakhat,1.0,2.028113e-11,0,1.0
shm9384396334,0.99999976,2.1041161e-07,0,0.99999976
patriot_apranik,0.99999905,9.660826e-07,0,0.99999905
youaintfin63529,0.99999964,4.0461006e-07,0,0.99999964
aghavali2173,0.9999995,5.167077e-07,0,0.9999995
harlogen_jnr,0.9999999,1.1996786e-07,0,0.9999999
cha94425,1.0,2.8272877e-08,0,1.0
iranazadi15,1.0,9.670687e-09,0,1.0
warrior_arrow,0.99999964,3.7822616e-07,0,0.99999964
szo936,1.0,3.5324291e-15,0,1.0
goghnous,1.0,2.4564814e-10,0,1.0
rebel871209994,1.0,9.560053e-11,0,1.0
rezav1526,1.0,5.365144e-09,0,1.0
__excuse_me_sir,1.0,2.8971237e-12,0,1.0
lionfromiran,0.99999976,1.8272931e-07,0,0.99999976
asibilu99564,1.0,1.4830148e-08,0,1.0
azad20242508,1.0,1.9410233e-08,0,1.0
farzadadazraf,0.99999964,3.955129e-07,0,0.99999964
maoz69,1.0,1.1111907e-12,0,1.0
bpichgah,1.0,1.4705817e-08,0,1.0
savak_55,0.99999976,2.7259765e-07,0,0.99999976
fakher_2583,1.0,2.490431e-09,0,1.0
roohaam94711,1.0,1.2340096e-10,0,1.0
siyavash2001,1.0,6.5102013e-09,0,1.0
phonix541,0.99999976,2.1595015e-07,0,0.99999976
sarbazrezashah,1.0,4.3637763e-10,0,1.0
irandokht_60,1.0,5.4565253e-14,0,1.0
shadoneh66,1.0,3.7947128e-11,0,1.0
tiamshir,0.99999976,2.2360872e-07,0,0.99999976
answer2history2,1.0,1.4349676e-13,0,1.0
ahm18486,1.0,1.0894013e-08,0,1.0
heshmaikel,1.0,4.8952632e-08,0,1.0
hj_adamskhersi,1.0,2.5169005e-09,0,1.0
moshikoshi7,0.99999976,2.2868495e-07,0,0.99999976
fucksalavati,1.0,9.201993e-10,0,1.0
bemola__khastam,1.0,6.288415e-11,0,1.0
kourochmehriran,1.0,1.0635971e-08,0,1.0
rezio0,1.0,4.9885218e-15,0,1.0
khorshidzagros,0.9999999,6.4657534e-08,0,0.9999999
alahazratehomay,0.9999999,1.5105961e-07,0,0.9999999
shaaahi1298,0.9999994,5.675664e-07,0,0.9999994
javidrezashah23,1.0,1.3620009e-10,0,1.0
sh_khabarnegar,0.99999964,3.6359714e-07,0,0.99999964
haj_ammar312,1.0,1.4099506e-09,0,1.0
0xpahlavi,1.0,1.2916398e-08,0,1.0
by_dyn59261,1.0,1.739081e-10,0,1.0
shadi_diba,1.0,1.1395892e-09,0,1.0
btn_kh10425,1.0,2.1416024e-12,0,1.0
marehafkhat,1.0,1.8794695e-14,0,1.0
sarbazshaah,1.0,3.0853197e-08,0,1.0
bibidi777,1.0,4.9151446e-08,0,1.0
shahabaldin1970,0.9999995,4.4174394e-07,0,0.9999995
ramonkaxal25,1.0,1.1379873e-11,0,1.0
kamyarzarbakhs4,0.9999993,6.780071e-07,0,0.9999993
hplusaforg,1.0,2.8737323e-13,0,1.0
ciatexas1957,1.0,2.9343927e-10,0,1.0
mfddf12,1.0,4.367036e-08,0,1.0
justice_zza,1.0,1.7830466e-11,0,1.0
v0aivasv3t92wcg,0.9999995,4.5196907e-07,0,0.9999995
gholi46741882,1.0,7.7389883e-10,0,1.0
timon_niku,1.0,7.1079287e-10,0,1.0
hajzaban,0.9999994,5.8235395e-07,0,0.9999994
dindaa777,0.9999995,5.343339e-07,0,0.9999995
siaaa67,1.0,6.9737796e-12,0,1.0
farazaminist,1.0,1.7525075e-13,0,1.0
inomad000,1.0,2.8075338e-08,0,1.0
1shervin1998,1.0,2.6035154e-09,0,1.0
iranianrebirth,1.0,2.1829913e-09,0,1.0
mreisvand,1.0,1.6038011e-10,0,1.0
yekta7982,1.0,1.511958e-13,0,1.0
metalfury1313,1.0,3.288289e-10,0,1.0
meisammeisam3,1.0,2.3068365e-10,0,1.0
maziar_vandad,1.0,1.9679147e-09,0,1.0
javidnamei76957,1.0,6.1425094e-11,0,1.0
mahbudjkr,1.0,5.943055e-14,0,1.0
balochistan_054,1.0,9.183202e-09,0,1.0
manastoryteller,1.0,4.0131734e-10,0,1.0
kimia_ssm12,0.9999993,6.879687e-07,0,0.9999993
shahriarra23598,1.0,1.4998022e-10,0,1.0
yekta670333,1.0,8.432397e-13,0,1.0
warrior_catt,0.9999999,1.5252472e-07,0,0.9999999
drwda42828,0.9999993,7.4748266e-07,0,0.9999993
kandootv,1.0,4.5524223e-11,0,1.0
beyaminjahandi,0.9999999,8.9730776e-08,0,0.9999999
tony_ksiboy_,1.0,1.158565e-08,0,1.0
sohrab888813801,1.0,2.7561287e-10,0,1.0
20002762shahkar,1.0,5.0960594e-15,0,1.0
real__mason,1.0,4.518057e-10,0,1.0
saryawnd58559,0.99999964,4.071287e-07,0,0.99999964
hakhamaneshiii,0.9999993,7.746164e-07,0,0.9999993
iran26856517629,1.0,3.219094e-11,0,1.0
saman90031827,0.9999999,1.6239068e-07,0,0.9999999
piran7010747687,1.0,4.53256e-09,0,1.0
sasan391,0.9999993,7.1571134e-07,0,0.9999993
shan2shohan,0.9999999,1.4124929e-07,0,0.9999999
marziehmeh7834,1.0,3.421847e-08,0,1.0
king_freedom7,1.0,1.4171716e-08,0,1.0
edwardj94747692,1.0,5.691986e-08,0,1.0
taheri15taheri,1.0,1.1166229e-09,0,1.0
takhtjamshid7,1.0,5.7771593e-11,0,1.0
navylookout,1.0,3.5950844e-08,0,1.0
sorena60935,0.9999999,1.605865e-07,0,0.9999999
maxhzad60,1.0,8.859696e-12,0,1.0
mita_mehdi,1.0,1.2759606e-09,0,1.0
sagormaitr30528,1.0,1.2693411e-09,0,1.0
faydimlilis90,1.0,1.9745405e-08,0,1.0
msuli120469,1.0,1.4890407e-08,0,1.0
goodarztwt,1.0,6.5448276e-12,0,1.0
8core_5ghz,0.9999999,1.0080528e-07,0,0.9999999
p88260,0.9999999,1.2001031e-07,0,0.9999999
sinabarandaz,1.0,5.3928478e-08,0,1.0
sepanta_radikal,0.9999999,9.561634e-08,0,0.9999999
kokopo66745925,0.9999999,8.5524924e-08,0,0.9999999
emergentqualia,0.9999999,1.6547831e-07,0,0.9999999
ashegh_iranam,0.99999905,9.2577693e-07,0,0.99999905
maymaya10000,0.9999995,4.3407036e-07,0,0.9999995
momyshortlegs,0.9999999,6.0100774e-08,0,0.9999999
seven2315b,1.0,2.799243e-10,0,1.0
vatan_777,1.0,1.2666372e-09,0,1.0
naghmeh_1362,1.0,1.9458422e-08,0,1.0
farab06190470,0.99999976,2.1984009e-07,0,0.99999976
callofthepound,0.99999976,2.3324475e-07,0,0.99999976
tamuzkhahbehnam,1.0,4.0009336e-08,0,1.0
iranpoorandokht,1.0,2.9171808e-15,0,1.0
free_iran2025,0.9999999,1.4623282e-07,0,0.9999999
colinsdav,4.0380705e-08,1.0,1,1.0
hamhamagha2023,0.9999999,8.4284785e-08,0,0.9999999
benyami65561948,0.99999964,3.2675825e-07,0,0.99999964
hooshang85043,1.0,2.6160308e-08,0,1.0
rookmakerdorien,9.2301086e-08,0.9999999,1,0.9999999
roya606162,1.0,2.4225705e-10,0,1.0
mahmoodgha96912,0.99999917,8.062567e-07,0,0.99999917
nikkspixel04,0.99999917,8.435336e-07,0,0.99999917
puma23487,1.0,8.754921e-09,0,1.0
willwin1401,1.0,1.673246e-10,0,1.0
doktar_mihn,0.9999999,6.747381e-08,0,0.9999999
bluegordafarid,1.0,6.714881e-10,0,1.0
things_r_real,1.0,3.32791e-12,0,1.0
kashafrood,0.9999999,1.3178041e-07,0,0.9999999
alhootblue,1.0,6.632493e-12,0,1.0
avash258265,1.0,8.1497885e-15,0,1.0
soroosh_norbert,1.0,5.816321e-11,0,1.0
jahan_bi_khoda,1.0,6.465048e-09,0,1.0
persiianb0y,1.0,4.329076e-09,0,1.0
reza_1_1,0.99999905,9.081202e-07,0,0.99999905
s_yas1401,1.0,4.16569e-11,0,1.0
rezan_partizan,1.0,1.0134884e-13,0,1.0
jokerazam1,0.9999994,6.394723e-07,0,0.9999994
peransablue,0.9999999,1.4099801e-07,0,0.9999999
a7xmezheyhneqnl,0.99999976,2.8554697e-07,0,0.99999976
jo_aviv,7.730218e-08,0.9999999,1,0.9999999
bahramiran53,0.9999999,1.4418856e-07,0,0.9999999
itman1111,0.9999999,8.9467086e-08,0,0.9999999
ogacomportr,1.0,1.9798202e-08,0,1.0
shahab44379168,0.99999917,7.754479e-07,0,0.99999917
pink_panther80,0.99999964,3.4639535e-07,0,0.99999964
persianliongirl,1.0,2.085959e-09,0,1.0
mahmoninarm,0.9999995,4.3942418e-07,0,0.9999995
vesahasa1,1.0,5.815195e-13,0,1.0
abushowoff,1.0,3.4209644e-09,0,1.0
irand0kht,1.0,4.5403797e-10,0,1.0
azade_nietzsche,1.0,1.7344192e-11,0,1.0
aloonak0,1.0,9.114045e-10,0,1.0
naderbinak,1.0,3.3022404e-11,0,1.0
iran00061936,1.0,3.16467e-10,0,1.0
padi2186,1.0,3.5970736e-08,0,1.0
innerfalcon,0.99999976,2.9461597e-07,0,0.99999976
15mincandle,1.0,4.4684064e-08,0,1.0
shahin61532,1.0,2.2914934e-09,0,1.0
itisamanhere,1.0,2.2066166e-18,0,1.0
kurosh_kabir__,1.0,4.7663207e-08,0,1.0
zhozhap,1.0,8.35411e-14,0,1.0
agghareza,0.99999976,2.4997604e-07,0,0.99999976
khoshnood2543,1.0,2.0686357e-10,0,1.0
maryamkl7,1.0,4.967536e-12,0,1.0
mori_pahlavi,0.9999995,5.106046e-07,0,0.9999995
atashe_0261,0.9999993,6.8116987e-07,0,0.9999993
tabbin_nameh,1.0,3.6838154e-12,0,1.0
shfarzad_01,1.0,3.6077767e-09,0,1.0
satya881614,1.0,5.758002e-09,0,1.0
nikashakrami8,1.0,3.5188605e-14,0,1.0
sadnam100,1.0,2.2384442e-10,0,1.0
willywonkafrfri,2.1935945e-07,0.99999976,1,0.99999976
aghagol6,1.0,4.1492182e-08,0,1.0
khawadhaymah,0.99999964,3.3106465e-07,0,0.99999964
am18896780,1.0,1.2468381e-09,0,1.0
azadiran14001,1.0,3.745163e-15,0,1.0
kasra84021,1.0,7.4436803e-09,0,1.0
suzis10952572s,1.0,1.0095571e-08,0,1.0
25vahshi,1.0,2.6971658e-10,0,1.0
aghaye_meow,1.0,3.9906656e-09,0,1.0
heremes2,1.0,3.1720276e-08,0,1.0
chalangar0000,0.9999999,1.2974526e-07,0,0.9999999
jx9cm5pjni65518,1.0,1.5603144e-11,0,1.0
dan7gshirazi4_,0.9999999,1.08706246e-07,0,0.9999999
sun_mrsun,1.0,2.2267487e-08,0,1.0
ironman20528851,1.0,5.5827176e-10,0,1.0
asfalt2025,0.9999994,6.4065347e-07,0,0.9999994
pes202280550521,1.0,2.5780468e-13,0,1.0
morteza_r2537,1.0,2.2826556e-09,0,1.0
haniko92122985,0.99999917,8.903689e-07,0,0.99999917
sirvaaaaaan,1.0,1.7533938e-09,0,1.0
halaharkee,1.0,5.7252823e-08,0,1.0
jackblack1343,0.99999964,4.1400648e-07,0,0.99999964
p_ghalb,0.99999976,2.5928975e-07,0,0.99999976
mazy68573971,1.0,1.16646754e-08,0,1.0
azitad19,0.99999976,2.0178221e-07,0,0.99999976
sepid5475,1.0,7.7360625e-11,0,1.0
kwwrwsh53526,0.9999995,4.911452e-07,0,0.9999995
jafarjenni666,1.0,1.3526402e-09,0,1.0
amirf82613,1.0,6.177805e-11,0,1.0
mfrsdrk,0.9999999,1.3855758e-07,0,0.9999999
tarlan1321,4.2449014e-07,0.9999995,1,0.9999995
tzalul_kayayin,1.0,4.5249436e-08,0,1.0
majid_mhh,1.0,4.7331855e-10,0,1.0
zhinamahsairan,1.0,1.3016187e-08,0,1.0
yashar_57,1.0,5.612297e-08,0,1.0
bitabakhshan,0.9999999,7.861497e-08,0,0.9999999
nayarazavi,1.0,4.9902305e-09,0,1.0
panjoolak,1.0,8.742106e-09,0,1.0
amasavcininkizi,1.0,1.8553796e-12,0,1.0
naghshfani28005,1.0,9.50518e-11,0,1.0
beit_hmikdash,0.99999976,1.7917553e-07,0,0.99999976
omid8374,1.0,5.808788e-09,0,1.0
savaki69,1.0,2.0985354e-11,0,1.0
soheill105,1.0,1.9887945e-11,0,1.0
ssamii40,1.0,5.687494e-15,0,1.0
hooman41629758,0.99999905,9.0149496e-07,0,0.99999905
luuliivash,1.0,3.603181e-10,0,1.0
audrey27444820,1.0,2.8648683e-08,0,1.0
rahaee17,1.0,1.538166e-09,0,1.0
dardekeshmesh,1.0,9.742335e-09,0,1.0
mr_m_salar,0.9999999,1.1851887e-07,0,0.9999999
masuod28689066,1.0,2.531161e-12,0,1.0
titab6084,1.0,7.535411e-11,0,1.0
fouramj,0.99999976,2.877141e-07,0,0.99999976
damavanb,0.9999999,1.7143664e-07,0,0.9999999
artemis_iran27,1.0,1.529413e-09,0,1.0
farshidgh2537,0.99999964,4.035411e-07,0,0.99999964
shabe_mahtaab,1.0,1.06707585e-08,0,1.0
kargartanha,1.0,6.259647e-11,0,1.0
noursa31575773,1.0,2.4970436e-08,0,1.0
shahrasb,1.0,2.2852138e-08,0,1.0
d3javue36632,0.9999999,6.1301705e-08,0,0.9999999
shiva11793481,0.99999917,8.298612e-07,0,0.99999917
alireza19182786,0.99999976,2.7726725e-07,0,0.99999976
banafshesefid,1.0,7.508589e-13,0,1.0
mh_ar_mh,1.0,2.0142443e-09,0,1.0
mm134509434,1.0,4.0321246e-10,0,1.0
makhmaltala,1.0,3.2813637e-15,0,1.0
mottouser,1.0,2.6147896e-11,0,1.0
ra71780,1.0,5.0579603e-09,0,1.0
kjngy996421,1.0,1.6313317e-12,0,1.0
zagrosoaktree,1.0,4.6074362e-08,0,1.0
iheartonieu,1.0,2.2966006e-12,0,1.0
soolroos20,0.9999999,7.931895e-08,0,0.9999999
behzadjama27916,0.9999999,1.07903496e-07,0,0.9999999
unknownever32,1.0,3.6366295e-08,0,1.0
behzadamini72,1.0,2.226123e-13,0,1.0
miradban3,0.9999995,5.245404e-07,0,0.9999995
shadsheila,2.4567234e-07,0.99999976,1,0.99999976
mahhy_1,1.0,1.707808e-13,0,1.0
parva_javid,1.0,8.213082e-11,0,1.0
samanja428170,1.0,9.273984e-11,0,1.0
mah1087903,0.99999917,8.299024e-07,0,0.99999917
siroosshahabi,1.0,2.6353721e-08,0,1.0
1enfj,1.0,1.6425876e-08,0,1.0
ashnamiranam,1.0,1.7289382e-09,0,1.0
son_of_de7il,1.0,6.254136e-10,0,1.0
missaminson,0.9999999,1.7080671e-07,0,0.9999999
behdaad121,1.0,1.5922362e-11,0,1.0
ordibehesht21,1.0,4.4550244e-10,0,1.0
syn1470865,1.0,1.8190753e-10,0,1.0
khzanb81271,1.0,2.3696554e-09,0,1.0
shahinbhmnzdgan,1.0,1.6688227e-13,0,1.0
ghezhghezhy,0.9999994,5.81735e-07,0,0.9999994
logicalwise,0.99999917,7.8443446e-07,0,0.99999917
iranians1401,1.0,4.2109045e-11,0,1.0
5789743o66630,1.0,5.5603983e-11,0,1.0
hooman_nik56177,1.0,9.0902774e-10,0,1.0
kamangir31,1.0,4.1475468e-09,0,1.0
saeedsd1358571,1.0,1.840403e-09,0,1.0
nanoe95,0.9999999,8.987089e-08,0,0.9999999
shah______la,0.99999976,2.9381295e-07,0,0.99999976
ro_zorojuro_fa,1.0,2.0604705e-12,0,1.0
saye57777,1.0,6.5332403e-16,0,1.0
devilofhell2,0.99999964,2.9810496e-07,0,0.99999964
heptokooper,0.9999999,1.034374e-07,0,0.9999999
quettywal_larki,1.0,8.015416e-09,0,1.0
aarash45383712,0.9999999,1.2164587e-07,0,0.9999999
linda_halls,9.551716e-07,0.99999905,1,0.99999905
mmdiiowe,0.99999976,2.0148128e-07,0,0.99999976
misholak246,1.0,9.517008e-11,0,1.0
fardayirantv,1.0,8.411827e-15,0,1.0
behirondelle,1.0,9.582974e-13,0,1.0
arezooshabani1,0.9999994,6.008186e-07,0,0.9999994
thebgabri,1.0,1.4651208e-10,0,1.0
nobarenonavar,1.0,1.6399125e-10,0,1.0
morezmostafavi,1.0,7.2680514e-11,0,1.0
aegparsi,1.0,1.0979784e-13,0,1.0
kingfar1398,1.0,4.828515e-08,0,1.0
xandyyycakes,1.0,2.6862266e-09,0,1.0
iranbanoooo,0.9999995,4.2534273e-07,0,0.9999995
javedshah1890,1.0,6.109081e-11,0,1.0
parsasirin23882,1.0,7.385256e-14,0,1.0
_huinang,0.99999905,9.615088e-07,0,0.99999905
mostafa1217348,0.99999964,3.4726062e-07,0,0.99999964
iranzamin2535,0.9999999,1.1255405e-07,0,0.9999999
pishahang1304,1.0,6.1076803e-12,0,1.0
zade_hamid313,1.0,3.8567674e-10,0,1.0
fozooleshoon,1.0,2.4710086e-12,0,1.0
saghiiiiiiii,0.9999999,1.04731974e-07,0,0.9999999
pekhel,1.0,5.7508397e-11,0,1.0
zsepide51926,0.9999993,6.932997e-07,0,0.9999993
slyrakrestart02,1.0,1.3562693e-10,0,1.0
malyati007,1.0,3.672703e-08,0,1.0
gholimorad58816,1.0,1.7311446e-14,0,1.0
aqaei_riiiish,1.0,3.5767542e-08,0,1.0
ogluturk74,1.0,1.5943604e-15,0,1.0
richman90398460,0.9999994,5.6169654e-07,0,0.9999994
humanbeing1370,1.0,6.9700234e-10,0,1.0
shahnameh01,1.0,5.3032384e-19,0,1.0
javidshah_iii,0.9999999,8.843016e-08,0,0.9999999
iamnegen27,1.0,4.2718357e-11,0,1.0
ly0475772827362,1.0,7.892534e-09,0,1.0
wha841,1.0,1.3956555e-08,0,1.0
hk571830,1.0,2.0679769e-10,0,1.0
farhoud_far,1.0,5.543334e-09,0,1.0
hamy_76,0.99999964,3.4528026e-07,0,0.99999964
gillmannnn,1.0,4.323325e-09,0,1.0
capsluck157,2.253474e-08,1.0,1,1.0
iranianvalor,0.99999905,9.5278614e-07,0,0.99999905
sholawattijan,1.0,6.077322e-10,0,1.0
realleonataj,1.0,6.185971e-09,0,1.0
njast44691,1.0,1.7013035e-08,0,1.0
valioghliv,0.9999993,7.5239603e-07,0,0.9999993
pishoooly,1.0,1.6591492e-09,0,1.0
shabramz,1.0,1.1063669e-08,0,1.0
we_ism_,1.0,4.6535387e-08,0,1.0
sonoftime1990,1.0,4.944903e-09,0,1.0
iugkcjxmbcysm2l,0.9999999,1.565688e-07,0,0.9999999
ghaderi_re53613,1.0,8.496111e-11,0,1.0
firhithe,0.9999995,5.199965e-07,0,0.9999995
irankhanouum,1.0,2.6696606e-10,0,1.0
zatosenshi,1.0,2.3476801e-08,0,1.0
simabahramzade9,0.9999999,1.0836487e-07,0,0.9999999
he_voiceless,0.9999999,1.304674e-07,0,0.9999999
murphyp1976,0.9999993,7.637054e-07,0,0.9999993
wingsofutu,1.0,7.0130186e-13,0,1.0
ramonkhan2001s1,1.0,1.816709e-08,0,1.0
tahtesokot,0.9999999,1.06377406e-07,0,0.9999999
dcccix_,1.0,1.4083805e-17,0,1.0
freefreedo68331,0.99999976,2.1817608e-07,0,0.99999976
miami1846349,1.0,2.2907436e-15,0,1.0
yartab19952,0.9999999,1.1827103e-07,0,0.9999999
thisiskiannnn,1.0,4.5817217e-09,0,1.0
nourasad675091,1.0,2.024786e-10,0,1.0
ghazal191919,1.0,4.427076e-08,0,1.0
ahur14108,1.0,3.6693155e-11,0,1.0
szkordi1357,1.0,7.0183154e-10,0,1.0
arm_dst,0.9999999,7.313981e-08,0,0.9999999
elahehnass81910,1.0,2.8031933e-20,0,1.0
marshal6570,1.0,1.1085513e-15,0,1.0
patriot79082383,1.0,4.7808406e-09,0,1.0
shargh2500,0.9999999,1.5720693e-07,0,0.9999999
aqdashbiaiii,1.0,1.07814575e-08,0,1.0
__yadd,1.0,3.6106837e-08,0,1.0
badboy13385138,1.0,1.2943772e-08,0,1.0
imn0zhan,1.0,1.1608257e-08,0,1.0
marg98918637094,1.0,1.1737325e-11,0,1.0
vittoriopersia,1.0,1.106266e-11,0,1.0
1980lucifer1980,1.0,2.628369e-12,0,1.0
mitraf311304,1.0,1.3956895e-09,0,1.0
arashk787,1.0,1.8770715e-08,0,1.0
farsadi1375,1.0,3.67484e-08,0,1.0
lilyofmay2319,0.9999999,1.6748433e-07,0,0.9999999
sohrab1594674,0.99999917,8.1952766e-07,0,0.99999917
arioobarzan1020,1.0,3.9080863e-09,0,1.0
freehuman1984s,0.9999999,1.4272756e-07,0,0.9999999
arbabraiden,1.0,8.8147744e-16,0,1.0
ali75522,0.99999964,3.3643022e-07,0,0.99999964
alim37615785,0.9999995,4.869134e-07,0,0.9999995
ly_asghr30715,1.0,4.4518136e-10,0,1.0
amirhashemy3,1.0,2.7787467e-10,0,1.0
aryan1374,1.0,6.032631e-09,0,1.0
asrm473472,1.0,1.5744272e-08,0,1.0
zhepon,0.9999995,4.3326594e-07,0,0.9999995
kotletyan79001,1.0,1.640877e-09,0,1.0
mzendgii,1.0,2.4657595e-08,0,1.0
dariushariamehr,1.0,2.2537509e-14,0,1.0
mg_fard,0.9999999,1.4034723e-07,0,0.9999999
mikasac03,1.0,2.1093413e-08,0,1.0
hmiid_iranii,0.9999999,1.2214201e-07,0,0.9999999
jodamannde,1.0,2.9294132e-08,0,1.0
c22h28n2oidf,1.0,2.1956636e-14,0,1.0
tapayejan0,0.99999905,9.804991e-07,0,0.99999905
hsaadat00,0.9999999,1.3857753e-07,0,0.9999999
sepanta639,1.0,1.2376054e-08,0,1.0
ashkthe3rd,1.0,2.183543e-11,0,1.0
khosroparv79611,1.0,1.1991987e-12,0,1.0
god_of_jang,1.0,3.885856e-12,0,1.0
sadegh1369_1990,0.9999994,5.64566e-07,0,0.9999994
bambogreen97531,0.9999999,1.5793002e-07,0,0.9999999
aminazmu46149,1.0,5.97352e-11,0,1.0
kave85417023,0.9999999,6.9111074e-08,0,0.9999999
freedomexplore,1.0,2.1399856e-08,0,1.0
pahlavi551429,1.0,7.765237e-09,0,1.0
adbi123452,1.0,5.9106484e-09,0,1.0
utab369,1.0,2.962809e-11,0,1.0
schahab1983,0.9999993,6.58565e-07,0,0.9999993
pwarw21631d,1.0,6.6223778e-09,0,1.0
bb31222177,1.0,1.1093204e-09,0,1.0
zhoupier1,1.0,3.050936e-14,0,1.0
damavand70,1.6874232e-08,1.0,1,1.0
rebirthlts,1.0,6.32044e-10,0,1.0
arnika_smr,1.0,1.2997797e-09,0,1.0
aloneaeash56,1.0,4.578555e-11,0,1.0
chesh_asalii,1.0,2.904552e-10,0,1.0
islamvirus3,1.0,1.4322558e-12,0,1.0
javidshah1970,1.0,1.968122e-12,0,1.0
shabikhoon_y,7.708883e-08,0.9999999,1,0.9999999
tpahlaviavi,0.9999994,6.5419385e-07,0,0.9999994
lifeline0304,1.0,1.2143693e-12,0,1.0
mariabartiromo,0.99999964,3.3453423e-07,0,0.99999964
parishah29,1.0,3.2312542e-08,0,1.0
kambizr1983,1.0,2.2274974e-11,0,1.0
aashiane,1.0,4.4071424e-08,0,1.0
mojgan919,1.0,2.2404505e-11,0,1.0
alireza13678,1.0,9.4068294e-15,0,1.0
hossein2551rr,1.0,8.85929e-12,0,1.0
rahaaaa79,0.9999993,7.5184664e-07,0,0.9999993
kattathelemur,2.0740899e-08,1.0,1,1.0
hazelhexis,1.0,2.1699686e-09,0,1.0
iceinwhiskey,0.9999995,4.613064e-07,0,0.9999995
plutonium_238,1.0,1.8353341e-09,0,1.0
rosegold_knight,1.0,3.634206e-10,0,1.0
dabestanic216,0.9999993,6.991866e-07,0,0.9999993
behbgi,1.0,1.7847998e-10,0,1.0
2panteaa,0.99999976,2.5757146e-07,0,0.99999976
merajrasoulof,1.0,8.271201e-11,0,1.0
moham_venos,1.0,1.6600275e-11,0,1.0
musavi30968,1.0,2.148472e-08,0,1.0
trymemtf,1.0,8.763265e-11,0,1.0
mahsaamini24,0.99999964,3.8340056e-07,0,0.99999964
soleil_mc_adam,1.0,8.144428e-11,0,1.0
azarmigduxt,1.0,1.6210449e-14,0,1.0
alphredonight,1.0,3.9960124e-09,0,1.0
30se266756,1.0,2.4733218e-10,0,1.0
dokht_e_irann,1.0,1.1164232e-08,0,1.0
arminfariv59604,1.0,1.471429e-08,0,1.0
toddhi2022,1.0,1.356288e-09,0,1.0
kolonazpam,0.99999964,3.1871835e-07,0,0.99999964
atash1701,1.0,1.6608066e-11,0,1.0
ghassemlouei,1.0,1.9032484e-08,0,1.0
rroba202054,1.0,1.6477751e-11,0,1.0
mmmarpel,0.99999905,9.2867646e-07,0,0.99999905
arta_2583,0.9999993,6.716552e-07,0,0.9999993
zargarelahi,0.9999999,6.735411e-08,0,0.9999999
ashley844839311,1.0,2.4414988e-12,0,1.0
batmanqamgin,1.0,4.8958884e-12,0,1.0
ashkansami007,1.0,1.6429619e-10,0,1.0
belllathefirst,1.0,1.408217e-13,0,1.0
szaaki65423,1.0,4.3316777e-09,0,1.0
hamonikebood,1.0,2.9339985e-08,0,1.0
freemyiran58,0.9999994,5.5786563e-07,0,0.9999994
paya_001,1.0,1.4262747e-12,0,1.0
amirkabirbozorg,1.0,7.7162206e-09,0,1.0
kalepoock,1.0,2.3154568e-08,0,1.0
qetnyibnhzrhmuz,1.0,2.7699283e-08,0,1.0
arezoonistam,1.0,1.211726e-10,0,1.0
hosseinkashan10,6.8460787e-07,0.9999993,1,0.9999993
freethought_p,1.0,2.3306002e-09,0,1.0
banafshpahlavi,1.0,2.4880569e-09,0,1.0
kabooseakhoond,1.0,7.2790183e-09,0,1.0
p10chhly,1.0,9.378083e-10,0,1.0
tapibtc,1.0,2.0022618e-10,0,1.0
kingreza_iran,1.0,2.2968395e-10,0,1.0
asal_ban,0.99999905,9.823467e-07,0,0.99999905
iranika10,0.9999999,1.5170595e-07,0,0.9999999
byotreb,1.0,1.2732013e-09,0,1.0
1985returnee,0.99999964,3.8329637e-07,0,0.99999964
arashmirza1985,1.0,1.0077361e-10,0,1.0
mehrdad_dx,0.99999976,2.4748115e-07,0,0.99999976
jeneral_jiyab,0.99999976,2.209252e-07,0,0.99999976
farshad31665163,1.0,2.7532912e-10,0,1.0
mrwinn8r,1.0,7.115878e-10,0,1.0
khaj9june,0.99999976,2.9107144e-07,0,0.99999976
panahimahi62363,1.0,8.152817e-12,0,1.0
secular_dem_fan,1.0,1.603415e-11,0,1.0
baldwiniv21954,1.0,2.523523e-10,0,1.0
mehrsoda,1.0,1.4733977e-08,0,1.0
tahamtab50739,1.0,4.9348202e-17,0,1.0
hamsade2020,1.0,3.859803e-08,0,1.0
sami18286970,0.9999999,1.2090301e-07,0,0.9999999
deviiiiil67,0.9999999,1.1635038e-07,0,0.9999999
iran_reza_shah,1.0,1.7908455e-14,0,1.0
hafez_iran_,0.9999994,6.1602236e-07,0,0.9999994
moslem_killer,1.0,1.885734e-08,0,1.0
transistor731,1.0,1.939554e-12,0,1.0
_saraabio_4,1.0,9.827673e-11,0,1.0
goldana_k,0.9999995,4.2304615e-07,0,0.9999995
see17q,1.0,2.1100637e-10,0,1.0
persianrednek,0.99999976,2.72736e-07,0,0.99999976
deadlydevil574,1.0,8.2966756e-10,0,1.0
liberat92305002,0.9999995,5.180369e-07,0,0.9999995
bardia_laghaie,1.0,5.8301246e-08,0,1.0
newwww744404,1.0,1.3354791e-10,0,1.0
dqasmy33662,1.0,3.5036536e-09,0,1.0
mariilyntondro,1.0,9.725849e-09,0,1.0
didar_dar_,1.0,3.0803218e-08,0,1.0
dozdeshekar,1.0,2.3585842e-10,0,1.0
monalisaisreal,0.99999964,4.04656e-07,0,0.99999964
iranfreedom0098,0.9999999,6.218339e-08,0,0.9999999
engineyears,1.0,1.7591386e-09,0,1.0
heb33i,1.0,2.1136868e-12,0,1.0
perin1358,0.9999999,1.5663646e-07,0,0.9999999
sheykh675658,1.0,2.0901206e-13,0,1.0
labibsohrab,1.0,3.556005e-13,0,1.0
asgharsibil0o,1.0,5.8208565e-16,0,1.0
maziyarabi,1.0,3.442407e-09,0,1.0
zamburak1,1.0,2.763016e-08,0,1.0
hakimifarz62634,1.0,2.2455735e-13,0,1.0
lastknights2022,1.0,1.09093724e-13,0,1.0
apolloonjupiter,1.0,1.1759003e-13,0,1.0
davood_barareh,1.0,1.4212048e-08,0,1.0
p_e_r_s_i_a,1.0,2.024641e-12,0,1.0
sattark62569994,0.9999999,6.761244e-08,0,0.9999999
thanatospersian,0.9999999,7.184578e-08,0,0.9999999
soren_rayan,5.8354084e-07,0.9999994,1,0.9999994
real_cryptoace,1.0,2.1386504e-09,0,1.0
maya19951995,0.99999917,8.070522e-07,0,0.99999917
human163665,1.0,5.036742e-09,0,1.0
silver_stone80,1.0,1.0886078e-08,0,1.0
tamame_balot,1.0,2.0871609e-09,0,1.0
lsstir,1.0,8.115083e-09,0,1.0
iazadshah11783,1.0,7.172553e-13,0,1.0
goguri_maguri,0.9999995,4.5224328e-07,0,0.9999995
naznyn_a18450,1.0,5.327252e-09,0,1.0
efziiii,1.0,1.4097812e-09,0,1.0
marderoozasly,0.9999999,1.6257384e-07,0,0.9999999
nasringholami5,1.0,5.531238e-10,0,1.0
amir49515363,1.0,1.1259947e-09,0,1.0
hdarchyany93025,1.0,1.3027134e-09,0,1.0
salyma0,1.0,7.53007e-10,0,1.0
sepitop,1.0,4.4255204e-09,0,1.0
zarrinehbab,1.0,1.1675978e-09,0,1.0
ashkanparsa22,1.0,7.5677076e-10,0,1.0
marja22786641,0.9999999,1.7819026e-07,0,0.9999999
savakiam,1.0,2.7930677e-17,0,1.0
srashpz09,1.0,2.280659e-12,0,1.0
panahypayam,1.0,3.4884768e-09,0,1.0
parisaa511092,1.0,2.4541984e-08,0,1.0
lilambaz,1.0,1.0708064e-09,0,1.0
ryaa304,1.0,2.1572768e-11,0,1.0
a_hoveyda,0.9999993,6.8579783e-07,0,0.9999993
itspiexar,1.0,7.569667e-11,0,1.0
solisolita44,0.9999999,1.4045126e-07,0,0.9999999
tiredartiiist,1.0,5.331681e-10,0,1.0
negaraan_e_iran,1.0,2.1115513e-08,0,1.0
imraha77,1.0,3.0302438e-14,0,1.0
mytwitsh,1.0,3.4240777e-13,0,1.0
aliiiivnd,1.0,1.8843846e-09,0,1.0
iran1366613,1.0,1.3345641e-15,0,1.0
bidad1114032,1.0,1.7709568e-11,0,1.0
piltanzaal,1.0,2.819163e-11,0,1.0
ojycrrfgyi3juck,1.0,4.388919e-17,0,1.0
majid__mdh,1.0,3.7988322e-08,0,1.0
samsam6706,1.1530036e-07,0.9999999,1,0.9999999
kourosh119,0.9999999,1.5123922e-07,0,0.9999999
last_knight1996,0.99999917,8.8792507e-07,0,0.99999917
dafwwd,1.0,4.0457158e-09,0,1.0
marikingdom47,1.0,1.2324536e-08,0,1.0
shahin62675795,1.0,9.68782e-09,0,1.0
aramamrollahi,0.9999999,1.3710837e-07,0,0.9999999
x4_mmd,1.0,1.4913613e-10,0,1.0
_godlessheathen,1.0,7.728456e-10,0,1.0
feskandarz86808,1.0,2.536007e-09,0,1.0
hazrat_gachpaj,1.0,7.8559766e-13,0,1.0
sara01294797332,1.0,4.284425e-08,0,1.0
iran_palace,1.0,2.5384364e-09,0,1.0
capricorrn79,1.0,1.0821373e-14,0,1.0
hamine_ke_has,1.0,5.867663e-12,0,1.0
saharfadaei1991,1.0,2.9358987e-10,0,1.0
zorbathewiseman,1.0,5.172489e-12,0,1.0
veresk2020b,1.0,1.9905688e-09,0,1.0
aradsarafraz,1.0,3.1198044e-10,0,1.0
iran_e_ziba_,0.99999905,1.007498e-06,0,0.99999905
aliesteghlaliii,1.0,5.7170596e-10,0,1.0
hasantala777,1.0,3.3532854e-10,0,1.0
bademjoninan,1.0,1.2781734e-11,0,1.0
sepanta_s2019,1.0,9.5012965e-12,0,1.0
iaysan70,0.99999976,2.2244889e-07,0,0.99999976
mehranasgh62344,0.99999917,8.5676413e-07,0,0.99999917
inajafabad24399,1.0,5.9190386e-10,0,1.0
sshoreshh666,0.9999999,1.2905998e-07,0,0.9999999
yazdgerdiii,1.0,1.425304e-08,0,1.0
shiriran25,0.9999999,1.00167995e-07,0,0.9999999
mike_nls,1.0,2.1663739e-10,0,1.0
kurosh0olioijij,0.9999995,4.946892e-07,0,0.9999995
mo32809229,0.9999995,4.9436943e-07,0,0.9999995
vala743524,1.0,1.6592923e-12,0,1.0
qbahar17,1.0,1.6088994e-10,0,1.0
jhhsa23423,1.0,6.869791e-11,0,1.0
thisisliza23,1.0,2.5595802e-13,0,1.0
rasolkarimi59,1.0,1.8425887e-08,0,1.0
aghoy_hamsadeh,0.9999994,6.3730494e-07,0,0.9999994
gisoosgh,0.9999995,4.9474676e-07,0,0.9999995
pedaretfotkard,1.0,3.8466802e-14,0,1.0
parisa_sv,1.0,1.1571206e-12,0,1.0
sawaresiah,1.0,1.6933337e-11,0,1.0
mr_amir_30,1.0,2.9249686e-12,0,1.0
mashrouteh13,1.0,9.781095e-10,0,1.0
eshge_royayeee,1.0,1.4739064e-08,0,1.0
turkirani9,1.0,9.351125e-11,0,1.0
arasteles,1.0,5.8533556e-12,0,1.0
aceboy47,1.0,5.529809e-08,0,1.0
hf99345727,1.0,7.232031e-14,0,1.0
harupill,1.0,5.9930834e-14,0,1.0
empierpahlavi,1.0,2.1979412e-08,0,1.0
parmid137746956,1.0,1.0471744e-10,0,1.0
bukit1401,0.9999999,1.1706058e-07,0,0.9999999
ali765337574037,0.9999999,7.431115e-08,0,0.9999999
kaveh_kaviyani,0.99999905,1.0034495e-06,0,0.99999905
pereenrain,0.9999994,6.00037e-07,0,0.9999994
fsminsurance,1.0,8.648864e-09,0,1.0
leiamnelson,1.0,3.1802314e-11,0,1.0
coltheman1,5.4888585e-07,0.9999994,1,0.9999994
kholaghaa,1.0,2.768506e-09,0,1.0
roya18212962624,1.0,5.9495942e-08,0,1.0
desireh_pink,1.0,1.4640048e-08,0,1.0
anne03616592,0.9999999,9.109482e-08,0,0.9999999
gardejavidan250,1.0,2.9429211e-08,0,1.0
farzad2537,1.0,3.839096e-09,0,1.0
samanhastam3,1.0,2.9945648e-13,0,1.0
iranvigilant,1.0,9.773141e-12,0,1.0
sedaieenghelab,1.0,1.646846e-10,0,1.0
hoshtane136880,1.0,1.0623183e-11,0,1.0
eligogoly,0.9999995,4.2416153e-07,0,0.9999995
m_sarbaz_iran,1.0,2.344627e-09,0,1.0
sasamkhomaram,1.0,7.497645e-12,0,1.0
qmelisa1722229,1.0,2.4183055e-17,0,1.0
alnapachino,1.0,3.556485e-10,0,1.0
ufclov,0.9999999,1.7200064e-07,0,0.9999999
kiyan765607382,1.0,7.628917e-12,0,1.0
derebel0,0.9999994,5.907281e-07,0,0.9999994
rdamianwayne,0.9999994,5.585657e-07,0,0.9999994
iranopo,1.0,2.0348577e-12,0,1.0
denis2xl,0.9999995,5.345255e-07,0,0.9999995
a__hamoudi,1.0,8.7566156e-11,0,1.0
unique_6090,1.0,9.758691e-11,0,1.0
ice_boy_per_sia,0.9999999,8.829938e-08,0,0.9999999
m_h1994_,1.0,8.168016e-10,0,1.0
rev25436151,1.0,1.1365887e-10,0,1.0
kingssoldier007,1.0,2.1015546e-12,0,1.0
naghimamoli,1.0,2.6441631e-08,0,1.0
notagainshitty1,1.0,2.1417985e-12,0,1.0
whiteuprising,1.0,1.4930662e-10,0,1.0
sharonasalehi,1.0,5.108298e-09,0,1.0
zanzend46467503,0.9999999,1.362902e-07,0,0.9999999
sonia_hjl,0.99999976,1.973261e-07,0,0.99999976
zizi_g0olo0,0.9999999,1.468095e-07,0,0.9999999
sghonabid,1.0,5.416779e-10,0,1.0
amoo_sibiloo,1.0,3.547145e-09,0,1.0
simplogist,1.0,9.692537e-12,0,1.0
kurapika1217,1.0,1.7015468e-08,0,1.0
1382mohammad82,1.0,5.76443e-13,0,1.0
alborz__esyarii,1.0,2.3857728e-13,0,1.0
faranak6187,0.99999964,3.0322192e-07,0,0.99999964
t78890y,1.0,1.9132974e-12,0,1.0
98aban98,0.9999994,5.392575e-07,0,0.9999994
saba35120880248,0.99999917,8.4965586e-07,0,0.99999917
guardjavid,1.0,9.5325685e-09,0,1.0
angureaskari,1.0,2.0655625e-08,0,1.0
machiavelianism,1.0,4.490085e-14,0,1.0
nika1401yalda,1.0,4.0605413e-10,0,1.0
itsmrjake,1.0,4.663251e-19,0,1.0
mohsenmaleki559,1.0,1.4803526e-08,0,1.0
prlucifer79,1.0,9.976169e-12,0,1.0
poonehseta,1.0,2.931299e-14,0,1.0
bahram1978nl,0.99999976,2.491977e-07,0,0.99999976
kianmob,1.0,3.3628178e-09,0,1.0
maryam635152722,0.9999995,4.453415e-07,0,0.9999995
no_face_sx,3.496212e-08,1.0,1,1.0
fafaladyy,1.0,4.582941e-11,0,1.0
tanha2srbaz,0.99999976,2.2468437e-07,0,0.99999976
janfada23,1.0,1.9114756e-10,0,1.0
tearsofkings,0.99999976,2.9294142e-07,0,0.99999976
khabobidarr,1.0,7.911433e-09,0,1.0
iran_mahsa_amin,1.0,2.095302e-09,0,1.0
smtarlan45935,1.0,9.700217e-11,0,1.0
em_iranian,0.99999964,4.0252522e-07,0,0.99999964
dara2024_1402,0.9999999,9.309832e-08,0,0.9999999
mt97921494,1.0,1.9135676e-08,0,1.0
olilondontv,0.99999905,9.81036e-07,0,0.99999905
marzie714590244,1.0,3.5913145e-12,0,1.0
damdamimezaj,0.9999999,8.0023135e-08,0,0.9999999
morghsahari,0.9999995,4.588651e-07,0,0.9999995
btc100k_5,0.99999976,2.0138926e-07,0,0.99999976
naser401401,1.0,2.3969136e-11,0,1.0
haa_m_edd,1.0,3.8013795e-10,0,1.0
thisisme66691,1.0,2.0881883e-09,0,1.0
khosroparvis2,1.0,4.7139246e-17,0,1.0
eagle__theirani,0.99999976,1.8964545e-07,0,0.99999976
mr_master_eng,8.96955e-07,0.99999905,1,0.99999905
koorosh2025,1.0,3.974389e-08,0,1.0
reddevilsfa0,1.0,1.37776e-12,0,1.0
ara5hk,1.0,1.578032e-08,0,1.0
aryanboy0072,1.0,2.3101796e-09,0,1.0
mehrad25196,1.0,5.0137526e-11,0,1.0
amiroboom,1.0,6.9491296e-10,0,1.0
bamdadtiered,1.0,1.5397283e-08,0,1.0
homayoonamm,1.0,1.0400528e-09,0,1.0
beh2711,1.0,8.4695924e-11,0,1.0
_maverlck_,1.0,7.384672e-12,0,1.0
h_varjavand,1.0,3.7287128e-11,0,1.0
homa3adat,0.9999999,7.326058e-08,0,0.9999999
israelwin22,1.0,5.1004066e-11,0,1.0
farhadk0hkan,1.0,1.5731116e-09,0,1.0
twitt048,1.0,2.2083255e-11,0,1.0
siamakhabibi86,1.0,4.1662105e-09,0,1.0
shahar757473,1.0,1.7896144e-16,0,1.0
thesorena70,0.99999976,2.2933601e-07,0,0.99999976
mrdmkrdh,1.0,9.112919e-09,0,1.0
masumi_ami36213,1.0,6.7589575e-13,0,1.0
kaaveh92,0.99999976,2.730811e-07,0,0.99999976
thisiisdoris,0.9999999,6.9905866e-08,0,0.9999999
b_shirmardi,1.0,1.8849616e-11,0,1.0
freedom17iran,1.0,1.4139667e-08,0,1.0
admiya82,1.0,5.028679e-09,0,1.0
el45165235,1.0,1.642265e-08,0,1.0
yaremehrabaan,1.0,7.727126e-11,0,1.0
bit97490323,1.0,2.0519277e-09,0,1.0
57hostage,0.9999995,4.2141411e-07,0,0.9999995
blood_persian,0.9999995,4.1802699e-07,0,0.9999995
kobradecision,1.0,2.7657037e-09,0,1.0
ghitinour_shad,1.0,5.525729e-08,0,1.0
jbani36361,1.0,2.4351415e-08,0,1.0
itsmali0,1.0,1.0791956e-11,0,1.0
fereydon1561907,1.0,4.64549e-14,0,1.0
p_poria57,1.0,9.109191e-11,0,1.0
airan2540,1.0,2.725318e-10,0,1.0
amphiprionguepe,0.9999999,1.4390419e-07,0,0.9999999
mlkhk68686,1.0,4.8538357e-11,0,1.0
o25718_olrik,1.0,6.1580234e-09,0,1.0
xxx1171096,1.0,1.3683783e-13,0,1.0
siyavashpahlavi,1.0,1.939372e-09,0,1.0
atrin1390,0.99999964,4.0136987e-07,0,0.99999964
anprofession,1.0,1.7922493e-11,0,1.0
hankmoody111,1.0,1.4372831e-08,0,1.0
persianknight14,1.0,1.4720177e-09,0,1.0
b_nikkho,1.0,2.9782513e-13,0,1.0
iraniansamurai4,1.0,1.3101734e-10,0,1.0
hsnyly31012,0.9999995,5.276259e-07,0,0.9999995
voltairexs,1.0,5.539141e-08,0,1.0
kian0510,1.0,1.1253468e-08,0,1.0
gamer00001234,1.0,4.0662799e-16,0,1.0
nooneknowsyouu,1.0,2.3127884e-10,0,1.0
abotalebin42855,1.0,2.9401323e-12,0,1.0
tosa68069651,1.0,5.9995715e-13,0,1.0
pin8ki8,1.0,4.4878165e-10,0,1.0
khosro_yekom,1.0,2.4664002e-11,0,1.0
fosounata9,0.9999999,6.3097374e-08,0,0.9999999
mziaee9,0.9999993,7.517147e-07,0,0.9999993
hosein653127,1.0,6.3691643e-09,0,1.0
szarei51404,1.0,1.256746e-10,0,1.0
rastakhiz_vatan,0.99999976,2.220411e-07,0,0.99999976
lokoyoyom,1.0,3.2104107e-19,0,1.0
felanemidanam,1.0,2.57977e-08,0,1.0
xerxessassani,1.0,5.2334954e-14,0,1.0
deadline2025,1.0,2.7443287e-08,0,1.0
aryamehr234,1.0,2.1765647e-08,0,1.0
amydiva15_,0.9999999,1.3217524e-07,0,0.9999999
molotov0007,0.9999999,1.6000422e-07,0,0.9999999
danesh26403114,0.99999976,2.193469e-07,0,0.99999976
927171122p45956,1.0,1.6494003e-08,0,1.0
dokhtareiran24,1.0,3.6990715e-09,0,1.0
mr_mofakhkham,1.0,5.248063e-09,0,1.0
justiran2583,1.0,1.1708537e-09,0,1.0
savushunam,1.0,5.065609e-08,0,1.0
barayradio,1.0,5.227017e-08,0,1.0
sarpasmokhtari,1.0,4.1553086e-08,0,1.0
mataee567890,0.99999976,2.9289197e-07,0,0.99999976
keywar200,1.0,7.4774757e-13,0,1.0
sahl611374,0.99999964,3.066824e-07,0,0.99999964
babresiyaah,0.9999995,4.6601292e-07,0,0.9999995
no1irani,1.0,3.1600256e-10,0,1.0
khamaneid,1.0,8.0127335e-11,0,1.0
irankingdom2500,1.0,9.070153e-10,0,1.0
ilirateirate8,1.0,3.4490678e-11,0,1.0
sia0mo,1.0,2.794094e-11,0,1.0
king_khan58,1.0,3.9871773e-11,0,1.0
hichengar,1.0,5.6290638e-08,0,1.0
bizar_mr,0.99999964,3.890648e-07,0,0.99999964
k1kevin2,1.0,5.220142e-12,0,1.0
gordafarid400,1.0,4.333176e-08,0,1.0
illiteratetwitt,0.9999999,6.30673e-08,0,0.9999999
saniehaa,1.0,1.9197833e-11,0,1.0
irpasmigiram,0.9999999,6.722897e-08,0,0.9999999
shekoohe_iran,1.0,1.6922796e-09,0,1.0
hesbeltonii,1.0,1.9606459e-17,0,1.0
irancaspiansea,0.9999999,1.3375458e-07,0,0.9999999
azizzadehm55549,1.0,1.9582171e-09,0,1.0
haab__in,1.0,2.3279256e-09,0,1.0
adariush2536,1.7391598e-07,0.9999999,1,0.9999999
pendar_1842,1.0,1.1817763e-08,0,1.0
taj77269570,1.0,1.9453282e-10,0,1.0
forouz_z,4.8190753e-07,0.9999995,1,0.9999995
iran_azita,1.0,6.989236e-13,0,1.0
stj5civcswmtbxm,1.0,7.942113e-12,0,1.0
lamaso43,1.0,9.669023e-10,0,1.0
maya1292171,1.0,7.816466e-15,0,1.0
sali783986161,0.9999999,8.806441e-08,0,0.9999999
fatemeh171926,1.0,3.3625163e-09,0,1.0
biiggbbangg,1.0,6.469174e-11,0,1.0
06return,0.9999999,8.7612726e-08,0,0.9999999
klimapz,1.0,7.3761726e-11,0,1.0
daniele_de_rosi,1.0,1.0470037e-08,0,1.0
admp10933,1.0,4.840426e-09,0,1.0
arashs82176,1.0,8.079641e-12,0,1.0
marymirzad2020,1.0,1.0339219e-08,0,1.0
amir_dorost_kar,1.0,3.474636e-10,0,1.0
moh1625659,1.0,1.8319223e-11,0,1.0
make_iran_gr_ag,0.99999964,3.28373e-07,0,0.99999964
official_mr_big,1.0,3.4513745e-09,0,1.0
bydd252396,1.0,7.0142505e-09,0,1.0
bernard4145497,1.0,2.955517e-11,0,1.0
madr1d1stam,1.0,1.5784547e-10,0,1.0
azarbanoo2012,3.9613275e-07,0.99999964,1,0.99999964
e3l4wbkvbpmwj9w,0.99999905,9.173189e-07,0,0.99999905
darklord16661,1.0,4.5424344e-13,0,1.0
freedom7soldier,0.99999964,3.3065191e-07,0,0.99999964
yasertrader888,1.0,1.339904e-09,0,1.0
tavana6288,1.0,2.8291595e-08,0,1.0
mohammadpirsal1,1.0,7.476717e-10,0,1.0
joghdsaadat,1.0,1.4409143e-12,0,1.0
pirouzee,1.0,1.1001544e-09,0,1.0
sorouschgh77740,1.0,5.658313e-11,0,1.0
twisteeed888,1.0,5.3383897e-09,0,1.0
arashtanha52000,1.0,3.680255e-08,0,1.0
amir58576506,1.0,2.5872884e-09,0,1.0
yotelli_,1.0,4.674938e-10,0,1.0
tehran499673,1.0,1.8022709e-13,0,1.0
iran1st,0.99999964,3.3290667e-07,0,0.99999964
h_shahsawan,1.0,7.2645245e-09,0,1.0
raheeiran,1.0,2.0326393e-08,0,1.0
sedayehmellat,1.0,2.6729039e-08,0,1.0
herrw7lson,0.9999999,1.2500264e-07,0,0.9999999
poorepashang,1.0,1.8692664e-14,0,1.0
mihanparast2521,1.0,5.119244e-08,0,1.0
sheyda_sha7,0.9999999,6.70369e-08,0,0.9999999
sheidaskandari,1.0,4.174305e-14,0,1.0
snowhawk80,1.0,3.971235e-09,0,1.0
houmanpanj85948,1.0,7.86774e-15,0,1.0
rosashoroka,0.9999999,9.632915e-08,0,0.9999999
royalzanganeh,1.0,1.0817025e-09,0,1.0
iraniansoldire1,1.0,8.8651515e-13,0,1.0
daniyalll2024,1.0,3.957679e-12,0,1.0
ghoghnoossiran,1.0,4.9540214e-17,0,1.0
kohsarmaza9044,1.0,7.1517314e-10,0,1.0
aryaramnes,1.0,8.9659394e-13,0,1.0
kathia_sh,0.99999964,4.0319603e-07,0,0.99999964
iranii1368,1.0,1.739772e-09,0,1.0
bahiyyehnaderi,1.0,2.1205224e-09,0,1.0
tarik_think,0.9999999,1.4260415e-07,0,0.9999999
tarane_137958,1.0,1.449138e-13,0,1.0
zartosht_nik,1.0,4.294076e-09,0,1.0
hamedrs2022,0.99999905,9.863326e-07,0,0.99999905
siavashsheyiran,1.0,1.3317755e-10,0,1.0
labkhandesaliz,1.0,3.3354264e-09,0,1.0
justinladen,1.0,1.0643342e-11,0,1.0
mr_d4rkn3s5,1.0,7.784976e-09,0,1.0
sohil50567884,1.0,8.0620275e-09,0,1.0
gary1999999,1.0,7.194574e-16,0,1.0
barzinbaba1506,1.0,4.5667784e-12,0,1.0
ariodetg,0.99999976,2.509633e-07,0,0.99999976
hamed9819,0.9999995,5.150792e-07,0,0.9999995
koroshkabir2583,0.99999976,2.3529705e-07,0,0.99999976
clayjensenorg,1.0,3.1276365e-08,0,1.0
jmshyds57561,1.0,1.4299832e-14,0,1.0
youhosseini,1.0,2.1945177e-09,0,1.0
callmetiyam,1.0,3.657732e-10,0,1.0
atraradd,0.9999995,4.4673675e-07,0,0.9999995
mortezaans30879,1.0,2.6635522e-10,0,1.0
abby_aria63,0.99999964,3.8959055e-07,0,0.99999964
jackharknessed,0.9999999,9.964948e-08,0,0.9999999
claremlopez,3.2755293e-07,0.99999964,1,0.99999964
dream_danial,1.0,5.5199844e-13,0,1.0
hasanmousa28681,1.0,5.2566357e-10,0,1.0
atosairani,0.9999993,7.5693015e-07,0,0.9999993
dooogbooy,1.0,1.0182055e-11,0,1.0
lastwitcherson1,1.0,1.2998523e-08,0,1.0
rezayazdan_,1.0,3.346511e-11,0,1.0
dtrumpinpersian,0.9999994,6.2588435e-07,0,0.9999994
abankhoon,1.0,3.029711e-11,0,1.0
shoki__121,1.0,4.5848142e-10,0,1.0
misslord_1994,1.0,3.8820542e-09,0,1.0
kingpahlavi_3,0.9999993,7.07253e-07,0,0.9999993
habibvegan,1.0,6.5976443e-12,0,1.0
ario9318,0.99999964,3.1357547e-07,0,0.99999964
bmasoudi59436,1.0,1.346232e-08,0,1.0
faslenoor,1.0,7.797827e-10,0,1.0
minmineshoon,5.341904e-09,1.0,1,1.0
bita76095258,1.0,1.4991472e-10,0,1.0
khiargoje,1.0,3.251914e-10,0,1.0
iranzam2002,0.9999995,4.6435196e-07,0,0.9999995
min7sus4,1.0,4.8264903e-15,0,1.0
atusah4,1.0,3.872765e-09,0,1.0
shmrqywp,1.0,3.0775116e-10,0,1.0
emadflight2,1.0,1.9374937e-09,0,1.0
bahramegour28,0.9999999,6.145952e-08,0,0.9999999
shahrokh7shah,1.0,5.2508276e-16,0,1.0
farideghazi,0.99999964,3.9505036e-07,0,0.99999964
sarbaziransaz,0.9999999,1.3815158e-07,0,0.9999999
damawand12,1.0,1.9146812e-08,0,1.0
ayazdanfard,0.9999999,6.3982554e-08,0,0.9999999
aurlianoboendi,5.1628064e-07,0.9999995,1,0.9999995
nazilasham88545,1.0,7.1654634e-11,0,1.0
pink_panther180,1.0,8.712649e-15,0,1.0
b__del,0.9999999,1.7762308e-07,0,0.9999999
homa60139617,1.0,7.0606056e-11,0,1.0
onemosen,1.0,8.9600893e-10,0,1.0
cryptograndpa65,1.0,8.523672e-11,0,1.0
zigorat28839217,1.0,1.0926819e-10,0,1.0
aghighi680449,0.99999905,9.251132e-07,0,0.99999905
saeedy87109290,1.0,3.1551632e-15,0,1.0
shah_jawyd,0.9999995,4.7219237e-07,0,0.9999995
ahmadrezaatai,0.99999964,3.6032472e-07,0,0.99999964
karimbaghe34652,1.0,5.83407e-13,0,1.0
greygandolf2,0.9999993,7.570817e-07,0,0.9999993
noushmz,0.9999999,1.2327433e-07,0,0.9999999
rmtn_99,0.9999999,6.5683885e-08,0,0.9999999
mamisalamat,1.0,7.4520295e-10,0,1.0
amanforharddays,1.0,3.5050571e-09,0,1.0
keshvadpahlavi,1.0,4.331857e-14,0,1.0
shreddergh0st,1.0,4.1897247e-10,0,1.0
nilotusshe41557,0.9999999,1.13765736e-07,0,0.9999999
nika27052,1.0,7.742819e-12,0,1.0
iranishaman,1.0,1.4959236e-16,0,1.0
vendetta_nobody,1.0,4.911646e-09,0,1.0
kismarrk,1.0,2.4455153e-09,0,1.0
tornadoi57941,1.0,6.939884e-10,0,1.0
iranshahr_03,1.0,7.3723605e-15,0,1.0
frhywd562,1.0,2.3383154e-10,0,1.0
king_reza_shah,1.0,5.897552e-09,0,1.0
kayasutash,1.0,6.53901e-13,0,1.0
shahnazpou66402,1.0,7.482684e-09,0,1.0
freeiran061401,1.0,6.015577e-10,0,1.0
paiizbest,1.0,6.2474004e-10,0,1.0
tyrann528963,1.0,7.105956e-12,0,1.0
sheikhemozerr,1.0,5.036111e-08,0,1.0
emily0739681137,1.0,1.925863e-12,0,1.0
subzero_alen,1.0,4.661682e-13,0,1.0
iranmartyr,1.0,3.158197e-08,0,1.0
shahinarya97739,1.0,5.0534763e-09,0,1.0
dario19_20,1.0,8.502085e-09,0,1.0
vatanam_iran_ma,1.0,3.1912508e-09,0,1.0
nick_sarbaz,1.0,1.6225591e-12,0,1.0
sheamus4123,1.0,3.7203783e-08,0,1.0
pd0735039132236,1.0,7.158179e-12,0,1.0
ayman_ayrany,1.0,7.2104823e-16,0,1.0
halgheyema_2020,1.0,9.245941e-10,0,1.0
golyou478,0.9999994,6.5355033e-07,0,0.9999994
kouroshmr20,1.0,4.4444493e-10,0,1.0
moreto04271335,1.0,2.1655528e-09,0,1.0
milad73265911,0.99999976,2.8353702e-07,0,0.99999976
venus31755394,1.0,5.5116998e-11,0,1.0
amirhoshiarzeb,1.0,2.1437932e-08,0,1.0
khashayarbolou1,0.99999976,1.9319563e-07,0,0.99999976
nemwbd,1.0,7.424223e-10,0,1.0
keyhankalhor,1.0,7.228832e-14,0,1.0
tamactijoon2024,0.9999999,1.2186115e-07,0,0.9999999
edd_persian,1.5169728e-07,0.9999999,1,0.9999999
hadi1516777,1.0,3.9380166e-09,0,1.0
jad0800,1.0,3.9451125e-17,0,1.0
aydin2783930,1.0,4.5569006e-09,0,1.0
jaleh36593106,1.0,1.0023628e-10,0,1.0
jala_org,1.0,2.5142533e-08,0,1.0
batmaniiiiiii,1.0,4.304541e-16,0,1.0
arsessr97839,1.0,5.413188e-09,0,1.0
itsthekourosh,0.9999995,5.2289766e-07,0,0.9999995
mantis75149281,1.0,1.9004957e-11,0,1.0
azadimanoo73555,1.0,6.760319e-11,0,1.0
armin3615262380,1.0,3.3457452e-11,0,1.0
caspiansea96,1.0,4.482472e-09,0,1.0
eses67852652,0.99999905,9.925093e-07,0,0.99999905
mehr44879562,1.0,1.4348416e-13,0,1.0
ashraqmktb76345,0.99999976,2.5903074e-07,0,0.99999976
pary_stf,0.9999999,7.944735e-08,0,0.9999999
fatherland61,1.0,1.4822914e-11,0,1.0
hidden_social,1.0,3.1264834e-13,0,1.0
ashkanraga46558,1.0,1.6842019e-11,0,1.0
sheermamad,1.0,1.5755707e-13,0,1.0
x_seed1,0.9999995,4.8654016e-07,0,0.9999995
javidshahir,1.0,2.4401484e-16,0,1.0
bitter_truth_ir,1.0,7.1951166e-14,0,1.0
1401bahar_gh,0.9999999,1.5603814e-07,0,0.9999999
khoorosbaz,1.0,2.0447793e-08,0,1.0
zamanimohammad8,1.0,2.540198e-10,0,1.0
eastdiamand369,0.9999999,1.49397e-07,0,0.9999999
hanna54601415,0.9999995,4.1833806e-07,0,0.9999995
mahmouddarabi99,1.0,1.2906619e-12,0,1.0
iranjavidan2289,1.0,5.872657e-12,0,1.0
aanwny54,1.0,4.931182e-12,0,1.0
mohamma63882806,1.0,3.2754727e-08,0,1.0
jaam68mir,1.0,6.4810546e-11,0,1.0
megabiz_,1.0,8.604647e-10,0,1.0
sarbaz136795,0.99999976,2.7310455e-07,0,0.99999976
deepaxiom,1.0,3.9224146e-10,0,1.0
pinkwings20s,1.0,2.4547134e-08,0,1.0
iranianpeople99,1.0,2.8578496e-12,0,1.0
ranbenini,1.0,6.4910044e-10,0,1.0
mtiyooo,0.9999993,7.6607245e-07,0,0.9999993
jafar_kashi,0.99999964,3.3376432e-07,0,0.99999964
ali170021358,1.0,3.962534e-09,0,1.0
rezasaffari5,1.0,1.657891e-08,0,1.0
thesonsofiran,0.99999976,2.1982122e-07,0,0.99999976
ryhn138391332,1.0,7.573176e-11,0,1.0
pouria_famil,1.0,4.324265e-09,0,1.0
jabrsalhy,0.9999999,1.5736353e-07,0,0.9999999
piterj1135282,1.0,1.6532462e-19,0,1.0
nushin76643881,1.0,2.7833785e-13,0,1.0
kavehahang71287,1.0,9.231812e-13,0,1.0
khaliolzehn,1.0,8.801129e-17,0,1.0
mitr95103mitra,1.0,2.2662908e-10,0,1.0
deldadebeiran,1.0,5.6037477e-09,0,1.0
bugaboo_1993,0.99999917,7.875993e-07,0,0.99999917
jenniferbary91,1.0,1.3290227e-13,0,1.0
moterassed2,1.0,1.3449871e-12,0,1.0
co_p_er,0.9999999,1.4875283e-07,0,0.9999999
hamsa1799613,0.9999999,1.05446944e-07,0,0.9999999
fl7395480483145,1.0,2.8707266e-08,0,1.0
ayranmnshm90729,1.0,3.7422465e-09,0,1.0
yrnzd7,1.0,1.1832192e-09,0,1.0
mosafer_khaste,1.0,2.237282e-11,0,1.0
arsijomhur,1.0,4.0625846e-11,0,1.0
mbjnwrdy45402,1.0,3.3342035e-10,0,1.0
iranazad_66,1.0,9.1387065e-11,0,1.0
mainnet1main1,0.9999994,5.7769034e-07,0,0.9999994
noor68282532,0.9999999,7.006846e-08,0,0.9999999
sm7030944668526,0.99999964,3.3016823e-07,0,0.99999964
dokhtareiran403,0.9999999,6.389255e-08,0,0.9999999
pakzad_moh74904,1.0,3.912384e-08,0,1.0
mohammad_t_c,1.0,2.398424e-10,0,1.0
mah55912790mah,0.99999917,8.171801e-07,0,0.99999917
haleberent1358,1.0,4.360916e-09,0,1.0
phoenix_iran_rm,1.0,5.016505e-12,0,1.0
marshmallll0w,1.0,5.1818212e-08,0,1.0
nyx1153210,1.0,6.298001e-16,0,1.0
bebutik,1.0,2.4319526e-08,0,1.0
pandora_chisch,1.0,6.1448554e-14,0,1.0
dghtr_ofmrmoon,1.0,9.67973e-09,0,1.0
hamed320hamed,0.9999999,1.4335082e-07,0,0.9999999
navidvahla,1.0,2.3476126e-12,0,1.0
alirezabenten3,1.0,3.4467362e-13,0,1.0
abbreviation122,0.9999999,1.6167769e-07,0,0.9999999
savak_media,1.0,1.939077e-08,0,1.0
hadmasomeh,0.99999917,8.774298e-07,0,0.99999917
haditabil,0.9999995,5.1991174e-07,0,0.9999995
aisan995733,1.0,3.7267717e-11,0,1.0
sam_sa_80,0.9999999,8.432868e-08,0,0.9999999
aneh1426682,1.0,4.008787e-15,0,1.0
vandiedad,1.0,4.474801e-09,0,1.0
s_thescientist,1.0,1.8791777e-08,0,1.0
persia1967918,1.0,2.2084595e-08,0,1.0
radmardm406,1.0,9.8618385e-09,0,1.0
atefeh1113912,0.99999976,2.0743477e-07,0,0.99999976
mnic36,1.0,2.7326912e-08,0,1.0
pinkiiipay,1.0,6.251063e-09,0,1.0
mili_bornado,0.9999999,8.148138e-08,0,0.9999999
niroumand_pa,1.0,1.2608358e-12,0,1.0
limnargesl,1.0,5.1842434e-08,0,1.0
fereshtehh19052,1.0,2.1632133e-08,0,1.0
c_man_113,0.9999999,9.913101e-08,0,0.9999999
avayeazadi1950,1.0,2.1628161e-09,0,1.0
mandanairani79,1.0,3.3977494e-09,0,1.0
gard_javidan88,1.0,5.815309e-08,0,1.0
goodfatherking,1.0,3.2469217e-08,0,1.0
spring_1281,1.0,1.7217126e-08,0,1.0
core4win,1.0,2.6416232e-15,0,1.0
siyamak_noorin,1.0,4.957945e-13,0,1.0
ayaghobian24517,1.0,1.0712706e-12,0,1.0
piroozazad,1.0,3.1956668e-09,0,1.0
dastaneportavan,0.99999976,2.2440385e-07,0,0.99999976
bazivaghtha,1.0,1.874169e-09,0,1.0
mahnaz251980,1.0,1.08761056e-10,0,1.0
laviafliwerland,0.9999999,1.1019363e-07,0,0.9999999
karen_eternal,1.0,1.1245631e-09,0,1.0
kelatoshia,1.0,4.122317e-09,0,1.0
prada464,1.0,9.2727104e-11,0,1.0
perspolis_land,1.0,1.1380318e-09,0,1.0
daffodil449085,1.0,3.1612384e-13,0,1.0
kamy78757623,1.0,3.4435017e-14,0,1.0
unefille66,1.0,4.159642e-10,0,1.0
sa_ab_za57,1.0,3.3539038e-15,0,1.0
vatan4901vatan,1.0,4.1188056e-12,0,1.0
tehran93657,0.9999999,1.671816e-07,0,0.9999999
moschimo8,0.9999999,1.2878138e-07,0,0.9999999
ehsanzoljalali,0.9999999,1.06726354e-07,0,0.9999999
iranbanoo48,0.99999917,7.798576e-07,0,0.99999917
sam952084,0.9999994,5.3949975e-07,0,0.9999994
light7salt7,1.0,5.915673e-11,0,1.0
royayitarinroya,1.0,8.717397e-09,0,1.0
piro0zim_shahll,1.0,1.5447236e-15,0,1.0
mahmoudsoltani9,1.0,6.469482e-11,0,1.0
ajfaravahar,1.0,5.511453e-09,0,1.0
watan_p_,1.0,2.3070015e-08,0,1.0
sjamshidni68387,1.0,1.3440371e-10,0,1.0
lionandsun94,1.0,1.2534365e-08,0,1.0
mehtar_e_dadan,0.99999976,2.0845926e-07,0,0.99999976
cyrussworld7,1.0,1.3340022e-18,0,1.0
man4092ss,0.9999999,1.2584064e-07,0,0.9999999
numberone375295,1.0,7.348036e-10,0,1.0
youknowme188011,1.0,4.0882013e-09,0,1.0
amir20012003,1.0,8.891814e-15,0,1.0
noaah2019,1.0,8.954877e-14,0,1.0
kaveh_shah,0.9999995,5.0559134e-07,0,0.9999995
ghalamatthew,0.99999905,9.61419e-07,0,0.99999905
the_capboi,1.0,1.3275308e-09,0,1.0
beetlelonghorn4,0.99999976,2.0137351e-07,0,0.99999976
ffhi26093978,1.0,4.3100876e-08,0,1.0
sama28816999,0.9999999,9.7004154e-08,0,0.9999999
zasizasa,1.0,1.34558515e-08,0,1.0
iraneshahan,1.0,2.8263265e-09,0,1.0
danikoruki,1.0,1.1492298e-14,0,1.0
sarbaz_rezashah,1.0,1.286418e-15,0,1.0
arash1k,1.0,2.316687e-10,0,1.0
afshinkouhi,1.0,1.931752e-09,0,1.0
gigiri16,0.9999995,5.029291e-07,0,0.9999995
saharsd1993,1.0,2.7864409e-11,0,1.0
ddr1388487,0.99999976,2.1509594e-07,0,0.99999976
stillkara70,1.0,2.4313391e-09,0,1.0
nimnimmigmig,1.0,5.217798e-10,0,1.0
alameshoonam22,1.0,5.933239e-09,0,1.0
mackay252666322,1.0,3.8775415e-12,0,1.0
chalipa12,1.0,8.817079e-12,0,1.0
drhanibal8,1.0,4.676637e-12,0,1.0
feiliwonderer,0.9999995,4.8542046e-07,0,0.9999995
gregorsamsa131,1.0,3.8673287e-11,0,1.0
amirnikkha56238,1.0,2.015182e-09,0,1.0
shamshir0111,1.0,1.1933596e-16,0,1.0
ms0457514823308,0.9999993,6.9314234e-07,0,0.9999993
majidzarein6470,1.0,2.0808345e-15,0,1.0
mehdi_navaee,1.0,1.0625123e-12,0,1.0
xodashahvatan,1.0,5.468729e-13,0,1.0
1369alz,0.9999999,7.521249e-08,0,0.9999999
1985_2024,1.0,5.677096e-09,0,1.0
sahar46221382,1.0,5.982323e-11,0,1.0
mahbobe06414596,1.0,1.751425e-09,0,1.0
mimalefsayeh,1.0,1.015178e-08,0,1.0
ariyaehamed,1.0,6.9751004e-11,0,1.0
bb98294030,1.0,3.452652e-09,0,1.0
bardis1983,1.0,1.629211e-12,0,1.0
adriantunguz,1.0,9.740068e-09,0,1.0
cryptophecolumb,0.99999964,3.6145772e-07,0,0.99999964
shivamoradi14,1.0,2.185887e-09,0,1.0
tehran9021,0.99999976,2.5295284e-07,0,0.99999976
maghz_bishfa_al,1.0,3.8276657e-14,0,1.0
__c_r__a__z_y__,1.0,5.129448e-08,0,1.0
aminbarati11,1.0,1.89366e-08,0,1.0
vsaadettinbay,1.0,1.0117401e-10,0,1.0
arshavin552514,1.0,4.8525145e-10,0,1.0
imperialguardgj,0.9999993,7.5791826e-07,0,0.9999993
sadrasalamatian,0.9999999,1.0441483e-07,0,0.9999999
rastakhiz143,1.0,5.9071964e-10,0,1.0
adlparvar1957,1.0,1.7194192e-11,0,1.0
behzadvatandou2,1.0,1.937347e-08,0,1.0
anahita_m17,1.0,1.3276403e-08,0,1.0
asal40782481,1.0,2.8180985e-11,0,1.0
syn1418776,1.0,6.6773545e-11,0,1.0
cohenzad11,1.0,3.4279923e-09,0,1.0
niknam_bardia,0.9999999,1.3212471e-07,0,0.9999999
noor13321332,1.0,1.0575525e-16,0,1.0
payman81894048,1.0,2.0190871e-09,0,1.0
tarilabor_,2.646081e-07,0.99999976,1,0.99999976
mojganboroujer1,1.0,2.991336e-08,0,1.0
hamimardom,0.9999999,7.758934e-08,0,0.9999999
imarakhenamas,1.0,1.4539367e-12,0,1.0
godshah1717,1.0,5.8043167e-08,0,1.0
bahastku,1.0,2.5550184e-10,0,1.0
its_me_arthur_0,1.0,4.6547166e-09,0,1.0
peacemakersofi,0.99999976,2.6648007e-07,0,0.99999976
alipakniat,1.0,7.077726e-12,0,1.0
rezaght94,1.0,2.156016e-09,0,1.0
30iahpust,1.0,1.950365e-11,0,1.0
bhtrfrdayy18569,1.0,5.0207593e-14,0,1.0
akharintir7,1.0,8.009069e-14,0,1.0
bk_lajevardi,1.0,4.2265697e-08,0,1.0
rasoulfath66056,0.9999994,6.068305e-07,0,0.9999994
radman737560,0.99999905,9.431004e-07,0,0.99999905
beny_shonam,1.0,2.0685145e-09,0,1.0
spl_wine,1.0,1.7940319e-14,0,1.0
hoseinshirzad89,1.0,4.6233875e-08,0,1.0
cyrus16146947,1.0,9.6459285e-09,0,1.0
khalesisi_k5,1.0,3.0689566e-08,0,1.0
ahjebl17172,1.0,3.902509e-08,0,1.0
sarbazeshahh,0.9999999,1.5099725e-07,0,0.9999999
ar_al_7,1.0,9.0547646e-11,0,1.0
nitabarin,1.0,3.2966807e-09,0,1.0
areo11597,1.0,1.1664186e-08,0,1.0
azady51,1.0,1.9734374e-08,0,1.0
kianiava59815,1.0,1.0498974e-08,0,1.0
radman25083,1.0,1.6306071e-08,0,1.0
boazarjake,1.0,1.4844438e-12,0,1.0
joketojokerr,1.0,1.06394914e-10,0,1.0
jasminwolfgang9,1.0,2.3807682e-09,0,1.0
mrmt9611,0.9999995,4.354037e-07,0,0.9999995
rififi1737415,1.0,8.8484315e-12,0,1.0
hamvaten,1.0,5.4053082e-08,0,1.0
shapalmapal,0.99999964,3.4426296e-07,0,0.99999964
drq_007,1.0,3.125436e-08,0,1.0
kasssra__,1.0,2.6507742e-11,0,1.0
dolceeeviiita,1.0,1.3302891e-08,0,1.0
rachel4ever26,1.0,5.3474135e-11,0,1.0
jamshid2535,1.0,6.0054195e-10,0,1.0
ameyebadjens,0.9999994,6.2012595e-07,0,0.9999994
banoodelnavaz,1.0,2.8125397e-08,0,1.0
armin34208,1.0,8.5368224e-10,0,1.0
adarthefather,0.99999964,3.3333237e-07,0,0.99999964
meerasema,1.0,1.2178197e-10,0,1.0
tonmachtmusik,1.0,5.291931e-08,0,1.0
domking94697,1.0,2.8491028e-16,0,1.0
lprofessssor,0.99999917,8.0217416e-07,0,0.99999917
mard656074,1.0,9.1733937e-10,0,1.0
mahdiyc1,1.0,2.33807e-10,0,1.0
otruth4321,1.0,8.380336e-09,0,1.0
a_twuser,1.0,5.963172e-15,0,1.0
davidb61775,1.0,1.2785928e-11,0,1.0
baran13581,1.0,5.870182e-12,0,1.0
alter_nativex,0.9999999,9.734018e-08,0,0.9999999
hadi_sarabi,1.0,4.150166e-09,0,1.0
joergscheller,0.9999995,4.401019e-07,0,0.9999995
mrrezoooli,1.0,1.5139254e-10,0,1.0
karthikeyan_aju,0.99999976,1.8406537e-07,0,0.99999976
hollywoodpersia,1.0,7.972803e-12,0,1.0
majidreza83,1.0,7.1314794e-09,0,1.0
thewinchestere,1.0,3.5608174e-09,0,1.0
maakarr63,1.0,2.6842188e-09,0,1.0
nepenthe33_33,1.0,1.8904327e-09,0,1.0
mahavval,1.0,1.7978112e-09,0,1.0
laghdahan,1.0,3.6738587e-08,0,1.0
msobhanine24840,1.0,1.0341601e-09,0,1.0
marmar20124,1.0,2.0895918e-08,0,1.0
309b5c4104604d4,1.0,2.1802379e-08,0,1.0
spring_girl2022,1.0,4.6524132e-11,0,1.0
amirarsalan_ir,1.0,3.883109e-11,0,1.0
tooranzamin,1.0,1.2516291e-10,0,1.0
imanntz44,5.27312e-07,0.9999995,1,0.9999995
unwatch,8.918467e-07,0.99999917,1,0.99999917
hadi32724500,1.0,3.366883e-11,0,1.0
azadi_parvaz,0.99999976,2.6533715e-07,0,0.99999976
irandokht996,1.0,4.401386e-09,0,1.0
shoorangizasef,0.9999994,6.1782623e-07,0,0.9999994
mihaneabad,1.0,2.6985922e-13,0,1.0
ahtamizkar,0.9999999,8.8731746e-08,0,0.9999999
dokhtareeeiraan,1.0,4.3976705e-08,0,1.0
psrshhrbad7961,1.0,6.96798e-09,0,1.0
ada_mash,1.0,3.2894951e-09,0,1.0
unforgiven083,1.0,6.7776576e-11,0,1.0
captmichalis,1.0,5.4138255e-10,0,1.0
aliakbari198,0.99999905,9.958619e-07,0,0.99999905
rofikul1989,1.0,1.2428533e-10,0,1.0
yazdangoodarz,1.0,2.2369333e-10,0,1.0
baharrdoryab,0.99999976,2.56649e-07,0,0.99999976
lian0lia,1.0,7.519991e-11,0,1.0
davoodealfered,0.9999999,7.46279e-08,0,0.9999999
abanekhooninmah,1.0,9.929858e-10,0,1.0
setarehaghnavaz,1.0,1.0679672e-09,0,1.0
hallajiran76797,0.9999994,5.49507e-07,0,0.9999994
iranonnet,1.0,1.4576117e-10,0,1.0
ghanbarid1,0.9999994,6.2792304e-07,0,0.9999994
alipahlavi91361,1.0,1.4936002e-12,0,1.0
dh76226,1.0,3.3792087e-08,0,1.0
yaldanight00,0.9999993,6.9874267e-07,0,0.9999993
elham1662,1.0,6.250603e-11,0,1.0
sniperpatriot89,1.0,8.638407e-10,0,1.0
ehsan_mad59,1.0,4.0632645e-12,0,1.0
d_shila38868,1.0,3.3982126e-11,0,1.0
artinshemrooni,1.0,1.1421025e-09,0,1.0
susankolivand,1.0,1.152537e-08,0,1.0
goleyakh224,1.0,1.628605e-16,0,1.0
nargesjala2995,1.0,2.9733405e-10,0,1.0
siyavashfathiy1,0.9999999,1.4029517e-07,0,0.9999999
qm21_21,0.9999999,1.0731301e-07,0,0.9999999
biabooni,1.0,1.0586783e-13,0,1.0
sinajourney_,0.99999917,7.8175793e-07,0,0.99999917
khosro_al,1.0,3.302825e-08,0,1.0
cyru30rus,1.0,9.139155e-12,0,1.0
ahmad71794,1.0,3.8776975e-08,0,1.0
aref_2021,1.0,3.6286945e-09,0,1.0
simple_farii,1.0,4.756939e-08,0,1.0
azadiiinim7642,1.0,2.0731474e-09,0,1.0
kurosh1986,1.0,7.469782e-12,0,1.0
b_as_in_blessed,1.0,2.0803307e-11,0,1.0
esaf2022,0.9999993,7.274191e-07,0,0.9999993
neileriver,1.0,9.1206354e-10,0,1.0
ehsan73445874,0.9999999,9.603362e-08,0,0.9999999
arshia_j,1.0,4.172145e-08,0,1.0
mamadthegreat,0.99999976,2.8721377e-07,0,0.99999976
amirebidoost,1.0,1.13868595e-08,0,1.0
masdoomian,1.0,3.4447173e-10,0,1.0
ali_hdt,1.0,2.262008e-09,0,1.0
ma1996ma1996,1.0,1.9299333e-16,0,1.0
sarbazevatan145,1.0,1.4856257e-11,0,1.0
iran_jorjorvel,1.0,5.0240963e-09,0,1.0
narymaan183193,1.0,3.2915218e-13,0,1.0
farah2021_,0.99999964,3.7281143e-07,0,0.99999964
forfreeiran2022,1.0,5.3199948e-08,0,1.0
zeeinollah,1.0,5.9910436e-12,0,1.0
iranban84430441,1.0,2.326697e-12,0,1.0
waikiki45002811,1.0,4.1262524e-08,0,1.0
abraham_jfz,1.0,5.818456e-17,0,1.0
iranmeh84933516,1.0,2.9829403e-10,0,1.0
tghandhari,1.0,6.493893e-09,0,1.0
soxrub,1.0,9.658351e-10,0,1.0
krymy_ly62953,1.0,2.997911e-15,0,1.0
yousefmahd77142,1.0,1.3566082e-10,0,1.0
ario454286,1.0,1.5295115e-10,0,1.0
the_fucking44,1.0,3.5532885e-08,0,1.0
khamei__ir,1.0,2.5948742e-13,0,1.0
hessamvossoughi,1.0,3.3199173e-11,0,1.0
psychologycraz,1.0,1.2248016e-13,0,1.0
iran_ironfist,1.0,3.619784e-09,0,1.0
chapulga,1.0,7.2625804e-14,0,1.0
sorenaaa021,1.0,3.7132762e-11,0,1.0
ir_monarchy,0.99999976,2.8757418e-07,0,0.99999976
redoxrad,1.0,8.6348775e-11,0,1.0
100barg,1.0,1.4076122e-10,0,1.0
amir_italiaa110,1.0,1.4468803e-11,0,1.0
homasaadat100,0.9999994,6.361773e-07,0,0.9999994
123bebe11gol,0.9999994,5.7881476e-07,0,0.9999994
zar_nari,1.0,4.6343596e-09,0,1.0
strategistam,1.0,1.5146135e-09,0,1.0
irantechnocrat,1.0,2.7474643e-13,0,1.0
sadsark,1.0,1.6930166e-08,0,1.0
gorbe_sefid,1.0,1.3046647e-10,0,1.0
mehanparst,1.0,3.2220778e-12,0,1.0
cyrusazad2517,1.0,4.8311904e-10,0,1.0
kinggkonng,1.0,8.8191445e-09,0,1.0
hmganby13479,1.0,5.841882e-11,0,1.0
rostampiltan,1.0,3.2542733e-09,0,1.0
behzadaghajani9,1.0,7.028711e-10,0,1.0
tonyvalalanga,1.0,8.261544e-09,0,1.0
labeyk_darwin_2,0.9999994,5.6190333e-07,0,0.9999994
murphy827934,1.0,7.4460904e-10,0,1.0
ssny789227,1.0,7.426886e-10,0,1.0
maziyar364,0.9999999,1.573916e-07,0,0.9999999
omar_khayam231,0.99999964,3.8293757e-07,0,0.99999964
erfanheyda15325,1.0,2.1364514e-14,0,1.0
maleki220,0.99999976,2.9386703e-07,0,0.99999976
hope660644644,0.99999976,2.0275887e-07,0,0.99999976
manamusafir,1.0,1.8557211e-10,0,1.0
memargi135,1.0,6.1382226e-11,0,1.0
aisc_aci,0.9999995,4.855755e-07,0,0.9999995
samankavoosi1,1.0,5.6017706e-09,0,1.0
kosenanatsepahe,0.9999999,8.972256e-08,0,0.9999999
sedaye_digar,1.0,3.1300578e-09,0,1.0
shahin__1994,0.9999999,9.625165e-08,0,0.9999999
emadqashqaii,0.9999999,1.6362812e-07,0,0.9999999
eaststarir,1.0,9.7578355e-11,0,1.0
khorshideirani,1.0,1.1423568e-10,0,1.0
chamrooshiran,1.0,1.0110094e-13,0,1.0
suzi1796258,0.9999994,5.652696e-07,0,0.9999994
wearemahsa32471,1.0,1.3127854e-09,0,1.0
ahmadraeisi83,1.0,1.4125458e-16,0,1.0
gladiator_irani,1.0,2.1845752e-08,0,1.0
amitissnezakati,0.9999995,4.3169166e-07,0,0.9999995
javaka65,0.99999976,1.8353059e-07,0,0.99999976
mahsairani90495,1.0,5.245483e-12,0,1.0
akinakep31485,1.0,1.1907695e-13,0,1.0
pswtan401,1.0,1.1678655e-12,0,1.0
khorshid99,1.0,6.400117e-10,0,1.0
linusluck1,1.0,9.336519e-13,0,1.0
biiiiiiigmang,1.0,2.296685e-11,0,1.0
shahrjb1403,0.9999999,9.7015445e-08,0,0.9999999
persianmary80s,1.0,1.3996675e-12,0,1.0
shuvohasan33120,1.0,2.5798301e-11,0,1.0
rda_pwr74093,1.0,9.300231e-12,0,1.0
maah30maa,1.0,8.202707e-10,0,1.0
afshin46186715,1.0,4.8353854e-10,0,1.0
sepahbodfarrokh,1.0,3.2472092e-14,0,1.0
iraneman1398,1.0,2.5982558e-10,0,1.0
mehran615488,1.0,4.568889e-11,0,1.0
jokerjokerii,1.0,1.734306e-12,0,1.0
mahsa_b21,0.99999976,2.178104e-07,0,0.99999976
amir_rn97,0.9999994,5.480071e-07,0,0.9999994
ali598757045677,1.0,3.8607602e-08,0,1.0
akramyabwa8865,1.0,9.707681e-10,0,1.0
hami_official1,1.0,1.1102735e-08,0,1.0
afarid27610105,1.0,5.1161688e-12,0,1.0
zzziioss,0.9999999,1.18761335e-07,0,0.9999999
acecooper98,1.0,5.6328552e-08,0,1.0
simin_sharifi,1.0,8.467414e-18,0,1.0
mahyarirandust,1.0,2.8859664e-12,0,1.0
parijoon_fardin,1.0,4.6889288e-15,0,1.0
mitra_was_here,0.9999994,5.9368074e-07,0,0.9999994
wahsudan,0.99999976,2.6511682e-07,0,0.99999976
myr925390514541,1.0,9.765943e-13,0,1.0
scorpion193235,1.0,3.8285546e-15,0,1.0
thaiss_niagara,1.0,4.9965095e-08,0,1.0
kings765546,0.99999976,2.2866358e-07,0,0.99999976
marzepoorgohar,1.0,6.487567e-09,0,1.0
nunkilla,1.0,1.6688822e-14,0,1.0
sarbazaryamehr,0.99999964,3.475946e-07,0,0.99999964
moj_gun24564,1.0,3.6434e-11,0,1.0
ahmad61sa,1.0,5.34854e-13,0,1.0
hasanhsani26913,0.9999993,7.370037e-07,0,0.9999993
irsavior,1.0,3.590808e-08,0,1.0
asdbardia,1.0,7.967569e-13,0,1.0
negahtive19,1.0,2.5583065e-09,0,1.0
zahraa05229814,0.9999999,1.4603994e-07,0,0.9999999
peymanehkarimi,1.0,6.3666867e-09,0,1.0
azadytfkr,1.0,6.253408e-14,0,1.0
sarzaminemanir,1.0,2.1413332e-08,0,1.0
moti_pv,1.0,2.6923652e-10,0,1.0
ghajari_mo83846,1.0,1.4041973e-08,0,1.0
fazeldalir,1.0,2.2150115e-15,0,1.0
jakbari711,0.99999976,2.9291712e-07,0,0.99999976
cyrus_8766,1.0,1.1094677e-18,0,1.0
sepehr98920,1.0,4.1849142e-11,0,1.0
sashairani79873,1.0,2.0907926e-11,0,1.0
govahinarges,1.0,1.6796196e-09,0,1.0
azadi3319,1.0,2.1532245e-10,0,1.0
ahmadmola1375,0.9999999,1.5829326e-07,0,0.9999999
mobarez140107,1.0,1.0526233e-10,0,1.0
mrsh_1986,1.0,7.054995e-14,0,1.0
shahnaz54004798,1.0,5.923988e-13,0,1.0
pal_achino,1.0,1.2925404e-10,0,1.0
lion28627315169,1.0,3.086982e-14,0,1.0
kholshiftehf,1.0,1.2650678e-09,0,1.0
pikmaster2023,1.0,1.3379267e-10,0,1.0
mrym2513,0.99999964,4.1410678e-07,0,0.99999964
saeid26057328,0.9999999,6.692256e-08,0,0.9999999
lukebrave111,0.99999905,9.2946414e-07,0,0.99999905
nigel_farage,0.9999999,1.7632352e-07,0,0.9999999
andarzshahrivar,1.0,6.9483134e-16,0,1.0
haqiqat_yab,1.0,4.3664784e-08,0,1.0
hormozganii,1.0,2.3287694e-09,0,1.0
nmluna8977,1.0,1.7156341e-09,0,1.0
radio7active,1.0,3.9428526e-11,0,1.0
shakiba2021,1.0,2.8677517e-14,0,1.0
h_loei,0.9999995,4.8504467e-07,0,0.9999995
motrebb,1.0,5.554359e-10,0,1.0
miga_pahlavi,1.0,2.5600926e-17,0,1.0
holvx30,1.0,3.284301e-11,0,1.0
gulshan69474681,1.0,3.2151684e-10,0,1.0
babak_the_great,1.0,4.0556883e-10,0,1.0
347_mehrdad,1.0,3.8780706e-10,0,1.0
believeit43,1.0,5.0545823e-10,0,1.0
solitarokh1992,1.0,5.700843e-11,0,1.0
imlastbullet,1.0,7.3293355e-10,0,1.0
shayan__1382,1.0,5.1205697e-09,0,1.0
skyblue1404,1.0,4.2261906e-12,0,1.0
perinege1,1.0,4.2863985e-10,0,1.0
kingerland,1.0,2.8236241e-11,0,1.0
dariusm4364,0.99999964,3.2184056e-07,0,0.99999964
symab58249,1.0,2.7350362e-09,0,1.0
omid54omid,1.0,1.1628645e-08,0,1.0
grazerjunge,1.0,7.5182877e-10,0,1.0
omid2lo,0.9999999,9.0801485e-08,0,0.9999999
voiceforiran,1.0,4.161741e-08,0,1.0
metal2342,1.0,3.549036e-11,0,1.0
raminsiahzz,1.0,3.610539e-08,0,1.0
shahan25006,1.0,1.005975e-10,0,1.0
cmhrwm11361,1.0,1.0744848e-13,0,1.0
ramiz_daie,1.0,3.368515e-11,0,1.0
max82541177,0.9999995,4.344526e-07,0,0.9999995
mohajerimo53660,1.0,3.2433934e-12,0,1.0
hnt1435646,1.0,5.3365195e-08,0,1.0
hooman7272,1.0,7.726633e-09,0,1.0
alirazavi2538,0.9999993,6.719634e-07,0,0.9999993
arash20azadi,1.0,1.1001719e-08,0,1.0
goorken_bahram,1.0,3.5178613e-10,0,1.0
azadi61798946,0.9999999,1.5302432e-07,0,0.9999999
anti57y,1.0,8.899467e-11,0,1.0
kiamarsdaneshy3,1.0,7.294897e-11,0,1.0
babakbgr,1.0,5.98583e-10,0,1.0
larges98,0.9999999,1.7177705e-07,0,0.9999999
rezaeiloba40299,1.0,7.5218984e-11,0,1.0
iranprs,1.0,1.7077706e-11,0,1.0
arash8405,1.0,1.3254106e-09,0,1.0
nader748365,1.0,4.910972e-09,0,1.0
mahie_parandeh,1.0,7.4036507e-13,0,1.0
gilemarrd,0.99999917,8.022721e-07,0,0.99999917
nikmansha,1.0,4.2924692e-10,0,1.0
coe_jole,1.0,5.9337535e-11,0,1.0
chrindinu,1.0,2.5892505e-11,0,1.0
laat_e_moadab,0.9999999,1.6424113e-07,0,0.9999999
klk33851,1.0,7.795648e-12,0,1.0
homayounsa15014,0.9999995,4.7577512e-07,0,0.9999995
antiwoke79,0.9999999,6.584796e-08,0,0.9999999
bokone_rahbar,1.0,1.0111662e-08,0,1.0
aghabrando,0.99999964,4.0690472e-07,0,0.99999964
nimabiker,1.0,8.606441e-09,0,1.0
mrnavid8,0.9999999,1.3721066e-07,0,0.9999999
arem_crypt,1.0,6.6577344e-10,0,1.0
padshahiirani,1.0,3.3953403e-16,0,1.0
mori887767,1.0,2.16965e-09,0,1.0
kinghich1,1.0,7.2059434e-09,0,1.0
delhinmarian,1.0,2.1893264e-08,0,1.0
hargeznakhab,1.0,1.4542531e-08,0,1.0
plp1hl8gzhbtbsd,0.99999976,2.7573154e-07,0,0.99999976
jajalpajal,1.0,3.0705594e-09,0,1.0
iranishahdost,1.0,7.504209e-09,0,1.0
crackedteepad,1.0,5.899861e-08,0,1.0
alain_deloni,1.0,6.4337874e-10,0,1.0
aftabparast40,1.0,1.9381607e-11,0,1.0
sora03222,1.0,9.807852e-09,0,1.0
megaahit,1.0,1.0013977e-14,0,1.0
jamshidkakavand,1.0,1.3078919e-09,0,1.0
httpsdaemons,1.0,8.8600427e-10,0,1.0
mrslemon5,1.0,2.693238e-10,0,1.0
behrooz08542587,1.0,1.1127178e-08,0,1.0
saran3246,1.0,2.6711609e-08,0,1.0
britasaxon,1.0,8.275308e-10,0,1.0
amirhoseeinansh,0.99999976,2.5508828e-07,0,0.99999976
aryotak,1.0,2.2954337e-10,0,1.0
sadri1048,1.0,1.3021897e-12,0,1.0
shayganham89313,0.9999999,1.5752028e-07,0,0.9999999
lovethelife2022,1.0,1.6048178e-09,0,1.0
1354kian,1.0,3.8684944e-11,0,1.0
ofpersia79664,1.0,2.674351e-09,0,1.0
iranbanoo18,1.0,4.2647796e-10,0,1.0
mary66to,1.0,1.5420627e-11,0,1.0
ayazisamad,1.0,4.2356986e-11,0,1.0
abbas26646401,1.0,1.4333364e-14,0,1.0
doctorroshi,1.0,4.776828e-10,0,1.0
sweetieida38,1.0,2.0473237e-08,0,1.0
najafi_sae62935,1.0,1.5703955e-09,0,1.0
freedom_atheist,0.9999999,7.952102e-08,0,0.9999999
feredi87867282,1.0,5.8094248e-11,0,1.0
hesam58467,0.9999999,9.365364e-08,0,0.9999999
benibenassi978,1.0,2.18748e-13,0,1.0
thewall260,1.0,1.8079048e-08,0,1.0
cryptodoctor12,1.0,1.066389e-14,0,1.0
thricebornmahsa,1.0,2.436828e-08,0,1.0
youtab67,1.0,1.2197504e-08,0,1.0
kazemymone52971,1.0,6.6819556e-14,0,1.0
cibperan,1.0,5.6727716e-11,0,1.0
mitra_kn,0.9999999,1.7015152e-07,0,0.9999999
dozhmanii,1.0,1.2729936e-11,0,1.0
_rainbowgems,1.0,3.2026126e-08,0,1.0
adel_ch56,0.99999976,1.9709778e-07,0,0.99999976
hyz_iran,0.99999976,2.1108391e-07,0,0.99999976
pantea2024,1.0,3.16579e-08,0,1.0
khanoomgisoo,1.0,1.1297939e-09,0,1.0
navid202003,1.0,5.120239e-16,0,1.0
ashkan89696978,1.0,4.263726e-12,0,1.0
you_mehrab,1.0,1.1207162e-15,0,1.0
catnip1595748,1.0,6.6360674e-14,0,1.0
chistakian,0.9999994,5.8803687e-07,0,0.9999994
iranejan1991,1.0,1.4166054e-10,0,1.0
ferymalaki,0.9999995,4.9141323e-07,0,0.9999995
minasasany,0.99999964,3.96248e-07,0,0.99999964
mohmmadrezaby1,1.0,2.148767e-08,0,1.0
patriotic__man,1.0,6.109556e-12,0,1.0
cyrush84,1.0,4.5193738e-11,0,1.0
arastperja,1.0,4.678027e-09,0,1.0
pahlavi1342,0.9999999,1.5331618e-07,0,0.9999999
mhdwrr,1.0,3.3732322e-12,0,1.0
flllokiii,0.9999999,6.146667e-08,0,0.9999999
iran_foreve,1.0,5.591421e-11,0,1.0
mardiazdir22134,1.0,4.30673e-14,0,1.0
baobaotbh,1.0,2.2867987e-10,0,1.0
amirza_abdola,1.0,1.1823985e-08,0,1.0
mhmdbdaghy,1.0,9.602201e-17,0,1.0
vahomane,0.99999917,8.481444e-07,0,0.99999917
masuod67122354,1.0,3.223824e-08,0,1.0
danekesh,1.0,5.0973505e-12,0,1.0
lilimz57,1.0,4.3121e-09,0,1.0
spiritof34505,1.0,1.0735022e-08,0,1.0
lidiya04176693,1.0,7.675153e-12,0,1.0
ttaghari82663,1.0,1.3293879e-13,0,1.0
dryayy_amy7342,0.99999905,9.740126e-07,0,0.99999905
samariana001,0.9999999,8.5258954e-08,0,0.9999999
dayzadd,1.0,3.4571876e-08,0,1.0
saniimii,1.0,4.1031487e-15,0,1.0
lrciyjgpto10861,1.0,5.13361e-11,0,1.0
warrior4iran,1.0,1.3887054e-17,0,1.0
shanib86723150,1.0,2.6173091e-15,0,1.0
barzisavah,0.9999999,7.2094245e-08,0,0.9999999
homayun1967,1.0,8.2320945e-10,0,1.0
fakhr_a84634,1.0,1.5762291e-09,0,1.0
abdallahbe53252,1.0,4.5752464e-11,0,1.0
iloveirannn,1.0,4.2845467e-12,0,1.0
perseplan,1.0,9.97774e-10,0,1.0
haredoroth31490,1.0,1.05089715e-08,0,1.0
thespay1,0.9999999,1.5828633e-07,0,0.9999999
jbno61zd5qtpw6a,0.9999999,1.4067929e-07,0,0.9999999
jnwyr97p5t,0.99999976,2.502284e-07,0,0.99999976
kian_nika,0.9999995,5.034133e-07,0,0.9999995
hamid0325,1.0,5.53001e-08,0,1.0
seyedricky2019,0.9999999,1.18410526e-07,0,0.9999999
harati1969,1.0,8.067007e-10,0,1.0
a_nsyrpwr,1.0,3.3741512e-09,0,1.0
alrza000,0.9999993,7.007099e-07,0,0.9999993
jadehroshan,1.0,1.0663596e-08,0,1.0
ali_x6666,0.9999995,5.0582815e-07,0,0.9999995
zizoomaria,0.9999994,5.870462e-07,0,0.9999994
narsis_vol8347,1.0,4.7616037e-16,0,1.0
marjanhastaam,0.9999999,8.15946e-08,0,0.9999999
mohammad1068990,1.0,2.2821843e-10,0,1.0
farvardin_banou,1.0,3.1551544e-13,0,1.0
parsa1244564,0.9999999,1.6246534e-07,0,0.9999999
typical_iranian,1.0,9.712985e-16,0,1.0
kashkoolian,1.0,7.504724e-09,0,1.0
freakantagonist,1.0,9.313625e-10,0,1.0
dada_ir_,1.0,6.215745e-11,0,1.0
faetwee,1.0,1.8699358e-15,0,1.0
kourosh19896143,1.0,6.44888e-12,0,1.0
benibravotx,0.9999999,7.79104e-08,0,0.9999999
taha890fat,1.0,9.800727e-09,0,1.0
alihastam1984,1.0,1.9615216e-09,0,1.0
justice_for_ir,0.9999999,9.7991794e-08,0,0.9999999
sobheazadiiii,0.9999999,9.1799656e-08,0,0.9999999
sherrymollaei,1.0,1.8922002e-09,0,1.0
arash58020582,1.0,2.5508332e-12,0,1.0
5faryad86947,1.0,2.86274e-18,0,1.0
homyf53,1.0,3.0475458e-10,0,1.0
hotbabe1267,0.99999976,2.3791087e-07,0,0.99999976
hamidre93580933,1.0,6.553312e-15,0,1.0
shahinn_javid,1.0,1.1513284e-12,0,1.0
geeeechi_gotti,0.9999993,7.576812e-07,0,0.9999993
fantompt,1.0,9.866952e-10,0,1.0
kavemobarezanti,0.99999964,3.6670824e-07,0,0.99999964
irajrezazadegan,1.0,1.9389128e-17,0,1.0
mamalism123,1.0,1.7764265e-08,0,1.0
shahrzadeb11340,0.99999964,3.107168e-07,0,0.99999964
panisher696,1.0,7.709618e-12,0,1.0
khodadadze69107,1.0,6.5125577e-10,0,1.0
dragon72fly,0.9999995,4.6530727e-07,0,0.9999995
artofpersia,1.0,3.263342e-09,0,1.0
fchaman11,1.0,1.6310143e-12,0,1.0
awnaveed11,1.0,4.3375022e-11,0,1.0
aena7777rst,1.0,3.5998378e-09,0,1.0
melat1919673,1.0,2.158108e-11,0,1.0
karenglazer22,1.0,6.2328754e-15,0,1.0
arezomahmoodi,1.0,4.2877516e-12,0,1.0
alikarimi16684,1.0,3.0190652e-09,0,1.0
goldaofiran,1.0,1.5214537e-15,0,1.0
the_knight_fork,0.99999976,2.0573925e-07,0,0.99999976
1iqzbxwfinlsi5t,1.0,2.5466467e-09,0,1.0
shirokhorshid22,1.0,7.1705593e-12,0,1.0
hneumannmep,1.0,4.076127e-08,0,1.0
mahdiseyed6657,0.99999976,2.2557107e-07,0,0.99999976
fabioser593517,1.0,4.6733823e-12,0,1.0
fada_reza,0.9999999,1.4715728e-07,0,0.9999999
bijornironside4,1.0,3.9732587e-20,0,1.0
azadinazikast,0.9999999,7.814495e-08,0,0.9999999
tasib51,1.0,4.621763e-09,0,1.0
kamranzyzy34451,1.0,1.0053548e-15,0,1.0
behesht2489,1.0,1.8985713e-08,0,1.0
ayrany_bab74090,1.0,3.0260474e-16,0,1.0
mirahmadmir5,1.0,1.13148345e-11,0,1.0
frixtionism,1.0,1.7997395e-09,0,1.0
kamikosoi,1.0,7.2104146e-12,0,1.0
prwyzthmasby,1.0,8.9858236e-15,0,1.0
bmw_i82,0.99999976,2.6611843e-07,0,0.99999976
mahsa_hadis,1.0,1.108265e-09,0,1.0
siktir1401,0.9999999,1.4569898e-07,0,0.9999999
mariya26007693,0.9999999,1.2591579e-07,0,0.9999999
orkedeh,1.0,7.815889e-10,0,1.0
monessezavar,1.0,4.4705355e-09,0,1.0
truthhostage,1.0,5.6756744e-14,0,1.0
gghasedak,0.99999905,9.987456e-07,0,0.99999905
p_e_2582,1.0,2.725688e-13,0,1.0
che_f1996,1.0,5.4033444e-10,0,1.0
aryan84565,1.0,1.7453204e-15,0,1.0
mahnaz7374,1.0,2.0718598e-08,0,1.0
zazzanone,0.9999993,6.890744e-07,0,0.9999993
shah29145,1.0,1.8591923e-11,0,1.0
leilagh50,1.0,5.074859e-10,0,1.0
electro79391479,0.99999976,2.0984791e-07,0,0.99999976
mehhdiiiiiii,1.0,1.7462648e-09,0,1.0
jonas_1574,1.0,5.4547883e-10,0,1.0
mbmshky,1.0,2.0126054e-12,0,1.0
shapurzulaktaf,1.0,4.2268536e-11,0,1.0
aylardoktor,1.0,1.5218785e-10,0,1.0
pedram1726155,0.9999999,1.7654394e-07,0,0.9999999
oghabeesorkh,1.0,1.20984376e-14,0,1.0
aliimani6766,0.99999905,9.0298266e-07,0,0.99999905
deahamy39179,0.99999964,3.2880547e-07,0,0.99999964
arfmusik,1.0,3.5131173e-08,0,1.0
baraye_watan,1.0,6.7751573e-09,0,1.0
ayran4773,0.9999994,5.956827e-07,0,0.9999994
plaaaaazaaaaa,0.9999995,5.225233e-07,0,0.9999995
persianimguard,1.0,7.504086e-11,0,1.0
dokhtarahvazi,1.0,6.994608e-10,0,1.0
iranshahri2500,1.0,1.7271189e-09,0,1.0
semaj_allive,0.9999999,1.117685e-07,0,0.9999999
mozmirh,1.0,1.8121407e-08,0,1.0
shaah_rezaa,1.0,2.688065e-10,0,1.0
parhamyt5,1.0,3.05335e-08,0,1.0
mahsaaminiazad,1.0,1.0136799e-09,0,1.0
mootarez1354,1.0,7.362141e-12,0,1.0
roboticccc,1.0,5.804465e-14,0,1.0
gorg_sepid,0.99999964,3.4950793e-07,0,0.99999964
arash19673910,1.0,2.8717627e-11,0,1.0
s_e1401,1.0,4.0009124e-11,0,1.0
mahyarakbari3,1.0,4.094977e-12,0,1.0
___iran____,0.99999917,8.087302e-07,0,0.99999917
pac777434617,1.0,3.735928e-09,0,1.0
iran_banoo_fri,1.0,4.095303e-09,0,1.0
hogh6158,0.99999976,2.5649192e-07,0,0.99999976
cathy1335,0.9999999,7.7478276e-08,0,0.9999999
dokhtarkaveh1,1.0,3.000467e-08,0,1.0
cmaabd,1.0,4.836129e-15,0,1.0
bahramm3545,0.99999976,2.4618174e-07,0,0.99999976
d31382,0.9999994,5.984397e-07,0,0.9999994
yaserazadbakht,1.0,4.2259786e-13,0,1.0
mohammadfe42847,1.0,4.481786e-10,0,1.0
tgdood,1.0,5.440542e-14,0,1.0
koooham,0.99999905,8.988337e-07,0,0.99999905
armin4733883404,0.9999994,5.4179725e-07,0,0.9999994
i_savak_officer,1.0,7.421727e-11,0,1.0
hamkelasi1,1.0,3.0886022e-10,0,1.0
khandaeiali,1.0,4.9936038e-08,0,1.0
dariushk60,1.0,4.8007085e-08,0,1.0
wnss_1941,1.0,6.5044687e-16,0,1.0
lilttlemabel,1.0,1.9761672e-09,0,1.0
nazmik2xxx,1.0,1.6316258e-10,0,1.0
zanbagheabii,0.9999999,7.797433e-08,0,0.9999999
kym1390609mast,1.0,9.311323e-16,0,1.0
iran0070,1.0,2.6924474e-10,0,1.0
nadrshah97937,1.0,1.1586181e-08,0,1.0
iranpahlaviiii,0.99999905,9.591835e-07,0,0.99999905
azarbood_ahorai,1.0,2.538583e-08,0,1.0
nasrin16178547,1.0,1.1785116e-13,0,1.0
arman8056,1.0,2.2448447e-10,0,1.0
redbad0,1.0,2.714931e-10,0,1.0
holdencalfield1,0.9999999,6.465532e-08,0,0.9999999
wwenews2022,1.0,3.9017325e-13,0,1.0
persepolis4807,1.0,5.492833e-10,0,1.0
shahpoorsepanta,0.9999995,4.597271e-07,0,0.9999995
reza05050505,0.9999999,1.3305561e-07,0,0.9999999
soldierparsi70,1.0,1.2954027e-11,0,1.0
ramiz198900,0.9999999,1.5755018e-07,0,0.9999999
4househouse,1.0,1.502745e-11,0,1.0
mpouia,1.0,1.11557284e-10,0,1.0
sorena20785,1.0,8.31694e-10,0,1.0
picha19m,1.0,1.4316985e-12,0,1.0
fatherrastaky,1.0,4.54054e-08,0,1.0
myd1773437,1.0,3.7934315e-15,0,1.0
readertoislam,1.0,8.767788e-09,0,1.0
satrapp2018,3.540513e-07,0.99999964,1,0.99999964
ambitiousmitra,1.0,1.9870079e-08,0,1.0
sjd1836860,1.0,5.349698e-15,0,1.0
mani37954348751,0.9999999,1.499075e-07,0,0.9999999
tarannom28969,1.0,3.7066446e-08,0,1.0
badger8814,0.9999994,6.405093e-07,0,0.9999994
ghaneijoshua,1.0,5.245974e-08,0,1.0
badboyxx100,1.0,1.26363165e-11,0,1.0
x_factor_xx,1.0,2.3071642e-12,0,1.0
alek1350,1.0,1.5874891e-09,0,1.0
ann_padr,0.99999976,2.9537586e-07,0,0.99999976
anusheravan22,0.9999994,6.107244e-07,0,0.9999994
migmig_13402,1.0,1.237265e-09,0,1.0
ptruth6382316,1.0,6.1907266e-13,0,1.0
p_noor_pahlavi,1.0,4.83155e-10,0,1.0
sandis_khorrrrr,1.0,8.2593063e-13,0,1.0
petrosfadakari,0.99999964,3.387628e-07,0,0.99999964
saeedse6,0.9999999,1.3909059e-07,0,0.9999999
mazf75,1.0,4.143385e-14,0,1.0
sagittarius9187,1.0,3.8736941e-10,0,1.0
daryoushpa45981,0.9999999,1.5817012e-07,0,0.9999999
leedsarya,1.0,1.2236699e-08,0,1.0
hossein_1996_75,0.9999999,8.438757e-08,0,0.9999999
hy_flany,0.99999964,4.1321994e-07,0,0.99999964
majoo0r_66,1.0,5.0725223e-08,0,1.0
fardayei_azadi,1.0,2.4666157e-08,0,1.0
mandanayekta,1.0,7.866504e-09,0,1.0
monarchisttt,1.0,4.506851e-10,0,1.0
kjm30488,1.0,9.838087e-10,0,1.0
sahariraniiiii,1.0,2.7195348e-09,0,1.0
refiiigh,1.0,4.373194e-09,0,1.0
antisefased,1.0,1.6277955e-11,0,1.0
amirmhb70,0.99999976,2.7533528e-07,0,0.99999976
farawaymountain,1.0,3.4742167e-11,0,1.0
maral_kh_2022,1.0,1.310622e-08,0,1.0
amirhosein1986,1.0,1.381913e-12,0,1.0
mahsaamini571,1.0,1.5179958e-11,0,1.0
sam2tik,1.0,6.17998e-09,0,1.0
corleone_twt,1.0,3.3444435e-11,0,1.0
ramoo1355453,1.0,4.2055588e-11,0,1.0
mosafabakh90539,1.0,2.1483562e-09,0,1.0
madaniaref,1.0,5.0727924e-12,0,1.0
sarzaminjavidir,1.0,6.7204675e-10,0,1.0
mahtab_shabe14,1.0,2.3617431e-11,0,1.0
payandeiran68,1.0,4.208237e-12,0,1.0
armannexus50788,1.0,1.206761e-20,0,1.0
alianotorkan7,1.0,1.7580869e-11,0,1.0
baman34691597,1.0,2.6826372e-09,0,1.0
vahidayan,1.0,3.052345e-14,0,1.0
lsadqy24886,0.9999999,7.565391e-08,0,0.9999999
zohi_iran,1.0,9.910468e-13,0,1.0
oxyn3,1.0,2.4560702e-09,0,1.0
schrdinger97070,1.0,6.767753e-10,0,1.0
darwishjohen,1.0,2.5311106e-10,0,1.0
fsolaymantash,1.0,2.3023485e-10,0,1.0
azzi2013,0.99999905,9.0963533e-07,0,0.99999905
saba24937496291,1.0,4.216117e-09,0,1.0
julidehabot,1.0,7.7994146e-11,0,1.0
betheljtroy,0.9999994,5.8834934e-07,0,0.9999994
iran10538038245,1.0,4.7762375e-13,0,1.0
majixofpersia,1.0,4.0397473e-13,0,1.0
royalguardianir,1.0,6.033516e-13,0,1.0
aqa_hanaei,1.0,3.8706583e-14,0,1.0
fay95219555,1.0,2.8709128e-08,0,1.0
bullgangd,1.0,2.8549243e-08,0,1.0
dokhtarreiran,0.99999964,3.5183587e-07,0,0.99999964
dudereligion,1.0,4.2774392e-10,0,1.0
xyztime123,1.0,2.788157e-08,0,1.0
parvin_etesabi,1.0,2.1334058e-10,0,1.0
mrndy46701,0.99999976,2.6015246e-07,0,0.99999976
hamidmahin,1.0,9.187091e-09,0,1.0
makepersiafree,1.0,3.6771922e-10,0,1.0
sooseesbandari,1.0,2.8139227e-09,0,1.0
response_days,1.0,1.739823e-15,0,1.0
infomo42041,1.0,4.1219103e-08,0,1.0
rezashah844242,1.0,4.69349e-16,0,1.0
myslf57691,1.0,2.1971518e-13,0,1.0
faraasaam,1.0,1.1937199e-15,0,1.0
mypinkyland,1.0,3.8883698e-08,0,1.0
salimireza10591,1.0,5.588708e-09,0,1.0
realmrpahlavi,1.0,3.9281852e-11,0,1.0
bokone3fasedd,1.0,4.47847e-14,0,1.0
khansarimo94282,1.0,5.9148917e-08,0,1.0
helloag89951506,0.9999993,7.164585e-07,0,0.9999993
z_beh_z,0.9999999,1.3730099e-07,0,0.9999999
ghomarboss,1.0,4.021031e-08,0,1.0
eblis369,1.0,7.40464e-09,0,1.0
bhrngyn,1.0,2.1600899e-10,0,1.0
bashtiran,1.0,2.5428545e-10,0,1.0
khodam_hbk,1.0,4.699512e-15,0,1.0
sepahansport_sc,1.0,9.068048e-09,0,1.0
haqamanesh,1.0,1.5327924e-12,0,1.0
tradertom1010,1.0,1.3859492e-08,0,1.0
whitecharl01,1.0,1.992886e-13,0,1.0
merdascino,1.0,8.148319e-17,0,1.0
sarbazmihan17,1.0,1.7285333e-12,0,1.0
pooya_saqqez,1.0,3.4958274e-18,0,1.0
masoud2500,1.0,4.5133083e-15,0,1.0
mhdira24166,1.0,2.0055106e-10,0,1.0
asasendekalsin,4.921976e-11,1.0,1,1.0
kravanasa,0.9999999,1.6660543e-07,0,0.9999999
siraf1962,1.0,1.4852674e-09,0,1.0
eterbariran,1.0,9.497156e-14,0,1.0
mdokht87288,1.0,2.2765353e-15,0,1.0
rezaazad7,1.0,5.4752736e-09,0,1.0
sekinesia,0.99999976,2.1151232e-07,0,0.99999976
afshinmaga5518,0.99999917,8.376183e-07,0,0.99999917
lastknight2022,1.0,2.8046928e-11,0,1.0
naha2m,0.9999999,1.10999444e-07,0,0.9999999
edalatnema54091,1.0,2.2250514e-11,0,1.0
mehdishokoohica,0.9999999,1.6921473e-07,0,0.9999999
hamedk1364,1.0,4.4648582e-10,0,1.0
amirhosseinrj22,0.99999905,9.1834744e-07,0,0.99999905
mahnaz99751439,1.0,1.4060015e-11,0,1.0
kavosh91201017,1.0,6.5092576e-09,0,1.0
saeidmiran,1.0,1.9234538e-13,0,1.0
moolight183548,1.0,4.8786058e-12,0,1.0
shaharsia,1.0,4.4414348e-09,0,1.0
sadi25002500,1.0,3.7389125e-14,0,1.0
sepideyes,1.0,4.0464528e-11,0,1.0
diako_ako23,1.0,1.8685524e-15,0,1.0
iran_azad2022,1.0,2.356673e-10,0,1.0
hadizbf,1.0,5.095476e-15,0,1.0
moladrah3,1.0,5.6196445e-12,0,1.0
balrotsa,1.0,2.6596206e-08,0,1.0
r_mehravar,0.9999994,6.239034e-07,0,0.9999994
alikariiimiii,1.0,1.1218616e-09,0,1.0
pirooznik,1.0,9.047527e-12,0,1.0
_sasan_k,0.99999976,2.1384807e-07,0,0.99999976
7_salamoon,1.0,3.862537e-11,0,1.0
marpelle6612,1.0,8.405003e-13,0,1.0
kiarashsotude30,0.99999976,2.8938334e-07,0,0.99999976
mobinashariati1,1.0,8.5464955e-11,0,1.0
pedzmani,0.9999999,7.682975e-08,0,0.9999999
fdd36276722,1.0,2.5672015e-10,0,1.0
deerdeerhunte1,1.0,1.0243488e-08,0,1.0
rootfox133,0.9999995,4.1903243e-07,0,0.9999995
__mustafii,1.0,9.422536e-09,0,1.0
mahdigh59578180,1.0,1.0950733e-13,0,1.0
arad59740327,0.99999964,3.0739307e-07,0,0.99999964
no76885,1.0,5.5483508e-08,0,1.0
3adegh_,0.9999999,9.640488e-08,0,0.9999999
minion140100,1.0,8.917075e-10,0,1.0
sabaaria6,1.0,9.736409e-09,0,1.0
hengamehfapa,1.0,7.778352e-14,0,1.0
iranlian,1.0,2.290415e-12,0,1.0
maniv6688,1.0,5.269631e-08,0,1.0
sahel_____,1.0,1.4666466e-11,0,1.0
dariushavakh,1.0,4.3698855e-12,0,1.0
lightworksright,1.0,3.7562178e-10,0,1.0
goorill1980,1.0,8.0934575e-09,0,1.0
abanmah_98,1.0,1.3957313e-10,0,1.0
you_call_me_ali,1.0,3.1138985e-08,0,1.0
nil069015890662,1.0,2.6611002e-17,0,1.0
cpt_alek,1.0,1.7919734e-10,0,1.0
farhad344615,0.9999999,1.3976914e-07,0,0.9999999
alpp1722668,1.0,4.1397e-16,0,1.0
kiyarash_ir,0.9999999,9.7624465e-08,0,0.9999999
1977_2536,0.9999993,6.599708e-07,0,0.9999993
nova_hastam,1.0,1.164844e-09,0,1.0
tourangoudarzi,1.0,9.92965e-10,0,1.0
arianagirl2025,1.0,1.687962e-14,0,1.0
pelidianat,1.0,1.4054524e-14,0,1.0
miladmoham66925,1.0,5.095261e-08,0,1.0
lucky_yara,1.0,3.6401808e-09,0,1.0
behroz40,1.0,2.7818278e-10,0,1.0
seeamack,0.9999993,7.698508e-07,0,0.9999993
kingsarmy16,0.99999976,2.0866172e-07,0,0.99999976
2ekamertweets,1.4474116e-07,0.9999999,1,0.9999999
gordafarid179,1.0,8.38498e-11,0,1.0
mohamadrez67601,0.9999999,8.612668e-08,0,0.9999999
camila7478,0.9999994,5.531449e-07,0,0.9999994
ahanin_banoo,0.9999995,4.3351682e-07,0,0.9999995
yazdanfaar,1.0,3.908088e-08,0,1.0
17qhq1785858,0.99999917,7.944915e-07,0,0.99999917
abpahlavi,1.0,2.76295e-10,0,1.0
dolfine_sefif,1.0,3.4426007e-11,0,1.0
fariba_feri,1.0,5.40636e-08,0,1.0
manoochehr101,0.99999964,3.1812377e-07,0,0.99999964
maryambnd316499,1.0,2.4609577e-08,0,1.0
sania828,0.99999905,9.811614e-07,0,0.99999905
jahanrooz,0.99999964,3.817394e-07,0,0.99999964
pierrotamani,1.0,2.4167015e-09,0,1.0
ahora_irani_,1.0,7.87734e-10,0,1.0
chashm_iran,1.0,6.814217e-13,0,1.0
zo2va,1.0,1.9168187e-08,0,1.0
manukkomitas,1.0,1.2609519e-11,0,1.0
azitaarian75,1.0,4.54999e-08,0,1.0
intifada_s_son,1.0,4.0100954e-11,0,1.0
shirin21023,0.9999999,1.10121356e-07,0,0.9999999
ahmed90439721_1,1.0,9.984455e-11,0,1.0
xrp_cast,1.0,1.0077063e-12,0,1.0
phmosbat,1.0,2.7187271e-08,0,1.0
mivehjan,1.0,2.1484914e-09,0,1.0
armintsp,1.0,7.208033e-09,0,1.0
baraye_kianoosh,1.0,1.267701e-16,0,1.0
abolfazlsa86968,1.0,1.2967481e-10,0,1.0
soroush2581,1.0,9.937384e-13,0,1.0
mainstreamrevol,0.99999905,9.4213317e-07,0,0.99999905
azadmanesh55017,1.0,1.3210643e-13,0,1.0
bandarabadan631,1.0,1.6516008e-08,0,1.0
gorge13siya,1.0,1.008759e-14,0,1.0
pooriasoori,1.0,3.3383557e-08,0,1.0
observerjudge,1.0,1.1812132e-15,0,1.0
prs372413552645,1.0,2.3053717e-10,0,1.0
daniyal78850060,1.0,2.5317735e-09,0,1.0
idorahhaa,1.0,2.4813935e-09,0,1.0
zhyarkian,1.0,5.384527e-10,0,1.0
choonforsoldier,0.9999999,1.0819759e-07,0,0.9999999
rahai1401azadi,0.99999964,3.4783602e-07,0,0.99999964
aryobarzan999,1.0,1.9425531e-08,0,1.0
sabawifesoli,1.0,9.1117634e-11,0,1.0
jackperaltanypd,1.0,1.30047275e-11,0,1.0
yashar_pir,1.0,8.9660945e-09,0,1.0
khodesham87,0.9999993,7.103489e-07,0,0.9999993
atakan_polathan,1.0,2.1471231e-09,0,1.0
gargool_2,0.9999999,1.2839986e-07,0,0.9999999
__roboter,0.99999917,8.0241824e-07,0,0.99999917
kavehdadkhah2,1.0,4.309584e-09,0,1.0
junglebird39285,1.0,6.817972e-10,0,1.0
taherehkhanum,1.0,1.36867415e-08,0,1.0
claude_zp,1.0,1.5904221e-10,0,1.0
saeedkarii86845,1.0,1.4935561e-10,0,1.0
sunny673217,1.0,7.4387504e-14,0,1.0
rashvandab,1.0,5.6973805e-13,0,1.0
elladijav,1.0,1.5436818e-10,0,1.0
mazerooon,1.0,5.2699446e-11,0,1.0
glory789314,1.0,1.9480815e-08,0,1.0
nabodgar57322,1.0,1.9344373e-08,0,1.0
nanami95312720,1.0,5.1684584e-11,0,1.0
fridamani2,1.0,1.2231932e-09,0,1.0
nikarassam,1.0,7.1522904e-10,0,1.0
kayvan27800411,1.0,2.5186398e-12,0,1.0
mamad_reza_shah,1.0,1.07116644e-08,0,1.0
missfkh,1.0,3.8412253e-14,0,1.0
madariiran,1.0,1.1291404e-14,0,1.0
ghmvaziri,1.0,5.7109585e-13,0,1.0
by_lght,1.0,6.7514083e-09,0,1.0
ray561532512330,1.0,6.545637e-09,0,1.0
freydounf45676,1.0,1.5890462e-09,0,1.0
worldgovsummit,0.99999964,4.1477907e-07,0,0.99999964
damas1369,1.0,1.4091373e-11,0,1.0
sanah94677,1.0,2.22491e-16,0,1.0
gv9to56ss,0.9999999,1.0179782e-07,0,0.9999999
marado1987,0.99999976,2.0449943e-07,0,0.99999976
nokhbe8,1.0,2.7053484e-13,0,1.0
the_great_cyrus,0.9999999,8.0154194e-08,0,0.9999999
naslesoukhteh11,1.0,3.5902494e-14,0,1.0
itsnotanaa21,0.9999999,9.199158e-08,0,0.9999999
louna2122,1.0,6.5814774e-13,0,1.0
goldmamal649256,1.0,7.398234e-12,0,1.0
sajaddas,1.0,1.4414998e-12,0,1.0
babakbehroz,0.99999964,3.3299557e-07,0,0.99999964
hakhamaneshshah,1.0,5.4734253e-09,0,1.0
babalousam,1.0,2.0574154e-08,0,1.0
hasanteherani,1.0,3.309487e-10,0,1.0
misterxon74,0.9999994,6.308612e-07,0,0.9999994
mahpareh13,1.0,3.729305e-10,0,1.0
thisisawarefox,0.9999999,1.2067402e-07,0,0.9999999
nilounagz,1.0,2.8207486e-08,0,1.0
driman_sh,1.0,3.4254564e-09,0,1.0
artmalian,0.99999917,8.7591985e-07,0,0.99999917
yas1md,1.0,4.7147983e-09,0,1.0
dawnchicken1111,1.0,1.5120526e-10,0,1.0
meh80207,1.0,1.7094466e-10,0,1.0
vforvendetta993,1.0,2.8924033e-08,0,1.0
niiima_a,0.9999999,7.3402546e-08,0,0.9999999
wiise_miind,1.0,5.3834617e-13,0,1.0
ghorbanzad35067,1.0,4.5098092e-10,0,1.0
begaeimotlagh2,1.0,3.3520862e-12,0,1.0
shadafarin77,1.0,7.466905e-12,0,1.0
crypto1g6,1.0,3.44804e-12,0,1.0
artemish1991,1.0,7.899837e-13,0,1.0
ostore_irani,1.0,4.4962387e-10,0,1.0
sloganeer_ir,1.0,6.470062e-11,0,1.0
pahlavism2582q,0.99999964,4.020031e-07,0,0.99999964
nevermind10123,1.0,5.2704016e-13,0,1.0
hmwn_awn,0.99999964,3.3791127e-07,0,0.99999964
mrp27101919,1.0,5.3611494e-11,0,1.0
mogtabasoldir,1.0,5.4558913e-10,0,1.0
mahmoud64494762,1.0,6.2996217e-09,0,1.0
parva727,1.0,1.3573788e-11,0,1.0
shotorebarbar,1.0,4.7807058e-12,0,1.0
dkhtrparsy,0.99999976,2.3863507e-07,0,0.99999976
azin_azadi,0.9999999,7.160091e-08,0,0.9999999
del_gomrah,1.0,2.1737094e-09,0,1.0
sofi_iran,0.99999976,2.8027512e-07,0,0.99999976
patriotism_k,1.0,6.8765767e-20,0,1.0
solhjuo,1.0,2.8438857e-12,0,1.0
heidarifarahnaz,0.99999976,2.6010656e-07,0,0.99999976
mohamad1588186,1.0,3.2941362e-12,0,1.0
ssoorenaie62337,1.0,7.872984e-10,0,1.0
f2731sirus,1.0,1.8223483e-12,0,1.0
mansonpersian,1.0,6.4510605e-11,0,1.0
morghesaharkhan,1.0,1.7411536e-12,0,1.0
mariou2025,0.9999999,9.202282e-08,0,0.9999999
mmad7771,1.0,1.2827344e-09,0,1.0
abas74413535012,1.0,8.0884145e-12,0,1.0
leylarasouliaz2,1.0,1.9458794e-08,0,1.0
aryaearya28754,0.99999917,8.5393845e-07,0,0.99999917
rahashodedarshz,1.0,6.5070132e-12,0,1.0
dostdarpahlavi,0.9999999,1.4579169e-07,0,0.9999999
skyofiran19,1.0,7.011103e-14,0,1.0
hfvgdbgf,1.0,9.943219e-14,0,1.0
peyman_bgi71,1.0,5.112142e-15,0,1.0
beh96ram,1.0,3.6397754e-18,0,1.0
renatosanchezfz,1.0,6.0805857e-12,0,1.0
rouhisadra69650,0.99999976,2.833621e-07,0,0.99999976
mahmoudpour_m,1.0,2.0516263e-13,0,1.0
alfaeng2020,1.0,5.610479e-15,0,1.0
hydy_mqw30753,0.99999976,2.4599402e-07,0,0.99999976
rezadnx,1.0,5.833172e-08,0,1.0
reza42204,1.0,3.4046745e-11,0,1.0
alilajevardi59,1.0,4.1729484e-12,0,1.0
artyphius,1.0,3.505465e-09,0,1.0
oszh83,1.0,1.3771841e-09,0,1.0
shry97337607,1.0,1.0078884e-09,0,1.0
yasharb,1.0,3.6287635e-09,0,1.0
mohamadjavade28,1.0,1.961703e-11,0,1.0
aliaziziz,1.0,2.1434352e-14,0,1.0
shadravan2024,1.0,6.5839234e-10,0,1.0
hashwmian17726,0.99999964,3.240216e-07,0,0.99999964
fd19021639,0.99999905,9.844456e-07,0,0.99999905
soniiaahp,1.0,1.9791385e-10,0,1.0
iransaz,1.0,2.3211763e-10,0,1.0
mnted1990,1.0,7.8294926e-11,0,1.0
maparty_iran,8.756718e-07,0.99999917,1,0.99999917
hn48sfurfswhfs2,1.0,1.4236072e-10,0,1.0
mary2220s,1.0,4.8665896e-08,0,1.0
vahid7562,1.0,3.2903416e-13,0,1.0
marjanasgh88777,1.0,5.8837063e-10,0,1.0
arasheshivatir,0.99999964,4.0790326e-07,0,0.99999964
zahra80980,1.0,1.2402638e-12,0,1.0
haf4089,0.9999999,7.5583664e-08,0,0.9999999
ir_defender,0.9999999,1.5691694e-07,0,0.9999999
bndirect,0.9999994,5.506412e-07,0,0.9999994
joemirza7,1.0,4.336214e-10,0,1.0
farhad_nasiri12,1.0,4.9233426e-09,0,1.0
masouddpour,0.99999917,8.789021e-07,0,0.99999917
lousypapa,1.0,1.6235739e-09,0,1.0
alizadehyass,1.0,2.1237685e-09,0,1.0
ayoughaida,1.0,2.403468e-12,0,1.0
kord40101558,0.99999976,2.3154949e-07,0,0.99999976
i_am_persia,1.0,2.0250659e-12,0,1.0
arsalangh4,0.9999994,6.2786256e-07,0,0.9999994
mehdimo77948855,0.9999993,7.3561193e-07,0,0.9999993
ohoomc,1.0,6.608223e-12,0,1.0
lovetoflyflower,0.9999999,6.572825e-08,0,0.9999999
mmdd198440,1.0,1.7485393e-11,0,1.0
reza_rasekhi_99,1.0,8.3319473e-13,0,1.0
nnn1797614,1.0,3.048668e-10,0,1.0
noop_code,1.0,1.03886476e-10,0,1.0
strong_girl1111,1.0,7.943284e-11,0,1.0
abolfazlek65265,0.99999964,3.787098e-07,0,0.99999964
redfelfeli,1.0,5.664088e-08,0,1.0
shansep13,1.0,2.4250979e-15,0,1.0
mynyature,1.0,4.785009e-13,0,1.0
ngo_tiep27879,1.0,3.6360434e-10,0,1.0
haji_killu,1.0,3.4114768e-13,0,1.0
prezidenttrump2,1.0,6.9266565e-11,0,1.0
durkheim1979,1.0,1.00539195e-10,0,1.0
soozankaya,0.99999964,3.591038e-07,0,0.99999964
helsinkii20,1.0,1.18536e-10,0,1.0
nastia2022,1.0,1.3060982e-11,0,1.0
the_cutest_moon,1.0,1.8485483e-08,0,1.0
mj232819_j,1.0,1.9511113e-09,0,1.0
najvayedarya,1.0,7.457678e-09,0,1.0
sahar651380,1.0,4.5132726e-12,0,1.0
sanazamirr,1.0,3.5894213e-10,0,1.0
fedup_warrior,1.0,3.3218225e-08,0,1.0
kkossher,0.99999964,3.1254544e-07,0,0.99999964
youngwoman25,1.0,1.0096889e-10,0,1.0
akbarpalangi,0.9999999,1.073388e-07,0,0.9999999
afshinemam1,0.99999905,9.291664e-07,0,0.99999905
taleghanism,1.0,3.3295777e-17,0,1.0
callisto606,1.0,6.193139e-12,0,1.0
jwadp62192,1.0,1.6071082e-10,0,1.0
pichino2_,1.0,1.0328374e-09,0,1.0
avizoon_mikonim,1.0,2.722603e-12,0,1.0
most_gh,1.0,3.265353e-09,0,1.0
dokhtareemardom,1.0,1.6328454e-11,0,1.0
shayan_56,1.0,4.557805e-09,0,1.0
iran57iran,1.0,1.2853316e-11,0,1.0
amin_a_e__sh,1.0,3.231975e-12,0,1.0
mnwchhr914501,1.0,5.4073364e-13,0,1.0
m0mopsycho,0.99999976,2.2879229e-07,0,0.99999976
godfatheriranii,0.9999993,7.4525263e-07,0,0.9999993
sue66635611,1.0,2.4180016e-09,0,1.0
kakotrump,1.0,3.405827e-13,0,1.0
sanyafshar,1.0,4.0391346e-15,0,1.0
iranjanema,0.9999999,6.9438364e-08,0,0.9999999
nikan387515,1.0,1.5021103e-09,0,1.0
z15uyb3otzf9dmi,0.99999905,9.0694056e-07,0,0.99999905
kaffarinfidel,1.0,5.796049e-13,0,1.0
mohamad136262,1.0,2.621774e-09,0,1.0
galaxym52g5,1.0,1.1384392e-14,0,1.0
majic_ocaen81,1.0,4.623096e-12,0,1.0
parv7335,1.0,1.992257e-11,0,1.0
reza81041367,0.99999964,3.8664646e-07,0,0.99999964
mahiazadi1,1.0,6.6445784e-14,0,1.0
dostoanastasia,1.0,1.357588e-08,0,1.0
cashcaratkhanum,1.0,1.0697128e-08,0,1.0
iranisourtemple,1.0,1.2484998e-08,0,1.0
sayehbazy01,1.0,2.925022e-10,0,1.0
tahmoores69,0.9999999,7.138369e-08,0,0.9999999
parsaz80,1.0,1.540982e-13,0,1.0
darbedarrr,0.99999964,3.343604e-07,0,0.99999964
mousavi0013,1.0,1.756556e-14,0,1.0
darfashkaviani,1.0,1.2207972e-09,0,1.0
sepidarsarfaraz,1.0,2.3423161e-09,0,1.0
fatima57612,1.0,1.2614042e-11,0,1.0
pahlavism9,1.0,5.4850803e-12,0,1.0
nasrin80146113,1.0,4.6758214e-10,0,1.0
sagezard85,0.9999995,4.614384e-07,0,0.9999995
sanama3333,1.0,5.6316486e-13,0,1.0
ariamehr191978,1.0,4.1099615e-12,0,1.0
mintz4assembly,4.856052e-07,0.9999995,1,0.9999995
ulsl7,1.0,8.855013e-09,0,1.0
msmnssdcss,1.0,1.4487212e-16,0,1.0
kurde_isback,1.0,5.5240135e-11,0,1.0
k_sh_p,1.0,8.46944e-20,0,1.0
mahan45410151,1.0,5.121097e-09,0,1.0
brave_iran2022,1.0,6.2578354e-10,0,1.0
rcarter16970,1.0,1.0290671e-14,0,1.0
shahi0123_ii,1.0,1.5067697e-10,0,1.0
naghiemam,1.0,9.110068e-13,0,1.0
ajan_iran,1.0,5.342798e-10,0,1.0
mariair88,1.0,7.658188e-09,0,1.0
lefthook1401,0.9999995,5.2064405e-07,0,0.9999995
ataeyfaromid,1.0,1.4246299e-08,0,1.0
rezaarzani835,1.0,2.7118363e-10,0,1.0
khosrozareian,1.0,2.7221763e-09,0,1.0
alborz_shah,1.0,3.4057837e-08,0,1.0
megalodon21th,0.9999994,6.106982e-07,0,0.9999994
daveee311632,1.0,1.0347933e-13,0,1.0
sebander09,1.0,1.4519277e-08,0,1.0
ps71835656,1.0,1.195469e-09,0,1.0
rostamyf,1.0,2.0072807e-08,0,1.0
m5293814367999,1.0,2.1770514e-11,0,1.0
shhrdarinmntghe,0.9999999,1.0258978e-07,0,0.9999999
happyfreeiran2,1.0,4.556295e-08,0,1.0
sadaf6868995953,1.0,5.7578036e-13,0,1.0
mobii___313,1.0,2.2005943e-10,0,1.0
masoud_1355320,1.0,2.0596424e-11,0,1.0
parvizp7,0.9999993,7.745736e-07,0,0.9999993
samuell1977,1.0,6.327043e-12,0,1.0
bluemilanista,0.99999917,8.270233e-07,0,0.99999917
kasra1st,1.0,4.8386903e-09,0,1.0
___solidarity_,1.0,5.3602598e-11,0,1.0
shelman1401,1.0,8.2478896e-10,0,1.0
g_s6u,1.0,6.5154764e-14,0,1.0
behroz_so,0.9999995,5.355705e-07,0,0.9999995
adaranj32394,1.0,2.2618084e-10,0,1.0
peyman0021my,1.0,8.882615e-10,0,1.0
bahramipouya82,1.0,1.5363474e-10,0,1.0
jozhephi,1.0,3.8099486e-08,0,1.0
mostafa94633403,1.0,7.4195694e-09,0,1.0
hsnmzlwmy,1.0,8.4350225e-16,0,1.0
m_poirot_,1.0,3.6315765e-08,0,1.0
sahebanesanat,1.0,1.4689984e-11,0,1.0
sarjoukheh,0.9999994,6.019749e-07,0,0.9999994
a9455620561098,1.0,2.5877149e-15,0,1.0
persiangreatman,0.9999999,1.0776651e-07,0,0.9999999
189madiyar,1.0,1.6889806e-13,0,1.0
gj034ijnhh8ysuv,1.0,3.877906e-11,0,1.0
pedroo0600,1.0,7.3657414e-11,0,1.0
rexor2024,1.0,4.903206e-08,0,1.0
sepanta2558,1.0,1.7459433e-11,0,1.0
hadideljooei,1.0,4.449878e-10,0,1.0
nirvana_k1319,0.99999905,9.038718e-07,0,0.99999905
kaveh737,1.0,3.9037356e-09,0,1.0
itsbiglebowsky,1.0,6.831056e-13,0,1.0
sanandaj4000,1.0,5.2278487e-14,0,1.0
moryacob,1.0,2.9927396e-08,0,1.0
hamidre78864747,1.0,3.3039715e-12,0,1.0
aryanshahr,0.99999964,3.521954e-07,0,0.99999964
matadore1961,1.0,4.7205456e-10,0,1.0
hasti76919335,1.0,7.68904e-13,0,1.0
javidj39543,1.0,7.5408386e-13,0,1.0
lilian39553,1.0,1.2765576e-08,0,1.0
immanuelkhosh11,9.814673e-07,0.99999905,1,0.99999905
poroshatap81223,1.0,8.454052e-18,0,1.0
iran_shah10624,0.9999999,1.6172102e-07,0,0.9999999
__init4free__,0.9999999,6.474145e-08,0,0.9999999
a_farhangmehr,1.0,2.5608375e-15,0,1.0
barsamkhan,0.99999917,8.7433415e-07,0,0.99999917
vahidghahraman6,1.0,6.0464544e-09,0,1.0
alimohamma41417,1.0,1.3431735e-10,0,1.0
khashayarshahe,0.99999976,2.1887986e-07,0,0.99999976
babak_khorram_d,1.0,1.4819205e-08,0,1.0
parsa1246238,1.0,1.1945533e-08,0,1.0
mikhak_noghrei,1.0,1.1735495e-10,0,1.0
lforiran,1.0,5.504459e-08,0,1.0
arefchabi,1.0,7.05928e-09,0,1.0
omani10012,1.0,8.4539736e-10,0,1.0
sima35610578,1.0,7.209648e-11,0,1.0
iranarms,1.0,2.6408313e-12,0,1.0
arefihaydeh,1.0,2.3013586e-08,0,1.0
shirokhourshid,1.0,1.4270422e-08,0,1.0
k2kiana_,1.0,1.5648036e-10,0,1.0
siya30iran,1.0,4.7370403e-22,0,1.0
mardbidin,1.0,6.7514015e-11,0,1.0
amelie_stella_,1.0,1.05201756e-13,0,1.0
sum57071sum,1.0,3.717775e-23,0,1.0
rnamer5,0.99999964,4.0343141e-07,0,0.99999964
shirkhorshiid,1.0,8.661859e-12,0,1.0
kiiingaban,1.0,5.00812e-16,0,1.0
nomad4ev,1.0,3.1018854e-10,0,1.0
vahidkhodadad14,0.99999905,9.101699e-07,0,0.99999905
mamiri00276481,1.0,3.2180536e-09,0,1.0
shirinesmi,1.0,1.01131355e-14,0,1.0
sorayakarimian,1.0,2.5207378e-10,0,1.0
matchgirl__,1.0,3.2369893e-09,0,1.0
ferezi4,1.0,4.0622455e-10,0,1.0
iran94626447011,1.0,5.5781676e-08,0,1.0
shockwave_ff95,1.0,9.994122e-17,0,1.0
ira64188445,1.0,1.3540038e-08,0,1.0
borangenabarang,1.0,3.951895e-11,0,1.0
pouranne180196,1.0,2.7709397e-14,0,1.0
persianrebel007,1.0,6.883868e-14,0,1.0
red_escobar96,1.0,6.8338557e-10,0,1.0
translatordemon,1.0,5.2903444e-20,0,1.0
peymanc130,0.9999993,7.0459646e-07,0,0.9999993
ruzkhakestari,0.99999976,2.3388559e-07,0,0.99999976
mahighermez1400,1.0,2.1951622e-13,0,1.0
seyed1121370,1.0,1.0591636e-08,0,1.0
heyjudeir,1.0,6.555881e-17,0,1.0
iso_hacktivism,0.99999964,3.6265413e-07,0,0.99999964
eldorado_h,1.0,1.7348092e-19,0,1.0
a8226871247358,1.0,2.9008177e-08,0,1.0
mamadam327837,1.0,1.23578445e-08,0,1.0
amirshahie,0.9999995,5.1581947e-07,0,0.9999995
majid76513002,1.0,8.412749e-17,0,1.0
rad_sahra,0.9999993,7.32844e-07,0,0.9999993
ebahagir,1.0,1.1520952e-08,0,1.0
armanother,1.0,4.9046214e-18,0,1.0
awiirsaeed,0.9999999,8.309257e-08,0,0.9999999
raglafos1,1.0,3.111185e-12,0,1.0
nodata12345,0.9999999,1.561806e-07,0,0.9999999
alan1194412,1.0,3.551213e-13,0,1.0
nothingisdivin,0.99999917,8.59559e-07,0,0.99999917
takhtetavoos,0.9999995,4.9559816e-07,0,0.9999995
serkay463289,1.0,6.9636206e-17,0,1.0
iranhxx,0.99999976,2.3702991e-07,0,0.99999976
pahlaviazad1,1.0,2.209031e-13,0,1.0
ashkans188,1.0,6.120421e-10,0,1.0
andaki_siasat,1.0,2.1692859e-09,0,1.0
kurd876,1.0,1.6141177e-11,0,1.0
pahlavism3000,1.0,4.4555364e-09,0,1.0
nikamajidreza,0.9999993,7.334593e-07,0,0.9999993
j8tapevhrfwv4dj,1.0,8.874613e-12,0,1.0
noor_abdalhassn,1.0,7.1960643e-10,0,1.0
amir0211761851,1.0,2.0026814e-18,0,1.0
yasinasgari_ir,1.0,1.8913232e-13,0,1.0
hoseinzarei7111,1.0,6.3719405e-11,0,1.0
civiil_engineer,1.0,9.351338e-15,0,1.0
amoutrump,0.9999993,7.3918017e-07,0,0.9999993
ir_spartacus,1.0,1.6956406e-08,0,1.0
guissousha39727,0.9999999,1.5491821e-07,0,0.9999999
elmi_ferial,0.9999999,1.3638693e-07,0,0.9999999
aghayep32595,1.0,6.000264e-11,0,1.0
paul10031545,1.0,9.884601e-10,0,1.0
pshirpoor2937,0.9999999,1.1120372e-07,0,0.9999999
karen_oredvidad,1.0,1.7075257e-08,0,1.0
arm_ariam,1.0,5.914309e-14,0,1.0
morteza136565h,1.0,2.5770107e-12,0,1.0
gotoorsh,0.9999999,1.5748198e-07,0,0.9999999
morteza98767,1.0,8.999461e-11,0,1.0
erfan5845834694,1.0,4.125949e-10,0,1.0
sm7sm7sm77,1.0,1.4343192e-09,0,1.0
sava6780,1.0,3.7457546e-08,0,1.0
allibiali1997,1.0,3.1907117e-15,0,1.0
iamordinaryeli,1.0,2.2329742e-09,0,1.0
blnd_chia28620,0.9999999,1.0935278e-07,0,0.9999999
cryptodree56,0.99999917,8.426009e-07,0,0.99999917
ahmad_ariaie,1.0,2.3551191e-13,0,1.0
zeytoon2022,1.0,2.3338753e-08,0,1.0
salsitawlf,0.9999999,1.3503923e-07,0,0.9999999
hakhamanes86163,0.99999964,3.481274e-07,0,0.99999964
zanemoomeshki,1.0,3.082079e-08,0,1.0
zan_freedom50,1.0,5.414014e-09,0,1.0
georg_e_floyd,1.0,1.3564931e-08,0,1.0
accoees,1.0,4.5731803e-14,0,1.0
irana772652,0.99999976,2.3405985e-07,0,0.99999976
cyruspatriot,1.0,2.096713e-09,0,1.0
shahramshi77885,0.9999999,7.310815e-08,0,0.9999999
mn12883411,1.0,1.9346446e-11,0,1.0
sj90persian,1.0,8.004897e-11,0,1.0
akternafiz,1.0,5.8880683e-08,0,1.0
pauloldman109,1.0,2.6872908e-14,0,1.0
kingreasonable,1.0,3.291786e-09,0,1.0
kenweinstein,1.3023991e-07,0.9999999,1,0.9999999
kian11031,1.0,1.9553648e-10,0,1.0
honar1401,0.9999994,6.154751e-07,0,0.9999994
jasmineforiran,1.0,1.8487262e-10,0,1.0
mohammad63614,1.0,1.606883e-08,0,1.0
nilooo561,0.9999995,4.4936456e-07,0,0.9999995
ya_lda15675,1.0,1.5988816e-20,0,1.0
afzanader,1.0,1.6542218e-14,0,1.0
pahlavipatriot,1.0,2.3722193e-09,0,1.0
devoneh_too,0.99999917,8.6954856e-07,0,0.99999917
kiggerogundres,1.0,1.3133368e-16,0,1.0
iranaryaee8665,1.0,5.6940563e-13,0,1.0
avesta38276357,1.0,8.222072e-09,0,1.0
aus_alvin,0.99999964,3.5407294e-07,0,0.99999964
shivash1974,1.0,1.4508813e-08,0,1.0
javidshah081004,1.0,2.2676508e-08,0,1.0
originalhaddock,1.0,1.2899111e-16,0,1.0
vatanm57,1.0,2.7904003e-13,0,1.0
ashoob70340591,1.0,1.4970528e-10,0,1.0
spourjavan,1.0,4.8768666e-08,0,1.0
seyedegavaznha,1.0,7.885161e-09,0,1.0
jebran1001,1.0,1.1299269e-10,0,1.0
frhadt86509,1.0,2.8198844e-18,0,1.0
artemisiraniii,1.0,5.336924e-09,0,1.0
elham72945638,1.0,4.9568696e-12,0,1.0
sarvin6060,0.99999976,2.6594387e-07,0,0.99999976
khosroparvizsas,1.0,7.92061e-10,0,1.0
ali63164295ali,0.99999976,2.77679e-07,0,0.99999976
sharabtalkh1,1.0,5.5097926e-09,0,1.0
karisadisadi,1.0,3.2784553e-11,0,1.0
instantkar57637,1.0,2.549667e-11,0,1.0
avesta77684495,1.0,1.2168724e-10,0,1.0
ellabluebird,0.99999976,2.5351918e-07,0,0.99999976
alirezahar98562,1.0,3.4768919e-09,0,1.0
julia83725785,1.0,6.0130378e-15,0,1.0
samomidvar,1.0,6.8777395e-10,0,1.0
sxspenn,1.0,1.7273429e-09,0,1.0
moshtaba6061,1.0,5.3338883e-10,0,1.0
acc1995mf,1.0,6.4533565e-09,0,1.0
amirsld,1.0,2.367587e-12,0,1.0
aminkas52107,1.0,6.539705e-14,0,1.0
savakiiiiiii,1.0,2.2213252e-10,0,1.0
lalani_y,1.0,5.529208e-08,0,1.0
dojjjjjman,0.99999964,3.9756637e-07,0,0.99999964
no2ir_rejime,1.0,8.3201923e-10,0,1.0
pptmbtb,0.99999964,4.0316604e-07,0,0.99999964
mahsa__parsi,1.0,1.0767822e-10,0,1.0
gusfrin19880721,1.0,7.0538575e-16,0,1.0
raoufmorteza,1.0,3.9199444e-15,0,1.0
adoor__adoor,1.0,2.5904783e-09,0,1.0
m_s_m_msms,1.0,1.0575931e-08,0,1.0
zakaria51mc,0.9999999,8.0850214e-08,0,0.9999999
siyavashapour,1.0,3.0491507e-10,0,1.0
soliderrezashah,1.0,7.635933e-12,0,1.0
samwestps,1.0,3.2731193e-11,0,1.0
zkryamhmd96067,1.0,1.344866e-09,0,1.0
sltan71351101,1.0,6.270524e-10,0,1.0
mktb_alatwee,1.0,1.0011867e-12,0,1.0
dariushhabibi,1.0,7.620435e-09,0,1.0
sbhshty96350,1.0,1.0665859e-11,0,1.0
razin6037130211,0.9999999,1.2393906e-07,0,0.9999999
samirasarai1,1.0,1.8403338e-08,0,1.0
abbrobad,1.0,1.0806445e-13,0,1.0
hazrate_afshin,1.0,4.5909153e-13,0,1.0
sarbazpahlaviha,1.0,3.6366832e-09,0,1.0
manaaa57,1.0,5.6589608e-11,0,1.0
raahh_aaa,1.0,1.0464107e-12,0,1.0
francisbrian19,1.0,1.830905e-12,0,1.0
majid286_m,0.9999999,9.5507346e-08,0,0.9999999
mehdizaman44318,1.0,1.2191026e-10,0,1.0
benyaminyff,1.0,2.6077784e-10,0,1.0
hei5enberg1,1.0,5.165881e-13,0,1.0
whoamithesedays,1.0,2.9465607e-08,0,1.0
alamol_olagh,1.0,2.4347444e-10,0,1.0
ali_rezapersian,1.0,6.549371e-09,0,1.0
i_waiting1979,1.0,7.486109e-13,0,1.0
breakheartblue,1.0,2.1533817e-09,0,1.0
wanted_00_00,0.9999999,7.228977e-08,0,0.9999999
bilibutcherrr,1.0,7.5755954e-13,0,1.0
qachaqchi660,1.0,1.6033786e-18,0,1.0
ciro_parsi,1.0,1.1450805e-08,0,1.0
yekta621503,1.0,8.918873e-11,0,1.0
iranianboy1989,1.0,8.529945e-12,0,1.0
123456mioboy,1.0,1.5793265e-08,0,1.0
bahmankaleh,1.0,1.6991109e-16,0,1.0
hassanmoha29134,1.0,1.252299e-08,0,1.0
farzin_aryaei,0.99999976,2.005278e-07,0,0.99999976
iranazad1977,0.99999905,9.794944e-07,0,0.99999905
srbazw13738,1.0,5.00285e-16,0,1.0
raminm_,1.0,4.5790416e-12,0,1.0
baroncellli,0.99999976,1.8426525e-07,0,0.99999976
aghadavid007,1.0,4.8960087e-16,0,1.0
mard_azadeh,1.0,2.4028117e-09,0,1.0
royayeazadi2025,1.0,3.2615664e-14,0,1.0
kenshin9092,1.0,2.739373e-14,0,1.0
sasha1386s,1.0,1.8585924e-08,0,1.0
mohsen036830941,1.0,1.1592475e-09,0,1.0
noorsoldier7,1.0,5.589899e-10,0,1.0
drkht56249,1.0,7.0410376e-15,0,1.0
shugababy_,1.0,5.0360917e-08,0,1.0
cyrusaccord,1.0,1.165544e-09,0,1.0
shahbano67,1.0,5.2022386e-09,0,1.0
mary12198952355,1.0,1.4116411e-12,0,1.0
ziro41040158,1.0,7.488473e-11,0,1.0
kingrezap_2,1.0,2.983363e-09,0,1.0
sarakhalighi54,1.0,7.047747e-10,0,1.0
_mehmetir_,1.0,3.4259626e-11,0,1.0
aliyajanna8080,0.9999995,4.79072e-07,0,0.9999995
mr_moatarez,1.0,2.6370206e-16,0,1.0
jeep27203766,1.0,3.6240483e-08,0,1.0
rome21325,1.0,6.9891573e-09,0,1.0
orkideh_e,1.0,1.2658306e-09,0,1.0
leilayeiran,1.0,9.7796455e-09,0,1.0
waer7sejfazztlp,1.0,2.3385338e-10,0,1.0
arioshadma35765,1.0,5.133042e-11,0,1.0
pahlavishahh,1.0,2.0520917e-17,0,1.0
mehr1050997,1.0,2.0943949e-09,0,1.0
hmydghlamy26591,0.9999999,6.4422906e-08,0,0.9999999
mabeiginejad,1.0,8.503921e-12,0,1.0
vsalehieh,1.0,4.4606083e-11,0,1.0
ashik_billah8,1.0,1.3990244e-08,0,1.0
chekmyname,1.0,2.0296742e-13,0,1.0
hamedtgh,1.0,7.2906343e-09,0,1.0
afternoonsun7,1.0,9.076937e-10,0,1.0
ela4025,0.99999976,2.1930423e-07,0,0.99999976
mazarniya96849,1.0,3.021881e-10,0,1.0
shahin197979122,1.0,1.0461902e-10,0,1.0
seeyasookhte777,1.0,2.0800721e-08,0,1.0
gladiato2025,1.0,2.8412753e-10,0,1.0
1habibian,1.0,3.174089e-17,0,1.0
hodor937098,1.0,1.778174e-10,0,1.0
atoornia,1.0,1.7117566e-10,0,1.0
milaanmr,1.0,8.8652835e-10,0,1.0
moukafat,1.0,4.673572e-11,0,1.0
arashrezai4545,1.0,1.3569063e-13,0,1.0
crypto6166,1.0,8.146848e-12,0,1.0
ghoghnossssss,1.0,5.427952e-09,0,1.0
hds4717,1.0,6.780755e-09,0,1.0
niksimae,1.0,6.393064e-14,0,1.0
aaapp3690,1.0,2.074712e-11,0,1.0
zagalob1,1.0,4.8808122e-08,0,1.0
disruptive7,1.0,2.2358904e-08,0,1.0
julia_p8,1.0,2.7597926e-08,0,1.0
sstay566,0.9999994,5.780623e-07,0,0.9999994
pahlavi_com,1.0,2.3938317e-13,0,1.0
kamisaye81333,1.0,5.2761072e-12,0,1.0
fazisey,1.0,1.8578187e-09,0,1.0
nazanin_g,1.0,5.8244783e-08,0,1.0
fuckinbastarrd,1.0,5.1298657e-13,0,1.0
mammadpahlavi,1.0,3.3743202e-08,0,1.0
3lordmuzan,1.0,9.019635e-11,0,1.0
pause_death,0.99999976,1.965838e-07,0,0.99999976
jesus8399,1.0,4.483509e-08,0,1.0
spahbodperoz,1.0,4.302578e-09,0,1.0
banafsheh_ghsmi,1.0,1.1263728e-09,0,1.0
amirmehdi844960,0.99999964,3.405583e-07,0,0.99999964
silvio_1975_so,1.0,1.8730889e-10,0,1.0
tooshishun,1.0,5.7172062e-12,0,1.0
persian2581,0.9999995,5.2437235e-07,0,0.9999995
pedramshahnavaz,1.0,5.979371e-14,0,1.0
atosa1549,1.0,2.01433e-08,0,1.0
redstar_666666,0.9999999,6.531883e-08,0,0.9999999
yourfriend39,1.0,8.018868e-10,0,1.0
parsi14385,1.0,7.8766044e-21,0,1.0
sb8199120483475,1.0,4.230213e-09,0,1.0
dena_pv98,1.0,7.0141795e-14,0,1.0
sorkhnak,0.9999999,1.09243125e-07,0,0.9999999
kingofhell77,1.0,2.1450344e-10,0,1.0
amirhos86163217,1.0,1.6429823e-08,0,1.0
shahmihanabadi_,1.0,4.5814814e-11,0,1.0
unknownper31,1.0,3.1949218e-10,0,1.0
artemis_pe97652,1.0,9.240727e-09,0,1.0
palevoon,0.9999999,8.1320216e-08,0,0.9999999
sahartavakoli9,1.0,2.23462e-08,0,1.0
ahmad37480,1.0,3.3090974e-09,0,1.0
tar1350tar,1.0,5.489306e-13,0,1.0
korocodill,0.99999964,3.1076334e-07,0,0.99999964
fadaei93575185,1.0,1.8824449e-09,0,1.0
kiu_kiki,1.0,4.396991e-12,0,1.0
ggooddgirl,1.0,8.022024e-09,0,1.0
afgaar_4004,1.0,1.7297092e-10,0,1.0
qalandar63,1.0,2.4440323e-09,0,1.0
farehirantv,0.99999964,3.5357994e-07,0,0.99999964
saeednader48681,1.0,5.7605197e-12,0,1.0
sara_rhvrd,1.0,4.435007e-14,0,1.0
bozekhar,1.0,2.5613187e-13,0,1.0
jjohan3815,1.0,9.206176e-09,0,1.0
dr_dreamerr_,1.0,1.6600282e-10,0,1.0
farhad_tork,1.0,1.4592091e-09,0,1.0
soza1168229soza,1.0,2.5928324e-08,0,1.0
banovarahi,1.0,4.4286019e-13,0,1.0
anizh_irani,1.0,5.2128614e-11,0,1.0
persian_1991,1.0,2.4624647e-12,0,1.0
mikhailmandm,1.0,6.6064705e-16,0,1.0
shiporr_,0.99999964,3.8985556e-07,0,0.99999964
irajc31063,1.0,8.3351076e-10,0,1.0
snematollahi,0.9999999,1.4490386e-07,0,0.9999999
aysan_iran,1.0,3.709827e-08,0,1.0
samii987p,1.0,1.2595782e-09,0,1.0
vetiverrr,0.99999964,3.80229e-07,0,0.99999964
zoghalforoosh,0.99999964,3.221753e-07,0,0.99999964
abivardan1978,1.0,1.3380811e-08,0,1.0
arash1623998,1.0,2.8444608e-12,0,1.0
roshdisalm2665,1.0,1.5770253e-10,0,1.0
anonym0usalien,1.0,1.4732922e-10,0,1.0
annaanna198538,1.0,1.937686e-09,0,1.0
god_kochak,1.0,6.6649185e-16,0,1.0
siina1037500,1.0,3.1247203e-12,0,1.0
symmetrybody_tj,1.0,2.1556183e-08,0,1.0
kurosh1919,1.0,1.3747498e-11,0,1.0
z7pz8gpdhenwhok,1.0,5.1376573e-14,0,1.0
darvishomi21387,1.0,3.1772209e-13,0,1.0
jolijolia8274,1.0,2.4923894e-16,0,1.0
allhzby2573,1.0,1.09555915e-11,0,1.0
dariush_ki38195,1.0,2.0426799e-10,0,1.0
farhishan,1.0,8.280822e-13,0,1.0
smichelsss43669,1.0,5.2913498e-14,0,1.0
kanaeko05850214,1.0,4.782813e-08,0,1.0
eshghtabas8940,1.0,3.1546247e-13,0,1.0
mikemorrisss,1.0,3.0532703e-18,0,1.0
shah_khah1,1.0,3.54615e-13,0,1.0
royajoonrj,1.0,6.077574e-11,0,1.0
i5ln4h03g4ivmgl,0.9999999,1.7265457e-07,0,0.9999999
farshadrzh10454,1.0,2.7673865e-13,0,1.0
venom278777,1.0,1.7390445e-10,0,1.0
moradi_nashmin,1.0,4.1024494e-20,0,1.0
farhadamard3,0.9999999,1.1828547e-07,0,0.9999999
zarabithegr8,1.0,1.3742019e-11,0,1.0
nasim_golestan,1.0,5.239009e-10,0,1.0
cocol45102,1.0,4.0414852e-11,0,1.0
shahpahlavi1960,1.0,2.729748e-08,0,1.0
dan4kingreza,1.0,5.283002e-13,0,1.0
mahan20162016,0.99999964,3.3897413e-07,0,0.99999964
bahramrad84,1.0,5.6866223e-09,0,1.0
baabaaak,1.0,5.521588e-12,0,1.0
epm617946937790,1.0,1.7714036e-10,0,1.0
alamifariborz,1.0,3.186948e-18,0,1.0
keivanam,0.9999999,9.073725e-08,0,0.9999999
helaleshiri,1.0,9.120703e-18,0,1.0
eme6191,1.0,7.54099e-11,0,1.0
hos_bas_2000,1.0,4.4955528e-10,0,1.0
mary09695034,1.0,2.566362e-08,0,1.0
iiiiiinnnd,1.0,1.0015224e-09,0,1.0
uemkt3jt8hdfeui,1.0,5.245733e-12,0,1.0
ireadyouall,1.0,1.223069e-10,0,1.0
snapethesavage,0.99999976,2.957265e-07,0,0.99999976
tinaasheri,1.0,9.150827e-15,0,1.0
sseennaaas,1.0,3.6853137e-15,0,1.0
babaadoel,1.0,8.530368e-12,0,1.0
ariyamehr_2025,1.0,1.7271896e-11,0,1.0
mirza_koch_khan,1.0,5.027578e-12,0,1.0
rmiraghayi,1.0,1.0156108e-10,0,1.0
bambobia,0.9999999,6.6576135e-08,0,0.9999999
mashreghipesar,0.9999999,1.071361e-07,0,0.9999999
iraniiiiii989,1.0,2.5945424e-13,0,1.0
iranesarafraz1,1.0,1.3826407e-12,0,1.0
pacheazm,1.0,2.4323146e-08,0,1.0
_ali__aqa__,1.0,1.0295331e-09,0,1.0
estarlink11,1.0,3.787536e-13,0,1.0
redrockriver,1.0,1.2203123e-10,0,1.0
cas_gilak,1.0,6.408793e-09,0,1.0
vatanvataniran,1.0,3.8887538e-09,0,1.0
movibryant24,1.0,8.3991186e-10,0,1.0
lhstm53270,1.0,4.455175e-11,0,1.0
rexamian,1.0,3.6877246e-08,0,1.0
mahdifa23470728,1.0,8.03666e-10,0,1.0
fesenjoonnn,1.0,2.8048532e-11,0,1.0
barayeiran670,1.0,8.389261e-09,0,1.0
respina122626,1.0,1.8846211e-10,0,1.0
seshanbeh,0.99999976,2.3134908e-07,0,0.99999976
mhd_1403,1.0,1.1470863e-17,0,1.0
rezarezarezarrr,0.9999999,1.0294967e-07,0,0.9999999
zahra554628001,0.99999976,1.807507e-07,0,0.99999976
alireza1361493,1.0,1.6908252e-12,0,1.0
maziyar5862,0.99999976,2.7621422e-07,0,0.99999976
cyruspersia_25k,1.0,7.619566e-12,0,1.0
omhooda1,1.0,6.8021024e-09,0,1.0
ariuonte,1.0,2.6164386e-09,0,1.0
mikhtavile57,1.0,4.574145e-08,0,1.0
manouch88799342,1.0,2.1456166e-09,0,1.0
khelojitonew,1.0,2.7685346e-15,0,1.0
nikdast,1.0,2.8583214e-10,0,1.0
balochpahlavii,1.0,4.3393105e-24,0,1.0
hell_warrior_07,1.0,7.0140114e-16,0,1.0
calvino2025,1.0,2.366427e-12,0,1.0
marco66725922,1.0,7.2307e-16,0,1.0
zabihamini1525,1.0,6.154709e-10,0,1.0
adi_jony89902,0.9999999,1.315224e-07,0,0.9999999
saman222000,1.0,4.2834705e-11,0,1.0
womanofsunland,1.0,6.7107513e-12,0,1.0
hr4868,1.0,2.3870568e-09,0,1.0
poolack2410,1.0,2.5854618e-10,0,1.0
__gordafarid,1.0,4.048914e-08,0,1.0
karbandi15,1.0,8.899963e-14,0,1.0
persiaswrd,1.0,4.809217e-14,0,1.0
seraphvandad,1.0,9.893196e-15,0,1.0
mbwyry3021,1.0,5.839286e-11,0,1.0
majid1642,1.0,2.2153918e-15,0,1.0
zardoshtkiarash,1.0,8.933967e-09,0,1.0
kamangir1945,1.0,1.2246965e-13,0,1.0
mohsen199017,0.9999995,4.1934345e-07,0,0.9999995
jupiter17876647,1.0,9.1418095e-11,0,1.0
nasrin_p_d,1.0,1.9334419e-15,0,1.0
metaartdesign,1.0,3.7149235e-09,0,1.0
amoyerosita,1.0,2.492932e-08,0,1.0
_mahtabtabrizi_,0.99999976,2.1712373e-07,0,0.99999976
mci__italia,1.0,2.6064384e-08,0,1.0
mahnazkhodamad1,1.0,6.4832375e-09,0,1.0
firegirl5507,1.0,6.2053737e-13,0,1.0
zanvidaazadi,1.0,1.65002e-08,0,1.0
the_reward_king,1.0,7.536858e-16,0,1.0
nag49179,1.0,6.2023573e-09,0,1.0
tarverdiza70626,1.0,1.6531268e-11,0,1.0
biarosh,1.0,2.0369014e-11,0,1.0
hichennn,1.0,4.2046547e-10,0,1.0
aty96702021,1.0,4.5748336e-12,0,1.0
mmng199,1.0,2.6556908e-09,0,1.0
titi__1998,1.0,1.0745847e-14,0,1.0
dabbaghim2992,1.0,4.9425672e-08,0,1.0
ir_andromeda,0.9999999,1.0798091e-07,0,0.9999999
alabamaala64950,1.0,2.688571e-15,0,1.0
minaorkide,1.0,8.3032137e-10,0,1.0
jamsiavoosh,1.0,5.2752426e-08,0,1.0
96_95_89,1.0,1.4457224e-10,0,1.0
shahe_naz,1.0,2.1845919e-08,0,1.0
ramingh98859591,0.99999964,4.101231e-07,0,0.99999964
shiran_shahmir,1.0,1.825098e-10,0,1.0
trex_styler,1.0,3.4535188e-18,0,1.0
lcc80,1.0,2.4757691e-08,0,1.0
ariaijam,1.0,1.9143453e-08,0,1.0
azadi484848,1.0,1.0093914e-12,0,1.0
amir69179609,0.9999999,6.179487e-08,0,0.9999999
pedarpedro,1.0,1.1597319e-09,0,1.0
mitra1277701,0.9999999,1.0477993e-07,0,0.9999999
ali78829285,1.0,7.162068e-24,0,1.0
armando_lofi,0.9999993,7.603552e-07,0,0.9999993
persian_zebra,1.0,2.0177772e-10,0,1.0
dokhtarlor415,1.0,1.5507564e-09,0,1.0
ostad_patrik,1.0,1.11074684e-10,0,1.0
no_islamic_rep,0.99999964,3.903641e-07,0,0.99999964
zanzendeghi,1.0,3.7196244e-09,0,1.0
sunilvadakan,0.9999993,6.8000026e-07,0,0.9999993
leo8291mh,1.0,1.664139e-15,0,1.0
barbie4mvs,1.2665441e-07,0.9999999,1,0.9999999
hadimansou21135,1.0,2.508907e-08,0,1.0
mmwtaxgwvpof9zo,1.0,3.9043232e-13,0,1.0
arazeshe_foroos,0.9999994,6.403725e-07,0,0.9999994
r373832517098,1.0,6.71111e-12,0,1.0
cersei82,0.9999999,9.836144e-08,0,0.9999999
juljulzarah,1.0,1.0747257e-11,0,1.0
behmorrie,1.0,9.264164e-09,0,1.0
brian__73,0.9999994,6.293283e-07,0,0.9999994
azadehtina,1.0,1.2259774e-09,0,1.0
sarbazshahiran,1.0,9.483232e-11,0,1.0
nasim_aryaee,1.0,5.5868372e-11,0,1.0
mrymr22895850,0.9999999,1.176799e-07,0,0.9999999
abo_naser_kdmat,1.0,1.1956888e-15,0,1.0
mrcreatebymee,0.9999999,1.2180689e-07,0,0.9999999
patriotiran79,1.0,4.3023193e-11,0,1.0
noahfardad,0.9999995,4.6225279e-07,0,0.9999995
parvin_may,1.0,3.1100085e-13,0,1.0
zahrah11096569,1.0,4.3566367e-08,0,1.0
mamadhashem1348,1.0,1.0278548e-14,0,1.0
iran13571401,1.0,2.1149945e-11,0,1.0
yaardangholi,1.0,4.622444e-08,0,1.0
roham_8,1.0,1.17179715e-08,0,1.0
johnangelo0047,1.0,1.1713831e-09,0,1.0
hellosamiamm,1.0,6.513719e-12,0,1.0
ksrw270416,1.0,5.8090726e-14,0,1.0
uweh57076703,0.9999993,6.5636414e-07,0,0.9999993
elani0n,1.0,8.3408963e-10,0,1.0
maziyar_arya,1.0,1.1433072e-10,0,1.0
ata009821,1.0,9.3517846e-11,0,1.0
swanpeace,1.0,2.0116298e-09,0,1.0
lyr1582946,1.0,1.7014941e-09,0,1.0
katyostovar,0.9999999,9.8068455e-08,0,0.9999999
mehrabi_bahram,1.0,1.5128827e-11,0,1.0
armaneiranian,0.9999995,4.2044627e-07,0,0.9999995
ashkanitn,0.9999999,6.5716094e-08,0,0.9999999
yxaxsxsxi,1.0,5.700305e-09,0,1.0
pahlaviism,1.0,4.4197956e-19,0,1.0
beeechareh,1.0,4.8141016e-13,0,1.0
fadakar2005,1.0,1.5238639e-08,0,1.0
gorzefereidooni,1.0,9.276345e-13,0,1.0
fair__fairy,1.0,2.0945517e-08,0,1.0
iranzamin2583,1.0,4.088678e-16,0,1.0
sisi97102777,1.0,2.1213273e-09,0,1.0
alirezayar98,1.0,2.7300802e-20,0,1.0
mehranomidi13,1.0,1.28024435e-08,0,1.0
amirf0048,1.0,1.6803589e-10,0,1.0
navidafkaari,1.0,6.7948636e-10,0,1.0
ramin_monazam,1.0,2.5642827e-08,0,1.0
bdyasghr,0.99999964,3.7788652e-07,0,0.99999964
diako770374,1.0,1.3697658e-08,0,1.0
yb80538081,1.0,2.9640288e-12,0,1.0
mrschmidt811108,0.99999905,9.0410373e-07,0,0.99999905
shablon_22,0.99999905,9.732178e-07,0,0.99999905
mirzaeehsan3,1.0,8.141054e-12,0,1.0
ariobarzanes401,1.0,3.717931e-08,0,1.0
fereydunf52072,1.0,3.7158476e-15,0,1.0
prisoner0089,0.9999999,1.6711226e-07,0,0.9999999
sanaz553,1.0,9.847778e-13,0,1.0
hamidrezasavar3,1.0,4.1233257e-08,0,1.0
vivaald_i,1.0,1.9940241e-08,0,1.0
amirdas44621946,0.99999976,2.917473e-07,0,0.99999976
redaganahmady,0.99999964,3.4571087e-07,0,0.99999964
nazanin1111111v,1.0,2.3728836e-10,0,1.0
baranlyto71590,1.0,2.989184e-09,0,1.0
aalbsyr43106,1.0,6.887533e-10,0,1.0
reza81861772,1.0,5.522965e-09,0,1.0
nilgooniiii,1.0,3.100269e-11,0,1.0
king2581iran,0.99999964,3.058296e-07,0,0.99999964
hamed_b_r,1.0,1.4431444e-09,0,1.0
lessy_chertarry,1.0,3.973587e-15,0,1.0
iran_thekingdom,1.0,2.382966e-10,0,1.0
simba102025,1.0,1.8111089e-14,0,1.0
vahid280560482,0.99999905,9.3124487e-07,0,0.99999905
freemind1900,1.0,1.8979623e-16,0,1.0
soroushsou,0.9999999,1.13403836e-07,0,0.9999999
imranha75,1.0,3.403329e-08,0,1.0
liliat66,1.0,1.2346415e-12,0,1.0
saman13yeg,1.0,1.4293099e-10,0,1.0
gmvy82fz5y98589,1.0,1.4629872e-10,0,1.0
farschad834017,1.0,3.1248696e-08,0,1.0
hamediranei55,0.9999995,4.848643e-07,0,0.9999995
yastakas8,1.0,4.791663e-11,0,1.0
keshvari_aa,1.0,4.963386e-09,0,1.0
bikhabam,1.0,4.313549e-16,0,1.0
ariobarzan1399,1.0,1.6846591e-10,0,1.0
logndavn,1.0,2.7055472e-11,0,1.0
hklamolu,1.0,3.0351664e-14,0,1.0
spr_blwt,0.9999999,1.4327838e-07,0,0.9999999
dandalionsky,1.0,4.698723e-15,0,1.0
zkhishkar,1.0,3.872575e-08,0,1.0
mehrsammaria222,0.9999999,1.5984607e-07,0,0.9999999
moral_brave,1.0,1.2008788e-12,0,1.0
ablakoola,1.0,1.6141283e-13,0,1.0
daryous37879235,1.0,1.1184843e-08,0,1.0
pwry112370,1.0,8.804409e-12,0,1.0
sbobby1348,0.99999976,2.2549e-07,0,0.99999976
limoochiarham,1.0,1.210515e-11,0,1.0
zibatannaz,1.0,4.8146577e-11,0,1.0
yakamoz__4444,1.0,1.5113923e-10,0,1.0
holakoolooloo,0.9999999,7.927675e-08,0,0.9999999
sorna20102000,1.0,7.098353e-13,0,1.0
vahidkhan92,1.0,3.1059617e-08,0,1.0
nma8217,1.0,4.3030086e-11,0,1.0
michela42467922,1.0,1.2191934e-10,0,1.0
amir60095063,1.0,1.1016714e-15,0,1.0
mamale25,1.0,1.8043408e-10,0,1.0
aidakrzh,1.0,1.0436975e-09,0,1.0
erfanmz79,0.9999999,8.296082e-08,0,0.9999999
bambo60120,1.0,6.85666e-15,0,1.0
sarasazgar,0.9999999,1.70544e-07,0,0.9999999
fisherman1397,1.0,4.3521226e-10,0,1.0
ghorghoromr,0.9999994,5.4200706e-07,0,0.9999994
irandoost67493,1.0,6.551026e-11,0,1.0
lagerththa,0.9999999,1.4619741e-07,0,0.9999999
arthurvanderlie,1.0,9.884655e-18,0,1.0
doonkishot,1.0,3.7748812e-08,0,1.0
youtab_g35929,0.9999999,9.548185e-08,0,0.9999999
ebrahimyan7,1.0,1.6658788e-08,0,1.0
ztahwry,1.0,3.419239e-11,0,1.0
hwr53379792,1.0,2.0608558e-08,0,1.0
ferdiiran4,1.0,5.2969856e-21,0,1.0
mhmdqary30047,1.0,5.535327e-16,0,1.0
alibidarf,0.9999999,9.238528e-08,0,0.9999999
daryamonta6571,1.0,2.0148408e-12,0,1.0
payan____,1.0,5.245701e-09,0,1.0
wdadhr78822,1.0,8.7421395e-09,0,1.0
khodanoor369,1.0,2.7812708e-10,0,1.0
behzadm0,1.0,2.1903985e-09,0,1.0
asena9949768255,0.9999999,1.5124729e-07,0,0.9999999
parippp290604,1.0,3.1206447e-13,0,1.0
ashofteh_hal,1.0,1.4822234e-15,0,1.0
dondieg14561714,1.0,1.2435178e-09,0,1.0
mjyd27153591,1.0,6.4292417e-12,0,1.0
fahad_alamirii,0.99999905,9.78866e-07,0,0.99999905
paris8665,1.0,2.7860878e-09,0,1.0
davy0,0.99999964,3.8154178e-07,0,0.99999964
tyron2025,1.0,2.4339175e-14,0,1.0
hitler_vvv,1.0,2.2657907e-09,0,1.0
ks_465,1.0,3.9594042e-10,0,1.0
rockybalboa7557,1.0,5.5912384e-19,0,1.0
_baran_sss,0.9999999,8.3354486e-08,0,0.9999999
the__binary,1.0,9.209815e-12,0,1.0
ali_pourhosein1,1.0,4.6866493e-11,0,1.0
deadpoet1984,1.0,3.8843058e-09,0,1.0
mkocholoo,0.99999905,9.395401e-07,0,0.99999905
linesnft_h,1.0,5.7197042e-12,0,1.0
rocklandino19,1.0,3.6506802e-09,0,1.0
iranvadigarhich,1.0,9.370385e-12,0,1.0
fari_bibak,1.0,4.3116125e-10,0,1.0
sattartaji,1.0,5.4237834e-12,0,1.0
iran_nahid,1.0,1.3001795e-12,0,1.0
mamaghani838402,1.0,2.936281e-09,0,1.0
abdiroya65468,1.0,4.477704e-09,0,1.0
min53317703,1.0,2.7310276e-09,0,1.0
sarkob3,1.0,2.6793353e-08,0,1.0
aryobarzan67641,1.0,1.1701693e-11,0,1.0
hossein_sha5916,1.0,1.1456149e-13,0,1.0
alirezacanada,1.0,1.3892942e-16,0,1.0
azadmanesh13789,1.0,1.6562345e-16,0,1.0
faridm95116,1.0,3.5710155e-15,0,1.0
ibo_ooooo,1.0,4.2506573e-10,0,1.0
kaminarino_kami,1.0,5.275129e-09,0,1.0
javidshah55106,0.9999999,8.15277e-08,0,0.9999999
_agha_irani_,1.0,1.3000326e-09,0,1.0
padena21,0.9999999,1.0476194e-07,0,0.9999999
god_of_gods369,1.0,2.024674e-10,0,1.0
torkpour_arash,1.0,3.530526e-17,0,1.0
mr_iran12,1.0,5.9440136e-08,0,1.0
sheila_farhang,0.99999964,3.3811048e-07,0,0.99999964
alo_khoda,1.0,1.2557761e-09,0,1.0
rahbardonya,1.0,9.4762115e-12,0,1.0
hamedrasoli12,1.0,7.319922e-13,0,1.0
hivivik14766,0.99999976,2.1332579e-07,0,0.99999976
man_khaste41077,1.0,2.3986455e-12,0,1.0
mohamma23078991,1.0,5.6202985e-12,0,1.0
lively_breeze,0.9999999,1.5127571e-07,0,0.9999999
sorena57,1.0,8.189563e-13,0,1.0
7reza_azer,1.0,1.3997783e-10,0,1.0
moh_aminmo,1.0,9.514013e-11,0,1.0
poormaryam,1.0,4.900649e-10,0,1.0
amirmalekian250,1.0,1.317105e-08,0,1.0
amiramini2124,0.9999999,9.7756576e-08,0,0.9999999
azad_apap17,1.0,2.7670404e-19,0,1.0
kasra_persian23,0.99999964,3.0208844e-07,0,0.99999964
persianman81303,1.0,1.6337908e-13,0,1.0
abiasministry,1.0,2.0955508e-08,0,1.0
wildcatir,0.9999999,7.4679015e-08,0,0.9999999
hamid430088,1.0,3.0638434e-09,0,1.0
evangolnaz,1.0,2.4964188e-20,0,1.0
maryama50195877,1.0,6.602262e-09,0,1.0
jm66189021,1.0,2.2623844e-08,0,1.0
vsohrab11184,1.0,1.5947496e-15,0,1.0
majidi_tah69567,1.0,3.5500925e-11,0,1.0
arashhussein,1.0,4.4725865e-11,0,1.0
hosseinmal35061,1.0,7.8196685e-12,0,1.0
flash_srz,1.0,5.5896034e-09,0,1.0
hamidrezbeyk,0.99999976,2.4271873e-07,0,0.99999976
sycorendan,8.4183625e-07,0.99999917,1,0.99999917
eddieton43,0.9999999,9.0636064e-08,0,0.9999999
rtawakli,1.0,2.1513127e-09,0,1.0
prmara20,1.0,2.786991e-13,0,1.0
ahussein_mo,1.0,5.306382e-09,0,1.0
jkak51270,1.0,7.668112e-09,0,1.0
ara_ela6824,1.0,3.5368184e-11,0,1.0
dorsa4566,0.99999976,2.387883e-07,0,0.99999976
haratianali,1.0,1.2872321e-16,0,1.0
mojibdl1,1.0,1.213449e-14,0,1.0
emad263,1.0,1.7269517e-08,0,1.0
javad8845334765,1.0,2.1976383e-09,0,1.0
iamkhorsand,1.0,1.5206943e-14,0,1.0
daryl33dixon,0.9999999,9.942375e-08,0,0.9999999
iranmehrpars,1.0,2.1698175e-11,0,1.0
mkatbnwr_kdmate,1.0,2.113361e-15,0,1.0
hrmkh19,1.0,1.9917461e-13,0,1.0
javid_mina,0.9999995,5.231361e-07,0,0.9999995
ccellboo,1.0,4.9177134e-12,0,1.0
rezaazadi339869,1.0,2.8615624e-13,0,1.0
kianoosh6664,0.99999964,3.839399e-07,0,0.99999964
survivor_nftt,1.0,2.18789e-12,0,1.0
be_nam_e_zan,1.0,5.4590377e-09,0,1.0
babak_rahnavard,1.0,9.382081e-12,0,1.0
l1985000,1.0,5.616529e-11,0,1.0
baharaane1,1.0,3.341533e-09,0,1.0
iraanbaan2,0.99999976,1.7925842e-07,0,0.99999976
barandazamm,1.0,5.0103823e-13,0,1.0
ali_kariz231365,1.0,1.877159e-10,0,1.0
mahsaaaaa6,0.99999917,8.55874e-07,0,0.99999917
smohammadh76840,1.0,1.4051657e-10,0,1.0
afshin03929999,1.0,3.952572e-08,0,1.0
karimeshoon,1.0,2.7656164e-11,0,1.0
zakhmdyabet,1.0,7.797176e-09,0,1.0
fatmaz46342,0.99999976,2.6415225e-07,0,0.99999976
justsayin157328,1.0,1.4205646e-09,0,1.0
berker91705895,0.99999964,4.108395e-07,0,0.99999964
afsharsiroos,1.0,9.1652264e-10,0,1.0
abangan2500,1.0,4.350164e-10,0,1.0
edwardiosss,0.99999917,8.5939917e-07,0,0.99999917
m19549maral,1.0,1.2944216e-08,0,1.0
cyrus1656552160,0.99999976,2.3998822e-07,0,0.99999976
shahin_mad,0.99999964,4.024922e-07,0,0.99999964
vafaalishahi,1.0,6.955203e-10,0,1.0
taherimani505,0.9999999,6.881932e-08,0,0.9999999
alireza97458002,1.0,5.6987397e-09,0,1.0
navidafkari1,0.9999999,1.4157727e-07,0,0.9999999
nima_gharpooz,1.0,3.8742947e-09,0,1.0
1hdrgb1,1.0,1.3659873e-09,0,1.0
persianlio,1.0,1.6185085e-10,0,1.0
heidary_behnam,1.0,3.2664927e-13,0,1.0
arash471163,1.0,2.431097e-10,0,1.0
sina_delavari,1.0,9.404378e-10,0,1.0
aatashbaz,0.9999999,1.18353846e-07,0,0.9999999
iartour,1.0,2.1508704e-12,0,1.0
ghootti,1.0,2.1560254e-08,0,1.0
mehrbanojan,1.0,8.173069e-09,0,1.0
babakkhoram11,0.9999993,6.767887e-07,0,0.9999993
aa357100,1.0,6.4685307e-19,0,1.0
rafg40908355,1.0,4.251456e-08,0,1.0
binazir1988,1.0,2.9478963e-17,0,1.0
farshid49747133,0.9999999,9.627625e-08,0,0.9999999
fhajibaghe593,1.0,6.072942e-10,0,1.0
mohammadazadpor,1.0,4.9042975e-13,0,1.0
linconvaez,1.0,4.4521023e-10,0,1.0
adsignx,0.99999964,3.6019864e-07,0,0.99999964
sadjoker776579,1.0,2.3800256e-15,0,1.0
anti_left_x,1.0,2.4371069e-08,0,1.0
zfrfrhad,1.0,5.539147e-17,0,1.0
shahanshah2583,1.0,6.075491e-10,0,1.0
humantalk4ir,1.0,5.7821037e-09,0,1.0
ammazzidi,1.0,3.4609677e-08,0,1.0
bahaar1365,1.0,6.560586e-09,0,1.0
elham_darabi20,1.0,7.601326e-14,0,1.0
gsab770,1.0,3.1321719e-09,0,1.0
rahelehe8732122,1.0,8.6918854e-11,0,1.0
fatemeh168789,1.0,1.5750262e-10,0,1.0
cyrusthegreat6,1.0,1.049614e-10,0,1.0
samane91206812,0.9999995,4.209245e-07,0,0.9999995
nafass111,0.9999993,7.644209e-07,0,0.9999993
moorche10,1.0,1.1539772e-09,0,1.0
morfi6221,1.0,9.018259e-11,0,1.0
ssiamak8,1.0,4.3149053e-09,0,1.0
saeed_hame52198,1.0,2.5149758e-13,0,1.0
hou_sal45462,1.0,3.6600944e-08,0,1.0
w22662863,1.0,6.404482e-12,0,1.0
arlightning1017,1.0,2.1636673e-08,0,1.0
farzad9630,1.0,4.325123e-09,0,1.0
safedahm,1.0,1.123804e-09,0,1.0
yejaye_door,1.0,2.9525493e-10,0,1.0
mo0nym0on,1.0,3.0730787e-09,0,1.0
baymax_irani,1.0,2.3848017e-11,0,1.0
hamed772266,0.9999999,7.021857e-08,0,0.9999999
alialidap,1.0,6.767056e-10,0,1.0
shahramk82,0.99999964,3.3126236e-07,0,0.99999964
parast0000001,1.0,4.0833068e-13,0,1.0
kingreza2024,1.0,1.426772e-09,0,1.0
danialoow,1.0,6.888126e-13,0,1.0
rokhsareamidi,1.0,8.583481e-26,0,1.0
warriorofpersia,1.0,5.343488e-11,0,1.0
hosseinakb27255,1.0,2.4222935e-10,0,1.0
zedroojoanna,1.0,7.791126e-09,0,1.0
justirajov,1.0,1.7562695e-12,0,1.0
ali466943372712,1.0,1.3274072e-12,0,1.0
rick02495449,0.99999976,2.8145476e-07,0,0.99999976
yalda29792344,0.99999976,2.4511348e-07,0,0.99999976
amirjavani12,1.0,2.0241335e-10,0,1.0
asal2321401,0.99999976,1.8803435e-07,0,0.99999976
shah7_45,0.9999999,6.393363e-08,0,0.9999999
wraf99,1.0,2.1612049e-08,0,1.0
siavash_8888,0.9999999,5.96118e-08,0,0.9999999
wakeuptoraelity,1.0,9.764342e-13,0,1.0
azpoiuytrewqaz,1.0,1.1126826e-14,0,1.0
samana82867,1.0,5.0490536e-13,0,1.0
javid2h,1.0,8.260701e-11,0,1.0
fatttemes,1.0,2.0830466e-11,0,1.0
milankhajehie,1.0,5.040894e-09,0,1.0
students00,0.99999976,2.3523468e-07,0,0.99999976
x_userunk9,1.0,2.7256313e-09,0,1.0
arthurbmorgan1,1.0,1.2921977e-10,0,1.0
alikhani_alirza,1.0,3.9656017e-10,0,1.0
mariyaei78796,1.0,8.718157e-10,0,1.0
kaj_o_kole,1.0,6.325776e-12,0,1.0
paniali3,1.0,3.3753785e-14,0,1.0
mkamariii79233,1.0,2.3537674e-13,0,1.0
mama22518,1.0,3.526196e-11,0,1.0
risen_for_iran,1.0,1.21837904e-11,0,1.0
mrbean30ia30,1.0,2.8393984e-08,0,1.0
kamran13672,1.0,7.247149e-11,0,1.0
leily9865472831,1.0,2.666884e-16,0,1.0
ashkan163230091,1.0,1.1056723e-09,0,1.0
barg_,1.0,2.3892763e-08,0,1.0
oopirani,0.9999994,6.497142e-07,0,0.9999994
rahatolholghum,1.0,8.327451e-13,0,1.0
vivaviva199538,1.0,7.7377923e-14,0,1.0
payambakht,1.0,1.3981841e-08,0,1.0
khashayar0007,1.0,3.4655108e-09,0,1.0
tanhaee777,0.9999999,1.1555729e-07,0,0.9999999
starbombairan,1.0,5.0665355e-16,0,1.0
dari_paryayi,1.0,1.993981e-13,0,1.0
shadows_off,1.0,6.854298e-10,0,1.0
md77545448,1.0,9.919793e-09,0,1.0
araspashaei,1.0,3.8882175e-10,0,1.0
mehrad_ariaei,1.0,5.9699867e-12,0,1.0
nilimlim,0.9999995,4.4640964e-07,0,0.9999995
arablengeh,1.0,5.04237e-11,0,1.0
hamid462996,1.0,3.4353556e-13,0,1.0
alireza336a,1.0,6.4038864e-11,0,1.0
humaye_iran,1.0,8.4631975e-11,0,1.0
hassejam,1.0,5.830914e-08,0,1.0
shahrazshaa,1.0,1.0923725e-08,0,1.0
ameh_far,0.9999999,8.852923e-08,0,0.9999999
topolmirza,1.0,2.2335865e-10,0,1.0
roya1se,1.0,3.9072532e-08,0,1.0
foroughfarrokh5,1.0,5.64566e-10,0,1.0
bahmani48446962,1.0,9.8645606e-14,0,1.0
eevahid,1.0,5.5144813e-09,0,1.0
moji8665,0.99999976,2.9776976e-07,0,0.99999976
hesambahrami4,0.9999995,4.807526e-07,0,0.9999995
aminkas2,0.99999905,9.402446e-07,0,0.99999905
mihan_dos,1.0,5.8671618e-15,0,1.0
richardabbas53,1.0,4.6079893e-12,0,1.0
mlkfarshad,1.0,4.8696315e-17,0,1.0
hojjata47844,1.0,9.6640107e-17,0,1.0
tthenry141414,1.0,2.9166007e-16,0,1.0
farhangn1arezoo,1.0,1.3866829e-10,0,1.0
paddy1339,0.99999976,2.7106557e-07,0,0.99999976
atousa_patriot,0.9999999,1.3381148e-07,0,0.9999999
behnam_ad,1.0,1.797105e-09,0,1.0
radman_s51,1.0,1.3402087e-12,0,1.0
god_king_people,0.9999999,8.219284e-08,0,0.9999999
javid_shah4123,0.9999999,1.1057935e-07,0,0.9999999
sourimogharrabi,1.0,1.6347635e-09,0,1.0
karoon51942417,1.0,1.6977637e-08,0,1.0
ras99841,1.0,1.09772705e-13,0,1.0
piron_e_iran,0.9999999,6.486604e-08,0,0.9999999
daniel230708,1.0,2.9796088e-17,0,1.0
shima80100,1.0,2.0417713e-11,0,1.0
ancient4life,1.0,2.8036695e-16,0,1.0
eggshell991115,0.99999917,7.900736e-07,0,0.99999917
pasargad28533,1.0,1.255715e-11,0,1.0
agh28471801,1.0,2.3336412e-14,0,1.0
hamed_usf,1.0,2.4290112e-10,0,1.0
1raneazad,0.9999994,6.236191e-07,0,0.9999994
2025zoldik,1.0,2.4000222e-09,0,1.0
mahsaamini2500,1.0,1.8412326e-23,0,1.0
sooffiiaa78,1.0,7.9859147e-10,0,1.0
ilyarad410725,1.0,6.300324e-11,0,1.0
rainydaysofyear,1.0,2.0940325e-08,0,1.0
mehrzadary51364,1.0,3.6294898e-13,0,1.0
azarsam_radinya,1.0,5.0121463e-11,0,1.0
smherbani,1.0,4.5144932e-09,0,1.0
javadhossini14,0.9999994,5.649753e-07,0,0.9999994
mersadraeisi,0.9999999,1.3498014e-07,0,0.9999999
hichestannisty,1.0,2.3596755e-08,0,1.0
ebrahimi29877,1.0,1.08664205e-14,0,1.0
iranusa2000,1.0,8.9473956e-11,0,1.0
reza_datja,1.0,1.6272747e-10,0,1.0
elahe87936389,0.99999976,2.573777e-07,0,0.99999976
bzd_dn,1.0,3.1245923e-10,0,1.0
javadpartizan,1.0,6.39494e-11,0,1.0
lilisadr1315,1.0,1.854031e-09,0,1.0
milad_superhero,1.0,5.5025824e-11,0,1.0
mrubin1971,4.9323023e-07,0.9999995,1,0.9999995
elahehshe,1.0,2.1162567e-08,0,1.0
rtbpra,1.0,6.5542118e-15,0,1.0
shangoo00,1.0,1.2742587e-08,0,1.0
pahlavi554490,1.0,5.411938e-13,0,1.0
amir420am,1.0,1.2657097e-13,0,1.0
royaljasmine12,1.0,1.6615687e-09,0,1.0
nisreen_fahid,1.0,4.092018e-08,0,1.0
jozef522007,1.0,1.7674896e-09,0,1.0
aban19771,1.0,3.3211303e-09,0,1.0
akharin_kalam,1.0,4.8603482e-11,0,1.0
basyafshyn23434,1.0,1.9636534e-11,0,1.0
ravanparis,1.0,5.9419613e-12,0,1.0
kadelaw,1.0,1.8142909e-09,0,1.0
may_eddii,1.0,1.7669715e-08,0,1.0
abwjwdaldwsry41,1.0,1.256848e-08,0,1.0
masih_iran71,1.0,5.2260315e-15,0,1.0
zartoshtgr36261,1.0,2.8306e-16,0,1.0
reyhane24793826,1.0,1.1477125e-09,0,1.0
join_today8,1.0,9.0746383e-13,0,1.0
miss_marvaa,1.0,1.1608067e-10,0,1.0
arifajahan90031,1.0,2.9270954e-08,0,1.0
srwshsyna58051,1.0,1.6466517e-17,0,1.0
parandehazad96,1.0,1.3910326e-10,0,1.0
bb__9959,1.0,6.269014e-11,0,1.0
artemispor,1.0,1.3607936e-21,0,1.0
jupiter27685052,0.9999999,1.5158838e-07,0,0.9999999
hedieh696992260,1.0,9.483502e-15,0,1.0
solaris73693693,1.0,2.2698282e-11,0,1.0
pls_save_iran,1.0,1.8176203e-12,0,1.0
basydawd23028,1.0,7.456885e-12,0,1.0
alikasra51,0.9999999,1.6573416e-07,0,0.9999999
mohsenshar41211,1.0,4.2295213e-08,0,1.0
farhad1371398,0.9999999,6.3772625e-08,0,0.9999999
sarmadisay7585,1.0,1.4394902e-10,0,1.0
mahtwittiti,0.99999905,9.4006174e-07,0,0.99999905
nftbooks2,1.0,4.806588e-09,0,1.0
shh305456,0.9999995,4.7172472e-07,0,0.9999995
noteferoun,1.0,1.0018714e-14,0,1.0
studhkm,1.0,1.6391087e-14,0,1.0
jamshidkingstar,1.0,4.0880293e-13,0,1.0
mahmoudmemar8,1.0,2.324583e-14,0,1.0
sorena_saadat,1.0,2.5912003e-16,0,1.0
passenger1349,1.0,1.8207855e-11,0,1.0
mta1342,0.99999976,2.477416e-07,0,0.99999976
mhshari55663849,1.0,4.349397e-08,0,1.0
sami96669345,1.0,9.371615e-09,0,1.0
maryamszsz,1.0,3.2399727e-09,0,1.0
thedarkurge11,1.0,2.0035959e-13,0,1.0
lidia77ry,1.0,4.2824126e-09,0,1.0
nazartash,1.0,1.7901125e-09,0,1.0
mehrabad9,1.0,2.334227e-08,0,1.0
gh0ghn0u5,1.0,5.0261022e-08,0,1.0
_mono77_,1.0,4.1217724e-10,0,1.0
sara___stanley,1.0,6.839542e-17,0,1.0
avarhvatan,1.0,2.1977378e-10,0,1.0
haghshenas1a,0.9999999,1.68234e-07,0,0.9999999
behnoudam,1.0,3.0286405e-12,0,1.0
artavandkrazy02,0.9999999,1.00008975e-07,0,0.9999999
hamidiran1393,1.0,1.8988228e-10,0,1.0
hamidgh_nc,1.0,1.3732102e-09,0,1.0
kkhanzadeh59819,1.0,6.3623893e-09,0,1.0
alice_wndr420,1.0,1.6206609e-11,0,1.0
ghiamidavood,1.0,5.1126282e-08,0,1.0
annisaboutgod,1.0,1.2323765e-11,0,1.0
dr_hanaoka,1.0,1.6108768e-10,0,1.0
mmonshizadegan,1.0,9.580694e-12,0,1.0
sassoon1828saba,1.0,1.5230654e-11,0,1.0
shahwillreturn,1.0,1.4889824e-10,0,1.0
benav_a,1.0,4.4893148e-10,0,1.0
soofiahagh,1.0,1.1554274e-11,0,1.0
bandar_abadan,1.0,1.865122e-09,0,1.0
bfrhady97684,1.0,4.18115e-18,0,1.0
yelowstoon,1.0,9.64431e-09,0,1.0
_melikaarian,1.0,6.340178e-11,0,1.0
maryirani2,1.0,1.0162178e-09,0,1.0
ridam2islamm,1.0,8.738529e-11,0,1.0
irg_isar,1.0,4.5162674e-09,0,1.0
jefreykhan,1.0,1.160929e-13,0,1.0
iraanvatanman00,1.0,3.3225733e-10,0,1.0
persianrider_,0.9999994,6.0242974e-07,0,0.9999994
parham26693609,1.0,1.883587e-09,0,1.0
drstrange1368,1.0,1.2097631e-10,0,1.0
asaee83334593,1.0,1.7348891e-11,0,1.0
fredom2023,1.0,7.999691e-15,0,1.0
grootbigroot,1.0,3.4912564e-18,0,1.0
gandom197777,1.0,1.875974e-14,0,1.0
omid41142031,0.99999917,8.067151e-07,0,0.99999917
airrint,1.0,1.1787219e-11,0,1.0
malihe1349,1.0,1.454217e-08,0,1.0
mhh541533335391,1.0,3.3438856e-09,0,1.0
sara94493626,1.0,2.7615998e-11,0,1.0
hell_ice_saler,1.0,1.0011036e-14,0,1.0
fathi_shirin,1.0,1.6671853e-08,0,1.0
cna30m,1.0,1.4104839e-08,0,1.0
sarbazgard,1.0,3.1979223e-17,0,1.0
mary_javanan,1.0,7.151209e-15,0,1.0
edwardcentaur,0.99999976,2.5380874e-07,0,0.99999976
nazanin63313677,1.0,3.7391196e-10,0,1.0
behzad_8619,1.0,7.857614e-12,0,1.0
khashayarshahx,1.0,3.8925474e-08,0,1.0
barayeekhaharam,1.0,2.9940998e-11,0,1.0
ddadkhah19002,1.0,6.0248363e-16,0,1.0
zaraparis6,1.0,5.7516164e-08,0,1.0
sam00885645,1.0,2.1860662e-09,0,1.0
_dr_faust_,1.0,2.2773924e-10,0,1.0
judiiiii198,1.0,8.082003e-11,0,1.0
damonshahh,1.0,5.3173416e-10,0,1.0
irandokht2020,1.0,2.470692e-09,0,1.0
bhrmgoor,0.99999976,1.7949758e-07,0,0.99999976
shaahabbas,1.0,6.1474617e-09,0,1.0
dralan47571564,1.0,9.111877e-09,0,1.0
k_marpl78235,0.99999976,1.8991167e-07,0,0.99999976
tabasom95163,1.0,5.357032e-14,0,1.0
davaroupgraded,1.0,3.1019905e-11,0,1.0
farzin60886837,1.0,1.187148e-09,0,1.0
mohsenkian12,1.0,3.009042e-11,0,1.0
molinacoli50536,1.0,6.7927053e-12,0,1.0
farhanizar13073,1.0,9.2089814e-10,0,1.0
iran_int,1.0,4.7148467e-15,0,1.0
khwshans1082,1.0,2.1052535e-12,0,1.0
sonorondine,1.0,3.128856e-14,0,1.0
saraathecurious,1.0,2.9893717e-13,0,1.0
ramonitosoniga,0.99999964,3.1512897e-07,0,0.99999964
mnadeali31585,1.0,5.151929e-20,0,1.0
judyy_abbottt,0.9999999,6.4403984e-08,0,0.9999999
antiakhondd,1.0,3.1296336e-13,0,1.0
sousereh,0.9999994,6.1295395e-07,0,0.9999994
koler2otikeh,1.0,2.626733e-10,0,1.0
ariyaeisharar,1.0,1.0549941e-08,0,1.0
tommygilmo4497,0.99999917,7.810999e-07,0,0.99999917
maryamebi58,1.0,2.577897e-11,0,1.0
k1b8ltcw3emy3vl,0.99999964,3.9056633e-07,0,0.99999964
izehiran,1.0,3.167997e-14,0,1.0
persian_lady56,1.0,7.8882734e-13,0,1.0
hmdrzebdn,0.9999993,6.785479e-07,0,0.9999993
pmetran15299,1.0,1.7132167e-10,0,1.0
ans_anso11529,1.0,1.25422615e-11,0,1.0
dimoomid70,1.0,4.960317e-10,0,1.0
esfah23432,1.0,3.5122312e-09,0,1.0
fardadbehzadi,1.0,4.330963e-11,0,1.0
ream1287754,0.99999964,2.9950357e-07,0,0.99999964
captainzeus_,1.0,1.6480736e-15,0,1.0
shahramkoma,1.0,2.7077324e-10,0,1.0
scilentpet,1.0,3.7678316e-08,0,1.0
shahram61222237,1.0,4.7682757e-08,0,1.0
kalagh_sephid,0.9999999,1.18118855e-07,0,0.9999999
itspouria1,0.9999995,4.763658e-07,0,0.9999995
farshad48468312,1.0,5.503107e-11,0,1.0
arman43682302,1.0,5.304636e-11,0,1.0
alppakkaaaa,0.9999999,1.1279281e-07,0,0.9999999
chakaaavakk,1.0,2.1985574e-08,0,1.0
somoo1975,0.99999964,3.5957467e-07,0,0.99999964
ghoroube,1.0,5.5201194e-10,0,1.0
asosan1960,1.0,3.483546e-11,0,1.0
miremad1212,1.0,3.0184566e-08,0,1.0
muayded222,1.0,1.1902245e-13,0,1.0
4parsa1566238,1.0,2.184429e-12,0,1.0
behnam64589746,1.0,1.09087476e-13,0,1.0
db5ixvb1sn76729,1.0,1.0278163e-09,0,1.0
7septimus7,0.9999999,6.699255e-08,0,0.9999999
iranianpatriott,1.0,2.2830997e-09,0,1.0
zoalaktaf48187,1.0,1.4929e-19,0,1.0
hanieh566933,1.0,3.4580658e-11,0,1.0
noor24252,0.99999976,1.8549062e-07,0,0.99999976
roshanak191401,1.0,4.113767e-11,0,1.0
korosh2582,1.0,2.0904725e-12,0,1.0
afroditeh91,1.0,4.5931117e-10,0,1.0
moinkave5464,1.0,2.2082644e-13,0,1.0
sahraeisoheila,1.0,9.652194e-15,0,1.0
sean35254843,1.0,2.714338e-12,0,1.0
musashirin280,1.0,2.063603e-14,0,1.0
sara817293591,0.9999995,4.801217e-07,0,0.9999995
justgod63411563,1.0,5.508013e-14,0,1.0
kafeiiin,1.0,3.3490204e-11,0,1.0
sahabetwiter,1.0,2.0273735e-08,0,1.0
jirinngi,1.0,1.9290908e-12,0,1.0
mss_bean,1.0,2.6857856e-13,0,1.0
maryayy97153,1.0,2.898692e-13,0,1.0
amansoureh27288,1.0,3.4951417e-10,0,1.0
shiyda2002,0.9999999,7.374636e-08,0,0.9999999
bella39002923,1.0,1.3599474e-14,0,1.0
najilyla,1.0,6.6493495e-09,0,1.0
oghlokor25088,1.0,1.31926015e-11,0,1.0
kourosh84734145,1.0,4.6705487e-12,0,1.0
mehdiiqq,1.0,2.52953e-12,0,1.0
tlakli,1.0,7.092963e-14,0,1.0
pahlaviomidiran,1.0,6.8571536e-16,0,1.0
farzamgfh_,1.0,1.0521157e-17,0,1.0
hasanahmadsimab,1.0,5.93564e-16,0,1.0
kosianodavinci,1.0,7.663439e-15,0,1.0
nehtemami,0.9999999,6.8278034e-08,0,0.9999999
j3ntelman,1.0,2.9713876e-08,0,1.0
drsher0,1.0,2.704615e-10,0,1.0
zarr_mamad,1.0,1.0770862e-10,0,1.0
masoud01355276,1.0,1.4554698e-10,0,1.0
rosette_tmdn,1.0,3.4909775e-10,0,1.0
franchi13600,1.0,1.786882e-09,0,1.0
iran13041304,1.0,9.476817e-14,0,1.0
kingalonevito,1.0,5.998456e-11,0,1.0
iranize_great,1.0,3.8488914e-09,0,1.0
minamoon111,1.0,3.078231e-08,0,1.0
mojpahlavi89520,1.0,3.0072045e-12,0,1.0
jaanfadayeiran,1.0,9.824913e-12,0,1.0
husain4412,0.99999964,3.245876e-07,0,0.99999964
paradayss,1.0,8.860989e-10,0,1.0
sitdawnhere,1.0,1.41556695e-08,0,1.0
fere_mehr,0.99999964,3.2252544e-07,0,0.99999964
javid_shah63,0.9999995,5.0303606e-07,0,0.9999995
sh_kz1975,1.0,1.1186005e-10,0,1.0
mortazavifarnaz,1.0,4.3487893e-09,0,1.0
mirzadehm715,1.0,4.172743e-15,0,1.0
azadi14012500,1.0,3.8929393e-09,0,1.0
nicelife1159,1.0,2.3228061e-10,0,1.0
prysash15265,1.0,9.852912e-12,0,1.0
sabzi_koka,1.0,7.064354e-10,0,1.0
aura17q77,1.0,3.1483885e-11,0,1.0
khodazedeh666,1.0,5.840161e-09,0,1.0
iranshahi0,0.99999976,2.7879983e-07,0,0.99999976
amir_mahmo75146,0.9999999,6.2422004e-08,0,0.9999999
mrkamyaar,0.99999905,9.628027e-07,0,0.99999905
payiz1981,1.0,4.6021706e-10,0,1.0
afarinazim14930,1.0,8.707266e-15,0,1.0
iran_e1,1.0,1.0467705e-11,0,1.0
amanouchehri777,1.0,1.2081444e-10,0,1.0
ritadalir,1.0,1.8153338e-08,0,1.0
nikapatriots,1.0,5.6306426e-08,0,1.0
soren7899,1.0,2.8948495e-11,0,1.0
amirkhan1364,1.0,7.116006e-12,0,1.0
mhmd_abyar15960,1.0,2.150689e-09,0,1.0
tashakkorramtin,1.0,1.316271e-16,0,1.0
gracebrown45449,1.0,1.1514596e-13,0,1.0
ahouramazd39274,1.0,2.3211752e-11,0,1.0
ahora_mazdai,1.0,8.244041e-20,0,1.0
ghodghodbimahal,1.0,4.079668e-11,0,1.0
sofia69594023,1.0,1.3203691e-09,0,1.0
ashirimohammad,1.0,1.7716614e-09,0,1.0
amirali1426210,1.0,1.8385809e-14,0,1.0
sefryekd,1.0,3.212151e-11,0,1.0
sinanic69,1.0,1.1063008e-13,0,1.0
ku00789,1.0,4.96738e-10,0,1.0
mulaa_shopen,1.0,5.178947e-19,0,1.0
gavinfranc29484,0.99999964,4.0384407e-07,0,0.99999964
radmehr1989h,1.0,5.152731e-14,0,1.0
tree_of_light78,0.9999999,1.01162186e-07,0,0.9999999
monak23943587,1.0,2.3409011e-12,0,1.0
gholaamkalehpaz,1.0,3.9360842e-14,0,1.0
youngaliiiiiii,1.0,1.9917348e-09,0,1.0
reyhan43609021,1.0,5.5067973e-13,0,1.0
mehrdadhm1992,1.0,9.941307e-17,0,1.0
vatan1iran,1.0,3.3877061e-09,0,1.0
yourkshire,1.0,1.4043398e-11,0,1.0
sahariiiab,1.0,2.8450048e-11,0,1.0
purya_taji,0.9999999,1.5524891e-07,0,0.9999999
farei75080,1.0,1.3314179e-13,0,1.0
kavehsaraj1,1.0,8.21078e-11,0,1.0
shahmibakhshad,1.0,2.7744969e-08,0,1.0
afekolio,1.0,1.9973372e-14,0,1.0
raha_shahi123,1.0,5.9612254e-12,0,1.0
i_am_elfo,1.0,3.969518e-08,0,1.0
miiadination,1.0,1.7909594e-09,0,1.0
dayvid66909,1.0,6.3093255e-09,0,1.0
rahaomidi2,0.9999994,5.626938e-07,0,0.9999994
alacahanasoo,1.0,2.82183e-12,0,1.0
1onehundred,1.0,3.6255688e-12,0,1.0
koroosh2000,1.0,1.2737387e-08,0,1.0
piremardwanted,1.0,1.0187704e-08,0,1.0
sami_rastakhiz,0.9999993,7.740087e-07,0,0.9999993
ariosarbazirani,1.0,2.679367e-11,0,1.0
aamy113,1.0,1.0926096e-09,0,1.0
fallllllya90778,1.0,7.344811e-18,0,1.0
mohammadsh67062,1.0,2.6375894e-12,0,1.0
arthurmorg_2002,1.0,1.94601e-11,0,1.0
kingbezoz,0.99999976,2.7970026e-07,0,0.99999976
beshghiran,0.99999976,2.231854e-07,0,0.99999976
moonlighttt6788,1.0,8.1829393e-10,0,1.0
swarleg,1.0,9.168414e-09,0,1.0
fhajiaghazadeh,1.0,4.0742596e-09,0,1.0
farshidq144000,1.0,1.2036017e-14,0,1.0
hendileila,0.9999993,7.473715e-07,0,0.9999993
zpersian2023,0.9999999,6.590488e-08,0,0.9999999
sardarborna,1.0,1.5848404e-11,0,1.0
asemanipayman,1.0,1.0472548e-09,0,1.0
liliium4,1.0,6.4478445e-09,0,1.0
mr_professoram,1.0,1.4157253e-13,0,1.0
maymi72311962,1.0,8.420665e-09,0,1.0
bahader_taheri,1.0,2.4273216e-13,0,1.0
abolfazlm97139,1.0,2.6703497e-09,0,1.0
farhad5778,1.0,7.815597e-16,0,1.0
saramou87727167,1.0,7.8559287e-10,0,1.0
sandra_i22,0.9999993,6.6804716e-07,0,0.9999993
farzandkorosh62,1.0,4.3910215e-13,0,1.0
padeshahjahan,1.0,3.358033e-11,0,1.0
agha583,0.9999993,7.4499326e-07,0,0.9999993
sheriiiiii_m,1.0,1.3519244e-11,0,1.0
8bis961143,0.99999976,2.2282194e-07,0,0.99999976
avaziba,1.0,7.929774e-09,0,1.0
parvaz1404,1.0,1.0748128e-13,0,1.0
misi1433002,1.0,3.0579754e-13,0,1.0
standbyiran,1.0,2.539837e-12,0,1.0
arkerheinsoe,1.0,1.6154553e-10,0,1.0
atorpat7,1.0,1.2524636e-12,0,1.0
abresefiiid,0.99999964,3.6345256e-07,0,0.99999964
anairji83782,0.9999994,6.084217e-07,0,0.9999994
4itjyi7xfgqr7td,1.0,1.8696909e-10,0,1.0
aegonsfire,1.0,1.2304487e-14,0,1.0
winds_of_chang3,1.0,2.9069627e-10,0,1.0
negii2201,1.0,2.1568088e-10,0,1.0
ros_feri,1.0,6.90037e-09,0,1.0
salehi_moh99021,0.99999917,8.4810154e-07,0,0.99999917
namdarpour72314,1.0,3.2795667e-12,0,1.0
shidyshab,1.0,2.360206e-16,0,1.0
manizhek16761,1.0,2.2294515e-08,0,1.0
iranlover25000,1.0,1.43335726e-08,0,1.0
persianman0077,1.0,1.8805366e-08,0,1.0
schahram69,0.9999999,7.729761e-08,0,0.9999999
riir_him,0.99999905,1.0060395e-06,0,0.99999905
pariaaminn,1.0,1.7062161e-09,0,1.0
harrypotter1_1,1.0,2.705973e-13,0,1.0
masoudm61371569,1.0,2.3400062e-10,0,1.0
search_drop24,1.0,1.1589737e-12,0,1.0
hosein_malek,1.0,5.0919346e-17,0,1.0
esmaeilzadanppp,1.0,7.5408496e-10,0,1.0
youngestibile,1.0,2.012643e-09,0,1.0
3megabazus3,1.0,5.16917e-14,0,1.0
narouei1995,1.0,2.8679799e-15,0,1.0
afsharazi,1.0,2.1286604e-08,0,1.0
positivistique,1.0,1.0002353e-10,0,1.0
hassanmoallem21,1.0,1.6417215e-10,0,1.0
ppasargad,1.0,5.1732246e-10,0,1.0
mrpwood1,0.9999993,7.4532727e-07,0,0.9999993
mehran_kara,0.99999976,1.8840556e-07,0,0.99999976
iraneazadddddd,1.0,1.935543e-17,0,1.0
ashimashi_birdy,1.0,3.3357457e-12,0,1.0
yadi53408883,0.9999999,1.6677728e-07,0,0.9999999
saray398049,1.0,1.1554322e-14,0,1.0
khanlar15924424,1.0,1.1462291e-13,0,1.0
frshadfathi,1.0,1.6358658e-15,0,1.0
mmilad99,1.0,3.8739377e-14,0,1.0
mahde_tamadon,0.9999999,9.8134876e-08,0,0.9999999
lost_in_uni_369,1.0,2.3040641e-08,0,1.0
mohammad1026599,1.0,4.9028197e-13,0,1.0
azarbal1421,1.0,2.6065974e-08,0,1.0
soheil45100537,1.0,3.20132e-14,0,1.0
sorayahadd77913,1.0,1.2024259e-12,0,1.0
mr_nima_o,1.0,5.2124466e-10,0,1.0
n3on0wl,1.0,5.0596777e-24,0,1.0
ai59517082,1.0,5.2266254e-09,0,1.0
aslanihabibeh,1.0,1.9284895e-10,0,1.0
miadshaa,1.0,3.3619385e-13,0,1.0
bzimzi,1.0,1.3176069e-09,0,1.0
jngwzyr,1.0,9.90949e-12,0,1.0
mkrasouli1,1.0,5.7146778e-08,0,1.0
amir08051974,1.0,1.7584953e-12,0,1.0
homeirabakhtia1,1.0,1.7313315e-08,0,1.0
abbaszadeh71,1.0,1.4337667e-09,0,1.0
belansh,1.0,7.25747e-18,0,1.0
sinasht9,1.0,1.0954672e-11,0,1.0
basicrights4u,1.0,2.9103775e-08,0,1.0
padeshahikhahan,1.0,2.0152845e-14,0,1.0
mota04072083,1.0,2.4628591e-12,0,1.0
mojinoo1,1.0,1.792299e-09,0,1.0
bermodamod,1.0,6.1722016e-10,0,1.0
pouryasahi,1.0,4.946563e-09,0,1.0
b45391hmyd,1.0,7.907669e-11,0,1.0
shirokhorshidd,1.0,8.3412416e-11,0,1.0
h10poorya,1.0,7.16641e-10,0,1.0
ehsanhz13,1.0,5.4289223e-10,0,1.0
namhpayan,1.0,2.5799925e-11,0,1.0
foulparvin1,0.9999994,6.385771e-07,0,0.9999994
hercool20,1.0,3.6390702e-09,0,1.0
azameshraghi,0.9999999,9.88906e-08,0,0.9999999
dkhosraviar,1.0,8.126238e-12,0,1.0
maghso46283,1.0,2.843661e-10,0,1.0
nakedgrizly,0.99999964,3.8531726e-07,0,0.99999964
omidvaram3,1.0,2.5639915e-10,0,1.0
qtz220,1.0,1.4614853e-12,0,1.0
sa77444s,1.0,9.20553e-12,0,1.0
behem_migan,1.0,3.7638813e-08,0,1.0
negnag00,1.0,3.389773e-10,0,1.0
diba_ariya,1.0,3.484159e-14,0,1.0
r_esk3419,1.0,4.365297e-15,0,1.0
faraji_kh,1.0,1.459706e-11,0,1.0
maziarhassanza2,1.0,6.0977282e-12,0,1.0
irannn_a,1.0,1.6510747e-08,0,1.0
reza292939,1.0,3.8712468e-15,0,1.0
cnorrisg2,1.0,5.9882854e-10,0,1.0
tech_trader01,1.0,1.3141388e-12,0,1.0
royatale,1.0,2.8757064e-13,0,1.0
sevda_2023,1.0,2.5863917e-08,0,1.0
iraniezakhmi,0.99999976,2.0768972e-07,0,0.99999976
a_a_patriot_ir,1.0,1.7150783e-16,0,1.0
dana00713,1.0,3.5428427e-10,0,1.0
ssqrayy60664,1.0,4.4545758e-13,0,1.0
askalwny,1.0,5.654782e-12,0,1.0
adrian379356927,1.0,3.359032e-11,0,1.0
ffb81271,0.99999964,3.1149858e-07,0,0.99999964
kasrafza,0.9999999,1.7664449e-07,0,0.9999999
mohoom_,1.0,5.1152225e-12,0,1.0
malin2407,1.0,5.447801e-10,0,1.0
behnampak2,1.0,7.284146e-12,0,1.0
kartall369,1.0,2.5526363e-14,0,1.0
marderahaeeiran,1.0,1.6976208e-16,0,1.0
mor96648somayeh,0.99999976,2.0135526e-07,0,0.99999976
askx___,1.0,2.7105214e-11,0,1.0
shirin_20631,1.0,1.496783e-08,0,1.0
nimroff,1.0,1.7662908e-08,0,1.0
avaaa1988,0.9999999,8.578829e-08,0,0.9999999
kavedoroodgar,1.0,4.23602e-12,0,1.0
illiyact,1.0,1.8698602e-12,0,1.0
r_b_2_0_2_3,0.9999995,4.2872534e-07,0,0.9999995
inc_cosmic,0.9999999,9.367079e-08,0,0.9999999
moongoddess006,1.0,7.883735e-12,0,1.0
mbineshoon,1.0,1.954714e-08,0,1.0
amirpanah256965,1.0,5.716983e-10,0,1.0
m52080307,1.0,7.0665166e-12,0,1.0
new_empier,1.0,6.2078686e-14,0,1.0
azitatoloee,1.0,5.6606664e-11,0,1.0
savadjan,1.0,1.5696267e-08,0,1.0
lampinventor,1.0,1.8214507e-13,0,1.0
aria48502871,0.9999999,9.2036515e-08,0,0.9999999
sky00974236,1.0,9.889772e-13,0,1.0
amityadavbharat,1.3616392e-07,0.9999999,1,0.9999999
ariyahaft,0.9999999,8.525277e-08,0,0.9999999
fmehregan81,1.0,1.2050283e-10,0,1.0
saeedaghajan2,1.0,6.295537e-13,0,1.0
carloo202099,1.0,1.7008378e-10,0,1.0
miim144000,1.0,9.028595e-09,0,1.0
mahsomishervin,1.0,4.942298e-10,0,1.0
naeim1518790m,1.0,9.870899e-11,0,1.0
fedevalverdehe,1.0,6.5754266e-14,0,1.0
m_7mil,1.0,5.417533e-14,0,1.0
mahdi7941082718,1.0,4.5652023e-08,0,1.0
aramara87475947,0.9999999,7.087372e-08,0,0.9999999
kheirandishsam,1.0,1.7115655e-12,0,1.0
sha__kar,1.0,1.5698437e-10,0,1.0
alikalhor16,1.0,7.732334e-10,0,1.0
rezaamiri4141,1.0,1.2563708e-12,0,1.0
bredruffian,1.0,7.295086e-09,0,1.0
khja56,1.0,4.4650302e-13,0,1.0
samnej1,1.0,1.1674778e-16,0,1.0
aghaeenilofar,1.0,2.1167739e-15,0,1.0
iranbanu401,1.0,4.195138e-10,0,1.0
vatanparast_ir,1.0,7.0333205e-11,0,1.0
mazilantor,1.0,8.7562145e-11,0,1.0
morrisinmotion,1.0,1.5863842e-13,0,1.0
palishelbi,1.0,4.1752594e-11,0,1.0
de_n_ver,1.0,8.816747e-11,0,1.0
nazgol00993930,1.0,2.5423224e-09,0,1.0
mosavi60597,1.0,4.1767943e-12,0,1.0
atash_13,1.0,2.9283083e-11,0,1.0
yektanasse97335,1.0,8.287367e-12,0,1.0
homehrkave,1.0,2.3955614e-18,0,1.0
khorous_neshan,1.0,1.5238213e-18,0,1.0
ashi_bahman,1.0,4.962375e-12,0,1.0
gangboyo,1.0,3.4165742e-10,0,1.0
negaran112,1.0,1.7088393e-11,0,1.0
__anita__y,1.0,4.9218613e-08,0,1.0
ahmad_dandori,1.0,4.3919761e-13,0,1.0
berlin_236,1.0,4.3151172e-10,0,1.0
arminshayan_,1.0,4.871659e-16,0,1.0
roshanak6101,1.0,2.0326893e-12,0,1.0
om49sh,1.0,3.7864347e-11,0,1.0
shiva57923150,1.0,5.755147e-09,0,1.0
hassanibraaa,1.0,1.8960959e-08,0,1.0
salar1650276,1.0,1.0409236e-10,0,1.0
juveelias2,1.0,2.4467605e-13,0,1.0
abolfazl149,1.0,1.854503e-11,0,1.0
shajarian_fan,1.0,4.375746e-17,0,1.0
vanheram,0.9999999,7.9052676e-08,0,0.9999999
kiafarahmand,1.0,4.84062e-09,0,1.0
schychap,1.0,4.038128e-10,0,1.0
saeedrezapahlav,1.0,2.2371252e-10,0,1.0
ywnsa1,1.0,5.899712e-09,0,1.0
dehghanmahanq,1.0,6.022212e-10,0,1.0
okarimi1975,0.9999993,7.6148575e-07,0,0.9999993
aryabarandaz,1.0,5.0026884e-12,0,1.0
smiledesignerm,1.0,6.3277935e-15,0,1.0
minasarlak2,1.0,1.13733805e-08,0,1.0
pesarjepetoo,1.0,4.0421986e-09,0,1.0
mamal_amrikaei,0.9999994,6.528246e-07,0,0.9999994
22khorshid,1.0,2.8376995e-11,0,1.0
f_armani2000,1.0,6.3399774e-13,0,1.0
davoodlotfi3,0.99999964,3.9711014e-07,0,0.99999964
banoonasta80444,1.0,6.884855e-17,0,1.0
voiceofpahlavi,0.9999993,6.755352e-07,0,0.9999993
mr_computerr,1.0,1.8822697e-12,0,1.0
iranmonarchists,1.0,2.6727255e-08,0,1.0
jasonjm83949453,1.0,3.5237946e-08,0,1.0
rezahamedk,1.0,4.801099e-13,0,1.0
kingprsrezap3,1.0,1.3183955e-10,0,1.0
go4it_68,0.9999999,1.6579676e-07,0,0.9999999
etinoma,1.0,2.0083586e-10,0,1.0
nicever2,1.0,8.854068e-09,0,1.0
sostdast,1.0,1.0976532e-14,0,1.0
davepirjoll,1.0,1.5793241e-15,0,1.0
maria___ra3,0.99999917,8.542659e-07,0,0.99999917
aramara8690,1.0,1.7660987e-08,0,1.0
rs7435132277314,1.0,2.3741623e-12,0,1.0
khoda39684,1.0,1.0982432e-15,0,1.0
ofpersiaa,0.99999964,3.0607438e-07,0,0.99999964
hankmoo68402400,1.0,1.5176905e-09,0,1.0
hajkamy29380,1.0,1.2718295e-21,0,1.0
mohammad4221z,0.9999999,1.6869991e-07,0,0.9999999
mqrabaghy78907,1.0,5.7857115e-09,0,1.0
kingofpersia247,1.0,3.1301832e-09,0,1.0
_gordaafarid,1.0,1.9714172e-08,0,1.0
kavesadr,1.0,3.6536267e-09,0,1.0
shiirini,0.9999999,6.283759e-08,0,0.9999999
zandizandi15,1.0,2.2442485e-11,0,1.0
dornika12,1.0,1.1988072e-09,0,1.0
kajaveshek63712,1.0,9.592195e-12,0,1.0
shabnamsolyman1,1.0,5.333474e-09,0,1.0
arashh728,1.0,1.1153882e-09,0,1.0
mhnkh6,1.0,5.9599e-14,0,1.0
omidium96,1.0,2.1399547e-14,0,1.0
malakootim74470,1.0,3.8084605e-11,0,1.0
megatronsaman,0.9999999,7.420096e-08,0,0.9999999
ayatmohagheghy,1.0,5.4759414e-13,0,1.0
agent_hitman472,0.9999999,1.235957e-07,0,0.9999999
khosro_sasani,1.0,3.6152522e-12,0,1.0
djavid94921,1.0,1.5940876e-10,0,1.0
mahdiyeh_1369,1.0,2.3176998e-13,0,1.0
marian50809845,1.0,1.35598865e-08,0,1.0
a_m1989f,0.9999999,1.2754604e-07,0,0.9999999
ames_hn,1.0,4.1782983e-13,0,1.0
aaryaomid,0.9999999,9.173997e-08,0,0.9999999
amirarsalanawal,1.0,1.9112923e-11,0,1.0
expatriate_man,1.0,6.1935016e-17,0,1.0
ghasemi_ka9889,1.0,2.1907418e-16,0,1.0
26babochka,0.99999964,4.161865e-07,0,0.99999964
magics64976,1.0,9.468046e-12,0,1.0
atena19908051,1.0,1.7779619e-12,0,1.0
didarbeqiamat,1.0,2.9420268e-13,0,1.0
royapilehroud,1.0,1.0806668e-10,0,1.0
pilotmohamadi,1.0,5.987166e-10,0,1.0
sarbazvatanam0,1.0,2.6028721e-15,0,1.0
a729003,1.0,2.210103e-19,0,1.0
udwwattll8pjzby,0.9999999,6.131831e-08,0,0.9999999
mandana301098,1.0,7.617529e-09,0,1.0
peginegi,1.0,7.3331355e-11,0,1.0
tarane1400,1.0,3.403591e-14,0,1.0
hodhodbidaar,1.0,1.4970197e-12,0,1.0
hallmj2,1.0,4.5655835e-09,0,1.0
salarkholdi7,0.9999999,1.6631033e-07,0,0.9999999
pineda121993,0.99999976,2.8220572e-07,0,0.99999976
padeshahi_khah,1.0,7.3025405e-11,0,1.0
aprerfan,1.0,1.9721549e-15,0,1.0
seeuindarkside,1.0,4.94067e-09,0,1.0
m_b716,0.9999999,8.6502205e-08,0,0.9999999
saeedyou33,1.0,1.3837007e-09,0,1.0
lionsunir,1.0,1.611878e-11,0,1.0
_dr_hanibal_,1.0,3.7896353e-11,0,1.0
behroozzz,1.0,1.5029358e-09,0,1.0
farzane98,0.9999993,6.9909856e-07,0,0.9999993
mehrzad2245,1.0,2.1509494e-11,0,1.0
lotus246810,1.0,1.3689607e-09,0,1.0
aboostanipour,1.0,1.577435e-13,0,1.0
li5004375615,0.9999999,1.539547e-07,0,0.9999999
mt009821thran,1.0,2.3208555e-08,0,1.0
hesam22102210,1.0,2.551802e-08,0,1.0
shenika3333,1.0,4.3561068e-11,0,1.0
aminp6666666666,1.0,4.758915e-09,0,1.0
amir76992529,0.9999999,6.688989e-08,0,0.9999999
kamyab51506011,1.0,9.3798125e-15,0,1.0
caffeineormoien,1.0,5.3869414e-10,0,1.0
arashparsy,1.0,2.1152154e-08,0,1.0
xrez007x,1.0,1.7615183e-10,0,1.0
marmari1980m,1.0,3.580969e-10,0,1.0
vitnovelle,1.0,4.0578357e-08,0,1.0
rymhr4,1.0,2.7911272e-11,0,1.0
tookay33,1.0,8.0941577e-19,0,1.0
negarabbasi963,1.0,6.369003e-10,0,1.0
vataniranvatan,0.99999964,3.8778902e-07,0,0.99999964
ahuramazda2582,0.9999999,7.482944e-08,0,0.9999999
fazel3758,1.0,4.6085365e-11,0,1.0
armaancyrus,1.0,4.8049308e-12,0,1.0
azadi1631,1.0,1.9210395e-11,0,1.0
sherryfouladip2,1.0,4.713227e-08,0,1.0
amirhexaa,1.0,4.6390766e-15,0,1.0
wojtekwwii,1.0,5.4614688e-11,0,1.0
firstiran403,1.0,4.289267e-11,0,1.0
sepanta1351,0.9999999,7.774518e-08,0,0.9999999
hamiidgh84,1.0,1.0048e-09,0,1.0
rouzbehfarahani,1.0,1.3843738e-09,0,1.0
bb0019742826425,1.0,4.2552908e-13,0,1.0
sadeqfxb,1.0,3.7805245e-11,0,1.0
iranimaral,1.0,1.4043505e-11,0,1.0
mhs318046463229,1.0,1.2561043e-09,0,1.0
agha_rasoull,1.0,2.1320287e-12,0,1.0
nooshiaa,1.0,2.3488923e-13,0,1.0
regina2020ir,1.0,7.020946e-12,0,1.0
barandaz151,0.99999917,8.3753525e-07,0,0.99999917
abrar7546,1.0,2.7241551e-09,0,1.0
lwwr15,1.0,1.3917983e-08,0,1.0
frhhd40,1.0,1.025908e-14,0,1.0
mmoradi37828,1.0,8.8939646e-12,0,1.0
khanumdr1,1.0,2.10508e-09,0,1.0
mehrdad161248,1.0,1.6615851e-12,0,1.0
golpamchal,1.0,7.323079e-09,0,1.0
theroyalfamilly,1.0,1.2625927e-12,0,1.0
hani58254729516,1.0,3.6915861e-09,0,1.0
minakia1359,0.9999995,4.465672e-07,0,0.9999995
shahyar80480429,0.99999976,2.965438e-07,0,0.99999976
sophi1979074,1.0,4.8354172e-12,0,1.0
mehrlllshadsari,1.0,4.2900334e-16,0,1.0
monarchy_of_ir,0.9999999,1.3245449e-07,0,0.9999999
hawraman79,0.99999976,2.8154926e-07,0,0.99999976
vamjadyan24500,1.0,1.3778349e-10,0,1.0
alifazmetr,1.0,1.8681712e-11,0,1.0
eheb11672452,1.0,2.0291113e-11,0,1.0
zadmehrpar76633,1.0,3.688118e-12,0,1.0
hanigolestaneh7,1.0,9.2421236e-12,0,1.0
bmind641,1.0,1.2363243e-08,0,1.0
vnomit,1.0,6.00134e-11,0,1.0
moridireza2702,0.99999976,2.6634083e-07,0,0.99999976
aqpersian17,1.0,4.348484e-12,0,1.0
yasmangoolaa1,1.0,1.4791101e-09,0,1.0
migmig250,1.0,1.1682357e-15,0,1.0
javadmazid91403,1.0,6.5334254e-09,0,1.0
komando336345,1.0,2.3984611e-17,0,1.0
mens34415,1.0,2.5967113e-09,0,1.0
alipishvai62238,1.0,4.889194e-17,0,1.0
shahpoursasany,1.0,2.7823817e-16,0,1.0
christianmoraly,1.0,1.3814716e-10,0,1.0
maniran2414,1.0,2.0463023e-14,0,1.0
pshgrdy,0.99999976,2.3270707e-07,0,0.99999976
sina_2544,0.99999917,7.9822956e-07,0,0.99999917
akbari_jah69019,0.9999999,8.583232e-08,0,0.9999999
persisiran,1.0,4.2459792e-15,0,1.0
akbrhydry38890,1.0,2.648011e-14,0,1.0
xbozhabadi,1.0,1.6667591e-12,0,1.0
borjnoghredagh,1.0,3.474318e-10,0,1.0
kashis60,0.99999964,3.4647135e-07,0,0.99999964
drwys215906342,1.0,3.1262556e-10,0,1.0
pakzadjavad1,1.0,1.7925135e-10,0,1.0
samaneh_phi,1.0,2.2312222e-11,0,1.0
ariahiva,1.0,1.0786373e-12,0,1.0
hameremoradi,1.0,1.4869235e-08,0,1.0
2_tapesh63359,0.9999995,4.8870163e-07,0,0.9999995
k1979a27244,1.0,4.0671104e-12,0,1.0
fati05518584,0.9999999,7.698774e-08,0,0.9999999
persiianality,1.0,7.325981e-10,0,1.0
arad_kaviani,1.0,9.448469e-09,0,1.0
kamransadeghi16,0.9999999,6.062925e-08,0,0.9999999
nassiejoon,1.0,3.171817e-11,0,1.0
majidrezarahna2,1.0,3.5565726e-18,0,1.0
bij_mohammadi,1.0,1.728183e-13,0,1.0
skepticprank,1.0,9.2033035e-15,0,1.0
queenf40,1.0,3.4518055e-11,0,1.0
sanaee52,1.0,6.871683e-17,0,1.0
ngheydar,1.0,4.9839303e-14,0,1.0
cyrus_galleria,1.0,1.43361755e-11,0,1.0
televarzesh,1.0,2.03738e-14,0,1.0
rezamilan373401,1.0,1.1656651e-11,0,1.0
takemetoch8rch,0.9999999,9.479791e-08,0,0.9999999
288_hamid,0.99999976,2.1271066e-07,0,0.99999976
mahsa31p,1.0,7.633619e-23,0,1.0
shah18392,1.0,2.6640667e-09,0,1.0
akramkowsari,0.9999994,6.478481e-07,0,0.9999994
majid_punisher,0.9999999,1.3282056e-07,0,0.9999999
behname_asabi,1.0,1.3757139e-09,0,1.0
sajjad_pahlavi,1.0,1.3978307e-10,0,1.0
armin9595,1.0,1.6258981e-09,0,1.0
azadeh58866699,0.99999917,8.2752666e-07,0,0.99999917
captainpidi,1.0,8.142548e-15,0,1.0
latal2030,1.0,5.958725e-08,0,1.0
mitrag19,1.0,1.4973155e-10,0,1.0
moradi_ara50679,1.0,4.283625e-15,0,1.0
soosmast69,1.0,3.1540777e-09,0,1.0
ba_risheh,1.0,3.447072e-09,0,1.0
namdarshahzad,1.0,1.3417075e-12,0,1.0
elyot267354,0.9999999,1.2297491e-07,0,0.9999999
hsh92757380,1.0,1.4739732e-09,0,1.0
mmd_shar,0.99999976,1.8600397e-07,0,0.99999976
aconstantnymph,0.9999995,5.341337e-07,0,0.9999995
dywaaneh,1.0,1.3925719e-18,0,1.0
narinnew187726,1.0,1.6648263e-13,0,1.0
miladoxi,1.0,4.720955e-12,0,1.0
sherix1981,1.0,2.0801334e-10,0,1.0
jockerbaz,1.0,7.886386e-11,0,1.0
mahhek476354,1.0,1.19606755e-11,0,1.0
m3ximus_,1.0,1.0332012e-14,0,1.0
behzadfarnia,1.0,1.22369e-13,0,1.0
pcb970218578213,1.0,1.5722237e-09,0,1.0
parisa94805766,1.0,2.6527786e-10,0,1.0
ucancallmeguy,0.99999917,7.749999e-07,0,0.99999917
farhad_khan7,1.0,1.2934744e-15,0,1.0
m4m4dzz,1.0,1.1516828e-22,0,1.0
khomarbamd,1.0,1.4439772e-11,0,1.0
1nikoonik,1.0,2.0915004e-13,0,1.0
iranamazadam,1.0,2.5216612e-10,0,1.0
nadershah56,1.0,4.4408813e-14,0,1.0
polar_beachh,0.99999917,8.042554e-07,0,0.99999917
kamran_pahlavi1,1.0,3.299332e-11,0,1.0
fshahin31973,1.0,4.693954e-09,0,1.0
santiagohourih9,1.0,2.2980502e-09,0,1.0
dupperduck,1.0,7.586607e-11,0,1.0
neanderthaaaal,1.0,1.071191e-08,0,1.0
amir_jozzi,1.0,1.4031624e-10,0,1.0
mahbodhosseina1,1.0,1.5162704e-12,0,1.0
ievam1984,1.0,2.6477848e-17,0,1.0
sna_rzi,0.99999964,3.082985e-07,0,0.99999964
exraeil,0.9999999,1.3463905e-07,0,0.9999999
golestan1995,1.0,1.3108846e-08,0,1.0
pouria45834,0.99999917,8.6386274e-07,0,0.99999917
jiji_soskachap,1.0,2.2190416e-11,0,1.0
omid_valii,1.0,5.5027556e-09,0,1.0
aboyofpersia,1.0,4.3089647e-14,0,1.0
rosalindfr34721,1.0,4.157218e-16,0,1.0
padooei1384,1.0,1.10282365e-11,0,1.0
sanandaj666,1.0,8.745655e-21,0,1.0
arkh91,1.0,4.169619e-10,0,1.0
rad67235063,1.0,5.973908e-11,0,1.0
vahiidof,0.9999999,1.546351e-07,0,0.9999999
ferehola,1.0,2.1490795e-11,0,1.0
mhmdrd13590,1.0,9.58263e-16,0,1.0
med55127282,1.0,1.8352632e-10,0,1.0
aboreyhan3,1.0,1.0248078e-16,0,1.0
arya8080808,1.0,1.7871427e-11,0,1.0
haj_atayeasal,1.0,7.6933235e-13,0,1.0
myhnmam35458,1.0,1.4167767e-16,0,1.0
damnalcaraz,1.0,1.28237154e-14,0,1.0
simadini,1.0,2.2392331e-11,0,1.0
azadiamarezo0st,1.0,8.90229e-25,0,1.0
saeedghaderi170,1.0,5.0751062e-08,0,1.0
rfshah3,1.0,4.0382664e-10,0,1.0
farid747,0.9999999,6.370686e-08,0,0.9999999
beegonaa,0.99999964,3.1160556e-07,0,0.99999964
makuirani,1.0,9.505439e-10,0,1.0
afury2004,1.0,7.724532e-11,0,1.0
bidar101001,1.0,3.0012726e-09,0,1.0
mohmed_tok,0.9999993,6.865687e-07,0,0.9999993
aqaryus1,0.99999905,9.116997e-07,0,0.99999905
annarahnam84097,1.0,5.0015894e-09,0,1.0
rahamarik,1.0,6.7055567e-12,0,1.0
samibygi129,1.0,2.3302055e-12,0,1.0
mohsensafarkha2,1.0,2.2754554e-18,0,1.0
khobbetoche,1.0,2.1469142e-09,0,1.0
sarasafakhah,1.0,3.1754324e-10,0,1.0
parisaaa3,1.0,1.6869727e-08,0,1.0
freedomfor_us,1.0,3.4284764e-09,0,1.0
mroghani66,1.0,3.80669e-14,0,1.0
akhondak1357,1.0,1.0434649e-12,0,1.0
yqdsy76909,1.0,4.955401e-17,0,1.0
kkabir644859,1.0,3.105615e-10,0,1.0
hadibabaei18,1.0,2.7887764e-10,0,1.0
film3xir,0.9999994,6.493425e-07,0,0.9999994
harriso77168795,1.0,1.8482968e-13,0,1.0
hatamm89174,0.9999999,1.3136257e-07,0,0.9999999
shahsaeed2023,1.0,1.0698801e-08,0,1.0
ichbin_mehdi,0.99999964,3.506417e-07,0,0.99999964
1234mercer76832,1.0,1.923363e-12,0,1.0
jorgienolan,1.0,1.7965156e-09,0,1.0
seanusa11,1.0,6.742863e-09,0,1.0
yek_adad_yaghi,1.0,1.1001906e-12,0,1.0
payam711519,1.0,1.1736514e-08,0,1.0
parvin54987346,1.0,1.716449e-09,0,1.0
commanders59886,1.0,1.4312371e-12,0,1.0
naghshej,1.0,1.0257932e-09,0,1.0
mehrirasol,1.0,8.069069e-10,0,1.0
delaram20232023,1.0,5.070204e-18,0,1.0
didiy843,1.0,5.6506155e-10,0,1.0
sheykhkill,1.0,2.846694e-14,0,1.0
reirey1980,1.0,7.831801e-09,0,1.0
fuckmullahsinir,1.0,6.8507394e-11,0,1.0
shahin_shi90460,0.9999999,1.521975e-07,0,0.9999999
hivairani73,1.0,1.0612839e-10,0,1.0
m_t_r_o,1.0,1.913947e-12,0,1.0
azar12110855,1.0,5.1479603e-09,0,1.0
ghorbaneea16403,1.0,1.619533e-11,0,1.0
amirtehranii8,1.0,1.5587616e-11,0,1.0
behitwo,1.0,2.6470165e-10,0,1.0
ferivanda23,1.0,2.993819e-08,0,1.0
mousaviozra,1.0,1.1010444e-13,0,1.0
callmekurdish,1.0,1.820186e-10,0,1.0
farhadmoha79933,1.0,3.183278e-11,0,1.0
abedrahimiyan,1.0,8.705702e-12,0,1.0
mahmoud70769172,1.0,7.1764393e-13,0,1.0
zlegonar43566,1.0,1.5556153e-16,0,1.0
paarsin1,1.0,1.978682e-10,0,1.0
mamadm34,1.0,1.0099074e-12,0,1.0
anahita2501183,1.0,8.113724e-12,0,1.0
arashhhastam,1.0,3.567324e-16,0,1.0
ryxtxogru7xchar,0.99999976,2.1299951e-07,0,0.99999976
mazda771255498,1.0,3.6896042e-11,0,1.0
haftzade,1.0,9.119552e-11,0,1.0
rasheedkhaan1,1.0,1.4489281e-09,0,1.0
mmehrabian32147,1.0,4.1291813e-08,0,1.0
arshuamaria,1.0,3.3682632e-08,0,1.0
tampabucsfan69,1.0,1.4194622e-09,0,1.0
daneshkhodayari,1.0,1.6908974e-18,0,1.0
aghasbabuilder,1.0,9.63642e-13,0,1.0
ansyhnsb,0.9999999,1.2131697e-07,0,0.9999999
biazarsiroos,1.0,7.1307005e-10,0,1.0
trump5o,1.0,2.8305912e-22,0,1.0
jacob_7857,1.0,1.4949142e-08,0,1.0
farshidazi22680,1.0,4.8396664e-10,0,1.0
hnazari20,0.9999994,6.3503404e-07,0,0.9999994
h95313563,1.0,1.7503166e-20,0,1.0
ahanaffori38878,1.0,6.336324e-10,0,1.0
shahrouz431464,1.0,1.3225001e-11,0,1.0
cyrex55,1.0,2.9844866e-11,0,1.0
persiapatriot,1.0,2.0431203e-10,0,1.0
nader_iranlover,1.0,1.4838863e-08,0,1.0
farnaz_farah,1.0,2.155944e-11,0,1.0
mhdy_hsyny89803,1.0,1.1991746e-14,0,1.0
saeedam82511201,1.0,1.8208408e-19,0,1.0
bbahramg,1.0,2.1678068e-15,0,1.0
dkhtzhra39361,1.0,4.674707e-10,0,1.0
sheitonballlla,0.9999999,1.6522584e-07,0,0.9999999
persianofiran,1.0,1.465617e-08,0,1.0
irankhabarr,0.9999993,7.5667174e-07,0,0.9999993
rahepahlavi,1.0,3.2921204e-08,0,1.0
rira_youshig,1.0,1.4981865e-14,0,1.0
sarbaaz_iia,1.0,3.871157e-12,0,1.0
patrik_2021,1.0,5.5426306e-11,0,1.0
dav581258822505,1.0,1.6684083e-10,0,1.0
fardinian90ir,1.0,1.1852129e-14,0,1.0
reenaverma57363,1.0,1.4311007e-12,0,1.0
alo1644870,0.9999999,6.4023205e-08,0,0.9999999
cityzen181894,1.0,1.109359e-08,0,1.0
zargari55,1.0,3.0584422e-13,0,1.0
sourush_heydar,1.0,2.8038476e-11,0,1.0
theshahlegacy,1.0,3.4490665e-08,0,1.0
adfox101,1.0,4.5139673e-13,0,1.0
shirbishe2,1.0,2.6687674e-08,0,1.0
sheritstone,0.9999999,1.219723e-07,0,0.9999999
kolyaeimehran,1.0,9.303926e-11,0,1.0
fdwesten,1.0,1.5748709e-09,0,1.0
rajushe62401466,1.0,1.5982913e-11,0,1.0
philipmortimerr,1.0,3.1029759e-09,0,1.0
arash_th_archer,1.0,4.3411006e-08,0,1.0
kmehrkam,1.0,5.9602747e-18,0,1.0
ashay_80s,1.0,7.418359e-11,0,1.0
karniloufar,1.0,4.1308827e-08,0,1.0
alamsoal,0.99999976,2.803056e-07,0,0.99999976
nasrin21232596,1.0,1.8583244e-14,0,1.0
ahs_1967,1.0,1.24590915e-08,0,1.0
babakazima2,1.0,2.1327457e-11,0,1.0
3pehr00,1.0,7.261767e-13,0,1.0
sharam200,1.0,1.6043616e-13,0,1.0
persian2179,1.0,3.316069e-15,0,1.0
sunset_alireza,1.0,7.240178e-13,0,1.0
radman06693049,1.0,5.6461738e-11,0,1.0
chapsoz,1.0,6.510216e-12,0,1.0
rainam07825475,1.0,1.7297677e-11,0,1.0
sahraazabadegan,1.0,1.3611939e-09,0,1.0
nik_adelante,1.0,1.4231714e-12,0,1.0
morre_pi,1.0,3.1357732e-11,0,1.0
nasermoradi3,1.0,1.6590425e-08,0,1.0
san_az07,0.99999917,8.6837923e-07,0,0.99999917
hych_ma,1.0,1.5325924e-10,0,1.0
sherin2531,1.0,1.0571639e-11,0,1.0
zenabal7,0.9999999,1.2560324e-07,0,0.9999999
mohammadbokaie,1.0,3.1464702e-13,0,1.0
mary60167978,1.0,1.9712731e-09,0,1.0
aff988106522188,1.0,9.3550534e-14,0,1.0
javidshahsong,1.0,3.903244e-09,0,1.0
cyrus_2500,1.0,2.8161197e-12,0,1.0
ana41913989,1.0,1.8210158e-10,0,1.0
musahoseini1361,1.0,7.1729507e-09,0,1.0
ahouramazda2581,1.0,6.57107e-12,0,1.0
noorm777369,1.0,2.741188e-13,0,1.0
karimiahoora,1.0,6.69797e-14,0,1.0
farnaz20717794,1.0,4.965305e-14,0,1.0
prince__persia7,0.99999976,2.3001436e-07,0,0.99999976
all_hasti,1.0,4.107906e-13,0,1.0
varese_isildur,1.0,2.2843543e-09,0,1.0
babak172818,1.0,1.4171944e-14,0,1.0
vibesversee,1.0,6.525041e-10,0,1.0
sakhtmanrooz,1.0,2.8471046e-08,0,1.0
berlineton,1.0,1.3423282e-10,0,1.0
brixama5,0.99999976,2.1529233e-07,0,0.99999976
mosbyytedd101,1.0,3.0834325e-11,0,1.0
siavashzz95773,1.0,3.5594458e-09,0,1.0
hich199,1.0,2.3360742e-09,0,1.0
cnr77688,1.0,1.1204316e-08,0,1.0
mhdirashidi2541,1.0,3.039919e-09,0,1.0
liberaldemocras,1.0,3.2493488e-09,0,1.0
hamed77989738,1.0,6.6980763e-09,0,1.0
gliacellmatters,1.0,9.314473e-11,0,1.0
bakhtiyari07,1.0,1.1775753e-12,0,1.0
kurdmalek35247,1.0,1.116766e-12,0,1.0
mooolian,0.99999964,4.1369705e-07,0,0.99999964
shadowshade1979,1.0,8.497598e-12,0,1.0
bardiasa2,0.99999964,3.172113e-07,0,0.99999964
zanekambiz85,0.9999993,6.7073603e-07,0,0.9999993
2020sahereh,1.0,1.3319469e-12,0,1.0
rezashahab60792,1.0,5.4709775e-11,0,1.0
bhnmzdy4,1.0,3.646974e-11,0,1.0
lilium887766,1.0,1.5647892e-13,0,1.0
amirhamoon54115,1.0,8.09844e-14,0,1.0
alibabakrahmat1,0.9999993,6.725654e-07,0,0.9999993
astikmat4,1.0,2.3105034e-11,0,1.0
mehdibarca1984,1.0,1.1573144e-09,0,1.0
alex57230368928,1.0,3.076668e-09,0,1.0
casablanca_jo_p,1.0,5.0372007e-10,0,1.0
khojemhmd58611,1.0,5.0954282e-11,0,1.0
farah46183421,1.0,2.2229388e-11,0,1.0
alireza8792,0.99999976,2.2973946e-07,0,0.99999976
hamedtahmasebi7,1.0,3.2715758e-16,0,1.0
cop_mobo,1.0,3.088024e-18,0,1.0
land_lesss,1.0,9.658413e-16,0,1.0
rezaazadian,1.0,4.985226e-13,0,1.0
noorozimas93316,1.0,1.2926797e-12,0,1.0
alex11090,1.0,3.3467633e-09,0,1.0
arashb1400,1.0,1.483833e-11,0,1.0
setare319,1.0,7.490633e-14,0,1.0
dokhtarearyayi,1.0,9.025806e-09,0,1.0
vista_time,1.0,3.904944e-08,0,1.0
hamidya17719544,1.0,7.077992e-13,0,1.0
q_yasi_q,1.0,4.5367025e-13,0,1.0
liionandsun,1.0,2.2823596e-09,0,1.0
alexmum12394817,1.0,6.5655454e-12,0,1.0
psndhsyn60300,1.0,8.009089e-09,0,1.0
atila_o_o,1.0,2.0440555e-14,0,1.0
learningruston,1.0,3.995984e-08,0,1.0
majpahlavi,1.0,2.1207981e-12,0,1.0
iranazad38,1.0,8.870865e-10,0,1.0
zeinal0711,1.0,2.0730141e-08,0,1.0
behnamnader,1.0,3.8464436e-11,0,1.0
irani_princess,1.0,6.14538e-15,0,1.0
drpegahm,1.0,1.4980094e-14,0,1.0
khamooshmorgan,1.0,3.3570244e-09,0,1.0
aboolashi1990,1.0,5.472911e-10,0,1.0
panorama666,1.0,6.825182e-13,0,1.0
darklees_mind,1.0,8.704107e-16,0,1.0
damavand_tanha,1.0,2.530881e-12,0,1.0
fatemeh140075,1.0,8.26388e-12,0,1.0
max77697901,1.0,2.2611182e-10,0,1.0
pesareiranbano,1.0,1.1810131e-18,0,1.0
dahe_hashtadi86,1.0,1.4897038e-14,0,1.0
df9e56c7b4ee4d8,0.9999999,1.31055e-07,0,0.9999999
archdevil1980,1.0,1.1076338e-08,0,1.0
avash2014,0.9999999,1.5920375e-07,0,0.9999999
znb8356964955,1.0,2.3052626e-13,0,1.0
defaultvalue66,1.0,3.950588e-09,0,1.0
mohsentorab1989,1.0,2.42153e-11,0,1.0
hosseintajiii,1.0,1.02589444e-10,0,1.0
irani5858,1.0,1.8276662e-13,0,1.0
keyhoul,0.99999905,9.24383e-07,0,0.99999905
mahshid1968,1.0,1.1309262e-12,0,1.0
behzad7901,1.0,7.0063243e-12,0,1.0
greatcyrus5344,1.0,2.1277796e-08,0,1.0
lord04688872,0.99999964,4.099886e-07,0,0.99999964
mehdikarari1,1.0,2.2197646e-08,0,1.0
ninja4705,1.0,3.8775086e-10,0,1.0
nakhodaaaa123,1.0,1.2255306e-13,0,1.0
amesha_asha,1.0,1.5178619e-12,0,1.0
mehro_28,1.0,1.61655e-13,0,1.0
nowruz_ir,0.9999999,1.6627179e-07,0,0.9999999
asdyan71,1.0,3.3906763e-11,0,1.0
nakhodar,1.0,1.4793512e-11,0,1.0
khankoroosh,1.0,1.2164349e-12,0,1.0
zed77o8,1.0,1.2021037e-10,0,1.0
shahdier,1.0,1.7324915e-15,0,1.0
mina34456740526,1.0,2.641331e-15,0,1.0
javid88iran,1.0,7.271882e-10,0,1.0
dianax115,1.0,1.0867157e-12,0,1.0
darioush_irani,1.0,2.6718865e-14,0,1.0
etherscribee,1.0,4.6167695e-08,0,1.0
paradis03791669,1.0,5.5052096e-10,0,1.0
m_tanabod,0.9999999,1.131682e-07,0,0.9999999
vatankhahirani,1.0,1.5589272e-12,0,1.0
abed37423,1.0,1.5038216e-13,0,1.0
parande00169319,1.0,2.900059e-16,0,1.0
ali03168580,0.99999976,1.8765385e-07,0,0.99999976
hamed36206421,0.9999999,1.03361074e-07,0,0.9999999
hauman75,1.0,2.1250193e-14,0,1.0
nilo_1109,0.99999964,3.609727e-07,0,0.99999964
golbool,0.99999917,8.6443464e-07,0,0.99999917
lysradman,1.0,1.8925357e-13,0,1.0
roudabeh_,1.0,1.3914034e-11,0,1.0
kargadanbaldar,1.0,4.361136e-15,0,1.0
alirezanasirey,1.0,1.9137052e-13,0,1.0
marzi2532,1.0,3.788136e-09,0,1.0
min68480,1.0,3.1578468e-16,0,1.0
siminnl,1.0,8.962443e-11,0,1.0
suren_baba,1.0,1.8971898e-14,0,1.0
hemaseazadi,1.0,1.9721493e-13,0,1.0
foranewiran,0.9999999,1.2731975e-07,0,0.9999999
___bluemood___,0.9999999,1.4769378e-07,0,0.9999999
morvarid2842,1.0,8.179611e-11,0,1.0
ahuramarigold,1.0,1.1440838e-10,0,1.0
mr33869611,1.0,3.1126348e-11,0,1.0
ardeshir27781,1.0,4.346139e-15,0,1.0
masheakhar,0.9999999,6.6212564e-08,0,0.9999999
mermormir6,1.0,4.505956e-18,0,1.0
topperalicia,0.99999917,8.1611853e-07,0,0.99999917
dokhtareiran155,1.0,3.5515743e-08,0,1.0
b5pkwe7fxnffrtn,1.0,2.8050808e-09,0,1.0
drraha_md,1.0,9.5230726e-11,0,1.0
salis11577523,1.0,9.55894e-15,0,1.0
r0332987419013,1.0,4.053913e-12,0,1.0
gholinomi,1.0,3.789406e-10,0,1.0
rezamot88190546,1.0,4.6621314e-11,0,1.0
schuartzeneger2,1.0,1.6426853e-11,0,1.0
alinemati244221,1.0,8.022444e-11,0,1.0
badqalsisi,1.0,4.581475e-10,0,1.0
shrapdawwod,1.0,1.2935861e-10,0,1.0
samchba,1.0,1.6368014e-16,0,1.0
mina38908911,1.0,5.0102944e-10,0,1.0
arian_safai,1.0,1.7021375e-12,0,1.0
patrix434,1.0,4.860717e-12,0,1.0
10rei_10ri,1.0,1.4588514e-11,0,1.0
rezaaghaei7,1.0,4.9058927e-11,0,1.0
siavash65055361,1.0,6.2488454e-09,0,1.0
foroghi1303,1.0,1.6001825e-11,0,1.0
confuzedguy,0.9999999,1.1768866e-07,0,0.9999999
yasai1970,1.0,6.9996224e-11,0,1.0
badebanenoor,1.0,4.9347297e-12,0,1.0
pshyzed,0.99999976,2.0423437e-07,0,0.99999976
delavarkarimi11,1.0,9.84162e-09,0,1.0
hamid478881,1.0,5.9396957e-08,0,1.0
mokhtari_ir,1.0,5.4663305e-13,0,1.0
medzvardi,1.0,9.32418e-18,0,1.0
faziziloo,1.0,3.1270847e-10,0,1.0
sami_mk6,1.0,5.776777e-10,0,1.0
sefid_pashmi,1.0,1.0562886e-12,0,1.0
dimitri210117,1.0,1.6108861e-10,0,1.0
saeiidmolavi,1.0,1.9001284e-16,0,1.0
emmysaint08121,0.99999964,4.0376167e-07,0,0.99999964
2023mytwit,1.0,1.0341081e-14,0,1.0
airdrop24690,1.0,1.8959474e-12,0,1.0
17ococ,1.0,8.73241e-12,0,1.0
mandanairanian,1.0,2.7384209e-15,0,1.0
egh1911,1.0,2.1932046e-12,0,1.0
persiannacho,1.0,2.5555877e-22,0,1.0
nazaninhodhod,1.0,1.229096e-09,0,1.0
pourzangi,1.0,1.2149178e-13,0,1.0
jadugarzolfha,1.0,2.5914848e-14,0,1.0
elonmaskedadash,1.0,3.709728e-08,0,1.0
khanompar,1.0,2.2527572e-11,0,1.0
mehrshadspar,1.0,6.6786372e-12,0,1.0
namjounami123,1.0,1.7378464e-15,0,1.0
sky_holi,1.0,3.646548e-12,0,1.0
farshaaddddddd,1.0,7.018841e-09,0,1.0
ezkiel289078,1.0,2.3599329e-11,0,1.0
mahso631,1.0,3.6889396e-09,0,1.0
mojtaba94111006,1.0,1.9966604e-13,0,1.0
narges5656,1.0,7.322719e-12,0,1.0
khodayegan,1.0,2.5809644e-13,0,1.0
devildance5046,0.99999964,3.4333112e-07,0,0.99999964
vakilsina,1.0,2.3809646e-12,0,1.0
aboljasem,0.99999905,9.299163e-07,0,0.99999905
miloooooollllll,1.0,7.242295e-12,0,1.0
lsepidar,1.0,2.6218139e-09,0,1.0
gordafariddoran,1.0,4.2196763e-11,0,1.0
sarebanamin2525,1.0,2.3457226e-13,0,1.0
arashashkan573,1.0,8.071946e-14,0,1.0
kamran47303782,1.0,5.952729e-11,0,1.0
narges57100625,1.0,5.3753846e-10,0,1.0
mackanashk,1.0,3.468809e-10,0,1.0
rahimisooniya,1.0,2.6764351e-11,0,1.0
kilitsmart68078,1.0,2.5981302e-15,0,1.0
baharestan_12,1.0,1.5495981e-08,0,1.0
mhamidiman65947,1.0,2.8002142e-18,0,1.0
jookcil,1.0,6.100817e-10,0,1.0
culeta1010,1.0,2.3627084e-10,0,1.0
its_radmehr,1.0,4.7505786e-21,0,1.0
atnashryfa24107,0.9999999,1.0840333e-07,0,0.9999999
mikycalafe,1.0,1.3340236e-09,0,1.0
masoudrazaviyan,1.0,4.8276272e-17,0,1.0
zedde57,1.0,2.6968753e-08,0,1.0
saint66lucifer,1.0,1.1868875e-13,0,1.0
mamali4dalghak,1.0,4.365487e-08,0,1.0
pirkaftar,1.0,2.900025e-09,0,1.0
afazlipoor,1.0,7.232983e-14,0,1.0
ebiiii63,1.0,8.545476e-13,0,1.0
iran1azad2,1.0,4.2985496e-17,0,1.0
loveeee1400,1.0,1.1653101e-10,0,1.0
edalatiyanmosi,1.0,2.566061e-10,0,1.0
maral989847,1.0,4.1417078e-15,0,1.0
pahlavijan1366,1.0,7.8812465e-14,0,1.0
kavehz2011,1.0,1.0553703e-12,0,1.0
hafshari69353,0.9999999,9.069988e-08,0,0.9999999
khn4857,1.0,1.3004344e-09,0,1.0
ffffssss195088,1.0,6.7957376e-12,0,1.0
bahare23z,1.0,6.147757e-12,0,1.0
has95299179,1.0,5.6128933e-09,0,1.0
rezakayaa,1.0,2.1231648e-13,0,1.0
khodejustincase,1.0,1.1740032e-15,0,1.0
wishbird79,1.0,1.4868481e-10,0,1.0
aqdashasdam,1.0,4.748819e-22,0,1.0
mohamadsha16089,1.0,1.890198e-13,0,1.0
abbasebr,1.0,2.9889846e-09,0,1.0
psaidthat,1.0,9.433593e-13,0,1.0
f_c_down,1.0,4.21348e-09,0,1.0
iranyar_iranyar,1.0,1.9745611e-10,0,1.0
cnreports,1.0,2.0508438e-13,0,1.0
eslamii_hamid,1.0,1.4328893e-20,0,1.0
pesarvahshi2000,1.0,4.0122742e-08,0,1.0
aehteshami87487,1.0,5.75751e-12,0,1.0
homaysaadat10,1.0,4.3359453e-08,0,1.0
ali20null08,1.0,1.2313919e-15,0,1.0
officialiranica,1.0,1.2800897e-13,0,1.0
mesutharay1,0.99999964,3.7893489e-07,0,0.99999964
mahdi4604490822,0.9999999,7.091225e-08,0,0.9999999
abuozar111,1.0,1.2967643e-08,0,1.0
crysiscrypto,0.99999917,8.026976e-07,0,0.99999917
javad77823457,1.0,9.3487176e-11,0,1.0
rose20121975,1.0,1.00016204e-19,0,1.0
saeed27125300,1.0,3.16292e-10,0,1.0
ahmadblackhors1,1.0,1.439878e-09,0,1.0
saharadesertt,1.0,2.1811797e-10,0,1.0
kylejohnso4543,1.0,1.7502934e-16,0,1.0
abbyra241783,1.0,5.916411e-13,0,1.0
pashiman414324,1.0,2.9925125e-11,0,1.0
artinramtin,1.0,4.2866213e-09,0,1.0
the_scorpion76,1.0,3.2377684e-16,0,1.0
ahmadsh571,1.0,4.940643e-16,0,1.0
kian1067,1.0,7.2835182e-09,0,1.0
ishowtreven,0.9999999,1.113077e-07,0,0.9999999
pdn154761,1.0,7.699217e-15,0,1.0
shrb11890374,1.0,2.3436723e-11,0,1.0
serendipia_ma,1.0,1.08485744e-13,0,1.0
khashtria,1.0,3.396555e-14,0,1.0
krezaiy36254,1.0,1.5426849e-09,0,1.0
mfryduni,1.0,1.0850095e-15,0,1.0
sima75774367,1.0,1.8913685e-11,0,1.0
3toedsloth6,1.0,5.50269e-10,0,1.0
saltanattalab2,1.0,2.2051836e-09,0,1.0
89a75a7ebb0d46f,0.9999993,6.8686865e-07,0,0.9999993
homayonaz78,1.0,4.746674e-10,0,1.0
rahmdy73677,1.0,1.3058071e-18,0,1.0
zahra_shahbar,1.0,4.9965667e-08,0,1.0
shab_zadh,1.0,6.228163e-17,0,1.0
shaghay93632409,1.0,2.4594955e-14,0,1.0
ab84765354,1.0,2.0194193e-08,0,1.0
farbod66666,0.9999995,4.5606726e-07,0,0.9999995
nour93175,1.0,2.1445384e-11,0,1.0
nasiri43758,0.9999999,1.6186684e-07,0,0.9999999
substantial021,1.0,1.6393379e-09,0,1.0
ali_bitmit,1.0,3.1093e-11,0,1.0
alihz1997,1.0,8.858624e-10,0,1.0
bhramahwrayy3,1.0,4.1390207e-16,0,1.0
tanhaye_marde,1.0,2.2276587e-11,0,1.0
monarch1fox,1.0,5.010106e-09,0,1.0
twinjetnebula,1.0,9.09918e-13,0,1.0
_ariyamehr,1.0,1.1347812e-08,0,1.0
benamevatan,1.0,2.154007e-12,0,1.0
maanaa_shah,1.0,5.609198e-14,0,1.0
brabienia,1.0,4.440537e-09,0,1.0
hoseingazme,1.0,1.266029e-12,0,1.0
farvehariran,1.0,2.200275e-14,0,1.0
serojboghosyan,0.9999999,1.510236e-07,0,0.9999999
bahadorimr,1.0,5.0741087e-12,0,1.0
zorantel,1.0,3.6549245e-12,0,1.0
elim1243,1.0,6.8464636e-16,0,1.0
saeedeh894946,1.0,9.978167e-12,0,1.0
guilan_girl,0.9999999,9.314734e-08,0,0.9999999
shazdepesar,1.0,6.96086e-09,0,1.0
elrian_nft,0.9999993,6.678879e-07,0,0.9999993
savesta78056,1.0,1.5500088e-12,0,1.0
mirzareaza,1.0,4.1090336e-17,0,1.0
pesarekeikavous,1.0,1.1279772e-08,0,1.0
rezaazar43052,1.0,2.7782885e-08,0,1.0
drashkan_mir,1.0,9.699425e-14,0,1.0
shahshahshah678,1.0,2.3258284e-11,0,1.0
farzank50,1.0,9.185482e-16,0,1.0
im_the_ali_jj,1.0,2.1824813e-11,0,1.0
parthianempire,1.0,3.797852e-09,0,1.0
joker4ir,1.0,7.227005e-16,0,1.0
yasinasiladi,1.0,7.773118e-21,0,1.0
fri78045,1.0,1.972063e-09,0,1.0
ghanbarisetare,1.0,5.196878e-11,0,1.0
sadrisadra,1.0,2.2745557e-08,0,1.0
adame_khoob,1.0,2.0056568e-13,0,1.0
mimobiibo,1.0,6.4505015e-09,0,1.0
ftm_ni7,1.0,1.9304394e-18,0,1.0
lionessslegacy,1.0,3.2298872e-15,0,1.0
farhadraza81,1.0,7.2811845e-09,0,1.0
kiaei_mohammad,1.0,2.369704e-10,0,1.0
hoomanghanipour,1.0,7.714674e-13,0,1.0
kourosh_far,1.0,2.0640686e-13,0,1.0
mahsima881740,1.0,6.462289e-12,0,1.0
biasab790,1.0,2.990355e-19,0,1.0
ladyy_young,1.0,2.7603493e-09,0,1.0
irankhanoom1384,1.0,7.245393e-15,0,1.0
sarajamirani,1.0,4.2254733e-08,0,1.0
samiiiiaarrr,0.9999994,6.5463763e-07,0,0.9999994
adrian1368120,0.99999976,2.7093427e-07,0,0.99999976
masoud_369,1.0,5.1952644e-14,0,1.0
alireza57021818,1.0,1.9136697e-12,0,1.0
koshteshab,1.0,1.6698682e-08,0,1.0
pasha1401549846,0.9999994,5.6590443e-07,0,0.9999994
aliekazemi1985,1.0,3.274618e-11,0,1.0
am67849599,1.0,3.5976682e-13,0,1.0
shimamoh44679,1.0,2.396404e-09,0,1.0
aminzahirinejad,1.0,5.517545e-12,0,1.0
sherine_javan,1.0,2.3222857e-08,0,1.0
nima45849546,0.99999964,3.3995764e-07,0,0.99999964
artemis_aaaaaa,0.9999994,6.128154e-07,0,0.9999994
rvu9b7uldqzm5zo,1.0,1.03854025e-13,0,1.0
kakeroyoga21,1.0,5.4206656e-10,0,1.0
ktgeq3wkc7o8h0w,1.0,8.249546e-09,0,1.0
hushbam67,1.0,2.0693044e-12,0,1.0
majidna78356914,1.0,1.5500001e-08,0,1.0
herman50966672,1.0,9.4318935e-11,0,1.0
fatme94lk,1.0,1.0467177e-09,0,1.0
alireza8182,1.0,3.221995e-10,0,1.0
zeinoorani,1.0,1.499516e-10,0,1.0
btsliph,1.0,1.6012153e-10,0,1.0
javanshir9,1.0,3.5475536e-15,0,1.0
l24562f,1.0,9.60316e-12,0,1.0
2583kiasha91512,1.0,1.423453e-13,0,1.0
binta_yau,1.0,3.1007588e-08,0,1.0
bahramhagh66914,1.0,8.063934e-09,0,1.0
ferdowsi_tusi,1.0,1.1471173e-09,0,1.0
thehearer_,1.0,1.3620826e-12,0,1.0
hosseinhsch1990,1.0,1.1999571e-14,0,1.0
ssaahheell2588,1.0,2.7222022e-09,0,1.0
sahar136611,1.0,4.082252e-11,0,1.0
pejman18279738,1.0,2.5398783e-10,0,1.0
ghomidvar,1.0,1.3803756e-18,0,1.0
minadokhtaremah,1.0,4.970184e-18,0,1.0
niloofarabi00,1.0,1.083408e-09,0,1.0
lolacassi_,1.0,1.8434327e-15,0,1.0
aryarouhi39966,1.0,1.9197026e-11,0,1.0
brutainature1,9.258797e-08,0.9999999,1,0.9999999
helya_k2024,0.9999993,7.22888e-07,0,0.9999993
mvihamun,1.0,3.5186006e-13,0,1.0
parsa_arh,1.0,6.034463e-12,0,1.0
farnaz1310601,1.0,9.76769e-14,0,1.0
zahra050641916,1.0,5.501633e-09,0,1.0
soha1272,1.0,1.8024437e-12,0,1.0
iranman777,0.99999976,2.8138336e-07,0,0.99999976
farafathy,1.0,5.5313283e-08,0,1.0
anitanezhad,1.0,2.455066e-18,0,1.0
hamideshgh91991,1.0,1.0334187e-09,0,1.0
kheir_nadide,1.0,2.4716982e-11,0,1.0
ghyt14254487,1.0,8.630112e-09,0,1.0
pollux561421,1.0,7.215636e-10,0,1.0
amiri_iman94139,1.0,2.3705061e-12,0,1.0
73_florence,1.0,4.6935755e-10,0,1.0
hajsardar1,1.0,7.445661e-11,0,1.0
mehrnooshghorb3,1.0,1.2514829e-11,0,1.0
saeedgh83111412,1.0,4.184226e-12,0,1.0
libertarian_dpr,1.0,4.790294e-14,0,1.0
princedelighted,1.0,7.2669756e-17,0,1.0
subzero752,0.9999999,6.297642e-08,0,0.9999999
kevinjaymz,1.0,3.9947602e-14,0,1.0
lolo1366613,1.0,2.2544599e-18,0,1.0
mahmoodarzanii,1.0,4.4994816e-10,0,1.0
maryamraisi87,0.99999917,8.3199444e-07,0,0.99999917
captain_zero_tm,1.0,3.3672078e-09,0,1.0
mozhganmahdav10,1.0,7.1679174e-09,0,1.0
abhishekbaitc,1.0,3.1779773e-10,0,1.0
atimasroor,0.9999994,6.495673e-07,0,0.9999994
aavaxx737,0.99999917,7.7786325e-07,0,0.99999917
akbarjoojeh,1.0,1.5907922e-10,0,1.0
samalexshah,1.0,4.480583e-09,0,1.0
rocketman_1944,1.0,1.6154614e-10,0,1.0
roozmehrj,1.0,4.5165e-09,0,1.0
marrya_77,1.0,1.0758636e-08,0,1.0
rkrmy13612,1.0,4.1043957e-10,0,1.0
mort28302,1.0,5.0661426e-11,0,1.0
jesiiinopink,1.0,6.8371324e-20,0,1.0
peymanhty01,0.99999964,3.8560214e-07,0,0.99999964
ashokahafe29641,1.0,5.574414e-19,0,1.0
sara75653982,0.9999995,5.334525e-07,0,0.9999995
piramerd12,0.99999976,2.1642332e-07,0,0.99999976
azadikhah123,1.0,2.8741782e-08,0,1.0
a111n6,1.0,4.4234252e-10,0,1.0
mehranfx666,1.0,4.8606663e-10,0,1.0
artmis2194,1.0,2.7402956e-12,0,1.0
raha09371259754,1.0,2.1479811e-11,0,1.0
nasidarya57,1.0,2.0312999e-14,0,1.0
gil60qrl_h8j,0.9999994,6.210344e-07,0,0.9999994
amirbidi21481,0.99999964,3.4384394e-07,0,0.99999964
shullman7,0.99999976,2.1169171e-07,0,0.99999976
golden_dragon76,1.0,2.6716446e-12,0,1.0
kimia491320,1.0,4.027215e-13,0,1.0
mehrnoshsajed11,0.9999999,7.50165e-08,0,0.9999999
arash20203,1.0,1.4215677e-16,0,1.0
zohresolimany,1.0,1.9387708e-11,0,1.0
sabasabz44,1.0,9.0786684e-10,0,1.0
reddish1984,1.0,1.5886629e-11,0,1.0
rouhallahhakim1,1.0,7.0117894e-09,0,1.0
agharastan11,1.0,4.237737e-25,0,1.0
kinginnorth76,0.9999999,1.2809667e-07,0,0.9999999
eng71412050,0.99999917,8.789289e-07,0,0.99999917
fbhkam83085,1.0,1.520005e-13,0,1.0
a2_intl,1.0,8.998877e-11,0,1.0
mr1arash,1.0,3.634187e-09,0,1.0
mirzabahram33,1.0,1.6042225e-11,0,1.0
memol666,1.0,1.7702992e-10,0,1.0
olive303658551,1.0,1.03305826e-16,0,1.0
imagination_h,0.99999917,8.1669003e-07,0,0.99999917
farzadfarh66815,0.99999964,4.108865e-07,0,0.99999964
armanahooraii,0.99999905,9.003196e-07,0,0.99999905
aki777azd1,1.0,4.2917548e-11,0,1.0
opatanep,1.0,5.6798872e-14,0,1.0
iraniraaan,0.99999917,8.368534e-07,0,0.99999917
golroud,0.9999999,1.6403482e-07,0,0.9999999
vandado95669,1.0,5.7269394e-09,0,1.0
dyosefian79291,1.0,2.3289293e-09,0,1.0
hap11686,1.0,4.5566808e-14,0,1.0
afshintt69,1.0,6.5232824e-15,0,1.0
shahanshah36,1.0,2.4276616e-15,0,1.0
news_iran,1.0,3.940548e-13,0,1.0
arta22025,1.0,5.6783662e-08,0,1.0
almasc124254,1.0,1.5785495e-12,0,1.0
farhadrouzbaha,1.0,1.0678374e-08,0,1.0
_hojat_,1.0,2.9412413e-13,0,1.0
peyman_sedqi,1.0,3.965273e-08,0,1.0
dananik_f,1.0,7.899678e-15,0,1.0
shahin42002375,1.0,2.2501388e-10,0,1.0
leonardking87,1.0,1.0455852e-11,0,1.0
seyedhagjo,1.0,1.139104e-10,0,1.0
parhamsix,1.0,4.6181518e-12,0,1.0
kardanmojt78100,1.0,8.7800204e-13,0,1.0
behrooz0229152,1.0,1.6693784e-11,0,1.0
alexboys102102,1.0,1.4831761e-08,0,1.0
alirezaabbasi_7,1.0,3.9997446e-15,0,1.0
mattymadani,1.0,1.3493539e-14,0,1.0
rahaeenews,0.9999999,1.3030177e-07,0,0.9999999
satii_mahyar,0.9999999,1.3373992e-07,0,0.9999999
rpeiro1965,1.0,5.205372e-10,0,1.0
rasoli_mohsen65,1.0,5.9362015e-10,0,1.0
rezayaghobi10,1.0,2.6712512e-09,0,1.0
vmohadjeri,1.0,5.7720047e-11,0,1.0
iranamordad,0.9999993,7.64141e-07,0,0.9999993
suchiant_,1.0,1.2898573e-08,0,1.0
samiulh29860921,1.0,2.394911e-08,0,1.0
koslami1357,1.0,1.3711784e-14,0,1.0
bkouchakpour,1.0,7.870363e-12,0,1.0
variance22,1.0,5.2679347e-11,0,1.0
robatimm,1.0,1.8902945e-14,0,1.0
ali17553042,0.9999995,5.2243314e-07,0,0.9999995
bonly33891,1.0,2.998562e-08,0,1.0
sandra591230980,1.0,6.6850785e-18,0,1.0
arashariya28019,1.0,9.149564e-09,0,1.0
doglas34125558,1.0,2.501267e-08,0,1.0
zandiparvin7,1.0,2.3298587e-12,0,1.0
si_sh49731,1.0,2.3796423e-09,0,1.0
mardmihan140,1.0,1.2647104e-17,0,1.0
ali_yousefy,1.0,1.745071e-11,0,1.0
ak49069267,1.0,1.1575313e-08,0,1.0
tarrllan,1.0,6.386426e-09,0,1.0
alirz_o,1.0,2.7664275e-12,0,1.0
realtorhami,1.0,4.039636e-11,0,1.0
simahun,1.0,2.0755067e-08,0,1.0
bimaryam1,1.0,5.7104522e-11,0,1.0
inknownam,1.0,2.3592614e-08,0,1.0
mathiiyou,1.0,6.266464e-16,0,1.0
swastikapahlavi,1.0,3.038761e-08,0,1.0
aban98mehr,1.0,2.137635e-09,0,1.0
ziba_nowruzz,1.0,1.613096e-11,0,1.0
k1soloman,1.0,3.8646896e-18,0,1.0
tranh_dy,1.0,1.5264505e-11,0,1.0
ferikooty,1.0,1.1863126e-13,0,1.0
es84sadeq,1.0,3.1443246e-08,0,1.0
aynodlady,1.0,1.2749167e-13,0,1.0
bahmanakbarpou1,1.0,3.611782e-10,0,1.0
pahlavi_love94,1.0,6.980837e-11,0,1.0
witrhope,1.0,1.2654382e-11,0,1.0
afarin61,1.0,3.3900556e-11,0,1.0
jigool50,1.0,1.9212884e-15,0,1.0
shahbar_jalal,1.0,7.8235584e-13,0,1.0
sepideh7895,1.0,1.2831038e-09,0,1.0
monicaaz11,1.0,8.3043067e-10,0,1.0
ham_gonah,1.0,4.5796554e-11,0,1.0
pahlavism_rz2,1.0,3.241263e-10,0,1.0
persi_swift,1.0,3.035547e-11,0,1.0
pahlaviparastt,1.0,3.6330455e-08,0,1.0
esi1357m,1.0,2.6656918e-10,0,1.0
stark_ted23380,1.0,2.5512377e-19,0,1.0
kiaatri123,1.0,8.566284e-09,0,1.0
alidaneshi2007,1.0,7.841239e-11,0,1.0
roya78156423,1.0,1.7680947e-11,0,1.0
bloomingshazar,1.0,1.9061917e-11,0,1.0
simin09370484,1.0,6.332691e-09,0,1.0
mariya0020,1.0,2.392547e-11,0,1.0
mechanictired,1.0,6.1541e-17,0,1.0
quereska,1.0,4.5879423e-19,0,1.0
ghasemiroy59564,1.0,5.9874673e-16,0,1.0
zanvpahlavi,1.0,2.824169e-18,0,1.0
kazemahmadi481,0.9999999,7.367227e-08,0,0.9999999
shaqayeqla,1.0,2.508096e-10,0,1.0
kavehahangari7,1.0,1.742198e-18,0,1.0
masouddastangoo,1.0,1.5233842e-12,0,1.0
anahita51588051,1.0,1.4284432e-10,0,1.0
__slak__,1.0,2.1764203e-11,0,1.0
arash6666666,1.0,4.9241593e-09,0,1.0
m_d1994m,1.0,5.684488e-12,0,1.0
hoseinikazzem,1.0,2.4741943e-14,0,1.0
mohsen_b99,1.0,2.8673308e-10,0,1.0
shhnaz30654103,1.0,1.3825153e-14,0,1.0
mooyyymooyyy,1.0,2.0231088e-08,0,1.0
yvlypqvuvxuqfxj,1.0,9.379182e-12,0,1.0
leila1133065,1.0,2.3114843e-09,0,1.0
kazem1467973,1.0,7.6147894e-11,0,1.0
voiceof_btc,1.0,7.408781e-16,0,1.0
mandanaa1357,1.0,3.006631e-12,0,1.0
mohamad87160044,1.0,8.803544e-10,0,1.0
papaknik,1.0,3.9126816e-16,0,1.0
azarnamini,1.0,3.418551e-09,0,1.0
_felora,1.0,2.8080465e-09,0,1.0
volcano_876,1.0,2.3997368e-14,0,1.0
ahmadostad4173,1.0,2.383287e-15,0,1.0
kingsha51154674,1.0,8.105668e-15,0,1.0
mehdidizaj,0.9999994,6.243177e-07,0,0.9999994
benfarzad,1.0,2.094281e-11,0,1.0
mina10665,1.0,2.4438132e-09,0,1.0
h_partabiyan,1.0,4.9062057e-13,0,1.0
ahmadpasbani,1.0,5.581067e-10,0,1.0
first8pa,1.0,9.628686e-13,0,1.0
mohammadfa73905,1.0,1.3019477e-10,0,1.0
ozamaend,1.0,1.3278174e-12,0,1.0
king1825911,1.0,1.3767638e-09,0,1.0
sammat9488,1.0,5.7071416e-15,0,1.0
masooud2000,1.0,8.882071e-18,0,1.0
_rmin,1.0,1.515997e-14,0,1.0
atradat11,1.0,5.0167543e-08,0,1.0
gerdelbhansel,0.99999905,9.785944e-07,0,0.99999905
iwasborniranian,1.0,5.195287e-13,0,1.0
hsynd16368,1.0,1.5751997e-11,0,1.0
sarvkhshk,1.0,9.467525e-15,0,1.0
larii_walker,1.0,1.3334839e-17,0,1.0
zorvanism,1.0,9.103747e-09,0,1.0
arsalanbb59042,1.0,1.813054e-11,0,1.0
mhyap67741,1.0,1.3726126e-10,0,1.0
soldier_pahlavi,1.0,2.3280334e-08,0,1.0
mythologyrostam,1.0,2.71533e-10,0,1.0
vip_fiun,1.0,7.262669e-20,0,1.0
syavash2581,1.0,3.0619374e-10,0,1.0
alimahmoudian6,1.0,1.6686705e-16,0,1.0
yaraamir92733,1.0,8.3275635e-09,0,1.0
nobodynour,0.9999999,6.7922265e-08,0,0.9999999
javidshahh2025,1.0,1.0087991e-11,0,1.0
marixosrovi,1.0,2.237233e-09,0,1.0
javaherbin,1.0,1.0423255e-15,0,1.0
koookooo1369363,1.0,9.649258e-13,0,1.0
thebehnoom,1.0,2.7224265e-12,0,1.0
pouria690452,1.0,4.776524e-15,0,1.0
mohsen_araki,1.0,2.2391582e-13,0,1.0
pahlavi314iran,1.0,5.41596e-15,0,1.0
puriantella,0.99999976,2.9223824e-07,0,0.99999976
floyd_lauton,1.0,1.0920864e-13,0,1.0
avesta95383151,1.0,4.700656e-09,0,1.0
cheraghci79488,1.0,1.9313764e-09,0,1.0
s_yosefy44593,1.0,3.309744e-11,0,1.0
mehdadsepehrtaj,1.0,8.132792e-17,0,1.0
anahidamin,1.0,1.7983152e-13,0,1.0
kevinda89023314,0.9999999,1.5171189e-07,0,0.9999999
abas_karimi1365,1.0,7.570302e-11,0,1.0
3009sara,1.0,1.0915706e-08,0,1.0
irani_yekan,1.0,1.1173626e-12,0,1.0
amirhoseyn1374,1.0,8.145379e-14,0,1.0
mahasti_s,1.0,3.900261e-12,0,1.0
chap_dastam,1.0,6.517081e-10,0,1.0
shinyroad1,1.0,3.7196646e-14,0,1.0
razorsharpp021,1.0,3.3908953e-19,0,1.0
pourmandh,1.0,2.9657523e-09,0,1.0
kimyakalantari,1.0,9.567317e-14,0,1.0
aahoora281490,1.0,1.13733415e-11,0,1.0
sednay78175,1.0,1.882883e-09,0,1.0
elizabetho16653,1.0,1.3201475e-09,0,1.0
reza2pahlavism,0.99999964,4.0876077e-07,0,0.99999964
baharta54,0.99999905,9.1036605e-07,0,0.99999905
minimalist82028,1.0,2.963083e-13,0,1.0
ka_rama1111,1.0,1.1830742e-10,0,1.0
hhh2664,1.0,1.4347187e-09,0,1.0
xuser9898,1.0,2.5822446e-13,0,1.0
lorde_sharghi,1.0,6.522505e-13,0,1.0
philip465518101,1.0,1.023737e-09,0,1.0
nargesnarg21806,0.9999999,6.310556e-08,0,0.9999999
morgennikan,1.0,2.096788e-10,0,1.0
bluemoo1877733,1.0,9.078179e-11,0,1.0
permanentland,1.0,1.9986298e-17,0,1.0
shimahdris,1.0,4.592939e-09,0,1.0
n_nikotein,1.0,1.0052965e-09,0,1.0
sheidasoff57189,1.0,2.1637692e-09,0,1.0
bhandarpolicy,1.0,1.8007755e-10,0,1.0
kshafiyane,1.0,2.427077e-16,0,1.0
n_morganazadi,1.0,5.0539575e-13,0,1.0
ashabiebbie1,1.0,4.055468e-08,0,1.0
majidi65567546,1.0,3.7283207e-19,0,1.0
bjalnxxdxwgrfqo,1.0,1.8919789e-14,0,1.0
bahrami_danesh,1.0,1.2995807e-10,0,1.0
mohamad73772119,1.0,3.560184e-10,0,1.0
whoispeopel,1.0,2.0227789e-10,0,1.0
aria136613,1.0,1.3528415e-09,0,1.0
sofisnl15990,1.0,1.5599207e-12,0,1.0
mokhtari_ei,1.0,3.4514418e-12,0,1.0
arman_iranshahr,1.0,1.5108865e-08,0,1.0
vahidq121212,1.0,2.2175915e-10,0,1.0
mohamad_lo1999,1.0,4.299997e-15,0,1.0
barfipersiancat,1.0,1.3408326e-12,0,1.0
sirus_1111,0.9999999,1.1406123e-07,0,0.9999999
viralfever777,1.0,2.1238727e-10,0,1.0
zhivagoo25,1.0,8.5623505e-12,0,1.0
nadershahiran,1.0,1.8116859e-14,0,1.0
maziarsaajedi,0.99999976,1.9632412e-07,0,0.99999976
btasnikh60142,1.0,7.173901e-11,0,1.0
ashenamehr20041,1.0,1.4372412e-09,0,1.0
mohammadomidi16,1.0,1.4212705e-11,0,1.0
bahar56143461,1.0,3.4668943e-08,0,1.0
azadi33191,0.9999999,8.098279e-08,0,0.9999999
vohoomana1,1.0,8.2535234e-10,0,1.0
mahyar415549021,1.0,1.0093706e-15,0,1.0
zhrdardmand,1.0,3.9595722e-09,0,1.0
exxompayam,1.0,7.554011e-09,0,1.0
sb_f1984,1.0,3.5287998e-11,0,1.0
iran4eveer,1.0,1.1961242e-19,0,1.0
drmasha955041,1.0,2.2048754e-10,0,1.0
amv1959,1.0,1.1337837e-08,0,1.0
ghazalehh3,1.0,5.881375e-13,0,1.0
danielian1015,1.0,1.3245014e-08,0,1.0
liza1339424,1.0,6.873674e-10,0,1.0
hazbowa,1.0,3.0753405e-10,0,1.0
madibi6,1.0,5.9333536e-16,0,1.0
warreldane8,1.0,3.309607e-10,0,1.0
bahareh_mir,1.0,1.8042855e-14,0,1.0
beni1390,1.0,1.6928039e-15,0,1.0
khastahamed,1.0,1.093753e-15,0,1.0
amirikarbandi,1.0,1.00563054e-16,0,1.0
booshveg2002,1.0,3.7879443e-11,0,1.0
nafir_,1.0,6.9453524e-14,0,1.0
afshin911022812,1.0,4.331603e-13,0,1.0
hpirgheibi,1.0,2.0596542e-11,0,1.0
farbod1694,1.0,4.2941725e-10,0,1.0
arya258390,1.0,1.8790045e-13,0,1.0
aryahoma,1.0,7.4402665e-11,0,1.0
mehranrash41970,1.0,9.8928574e-11,0,1.0
1youngcrazy,1.0,3.5933567e-08,0,1.0
javidshah2566,1.0,2.100676e-09,0,1.0
liadia7002,1.0,5.963374e-16,0,1.0
babaamir100,1.0,1.387839e-14,0,1.0
peacedonya65138,1.0,7.062066e-17,0,1.0
negarkhatoon2,1.0,8.1300944e-13,0,1.0
eidehsanan,1.0,1.9097028e-08,0,1.0
shahpursasani,1.0,5.9703167e-12,0,1.0
irankhah4,1.0,1.2554825e-15,0,1.0
alirezakar0320,1.0,4.1157847e-22,0,1.0
bahadirsahnpskd,0.99999976,2.1226018e-07,0,0.99999976
elham_moradi22,1.0,1.7874276e-20,0,1.0
padidary,1.0,1.6112862e-13,0,1.0
omarkhayya79794,1.0,4.734991e-14,0,1.0
g_rasputin__,0.9999995,4.6347685e-07,0,0.9999995
dankroaster,1.0,3.675856e-12,0,1.0
norishahla66266,1.0,1.0575099e-09,0,1.0
sng765615433369,0.99999964,3.0253562e-07,0,0.99999964
khabar_fory,1.0,6.491579e-16,0,1.0
sb13437351,0.9999994,5.551918e-07,0,0.9999994
mhdy_hsyny75424,1.0,2.0844944e-10,0,1.0
sue555666h,1.0,2.619296e-08,0,1.0
enverasciiran,1.0,1.4041777e-13,0,1.0
iranazizam39589,1.0,5.832284e-15,0,1.0
ahoora_37,1.0,1.2534194e-16,0,1.0
khudealmas,1.0,6.6016723e-12,0,1.0
herman_isinger,1.0,3.5560407e-12,0,1.0
iranemotahed85,1.0,7.914597e-18,0,1.0
classyyvirus,1.0,1.4840856e-14,0,1.0
nashreakaziib,0.9999999,1.4887672e-07,0,0.9999999
akbarabbasi38,1.0,5.333092e-15,0,1.0
maxim661473610,1.0,5.660393e-16,0,1.0
aatiii9,1.0,5.6187333e-12,0,1.0
jamasbfrood,1.0,3.4488362e-08,0,1.0
monifisent2021,1.0,3.0461904e-11,0,1.0
shahan_pars,0.9999995,4.3351227e-07,0,0.9999995
babakmo00529077,1.0,5.4697254e-11,0,1.0
sam1980384115,1.0,1.1154825e-08,0,1.0
mrnobody966,1.0,1.7751273e-14,0,1.0
jorji556,1.0,4.876969e-08,0,1.0
kambiz8152,1.0,1.09301865e-08,0,1.0
shynnyx98,1.0,2.3826453e-12,0,1.0
kasra_999r,1.0,1.31911175e-11,0,1.0
forsarhys,0.9999999,1.4275396e-07,0,0.9999999
bandarshapouri,1.0,1.044383e-08,0,1.0
motherlandrobot,0.9999999,6.912373e-08,0,0.9999999
m_azadfard,1.0,2.9858693e-08,0,1.0
sorena6009,1.0,2.3042752e-08,0,1.0
r16892190988471,1.0,9.136152e-13,0,1.0
shadow079067331,1.0,1.9062816e-12,0,1.0
persianismother,1.0,2.9809016e-08,0,1.0
daniel043821253,1.0,1.1569513e-11,0,1.0
arabelamob42776,1.0,2.654745e-08,0,1.0
mahtavallai,1.0,2.102598e-11,0,1.0
wolfgangiem,1.0,1.6313824e-11,0,1.0
mohma002,1.0,1.357408e-10,0,1.0
hamed1337162,1.0,7.4760494e-13,0,1.0
mahtab1553913,1.0,1.7179164e-09,0,1.0
bakhtiyarvand46,1.0,2.7302374e-08,0,1.0
beduralsarah,1.0,1.4943768e-10,0,1.0
simin39612641,1.0,1.0407557e-12,0,1.0
ramin_tk,1.0,3.076571e-11,0,1.0
parvaz7barfaraz,1.0,1.1386805e-10,0,1.0
no_face_n0_name,0.99999964,3.3902683e-07,0,0.99999964
samansamani7788,0.9999995,4.2578918e-07,0,0.9999995
kp45531355,1.0,2.1764535e-11,0,1.0
atabakifar1363,1.0,4.492805e-12,0,1.0
malousfarhadi,0.9999994,5.5063015e-07,0,0.9999994
kavan9567,1.0,1.14384e-09,0,1.0
fabsshow,1.0,2.4119276e-19,0,1.0
mrymsdt3,0.99999976,2.5813384e-07,0,0.99999976
samira715950,1.0,3.9628432e-13,0,1.0
ahoorajavidshah,1.0,1.8837168e-16,0,1.0
darya814130,1.0,1.164228e-10,0,1.0
mamala64,1.0,1.6891069e-16,0,1.0
alaroza113345,1.0,9.948133e-10,0,1.0
d174655d,1.0,1.9727702e-09,0,1.0
scorpoion2022,1.0,7.741173e-10,0,1.0
jmehr3783,1.0,1.4733967e-13,0,1.0
gashttassp,1.0,1.9918447e-13,0,1.0
ptahmasebiz,1.0,1.0902836e-10,0,1.0
simorg111,0.9999994,5.4396446e-07,0,0.9999994
xprimepablo,0.9999995,4.6892765e-07,0,0.9999995
maysamassaadi,1.0,3.892785e-08,0,1.0
soufianimehdi,1.0,4.1938255e-14,0,1.0
tajiranii,1.0,8.374232e-13,0,1.0
ninjasens,0.9999999,1.7371177e-07,0,0.9999999
phaezehdashti,1.0,6.0316322e-12,0,1.0
mmir445,1.0,4.0582278e-13,0,1.0
amirbagha1370,0.99999976,2.8134795e-07,0,0.99999976
sama2583,1.0,3.4977216e-18,0,1.0
sun03159,1.0,2.299234e-09,0,1.0
monamo_369,1.0,7.65369e-09,0,1.0
punisher1371,1.0,1.4363542e-19,0,1.0
rastinruzbeh,1.0,4.479867e-12,0,1.0
mkfy15056337,1.0,1.5129563e-09,0,1.0
redstone1976,1.0,6.900438e-12,0,1.0
foadinbchikord,1.0,7.820167e-14,0,1.0
ydny0113,1.0,6.9986916e-10,0,1.0
ideuropean,1.0,3.700621e-18,0,1.0
johnengdah5016,1.0,2.095107e-08,0,1.0
ghashang6,1.0,9.572081e-14,0,1.0
unknowntmuser,1.0,8.9740626e-10,0,1.0
nationalist665,1.0,3.605536e-08,0,1.0
persianleopard5,1.0,2.320471e-15,0,1.0
mary_mt47,1.0,6.654452e-16,0,1.0
sayadt60,1.0,3.5915548e-08,0,1.0
sha366149850,1.0,8.135575e-12,0,1.0
voodooir,1.0,2.3630264e-08,0,1.0
faf1452250,1.0,6.586982e-12,0,1.0
mlibank,1.0,1.457889e-11,0,1.0
howtodo2024,1.0,7.2664785e-09,0,1.0
greenhell66,1.0,5.3253245e-08,0,1.0
askariafsa27200,1.0,1.7408224e-11,0,1.0
mehrnaznamiri,1.0,1.722794e-11,0,1.0
sb451429,1.0,5.8784035e-09,0,1.0
atousa_aba,1.0,1.1849089e-12,0,1.0
naser_konjkav,1.0,3.955224e-13,0,1.0
suzyyashar1,1.0,6.8186706e-11,0,1.0
jenabi63,1.0,6.6318066e-13,0,1.0
harpernels93249,1.0,2.5412145e-11,0,1.0
entropieee,1.0,1.45515535e-11,0,1.0
mehdi199013021,1.0,3.3492438e-11,0,1.0
ghorbanzad65895,1.0,7.123763e-15,0,1.0
iran21161,1.0,4.6505253e-14,0,1.0
arnick___,1.0,1.2784069e-12,0,1.0
bakhtsadeg84642,1.0,3.8081014e-09,0,1.0
araairandost,1.0,6.628594e-13,0,1.0
catherinadoumas,1.0,1.1443751e-12,0,1.0
bshtoei,0.9999999,9.791706e-08,0,0.9999999
lydansh74726,1.0,1.6405216e-15,0,1.0
persiansankofa,1.0,7.1267224e-16,0,1.0
rezairani2024,1.0,1.7817196e-16,0,1.0
persianous,1.0,1.7875095e-20,0,1.0
mohasennazari,1.0,2.9156723e-12,0,1.0
freedom4irn,0.9999995,4.7518157e-07,0,0.9999995
lilac1319,1.0,1.1252313e-15,0,1.0
mostafa1fallah,1.0,1.2842344e-10,0,1.0
mrbarani1991,1.0,9.986376e-19,0,1.0
mandaniran48,1.0,4.9125584e-19,0,1.0
swybh16225,1.0,5.8049e-13,0,1.0
armandarab9237,1.0,1.4021476e-15,0,1.0
balootzagrs,1.0,3.57509e-08,0,1.0
tahereh08669910,1.0,5.0945976e-09,0,1.0
desirelifestory,1.0,2.12364e-08,0,1.0
behbahanijavad,0.9999999,6.190104e-08,0,0.9999999
donpiste21,1.0,4.0611062e-14,0,1.0
baharipegi,1.0,1.7444857e-18,0,1.0
ariyan_iran,1.0,5.084608e-13,0,1.0
atuatunewplanet,1.0,1.653461e-11,0,1.0
aramism578194,1.0,9.685109e-12,0,1.0
mehranpahlaviii,1.0,4.1476454e-11,0,1.0
mantgoal,1.0,1.9461397e-15,0,1.0
hadiahmadi9979,1.0,7.7242845e-14,0,1.0
boorix,1.0,2.433039e-15,0,1.0
naazer12,1.0,5.7450863e-14,0,1.0
jafaritabaar,0.9999999,1.1852712e-07,0,0.9999999
raahepahlavi,1.0,1.41275744e-14,0,1.0
pahlavikingreza,1.0,4.969767e-18,0,1.0
simsang246663,1.0,4.7195795e-15,0,1.0
leilamokht40245,1.0,5.828073e-10,0,1.0
a137698470,1.0,9.646752e-10,0,1.0
titaniommetalic,1.0,6.818972e-14,0,1.0
babaiivahi67423,1.0,2.5133998e-08,0,1.0
aliashori525011,1.0,1.0543408e-11,0,1.0
rezabiarezaian,1.0,5.1660976e-13,0,1.0
deborah1333_,1.0,4.5680536e-18,0,1.0
sorenamehr17,0.9999999,1.11071024e-07,0,0.9999999
puriatf,1.0,7.494435e-10,0,1.0
2290korosh,1.0,5.2794846e-10,0,1.0
mohamad53949656,1.0,3.0857764e-17,0,1.0
vashoovaash,1.0,2.6772892e-10,0,1.0
_matarsak_1,0.99999976,2.3409467e-07,0,0.99999976
rsln25133805,0.99999905,9.3392634e-07,0,0.99999905
mahboobems,1.0,4.630465e-12,0,1.0
nazgolialp,1.0,2.3757078e-15,0,1.0
trshyzymhdy,1.0,4.7979433e-12,0,1.0
motaghimajid,1.0,1.2976297e-09,0,1.0
paspasarga58118,1.0,1.1730201e-12,0,1.0
zizi324319,1.0,7.572536e-16,0,1.0
artimis1970,1.0,3.1895304e-08,0,1.0
mehrdad171771,1.0,3.2253906e-09,0,1.0
surooshsuroosh,1.0,1.0240461e-08,0,1.0
aghamohsenaghaa,0.9999999,1.688823e-07,0,0.9999999
ihanihan11,0.99999917,8.919122e-07,0,0.99999917
miladghaziany,1.0,3.153859e-14,0,1.0
sherlook79,1.0,7.440807e-18,0,1.0
shantzhgar,1.0,2.033372e-08,0,1.0
khorsidghahreh,1.0,2.3541592e-12,0,1.0
microperfumes,0.99999917,7.959445e-07,0,0.99999917
adelihamidreza,1.0,1.7538895e-12,0,1.0
kowri_z021,1.0,6.5988022e-12,0,1.0
marjanshohani,1.0,2.0759944e-11,0,1.0
marc_hartman2,1.0,4.3904958e-12,0,1.0
soroushkha91720,1.0,1.453862e-08,0,1.0
f_rostami_art,1.0,1.2330436e-12,0,1.0
lnasry73998,1.0,3.2413662e-15,0,1.0
foodt976,1.0,4.0485216e-11,0,1.0
mohammaddonyaei,1.0,3.1203785e-12,0,1.0
azadi402,1.0,1.904482e-09,0,1.0
amiralim464,0.9999999,1.0459223e-07,0,0.9999999
dadypick,0.99999964,4.1481744e-07,0,0.99999964
mrrrobot2024,1.0,5.673242e-13,0,1.0
alirezapahlavi1,1.0,3.5051375e-09,0,1.0
kiavash32473903,1.0,1.6509392e-12,0,1.0
mohsenpatriot21,1.0,1.2615424e-13,0,1.0
f2425098828943,1.0,2.432233e-14,0,1.0
sam009909126810,1.0,1.1234482e-13,0,1.0
e_3zar,1.0,2.7828892e-10,0,1.0
sfr1982sam,1.0,1.4806378e-08,0,1.0
borzoobakhtyary,1.0,7.194166e-15,0,1.0
mosaferkeshi,0.9999995,5.257464e-07,0,0.9999995
drafshkawyany,1.0,4.919268e-13,0,1.0
plato_khan,1.0,1.5297913e-14,0,1.0
perdisdrako1,1.0,9.849784e-10,0,1.0
fckbastardsofir,1.0,1.630572e-09,0,1.0
0x_mardin,1.0,1.132676e-10,0,1.0
sorenairni,1.0,7.686218e-11,0,1.0
mavid2n,1.0,1.1009594e-11,0,1.0
sisho92,1.0,1.2378725e-15,0,1.0
mo_sa_k,1.0,5.8499854e-08,0,1.0
uzasf,1.0,2.2812355e-10,0,1.0
sarhhsnlo,1.0,3.7900103e-19,0,1.0
covid_0690,1.0,4.5236526e-14,0,1.0
simonarifin24,1.0,5.277529e-11,0,1.0
mohamad25273768,0.9999995,4.2282792e-07,0,0.9999995
gkhoshgele43380,1.0,1.1335194e-09,0,1.0
aramsalarjahan,1.0,3.4102454e-14,0,1.0
f31614029,0.99999976,2.723773e-07,0,0.99999976
deutschersheikh,1.0,5.645189e-09,0,1.0
faghire_esfahan,1.0,2.62212e-12,0,1.0
shirina23193243,1.0,7.3824578e-09,0,1.0
rezabokoneir,0.9999999,1.3299523e-07,0,0.9999999
marronbloom,1.0,1.9252791e-08,0,1.0
sina___s1989,0.9999999,1.6230723e-07,0,0.9999999
tra_reza,1.0,3.170155e-14,0,1.0
zaminepak,1.0,3.0211487e-14,0,1.0
saeed2050094250,1.0,7.3676594e-09,0,1.0
pesareshoja632,0.99999917,8.072461e-07,0,0.99999917
minoomyl,0.99999964,3.072354e-07,0,0.99999964
matty1027,1.0,3.4898677e-09,0,1.0
mrazavinia35897,1.0,2.4781899e-14,0,1.0
bita842237181,1.0,2.9222351e-09,0,1.0
boy_magica41106,1.0,2.4274747e-09,0,1.0
irisnotiran,1.0,2.6545183e-11,0,1.0
ahorapahlavi,1.0,1.0290251e-08,0,1.0
mr_ahadian,1.0,8.3315355e-09,0,1.0
vandad_3743,1.0,9.0271643e-13,0,1.0
yazdan00648592,0.99999964,3.3523077e-07,0,0.99999964
karenparsafar,1.0,5.8071365e-13,0,1.0
uwsakb,1.0,2.369878e-08,0,1.0
xerxesrpking,1.0,1.2253677e-12,0,1.0
doozlinegar,1.0,3.1715723e-09,0,1.0
babakbakhtyari,1.0,3.541387e-08,0,1.0
rajgapoor,1.0,6.7616303e-12,0,1.0
iranzma,0.9999999,8.9161986e-08,0,0.9999999
mazaheryazdani,0.99999976,2.7261066e-07,0,0.99999976
iranfree641241,1.0,1.9860572e-19,0,1.0
javaheried9239,1.0,2.6457958e-17,0,1.0
siamakknft,1.0,5.6976166e-14,0,1.0
imamrgh,1.0,5.1709277e-13,0,1.0
hichkas20221,1.0,3.0855848e-08,0,1.0
humanity1761845,1.0,2.2965843e-11,0,1.0
yeiroonii,1.0,2.4528084e-08,0,1.0
ef6ejjlteqgmdhx,1.0,3.604895e-20,0,1.0
r89141_reza,1.0,8.817696e-17,0,1.0
iraniangirlx,1.0,1.140928e-18,0,1.0
dhqn155386,1.0,9.125844e-20,0,1.0
rs35936924r,1.0,1.2027643e-10,0,1.0
dkhtr_wrzshkar,0.99999976,1.796894e-07,0,0.99999976
yashimotocrypto,1.0,3.6301878e-10,0,1.0
amiraghakhavari,1.0,6.1113095e-14,0,1.0
mohammadki11645,1.0,1.5594756e-18,0,1.0
erfanr78,1.0,2.4668571e-18,0,1.0
loregohar,1.0,6.3900694e-09,0,1.0
dream123land,1.0,2.938165e-08,0,1.0
__niggaman__,1.0,7.259862e-15,0,1.0
siamaksafi,1.0,2.4126195e-10,0,1.0
homeyy9,1.0,1.321291e-13,0,1.0
fahi46102645,1.0,2.7629274e-11,0,1.0
saeedkarimiiiii,1.0,4.903853e-11,0,1.0
peymanm56849657,1.0,8.5069424e-11,0,1.0
ritel1555,1.0,2.106467e-19,0,1.0
behnam89225,1.0,1.2164263e-11,0,1.0
milajewels,1.0,2.2954584e-15,0,1.0
jamilkhoze2915,1.0,3.122902e-09,0,1.0
kamikaze_kmy,1.0,1.3613477e-12,0,1.0
adp_jaeger,0.9999999,1.3418976e-07,0,0.9999999
bayatcnc,0.99999905,1.0083621e-06,0,0.99999905
ellhhaam1,1.0,3.6202e-08,0,1.0
simin10279358,0.9999999,1.3233215e-07,0,0.9999999
kaktoos98,1.0,6.8223617e-12,0,1.0
noroozniya27739,1.0,1.239329e-13,0,1.0
poya10258483,1.0,5.130142e-12,0,1.0
tranyen96,0.99999905,9.400492e-07,0,0.99999905
ariobarzan_wlf,0.99999917,7.8455116e-07,0,0.99999917
inheartofgalaxy,1.0,4.4037846e-14,0,1.0
korosh04246903,1.0,1.026362e-14,0,1.0
bakhtyariranban,1.0,4.2132586e-11,0,1.0
behnood72793497,1.0,5.2970046e-14,0,1.0
maxsupport4iran,1.0,5.8782273e-08,0,1.0
hosseinsarba,1.0,6.7981455e-13,0,1.0
pari2583,1.0,6.340479e-15,0,1.0
aahaamet,0.9999999,1.6404498e-07,0,0.9999999
1dokhtarak,0.99999976,1.922315e-07,0,0.99999976
taqoti,0.9999995,4.7749336e-07,0,0.9999995
fdayyhmyra14227,1.0,3.1665369e-13,0,1.0
kerdaarneek,1.0,1.75633e-08,0,1.0
mimo645004,1.0,2.4789515e-10,0,1.0
larrykingdom24,1.0,1.7562811e-14,0,1.0
mrtdym52892,1.0,1.3801776e-15,0,1.0
arefisikaroudi1,1.0,8.582457e-13,0,1.0
hary1342,1.0,1.810622e-14,0,1.0
mohsengh_,1.0,7.057886e-11,0,1.0
setare945943,1.0,2.1340121e-10,0,1.0
ganjalimoh60946,1.0,1.8243517e-08,0,1.0
behdad75,0.99999976,2.3862165e-07,0,0.99999976
rikaalo,1.0,8.407509e-12,0,1.0
warahran52,1.0,3.1276066e-08,0,1.0
shahi_pesar,1.0,5.5759255e-11,0,1.0
arzhang74394207,1.0,1.0321288e-12,0,1.0
diaryofpius,1.0,1.1612508e-08,0,1.0
navipiro193900,1.0,2.9776575e-15,0,1.0
kardan59805511,1.0,4.891154e-09,0,1.0
ngarstan97230,1.0,3.2829997e-10,0,1.0
gilanimari2222,1.0,5.1258757e-09,0,1.0
oozzmaaa,1.0,1.5475893e-16,0,1.0
son_of_irani,1.0,2.252571e-16,0,1.0
alirezafatahnai,1.0,3.9261868e-14,0,1.0
deanvatan,1.0,1.9551872e-16,0,1.0
fasihi2019,1.0,7.2782336e-11,0,1.0
lsmdy168,1.0,1.5703384e-13,0,1.0
ahura1122,1.0,1.4401582e-09,0,1.0
aderkhshn,1.0,2.9839342e-15,0,1.0
nezamepadeshahi,1.0,3.421891e-09,0,1.0
iranshahr123,1.0,4.901163e-10,0,1.0
fighttilldeath0,1.0,1.2339625e-10,0,1.0
hwaly1990,1.0,7.770678e-12,0,1.0
gys42015484,1.0,3.581319e-13,0,1.0
mahvajahanian,1.0,3.551164e-10,0,1.0
iran_vatanam00,1.0,1.170603e-10,0,1.0
_anothergod_,0.99999964,3.964827e-07,0,0.99999964
rdehghanisanij,1.0,3.325621e-11,0,1.0
mehtiii44,1.0,1.4057312e-14,0,1.0
rabinhoodam,1.0,1.8108329e-10,0,1.0
raymondsca62261,1.0,6.987331e-09,0,1.0
diako6300,1.0,9.808378e-16,0,1.0
hwgrd1,1.0,2.2260883e-10,0,1.0
mhtb_75,1.0,3.4774088e-13,0,1.0
shahryar_iran3,1.0,2.0463633e-08,0,1.0
ayhan0804,1.0,8.715906e-15,0,1.0
mehrshadma36275,1.0,1.3910226e-09,0,1.0
aaka91548,1.0,1.6759695e-15,0,1.0
dokhtare__atash,1.0,1.8022677e-09,0,1.0
sarasadeghe,1.0,8.760489e-19,0,1.0
irandoust99563,1.0,1.117738e-19,0,1.0
qaf32svqhupo7nm,1.0,1.3009266e-15,0,1.0
ebrahimfalahat1,1.0,6.3430323e-11,0,1.0
boynextdoorhug,0.9999999,9.287786e-08,0,0.9999999
aryamehr261919,1.0,9.149221e-15,0,1.0
sajiicj844,1.0,3.8385378e-25,0,1.0
morning_wait,1.0,7.348989e-10,0,1.0
onlyshah1979,1.0,3.2640206e-09,0,1.0
avesta007,1.0,1.1894945e-08,0,1.0
sahar694466,1.0,2.2968437e-14,0,1.0
farshid_th,0.9999994,6.224023e-07,0,0.9999994
patriot18932161,0.99999964,3.1232315e-07,0,0.99999964
cyrus25001,1.0,2.1536595e-14,0,1.0
mt10_369,1.0,1.8769547e-14,0,1.0
afsharshan86535,1.0,9.258638e-12,0,1.0
thedarknessends,0.99999905,9.179534e-07,0,0.99999905
ghandack,1.0,1.3464334e-14,0,1.0
majid98589042,1.0,9.647276e-12,0,1.0
ashafighi8961,0.99999964,3.8635676e-07,0,0.99999964
shahins35387,1.0,6.064986e-15,0,1.0
hosseinghadimi4,1.0,2.294372e-16,0,1.0
mojtabajl1360,0.99999976,1.8807901e-07,0,0.99999976
asha2582,1.0,2.3325047e-08,0,1.0
kaspino106,1.0,1.0587597e-23,0,1.0
a92753297,1.0,5.334692e-10,0,1.0
barcood505,1.0,2.5868492e-09,0,1.0
sala90482932247,0.99999917,8.3909265e-07,0,0.99999917
death_of_mollah,1.0,6.0600645e-21,0,1.0
pounez156370,1.0,1.1110861e-17,0,1.0
womenmonarch,1.0,3.2545046e-08,0,1.0
aylin63295115,1.0,1.5891036e-13,0,1.0
radicalrightson,1.0,1.9416128e-11,0,1.0
sepide_990,1.0,1.33284415e-08,0,1.0
demoktator,0.9999999,1.11423894e-07,0,0.9999999
ninanaderchi,1.0,1.935083e-12,0,1.0
soroushariyai,1.0,7.699679e-17,0,1.0
michael0785571,1.0,1.6983426e-09,0,1.0
clavel973818513,1.0,1.2428397e-09,0,1.0
sasanshafii,1.0,2.805748e-10,0,1.0
argo80676003,1.0,2.6744066e-13,0,1.0
arash97324342,1.0,6.65542e-15,0,1.0
agharasol,1.0,6.17896e-11,0,1.0
hadidi72333,1.0,7.02983e-12,0,1.0
pndra78,1.0,1.0138872e-12,0,1.0
ramin34641,1.0,1.0649144e-12,0,1.0
puzzle_2_0_2_0,1.0,1.0481981e-09,0,1.0
koor_fekr,1.0,5.0697413e-10,0,1.0
rpourmahak45453,1.0,1.5098901e-15,0,1.0
neevthedeev,1.0,1.3157086e-16,0,1.0
baharghanbary,1.0,8.8022076e-16,0,1.0
lkarimipou31102,0.99999976,2.9262367e-07,0,0.99999976
she_is_artemis,1.0,2.9816875e-11,0,1.0
nabakzan,1.0,4.439091e-08,0,1.0
mmilinso1,1.0,6.393973e-12,0,1.0
burijas_of_sun,1.0,4.1919287e-11,0,1.0
shahin54852118,1.0,2.7280964e-09,0,1.0
phoenixpartizan,1.0,1.3619497e-09,0,1.0
ibaradaran40881,1.0,7.1119356e-12,0,1.0
lilyganj,1.0,5.635339e-15,0,1.0
mikeremi21,1.0,2.360026e-16,0,1.0
mahnazfarzam,0.9999999,1.0802808e-07,0,0.9999999
ekhtar_akhar,1.0,1.0503763e-15,0,1.0
koh140053,1.0,7.971008e-12,0,1.0
hadron91,0.9999999,8.633375e-08,0,0.9999999
faryade_rahaie,1.0,1.5631699e-16,0,1.0
tj70018449,1.0,4.3550125e-10,0,1.0
ma4ta370,1.0,7.697433e-13,0,1.0
hedieh0086,1.0,4.4289882e-14,0,1.0
0080azad,1.0,1.0025283e-08,0,1.0
arsanahoseikhan,1.0,8.9424185e-10,0,1.0
net2main,1.0,1.3634199e-14,0,1.0
tazevareed,1.0,9.513604e-13,0,1.0
mortezamshahi,0.9999999,1.259708e-07,0,0.9999999
zohregh14,1.0,3.4667743e-16,0,1.0
kiwi01815119034,1.0,2.304635e-16,0,1.0
sadeghi_ha73303,1.0,3.622867e-15,0,1.0
maryameee4023,1.0,6.975422e-14,0,1.0
abassyraki,1.0,1.2971782e-18,0,1.0
13charisma13,1.0,1.7140017e-13,0,1.0
aryobarzan91,1.0,7.6524107e-19,0,1.0
mania_irani,1.0,9.009947e-09,0,1.0
miiiss_marmar,1.0,4.338398e-10,0,1.0
ibrahimomo43267,1.0,1.8172944e-12,0,1.0
sesangevren,1.0,4.5903665e-08,0,1.0
michael68156852,1.0,2.0983164e-10,0,1.0
forexkingegan,1.0,2.9156612e-12,0,1.0
kingdompartisan,0.99999905,9.199682e-07,0,0.99999905
hellboy97n,1.0,4.3180542e-11,0,1.0
sherrylane57,1.0,1.649677e-08,0,1.0
arankamangar,0.9999993,7.646076e-07,0,0.9999993
shahr00zrad,1.0,5.4096005e-15,0,1.0
t_mohamad97727,1.0,1.434383e-19,0,1.0
nelson_abdolah,1.0,2.160705e-09,0,1.0
anonymfighter1,1.0,1.2230603e-09,0,1.0
rjmalpwr,1.0,4.323642e-11,0,1.0
goldsmith_83,0.99999964,3.455085e-07,0,0.99999964
sami33980007,1.0,3.048652e-09,0,1.0
qasmashkanfar,1.0,1.2451143e-14,0,1.0
pouranneg24633,1.0,1.21837765e-17,0,1.0
blackdeer991,1.0,3.9535573e-13,0,1.0
antimullahh,1.0,3.713705e-09,0,1.0
mahizolal57,1.0,7.746179e-14,0,1.0
harbardiran,1.0,1.9211199e-15,0,1.0
hamivattan,1.0,3.722915e-14,0,1.0
khafshduzak,1.0,1.0022186e-08,0,1.0
pahlavison,1.0,3.6259734e-10,0,1.0
ipreferthemoon,1.0,1.4964416e-14,0,1.0
bjanmohammadi,1.0,2.5161156e-11,0,1.0
_yanush,0.99999917,8.871362e-07,0,0.99999917
not_go_to_ass,1.0,7.073233e-23,0,1.0
mostafa28970963,1.0,3.702791e-13,0,1.0
maewer170,1.0,6.3996635e-18,0,1.0
david661988,1.0,3.8980668e-16,0,1.0
deiilamii,1.0,1.9820161e-11,0,1.0
saeediranban1,0.99999976,2.0071396e-07,0,0.99999976
hamidrezag,0.9999995,4.5752185e-07,0,0.9999995
amin1988ii,1.0,3.504296e-16,0,1.0
skysirous,1.0,3.213191e-12,0,1.0
antireligion250,1.0,7.068748e-10,0,1.0
makanparsa,1.0,2.1580668e-11,0,1.0
linevisions,1.0,4.0510477e-11,0,1.0
sohrabbaqtiari,1.0,7.514821e-13,0,1.0
pari60207298,1.0,4.370259e-09,0,1.0
nazanin04528645,1.0,1.3684888e-08,0,1.0
kam_iran,1.0,1.2984392e-09,0,1.0
mehran6737641,0.9999999,1.1664535e-07,0,0.9999999
bahijeh_hafez,1.0,5.4086976e-13,0,1.0
mmhmdy19836,1.0,4.169986e-17,0,1.0
puyaars,1.0,1.06627563e-13,0,1.0
rzaeihamei33107,1.0,7.3559226e-16,0,1.0
bb7930583524921,1.0,1.9678712e-15,0,1.0
nami48111155,1.0,5.9913287e-16,0,1.0
tehraniaza60961,1.0,1.0988411e-10,0,1.0
ali_nakh_,1.0,2.604921e-13,0,1.0
bardia_y_rastin,1.0,3.492426e-12,0,1.0
daryushsaf33465,1.0,1.9081975e-17,0,1.0
caly_baker2000,1.0,7.29216e-10,0,1.0
farzandeiranam1,1.0,1.1388921e-12,0,1.0
noone61508662,1.0,2.8365372e-14,0,1.0
mkhanhosei49607,1.0,6.5430803e-12,0,1.0
rezi08432521,1.0,1.95718e-08,0,1.0
johansenfa,1.0,2.5738474e-12,0,1.0
aminrafiei1981,1.0,1.4772856e-13,0,1.0
sunny42984614,1.0,1.3934916e-10,0,1.0
rezakhan1372,1.0,5.415708e-09,0,1.0
gohari_vah6468,1.0,1.3689662e-16,0,1.0
behzadbehy,1.0,1.046803e-10,0,1.0
mo_daq,0.9999999,1.6298615e-07,0,0.9999999
m_h_0_hamed,1.0,4.1961826e-08,0,1.0
pyrwz92253,1.0,3.4753502e-11,0,1.0
chamroosh2500,1.0,1.016111e-17,0,1.0
esfandai72945,1.0,1.6906161e-15,0,1.0
daniel81518271,1.0,1.0385834e-10,0,1.0
mori03091757,0.99999976,2.1953169e-07,0,0.99999976
bestmanchukwudi,1.0,1.6621455e-09,0,1.0
sasan1984m,1.0,1.1968681e-08,0,1.0
farzandiran2588,1.0,3.4516853e-12,0,1.0
jasonmi06832002,0.99999976,2.0217901e-07,0,0.99999976
miga_2024,1.0,2.131052e-13,0,1.0
mozhzhz,1.0,1.5894039e-09,0,1.0
sara770807,1.0,3.0263024e-08,0,1.0
persian_0098,1.0,5.700221e-08,0,1.0
majidreza24,1.0,3.9497374e-16,0,1.0
galaktous,1.0,6.745786e-12,0,1.0
raman86519832,1.0,1.3732999e-12,0,1.0
noactrequired,1.0,6.1731314e-14,0,1.0
joolly1367,1.0,8.850976e-13,0,1.0
mohamadrez74395,1.0,1.2412628e-15,0,1.0
lion_son335,1.0,4.367981e-14,0,1.0
hagbabbe,1.0,2.543745e-08,0,1.0
antimaleh,1.0,1.4575818e-09,0,1.0
feryragbar,1.0,4.9393796e-09,0,1.0
rezaahmadi1978,1.0,1.3059655e-12,0,1.0
mozhgzn,0.99999976,2.882425e-07,0,0.99999976
bkatayoon47,1.0,2.5366256e-17,0,1.0
mohammadmzi,0.9999994,6.0315466e-07,0,0.9999994
fightergela,0.9999999,7.701476e-08,0,0.9999999
kowsik_11,1.0,2.4241723e-08,0,1.0
young_ir0098,1.0,5.6399325e-18,0,1.0
atmatuza,1.0,1.214219e-08,0,1.0
amirarsln_binam,1.0,1.8545915e-11,0,1.0
guardofshah,1.0,1.0830739e-08,0,1.0
ranjbarnin41973,1.0,2.727572e-12,0,1.0
aminaghakhan,1.0,6.1192686e-09,0,1.0
modjtabasa57790,0.9999999,6.8176135e-08,0,0.9999999
irita2583,1.0,3.0442955e-08,0,1.0
alvand1a,1.0,1.0130506e-15,0,1.0
abas_hw63,1.0,2.951281e-11,0,1.0
zendebaad,1.0,1.2450082e-09,0,1.0
hroostat,1.0,1.4133755e-09,0,1.0
mountvein,1.0,7.480938e-14,0,1.0
ned30732155,1.0,4.2687115e-17,0,1.0
rezajojo487839,1.0,9.270522e-10,0,1.0
ashimashi20200,1.0,1.2421735e-13,0,1.0
0xridealone,1.0,1.6704088e-09,0,1.0
ghaem_mmd,1.0,9.069329e-16,0,1.0
attash_sard,1.0,3.9453824e-10,0,1.0
iranejan1971,1.0,2.0974218e-12,0,1.0
fatemeh172025,0.9999999,9.6559646e-08,0,0.9999999
karamialir63353,1.0,1.5444108e-08,0,1.0
permatik_1,0.99999964,3.070093e-07,0,0.99999964
net3main,1.0,1.2861676e-15,0,1.0
mirabellpx,1.0,1.9082433e-15,0,1.0
alireza_b1987,1.0,7.522776e-18,0,1.0
rezakh59,1.0,3.8038127e-12,0,1.0
racheltaheri,1.0,1.8130827e-10,0,1.0
kllllllshe,1.0,7.2491306e-21,0,1.0
ashpaze_pir,1.0,7.3932194e-10,0,1.0
kasra92,1.0,1.1346701e-09,0,1.0
farshid4199262,1.0,3.188619e-15,0,1.0
salman31452,1.0,2.6860947e-08,0,1.0
khzayy11478,1.0,1.576454e-10,0,1.0
ariya_2550,1.0,8.3357307e-13,0,1.0
antiafghan691,1.0,2.637539e-12,0,1.0
sadegyanehedaya,1.0,1.5610046e-19,0,1.0
psychologyandl1,1.0,5.505737e-13,0,1.0
alighaf90854915,1.0,5.922762e-11,0,1.0
saeedrezaie15,1.0,3.6622115e-11,0,1.0
taiger615297411,0.99999976,2.7515912e-07,0,0.99999976
raziii2000,1.0,3.473249e-15,0,1.0
kaghdhd,1.0,1.9789255e-08,0,1.0
parkia_iran,1.0,4.0162314e-20,0,1.0
sportyjurisdoc1,0.9999999,9.302998e-08,0,0.9999999
flindnh,1.0,8.482874e-09,0,1.0
afshin4631,1.0,1.1647945e-10,0,1.0
morrrlo,1.0,7.262384e-11,0,1.0
persiannightman,0.9999999,1.142036e-07,0,0.9999999
amirhsalehifa,1.0,8.100445e-15,0,1.0
goudarzish,1.0,4.946371e-18,0,1.0
poookerr_face,1.0,4.8891342e-11,0,1.0
babyyoda90,1.0,8.8355416e-17,0,1.0
kavehardalanusa,1.0,3.1655908e-08,0,1.0
alireza33621385,1.0,4.9183773e-09,0,1.0
ibnahwaz,1.0,1.4531513e-13,0,1.0
amkae_rk,1.0,3.307184e-10,0,1.0
derafshkaviany,1.0,1.6769214e-16,0,1.0
alexjf3731,1.0,4.1140476e-12,0,1.0
kh_manely,1.0,8.667102e-15,0,1.0
amiirvakili,1.0,8.906348e-14,0,1.0
vahid867379,1.0,5.2034665e-10,0,1.0
rpaa00501684,1.0,5.339865e-17,0,1.0
itssarn,1.0,6.714808e-09,0,1.0
btabrizi2025,1.0,4.752882e-13,0,1.0
kingleonpersia,1.0,9.81712e-12,0,1.0
masoud1769519,1.0,2.015669e-14,0,1.0
tabaa1989,1.0,3.4165302e-09,0,1.0
tork_kord_iran,1.0,1.1506347e-12,0,1.0
elahe84046837,1.0,1.0810217e-17,0,1.0
ghazalgh95,1.0,1.5976594e-16,0,1.0
amirisazadeh6,1.0,1.3608387e-12,0,1.0
iranmonarchmb,1.0,1.45167905e-11,0,1.0
parimahkam,1.0,1.7364095e-10,0,1.0
drsino3,0.9999999,1.2700445e-07,0,0.9999999
_esteres_,1.0,4.7893687e-15,0,1.0
loosterooooooo,0.99999976,2.4493474e-07,0,0.99999976
1369_yazdan,1.0,3.9308254e-10,0,1.0
567elahe27803,1.0,5.900403e-11,0,1.0
mimmik2022,1.0,2.0307887e-10,0,1.0
q8t2fgqlcdtvgtz,1.0,9.368955e-12,0,1.0
ariya98060801,1.0,8.777212e-12,0,1.0
ali01682020,1.0,1.4348037e-20,0,1.0
neginjaraei,1.0,9.612386e-14,0,1.0
mswd33487458347,1.0,6.4727472e-09,0,1.0
tata06370241,1.0,9.61549e-13,0,1.0
parse1335027,1.0,3.2938477e-08,0,1.0
kaveh69ss,1.0,3.4346086e-13,0,1.0
yrnym1519958,1.0,4.7789504e-14,0,1.0
rahap74,1.0,1.5943344e-17,0,1.0
sammi6932351,1.0,6.333424e-14,0,1.0
patriottic,1.0,1.4505243e-08,0,1.0
bita6998,0.9999999,1.4950588e-07,0,0.9999999
nasim60372627,1.0,8.142867e-13,0,1.0
shir1366,1.0,1.381288e-09,0,1.0
omid_xx,0.9999999,1.1311274e-07,0,0.9999999
masoudsepanta,4.0065387e-08,1.0,1,1.0
moshsarashpaz,1.0,2.903318e-09,0,1.0
amir1337415,1.0,2.3295518e-16,0,1.0
t78584493,1.0,8.229572e-09,0,1.0
mahnazshok11655,1.0,3.216335e-13,0,1.0
ottis6_,1.0,5.1146447e-09,0,1.0
phoebe8313354,1.0,3.3418255e-13,0,1.0
ankit73422611,1.0,1.2336565e-10,0,1.0
amo_rezaee,1.0,2.7768198e-20,0,1.0
alirezamos66212,1.0,2.5739624e-14,0,1.0
attarkitah90841,1.0,2.8736936e-17,0,1.0
8613hashishnahs,0.99999976,2.7326712e-07,0,0.99999976
fahim87z,0.9999994,5.899692e-07,0,0.9999994
feritaheri,1.0,1.3971871e-08,0,1.0
abasaltian,1.0,3.719005e-10,0,1.0
safa11034893565,1.0,7.019547e-10,0,1.0
imafsaneh,1.0,8.824843e-14,0,1.0
rezabagheri1984,1.0,3.8990785e-12,0,1.0
mr_mohammad__,1.0,1.8197795e-14,0,1.0
laimerplatz,1.0,1.2462617e-18,0,1.0
shadmimja,1.0,1.2086503e-12,0,1.0
mhossein8662,1.0,6.5733566e-18,0,1.0
aframshah,1.0,1.4995538e-13,0,1.0
hamzeh_hamid,1.0,3.1508964e-13,0,1.0
samghoststark07,1.0,1.2514679e-12,0,1.0
siavashashk,1.0,1.0662564e-11,0,1.0
luna_leo_,1.0,8.307661e-11,0,1.0
ariyaeia1,1.0,1.8582194e-20,0,1.0
nayeri_mohammad,1.0,2.8900452e-14,0,1.0
wineerl83860,1.0,2.7211764e-15,0,1.0
ivaniivani14,1.0,7.7470994e-13,0,1.0
sanazbaz,1.0,1.6132657e-14,0,1.0
scorp1emp4free,1.0,4.301351e-11,0,1.0
king_of_persiaa,0.9999999,1.2706552e-07,0,0.9999999
psychpatriot,1.0,3.971638e-12,0,1.0
habebmoham22502,1.0,5.435363e-19,0,1.0
shiro3esn,1.0,2.2276525e-09,0,1.0
aryastark94,1.0,3.8474876e-10,0,1.0
persian1401,1.0,2.871115e-12,0,1.0
dastayofski2020,1.0,9.746572e-13,0,1.0
mb_free_,1.0,2.1346485e-09,0,1.0
matthewregistry,1.0,1.06400836e-13,0,1.0
pare__simorgh,0.9999999,1.5658732e-07,0,0.9999999
iran_iran_lran,1.0,8.955484e-12,0,1.0
akbar253111,1.0,1.140622e-13,0,1.0
iran_revolucion,1.0,2.8008786e-09,0,1.0
anti_parasite,1.0,4.805857e-08,0,1.0
_diana_0_0_,1.0,1.4246637e-14,0,1.0
mehdi81555,1.0,6.6120525e-13,0,1.0
golere_khaste,1.0,3.0798393e-16,0,1.0
yazzdgerd,1.0,1.757776e-10,0,1.0
taji72_sam,1.0,5.3421158e-21,0,1.0
ahooraaaa11,1.0,6.806657e-13,0,1.0
sisiaragorn,0.9999999,6.0328176e-08,0,0.9999999
skot_farya1565,1.0,9.5964035e-12,0,1.0
abiyaneh,0.9999993,6.692562e-07,0,0.9999993
behnamgermany,1.0,5.1794737e-14,0,1.0
vahidvg1984,1.0,2.3169898e-08,0,1.0
mehr_dadst,1.0,7.212164e-15,0,1.0
bahman_farzadi9,1.0,2.1856093e-15,0,1.0
saeid_nosohian,1.0,2.2908902e-13,0,1.0
rahi20077194109,1.0,8.3525936e-11,0,1.0
arash_special,1.0,1.7023548e-16,0,1.0
firouzbakh9064,1.0,8.358962e-20,0,1.0
mirzamalkomkhan,1.0,6.463737e-14,0,1.0
motedayeni_,1.0,5.30869e-09,0,1.0
mr_khastehhh,1.0,3.60293e-12,0,1.0
cageddbirdd,1.0,6.335616e-16,0,1.0
sahelearamesh66,0.99999976,2.3275012e-07,0,0.99999976
afshin7175,1.0,3.425873e-10,0,1.0
hazi1717,1.0,3.7740346e-14,0,1.0
allpachino6595,1.0,5.313947e-13,0,1.0
taj_pahlavi,1.0,2.8188267e-13,0,1.0
hillhill_pariii,1.0,1.3407622e-10,0,1.0
soheil623,0.9999999,9.459002e-08,0,0.9999999
mirza74018,1.0,2.1735462e-14,0,1.0
amirlatifi_ana7,1.0,6.2389964e-09,0,1.0
sorahi10,1.0,3.2978547e-14,0,1.0
dpca781dpca,1.0,1.1863714e-13,0,1.0
slymanytahrh,1.0,3.0201837e-12,0,1.0
saeiiid1979,1.0,5.4942204e-16,0,1.0
7continentnewss,0.9999993,7.729052e-07,0,0.9999993
adel__lak,1.0,8.4769534e-13,0,1.0
ghelgheli67,1.0,1.0505382e-12,0,1.0
burna_irani,1.0,1.2434135e-09,0,1.0
kamranfathi1994,1.0,1.3154346e-13,0,1.0
benhur_raddi,1.0,1.2676836e-13,0,1.0
pedramgh2003,1.0,9.031456e-16,0,1.0
habnus,1.0,5.428066e-09,0,1.0
saribellla,1.0,6.083443e-11,0,1.0
mowlana800,1.0,6.169932e-13,0,1.0
parpari_slp,1.0,2.1458519e-11,0,1.0
mehdijozi70154,1.0,1.9944147e-13,0,1.0
sarisiroun,1.0,3.9740877e-11,0,1.0
hormoza48,0.99999976,2.2319583e-07,0,0.99999976
saeedso71672779,1.0,2.4182796e-08,0,1.0
ariddlemaybe,0.99999976,2.3981616e-07,0,0.99999976
mb100800,1.0,7.24692e-13,0,1.0
ryangh777,1.0,4.8245653e-08,0,1.0
somehr33,1.0,1.150139e-08,0,1.0
mmichaelllll,1.0,2.6644327e-09,0,1.0
azadi_arma86087,0.99999976,2.0146724e-07,0,0.99999976
shafieirez98352,1.0,1.9009953e-08,0,1.0
sn6311232410832,1.0,1.167778e-13,0,1.0
my_ideas_iran,0.99999917,7.9378407e-07,0,0.99999917
primen1899,1.0,7.770971e-09,0,1.0
timaleeeene,1.0,9.811838e-09,0,1.0
son_suun,1.0,1.7308238e-11,0,1.0
smehrab65,1.0,6.55435e-11,0,1.0
pedram17224181,1.0,3.7958962e-13,0,1.0
vinz_55,1.0,8.915351e-15,0,1.0
fardaroshan03,0.99999976,1.8651805e-07,0,0.99999976
hassanarjmandii,1.0,7.9868846e-15,0,1.0
bambogreen8642,1.0,2.4755487e-18,0,1.0
mooshimalin,1.0,5.101812e-13,0,1.0
ash4184,1.0,1.0100014e-09,0,1.0
1343happy,0.9999994,5.6939507e-07,0,0.9999994
sajjadngc,1.0,9.74349e-16,0,1.0
meslto,1.0,1.3018099e-23,0,1.0
_iranmard_,1.0,5.0047372e-17,0,1.0
faridbf7,1.0,5.0679354e-09,0,1.0
for_aban,1.0,1.1967563e-08,0,1.0
hypatiamath,1.0,4.6391545e-12,0,1.0
allenassareh,1.0,1.6031514e-08,0,1.0
sepideh749143,1.0,7.3654466e-22,0,1.0
mohamma33121268,1.0,4.808572e-15,0,1.0
prwyzshhsw16888,1.0,4.2980182e-20,0,1.0
marshmaloo20,1.0,3.5290067e-12,0,1.0
mahmood90841880,1.0,1.12559375e-08,0,1.0
moonii_80,1.0,9.659641e-10,0,1.0
lionandsunflag,1.0,1.8791096e-23,0,1.0
chakar1767902,1.0,2.1870568e-11,0,1.0
porteghal_44,1.0,1.8459018e-16,0,1.0
shahab845255,1.0,2.324352e-22,0,1.0
famojahedi,1.0,3.3707627e-12,0,1.0
mori898098,1.0,3.0258847e-13,0,1.0
paripani195601,1.0,9.045719e-11,0,1.0
raahiill_38,0.9999999,8.477395e-08,0,0.9999999
iraniaraz8850,1.0,8.427173e-09,0,1.0
fariborzafshari,1.0,1.6854976e-14,0,1.0
yrndkt13,1.0,1.5557727e-12,0,1.0
mansourpan19132,1.0,8.087812e-16,0,1.0
zvandaie71215,1.0,1.2990125e-15,0,1.0
rohe_aban,1.0,4.881582e-13,0,1.0
ihunterking,1.0,3.7848024e-15,0,1.0
shapur71466,1.0,7.394696e-15,0,1.0
free_iran888,1.0,9.993871e-14,0,1.0
vistapars,1.0,4.166584e-09,0,1.0
aomana20031,0.99999976,2.4332292e-07,0,0.99999976
mamin7711,1.0,9.612006e-13,0,1.0
zohreh13306,1.0,1.8099176e-14,0,1.0
azipedram,1.0,3.5327682e-10,0,1.0
kazmyanmhdy,1.0,1.8455929e-15,0,1.0
israel_benzion,1.0,1.03078695e-16,0,1.0
mardavij2010,0.99999917,8.918918e-07,0,0.99999917
taktaktrop,1.0,4.4010473e-14,0,1.0
taher7303961907,1.0,6.129193e-18,0,1.0
arsam1304,1.0,5.63448e-11,0,1.0
sara91queen,1.0,1.1490119e-12,0,1.0
ir_shah_pahlavi,1.0,3.1820785e-17,0,1.0
afshin320580920,1.0,3.7991502e-12,0,1.0
amin13701726,1.0,1.9363604e-12,0,1.0
tahmineh__mj,1.0,2.133953e-12,0,1.0
pzartoshtgreat,1.0,1.0248305e-10,0,1.0
mobina_shbni,1.0,3.561192e-16,0,1.0
zacgyb34445,0.99999964,3.6791678e-07,0,0.99999964
v71e0x2upraddgb,1.0,3.1402347e-17,0,1.0
ht00940,1.0,5.046702e-25,0,1.0
ariyaariya38327,1.0,1.1750785e-15,0,1.0
3157_jp,1.0,4.2695973e-14,0,1.0
persianflo,0.9999999,1.1216765e-07,0,0.9999999
mrsoroush20,1.0,1.6227723e-20,0,1.0
rasoolnasr11,0.99999976,2.382042e-07,0,0.99999976
h03en85,1.0,1.0670184e-09,0,1.0
mzyz49620653,1.0,6.613793e-13,0,1.0
chooooleh,1.0,6.146594e-24,0,1.0
anaurdom,1.0,4.5426365e-08,0,1.0
bluedamavand,1.0,1.2654862e-19,0,1.0
stopshootingpls,1.0,8.888734e-21,0,1.0
mamnoe,1.0,6.314689e-11,0,1.0
vanguard_iran,0.9999999,7.230204e-08,0,0.9999999
rend_e_kharabat,1.0,2.1608913e-12,0,1.0
dk_shahriar,1.0,7.137523e-16,0,1.0
vrrr1234,1.0,2.11489e-18,0,1.0
aliiiii921155,1.0,2.8874755e-08,0,1.0
sweet_whimsyxx,0.9999999,7.5719015e-08,0,0.9999999
hskhnwr,0.99999976,2.8213037e-07,0,0.99999976
zok40812,1.0,1.577775e-13,0,1.0
fatherofrockk,1.0,5.3237336e-18,0,1.0
2c_iran,1.0,7.411301e-15,0,1.0
masoudkhan180,1.0,8.852433e-12,0,1.0
binam9589,1.0,5.662174e-20,0,1.0
__sheyda__nr__,0.9999999,1.3304711e-07,0,0.9999999
armangoudarzi71,1.0,5.275198e-17,0,1.0
mehdiaref12,1.0,2.4461577e-10,0,1.0
bambishn,1.0,3.9330925e-09,0,1.0
ahmadtokanlo,1.0,1.3598222e-15,0,1.0
arasharya70,1.0,3.3542365e-15,0,1.0
sarbaz1837489,0.99999964,3.7386926e-07,0,0.99999964
ali2_mohse20865,1.0,3.8841655e-20,0,1.0
drafshek,1.0,2.0689277e-10,0,1.0
fahimiradfardad,1.0,1.1339107e-09,0,1.0
aryxfnn,1.0,8.875782e-23,0,1.0
arme60t,1.0,2.9417012e-13,0,1.0
abbasrafiee1364,1.0,8.01165e-18,0,1.0
gly686155851500,1.0,4.503054e-17,0,1.0
ethots2012,0.9999995,5.2996586e-07,0,0.9999995
sardar_1980,1.0,1.8486963e-08,0,1.0
hossein72899071,1.0,7.393479e-16,0,1.0
sjdipor,1.0,1.1311986e-11,0,1.0
hamedfar5,1.0,8.153451e-09,0,1.0
maryam79973984,1.0,2.5753146e-09,0,1.0
mim080507,1.0,3.3852001e-09,0,1.0
mb28880357,0.9999999,1.4743217e-07,0,0.9999999
haddock_in_iran,1.0,8.0011214e-16,0,1.0
rezafallah1998,1.0,3.6212453e-18,0,1.0
mrrobotblood,0.99999964,3.4757804e-07,0,0.99999964
seilenthill,1.0,5.2834768e-09,0,1.0
haniyehn79264,1.0,1.4803488e-13,0,1.0
kasracrypto23,1.0,1.0225879e-12,0,1.0
mei3am82,1.0,2.1059716e-09,0,1.0
peymannovinshah,1.0,2.087242e-15,0,1.0
kavirr47,1.0,6.983146e-17,0,1.0
mohsenmoha63569,1.0,5.803242e-12,0,1.0
shiva28554080,1.0,4.21934e-14,0,1.0
shahshahan3525,1.0,2.6141647e-16,0,1.0
mahdi_mjm,0.9999999,1.196831e-07,0,0.9999999
shahrzadn55179,1.0,5.5372677e-13,0,1.0
alirezaaverdi,0.99999976,2.0626851e-07,0,0.99999976
hamidmohamady14,1.0,3.7476e-11,0,1.0
sjeex58506,0.9999999,1.4985618e-07,0,0.9999999
hosein03099557,1.0,1.5357547e-11,0,1.0
sattar19771,1.0,2.4186007e-17,0,1.0
lozhans,1.0,1.917902e-11,0,1.0
mohammadpedofil,1.0,3.0810927e-11,0,1.0
iranshahrassoc,1.0,1.5082426e-09,0,1.0
amin_ghana5891,1.0,8.1528626e-16,0,1.0
arskayboy,1.0,9.394325e-13,0,1.0
mandana63464131,0.9999999,1.3892051e-07,0,0.9999999
ghasedak140,1.0,3.33029e-09,0,1.0
chamroshhh,1.0,3.864114e-11,0,1.0
parasash,0.9999999,9.98803e-08,0,0.9999999
jtoxic6969,1.0,2.6028012e-16,0,1.0
khusianarian,1.0,5.704064e-18,0,1.0
dariush2,0.9999999,1.5179249e-07,0,0.9999999
lucky_luciano0o,0.99999976,2.3447272e-07,0,0.99999976
avood1984,0.99999905,9.820133e-07,0,0.99999905
_str4tus_,1.0,1.7058074e-15,0,1.0
arminazami36124,1.0,1.7602076e-11,0,1.0
shefloora,1.0,3.1069643e-11,0,1.0
dsaadat287079,1.0,1.1336226e-10,0,1.0
aliaftp,1.0,5.791284e-10,0,1.0
cw93637375,1.0,1.6076648e-08,0,1.0
rkurapika1978,1.0,5.3148973e-14,0,1.0
watchandthinks,1.0,1.8798114e-09,0,1.0
aakib1296,1.0,6.5193966e-09,0,1.0
amirhos03386549,1.0,1.3719522e-11,0,1.0
daroon_gera,1.0,9.545858e-15,0,1.0
hami15910,1.0,1.3498245e-11,0,1.0
esfandin,1.0,7.281733e-11,0,1.0
azadi85016399,1.0,5.868813e-17,0,1.0
nazparish,1.0,4.2466378e-10,0,1.0
mohtashams62049,1.0,4.1330026e-08,0,1.0
kiana_farsi1990,1.0,2.8509634e-15,0,1.0
maryam663459603,1.0,3.8750016e-14,0,1.0
nasrin4691nsf,1.0,2.737139e-13,0,1.0
shadi48676199,0.9999999,1.12088514e-07,0,0.9999999
mahmoodesk7622,1.0,4.3380845e-17,0,1.0
peggy_ziggy,1.0,2.643447e-08,0,1.0
zeedavi,1.0,9.209719e-10,0,1.0
ahoora368273,1.0,1.1394788e-12,0,1.0
vahid_jo,1.0,1.1788137e-08,0,1.0
nima_btc,1.0,7.78893e-12,0,1.0
stanlly88,1.0,1.2592468e-09,0,1.0
zz1234595463473,1.0,1.8272177e-08,0,1.0
shahrad_fq,1.0,1.5792043e-14,0,1.0
_____afra_____,0.9999999,1.6500617e-07,0,0.9999999
mathewmurdak,1.0,1.1670402e-18,0,1.0
zriazat11891,1.0,2.2008427e-13,0,1.0
elham1981k,1.0,2.2605225e-18,0,1.0
dolatiabas52837,1.0,9.660805e-13,0,1.0
shahrokh_gol,1.0,3.627812e-11,0,1.0
kappauno80,1.0,1.1594825e-08,0,1.0
poorewandad,1.0,1.24785125e-17,0,1.0
mahyarm80914,1.0,5.460976e-16,0,1.0
nasime921825756,1.0,7.6232025e-15,0,1.0
_szpilman_,1.0,3.390477e-14,0,1.0
yek_parcham,1.0,2.258679e-17,0,1.0
riveradill39955,1.0,9.819747e-11,0,1.0
1andonly_mohora,1.0,1.02051576e-10,0,1.0
a_h_arian,1.0,5.075473e-16,0,1.0
vahid_davani,1.0,2.7642951e-13,0,1.0
shamsishiv63781,1.0,2.7059489e-08,0,1.0
hyun751,1.0,2.5315517e-16,0,1.0
mmsk20m,1.0,2.7510488e-22,0,1.0
milad32604975,1.0,3.3732528e-15,0,1.0
behzadkhos72276,1.0,7.6193807e-26,0,1.0
nimagorji,0.9999999,1.18813674e-07,0,0.9999999
ykta12345,1.0,2.4886321e-12,0,1.0
zhm1041,1.0,3.7451333e-08,0,1.0
danielnejati007,1.0,2.3242762e-11,0,1.0
awynab81695,1.0,6.5516087e-16,0,1.0
amirabad_gorgan,1.0,5.763523e-11,0,1.0
realnervan,1.0,1.1893549e-10,0,1.0
pesareshamshir,1.0,4.778874e-08,0,1.0
moeroustaei,0.99999964,3.1978885e-07,0,0.99999964
b_khoeiniha,1.0,3.0147952e-13,0,1.0
saeeeeedss,1.0,4.9139276e-11,0,1.0
tellthetruth_m,1.0,5.431213e-13,0,1.0
diako36963,1.0,6.6487306e-12,0,1.0
anderoma932346,1.0,2.8852513e-08,0,1.0
peymanmaj,1.0,1.967109e-08,0,1.0
kurdbuy1390,1.0,2.2814116e-12,0,1.0
rezav35815,1.0,2.8162887e-14,0,1.0
freeguyganiran,1.0,3.952961e-17,0,1.0
ariuobarzan1357,1.0,9.928773e-15,0,1.0
taftsam,1.0,6.633138e-12,0,1.0
ohrey69,1.0,7.9192984e-13,0,1.0
jakob_azadi,1.0,1.9475726e-08,0,1.0
phoebebuffay87,1.0,1.0915075e-13,0,1.0
daryl_mesa,1.0,1.7956427e-12,0,1.0
kurikurdem,1.0,1.7179983e-09,0,1.0
mainnet4ar,1.0,1.6152108e-15,0,1.0
engelsma131,1.0,6.499291e-14,0,1.0
nfara2535,1.0,4.638875e-18,0,1.0
mehdiaamiriynn_,1.0,7.825886e-13,0,1.0
mina_abbasian,1.0,6.630137e-13,0,1.0
ben089406376150,1.0,3.5145113e-08,0,1.0
hbvmbf3xa2nwpum,1.0,4.1683562e-13,0,1.0
danaei6715774,1.0,1.02783186e-13,0,1.0
darii1990,1.0,1.2242252e-16,0,1.0
zemestan71,1.0,5.5585163e-09,0,1.0
mohammadre66671,1.0,8.353159e-09,0,1.0
yuvalrimkey,1.0,1.5542483e-12,0,1.0
hana_khanoomi,1.0,1.2179173e-10,0,1.0
dariushhasanloo,1.0,2.536325e-10,0,1.0
bull_red92211,1.0,9.626674e-15,0,1.0
hashemyous24211,1.0,1.192513e-09,0,1.0
mainnet5g,1.0,5.86533e-14,0,1.0
sadik740263,1.0,1.4830134e-25,0,1.0
pahlavitimes,1.0,8.021993e-09,0,1.0
saeedbazarjani,1.0,1.3392493e-10,0,1.0
sefidzoghali,1.0,3.2933457e-19,0,1.0
0xtrader1988,1.0,5.939166e-11,0,1.0
behrad944,1.0,1.9234045e-11,0,1.0
z207j,1.0,1.449823e-14,0,1.0
siyavash_niknam,1.0,6.041124e-18,0,1.0
remembershah,0.99999976,2.7207977e-07,0,0.99999976
issaseyedi_,0.99999905,9.884993e-07,0,0.99999905
melbourne077,0.9999999,7.898546e-08,0,0.9999999
tgrstark,1.0,1.0359177e-19,0,1.0
gkouhyar,0.9999999,1.4145958e-07,0,0.9999999
2yvqv,0.99999976,2.8358488e-07,0,0.99999976
pad451792382085,1.0,3.2475642e-24,0,1.0
mxanaha,1.0,7.75152e-09,0,1.0
fariborz_doost,1.0,2.5662198e-12,0,1.0
mr_naieb,0.9999994,6.33665e-07,0,0.9999994
taghvaeiom81901,1.0,2.0616293e-09,0,1.0
narjestan26051,1.0,5.942692e-14,0,1.0
noghtesarkhat0,1.0,1.2476e-08,0,1.0
shahnamam,1.0,7.233414e-13,0,1.0
amehranfard,1.0,2.493225e-17,0,1.0
sshadman80928,1.0,1.5133126e-11,0,1.0
rezaakhaaan,1.0,3.851259e-15,0,1.0
ptolemy_ii,1.0,3.806518e-09,0,1.0
jen9225,1.0,1.374419e-08,0,1.0
_shahbazi,1.0,6.484536e-09,0,1.0
neginhamedi,0.9999999,7.0835604e-08,0,0.9999999
matisa222,1.0,1.0084574e-17,0,1.0
aryaei_iraniam,1.0,1.6447256e-08,0,1.0
omid1890601,1.0,3.2159927e-16,0,1.0
sharon1172480,0.9999999,8.6564924e-08,0,0.9999999
islandiran,1.0,2.1330212e-12,0,1.0
babak54431365,1.0,1.07536605e-10,0,1.0
amir_troy7,1.0,3.9929685e-11,0,1.0
juatmens,1.0,7.889056e-13,0,1.0
arash_tam60,1.0,6.137082e-09,0,1.0
nazism_1933,1.0,6.930547e-17,0,1.0
imnigeen,1.0,8.504131e-12,0,1.0
kingpabloesc,1.0,2.1763893e-09,0,1.0
fbsth40747,1.0,2.4100969e-12,0,1.0
mts_mohammad,1.0,5.7177685e-10,0,1.0
konjkav__,1.0,8.016502e-09,0,1.0
asho_2024,1.0,2.6019884e-15,0,1.0
sokhangoy,1.0,1.6860392e-20,0,1.0
angel_199628,0.99999964,3.5173088e-07,0,0.99999964
new__iran,1.0,1.1430641e-08,0,1.0
alisohr48238765,1.0,1.9644936e-10,0,1.0
navapars,0.99999964,4.1461732e-07,0,0.99999964
3600_580642,1.0,2.886514e-14,0,1.0
mamarad7,1.0,4.517312e-08,0,1.0
ant671632124627,1.0,1.6641892e-12,0,1.0
alimaleki_52,1.0,5.2238696e-11,0,1.0
master778954,1.0,5.1447724e-08,0,1.0
a88178308adam,1.0,5.9273266e-19,0,1.0
pahlavi1iran,1.0,1.6903036e-11,0,1.0
lili13681368,1.0,2.4999525e-14,0,1.0
javidshah23,1.0,5.1334204e-16,0,1.0
lotus7064,1.0,1.9652786e-12,0,1.0
iraneefarda,1.0,2.9257458e-11,0,1.0
kwrwshp52000,1.0,2.650055e-12,0,1.0
delimar17348460,1.0,1.4311909e-08,0,1.0
elizae30421,1.0,1.3082079e-14,0,1.0
amin13781989,1.0,3.7367563e-08,0,1.0
mazani777,1.0,5.9339094e-08,0,1.0
wrimo22,1.0,1.0471111e-09,0,1.0
ahmad_marani,1.0,1.37358345e-11,0,1.0
zeus60750007,1.0,1.7934403e-10,0,1.0
kingpahlavireza,0.9999995,4.54294e-07,0,0.9999995
iliya0007,1.0,3.5821404e-12,0,1.0
sportdayana,0.9999999,9.3130645e-08,0,0.9999999
danshpdhyr65073,1.0,1.8981754e-13,0,1.0
mmaleki450248,1.0,4.55531e-13,0,1.0
arian_bajool,1.0,1.48067e-14,0,1.0
skyline31314187,1.0,9.229525e-09,0,1.0
babak2500_ir,1.0,8.8470374e-18,0,1.0
iran_mahzoni,1.0,2.1457577e-11,0,1.0
daemo3i,1.0,9.333614e-10,0,1.0
nakhoda_alman,1.0,1.2958383e-10,0,1.0
skymaster32,1.0,4.5166635e-09,0,1.0
leylonlili,1.0,7.205514e-10,0,1.0
w53tqmozwlcnqvd,0.99999976,2.1457123e-07,0,0.99999976
javiiid_shah,0.99999964,3.172352e-07,0,0.99999964
maren007769500,1.0,4.274546e-09,0,1.0
sqrika,1.0,8.343052e-12,0,1.0
homamahoor26116,1.0,2.4017375e-18,0,1.0
sun0flion,0.9999995,4.834514e-07,0,0.9999995
mfazelzade27347,1.0,2.9784557e-13,0,1.0
kazbolton,1.0,1.2476545e-12,0,1.0
berlinjlm,1.0,1.2265932e-08,0,1.0
mmoradi47354,1.0,6.2543655e-13,0,1.0
ipershan7,1.0,3.8132566e-08,0,1.0
parsiankorosh1,1.0,7.4608115e-12,0,1.0
peyman757575,1.0,1.5931104e-12,0,1.0
saeed_win85593,1.0,1.6549523e-16,0,1.0
persian_sld,1.0,6.685188e-12,0,1.0
aradiran1,1.0,1.3644197e-09,0,1.0
galadriel_mf,1.0,2.0899481e-14,0,1.0
srg5475,1.0,8.2579946e-14,0,1.0
hjahani005,1.0,5.1951258e-14,0,1.0
irandokht91,1.0,1.1227199e-13,0,1.0
ispahbed,1.0,1.0007281e-09,0,1.0
fariborzkayvan,0.99999976,2.610758e-07,0,0.99999976
natureseeksh,1.0,1.1264521e-13,0,1.0
armedia88501926,1.0,3.853387e-09,0,1.0
mayalem296590,1.0,2.0952355e-15,0,1.0
amiitis_,1.060391e-07,0.9999999,1,0.9999999
shah_mihan_2025,1.0,2.4213808e-12,0,1.0
mitan_music,1.0,8.819656e-15,0,1.0
bagheirani1366,1.0,2.2966577e-12,0,1.0
omidsh27,1.0,3.3119807e-18,0,1.0
hegel_javan,1.0,7.333412e-12,0,1.0
hkhabis,1.0,1.1091004e-09,0,1.0
godiswinner7,1.0,5.3542766e-13,0,1.0
farzadgoft,1.0,2.015902e-08,0,1.0
azrajab99,1.0,8.403548e-16,0,1.0
vaze_sekaf,1.0,7.568543e-18,0,1.0
hnghnbr_aiaai,1.0,6.6268714e-14,0,1.0
fariba11321249,1.0,2.547526e-09,0,1.0
samedbehrangi,1.0,2.3887296e-08,0,1.0
aftab598256292,1.0,2.0120508e-10,0,1.0
zohreh80447815,1.0,2.8230342e-13,0,1.0
davke132027,1.0,6.0514575e-14,0,1.0
nya_zym14914,1.0,2.0629676e-12,0,1.0
mojtabgul,1.0,8.553026e-13,0,1.0
dexter5030,1.0,2.2414559e-14,0,1.0
yahya_iranian,1.0,4.525526e-10,0,1.0
rebel_meh,1.0,2.507767e-13,0,1.0
shahyar26101919,1.0,9.4537266e-14,0,1.0
mojtaba20220101,1.0,4.379156e-08,0,1.0
hamid_sh1990,1.0,1.1415923e-10,0,1.0
mohammadba72784,1.0,1.2158751e-17,0,1.0
jhyuuvff,1.0,4.3160102e-12,0,1.0
n13541366,1.0,6.3744735e-17,0,1.0
homa40819019259,1.0,5.086889e-16,0,1.0
niloo47834200,1.0,1.6597695e-09,0,1.0
zariiin34,0.99999976,2.1820813e-07,0,0.99999976
diyako965927,1.0,1.5915157e-16,0,1.0
aidencan97,1.0,2.0472247e-13,0,1.0
yakh_paz,1.0,3.1350226e-13,0,1.0
minjinleesujon,1.0,6.747622e-13,0,1.0
cirus2581,1.0,6.397425e-12,0,1.0
mohamma18492021,1.0,2.4793603e-12,0,1.0
sarshadn1,1.0,8.551146e-14,0,1.0
mamalhosyni,1.0,7.7469993e-16,0,1.0
raul6650,1.0,2.3509685e-16,0,1.0
_ariobarzan_,0.99999964,3.2808848e-07,0,0.99999964
bitahooshyar,1.0,7.042121e-20,0,1.0
blueshadowrez,1.0,1.1187518e-14,0,1.0
kingshareza,1.0,6.2703e-09,0,1.0
rezaanasiriiii,1.0,8.854615e-15,0,1.0
salmanianelham,1.0,1.2221089e-09,0,1.0
mmmg1329,1.0,4.640632e-16,0,1.0
arastoo_ap,1.0,1.1865627e-11,0,1.0
eebrahimi19,1.0,1.1328431e-20,0,1.0
milad_shomali,1.0,1.172461e-12,0,1.0
undine_x,1.0,7.691582e-12,0,1.0
maryammada74442,1.0,5.032284e-10,0,1.0
ar81434060,1.0,1.6567487e-13,0,1.0
abdulrahmanhei1,1.0,2.5008806e-08,0,1.0
tormundferguson,1.0,7.7831505e-20,0,1.0
mshokouhiyan,1.0,1.8627924e-10,0,1.0
savaky_,1.0,3.370766e-10,0,1.0
alim22702416,1.0,9.019274e-11,0,1.0
mairansarzamine,1.0,7.744706e-13,0,1.0
parsi19027,1.0,1.5973976e-12,0,1.0
yadgarys19453,1.0,9.097098e-13,0,1.0
ariya2256,1.0,3.4310408e-09,0,1.0
javad1388,1.0,3.4583216e-08,0,1.0
marjan_11,0.9999993,6.731525e-07,0,0.9999993
iamnazaninph,1.0,4.3499726e-14,0,1.0
shahrokh9irani,1.0,1.3851484e-08,0,1.0
azhpar60,1.0,9.910223e-13,0,1.0
kimi_kn,1.0,1.5461281e-13,0,1.0
setareh_ghotbi,0.9999999,1.4249403e-07,0,0.9999999
rayan22031400,1.0,2.3935224e-12,0,1.0
aryanpourelsa,1.0,1.7849124e-21,0,1.0
zohreh97463,1.0,4.237802e-10,0,1.0
ali_9star,1.0,9.472123e-13,0,1.0
shahnshah880,1.0,6.830767e-10,0,1.0
zahakosh,1.0,1.2458982e-14,0,1.0
saeedpahlevan3,1.0,1.449985e-19,0,1.0
hoseinbagher05,1.0,1.1373572e-16,0,1.0
jesuissara_2023,1.0,1.0295129e-10,0,1.0
aqadrpnah40164,1.0,5.934297e-11,0,1.0
mardearaam,0.9999999,1.3353154e-07,0,0.9999999
yly1255029,1.0,5.5686584e-25,0,1.0
khalilballochi,1.0,1.6820456e-10,0,1.0
drfhgfddsqwad,1.0,3.642636e-11,0,1.0
bantam_z,1.0,2.1738553e-12,0,1.0
gh_mzf,0.9999994,5.7975006e-07,0,0.9999994
dayan_paya,1.0,1.4359392e-17,0,1.0
babayanmatt,0.99999964,3.6852464e-07,0,0.99999964
ara3635,1.0,4.0867768e-08,0,1.0
booooomb92,0.9999995,5.3571614e-07,0,0.9999995
farrhadd5719,1.0,2.7301523e-13,0,1.0
apjbr25966,1.0,4.3957812e-13,0,1.0
eagle_injast,1.0,2.360736e-17,0,1.0
shirin46183446,1.0,2.4985713e-13,0,1.0
mehrdoost,0.9999999,9.062431e-08,0,0.9999999
ayranazad154508,1.0,2.3517555e-18,0,1.0
mahiakbari63,0.9999995,4.8661394e-07,0,0.9999995
hartmann65170,1.0,9.3468455e-11,0,1.0
painter_art_14,0.9999999,1.02899214e-07,0,0.9999999
adamo_2000,1.0,5.784285e-10,0,1.0
be_zoodi,1.0,3.3599322e-13,0,1.0
az10464,1.0,7.573476e-12,0,1.0
vix863645376136,1.0,3.1341078e-13,0,1.0
babaksina2500,1.0,6.6301e-09,0,1.0
magicdd2,1.0,1.569706e-10,0,1.0
tabasom791,1.0,3.3902126e-10,0,1.0
tiger_01234,1.0,9.400136e-12,0,1.0
enghelabx1401,1.0,3.1670022e-09,0,1.0
ayshen05,1.0,1.3934476e-12,0,1.0
younesb45714476,1.0,9.945491e-11,0,1.0
ghaderi66f,1.0,2.5573146e-14,0,1.0
alirezakhaef69,1.0,5.651738e-17,0,1.0
guyhosdin,1.0,3.989297e-12,0,1.0
ray_onima,0.9999999,8.178172e-08,0,0.9999999
niloofa66464581,1.0,2.0597704e-09,0,1.0
hami28229832,1.0,1.550385e-15,0,1.0
mohammadkhazae3,1.0,7.4515596e-14,0,1.0
hamburgiranian,1.0,2.6472494e-17,0,1.0
kafshdooza84414,1.0,3.5385022e-09,0,1.0
aghil551620,1.0,2.6667097e-17,0,1.0
arashzibaie,1.0,1.2050513e-10,0,1.0
hakarihshri,1.0,5.993238e-12,0,1.0
maria9800462911,1.0,2.888431e-10,0,1.0
syavash2580,1.0,9.748861e-20,0,1.0
maroofi23,1.0,1.5486393e-10,0,1.0
nft22tw22,1.0,5.790256e-14,0,1.0
silver_piruz,1.0,2.512911e-19,0,1.0
panimoonpahlavi,1.0,2.916602e-15,0,1.0
ardavan281,1.0,8.906237e-16,0,1.0
elhama936626,1.0,1.4365182e-12,0,1.0
abrahymsyd16015,1.0,2.0126878e-14,0,1.0
capitanpri6,1.0,5.189481e-14,0,1.0
tedlassoooo,1.0,4.593929e-09,0,1.0
pejmanyaha4122,1.0,1.6045828e-12,0,1.0
azarnoushkhosh1,0.9999999,7.1010106e-08,0,0.9999999
shahab1634568,1.0,5.4136463e-15,0,1.0
mgholikhan,1.0,7.852322e-09,0,1.0
kak_sharif,1.0,3.151986e-16,0,1.0
shahanshah1400,0.99999976,1.9572776e-07,0,0.99999976
asadraisi44,1.0,7.938826e-16,0,1.0
iranzad242,1.0,1.461442e-14,0,1.0
saeed152246,1.0,4.3459545e-16,0,1.0
hsakhaparvar,1.0,1.9268902e-21,0,1.0
farhadshoe989,0.99999976,2.005737e-07,0,0.99999976
a9fc547b71ac430,1.0,1.29826705e-11,0,1.0
hajm_montreal,1.0,4.0487905e-08,0,1.0
mrdabany,1.0,8.3202245e-10,0,1.0
mehran27575142,1.0,1.5885226e-12,0,1.0
khooroosi,1.0,6.522159e-16,0,1.0
jay93london,1.0,7.2610016e-14,0,1.0
parisakourosh,1.0,2.937768e-11,0,1.0
mmd723855733,1.0,6.3743928e-12,0,1.0
ezzati_naser,1.0,8.542432e-12,0,1.0
ccbpersian,1.0,3.3195658e-13,0,1.0
zkaramigol,1.0,6.3010082e-15,0,1.0
siasiamac,1.0,2.9131417e-09,0,1.0
fmp57288169,1.0,4.2048328e-13,0,1.0
nima932039332,1.0,2.6701727e-08,0,1.0
amanate_taher,0.9999999,8.6682896e-08,0,0.9999999
samritik20,1.0,8.379832e-15,0,1.0
fifi11714,1.0,4.3963366e-12,0,1.0
elfigirly,1.0,2.0145853e-10,0,1.0
shahparak243259,1.0,2.0164786e-12,0,1.0
hoseinmoayedi,1.0,3.052168e-08,0,1.0
mohsenimah236,1.0,8.196511e-18,0,1.0
jack_o_l4ntern,1.0,1.2412334e-13,0,1.0
sinaomiddvari_,1.0,2.757422e-10,0,1.0
fight4free_iran,1.0,8.2073195e-11,0,1.0
saeed59909006,1.0,4.049771e-08,0,1.0
gorgemamade,1.0,5.070819e-12,0,1.0
nft26tw26,1.0,1.9787798e-14,0,1.0
winst_cherkool,1.0,3.4499792e-09,0,1.0
panahilei,1.0,4.597128e-09,0,1.0
krezapahlavi,1.0,7.9575255e-18,0,1.0
barangolde7810,1.0,4.078193e-13,0,1.0
mrodabe28293,1.0,8.302045e-13,0,1.0
borhanf19,1.0,7.982068e-16,0,1.0
azad15459,1.0,2.0718477e-12,0,1.0
sarzaminj82765,1.0,1.1253068e-18,0,1.0
shokoofehkhosr1,0.9999999,1.6999402e-07,0,0.9999999
haleh92786976,1.0,6.03714e-10,0,1.0
mohammad240476,1.0,6.0997024e-13,0,1.0
generalbzorg,1.0,3.2847778e-18,0,1.0
shimalizadeh,1.0,1.3741666e-09,0,1.0
parvaneh690247,1.0,4.5354738e-13,0,1.0
sam_of_iran,1.0,5.998837e-10,0,1.0
ehsan80185792,1.0,2.8357631e-18,0,1.0
mlaaragorn,1.0,1.4044436e-12,0,1.0
unika1414,0.99999964,3.3341058e-07,0,0.99999964
reza243133,1.0,6.530968e-10,0,1.0
dinasatkin,1.0,6.9361013e-17,0,1.0
sfer140,1.0,3.3194125e-10,0,1.0
homa77heda,1.0,4.2448337e-13,0,1.0
shahin9069,1.0,5.6542513e-09,0,1.0
phornseyhaa,1.0,3.6085145e-12,0,1.0
matti677,0.9999995,4.181761e-07,0,0.9999995
matinirani48971,1.0,1.7463811e-13,0,1.0
twbist1,1.0,9.5422175e-15,0,1.0
madadi_aza9851,1.0,1.5806468e-19,0,1.0
yekmahdi12,0.99999976,2.7438847e-07,0,0.99999976
hosein_h2004,1.0,4.7480157e-17,0,1.0
blackbirds2022,1.0,8.370631e-11,0,1.0
azadmard13,1.0,1.847429e-10,0,1.0
pariii_aaa1,0.99999976,2.708397e-07,0,0.99999976
mohammad_he_is,1.0,4.202934e-16,0,1.0
nft24tw24,1.0,2.7848403e-12,0,1.0
donyabeti,1.0,5.9919716e-15,0,1.0
meysamparsa123,1.0,1.5285965e-09,0,1.0
minaamiry61,1.0,7.290425e-13,0,1.0
yan_nld1,0.99999976,2.7506704e-07,0,0.99999976
powerwoman96,1.0,2.304942e-09,0,1.0
maf_sir,1.0,1.708419e-11,0,1.0
iaa8181,1.0,2.336902e-10,0,1.0
parviz_rashvand,0.99999976,2.8009904e-07,0,0.99999976
dom_9810,0.99999976,2.2401149e-07,0,0.99999976
hmohsen_m2h,1.0,8.6012175e-10,0,1.0
savagesegoo,1.0,7.7596555e-24,0,1.0
imasan7676,1.0,2.6130587e-08,0,1.0
atrafaraha37007,1.0,1.8657077e-18,0,1.0
htvghhfghgghvvv,1.0,1.4161135e-14,0,1.0
gdz5sn3q8femvoq,1.0,1.1903706e-08,0,1.0
simintanha1,1.0,2.6630216e-08,0,1.0
mehranbozorgan,1.0,1.0715209e-10,0,1.0
moien58900095,1.0,5.032494e-18,0,1.0
walter70843,1.0,6.9989676e-15,0,1.0
mo_ba_rez,1.0,6.7602597e-13,0,1.0
sashaashil,1.0,1.7305662e-11,0,1.0
livemeysam31091,1.0,6.7375923e-09,0,1.0
no_matterrrr,1.0,6.1352044e-18,0,1.0
hashm_mrad70440,1.0,7.42327e-15,0,1.0
sarta1367,1.0,1.7343333e-11,0,1.0
1khaabzadeh,0.99999976,2.4587297e-07,0,0.99999976
iamiraniang,0.9999999,1.379912e-07,0,0.9999999
udvashu15962,1.0,1.2261552e-09,0,1.0
setherealeyes,1.0,1.0580824e-10,0,1.0
lotfalikh_zand,1.0,7.473301e-16,0,1.0
nft25tw25,1.0,1.4640675e-14,0,1.0
farzad487235358,1.0,6.619213e-15,0,1.0
parsak6098,1.0,9.641222e-16,0,1.0
aria_axe,1.0,4.320147e-11,0,1.0
sahart01666643,1.0,5.1366657e-11,0,1.0
vahid_2024,1.0,6.1991867e-13,0,1.0
rezaf2011,1.0,7.864747e-13,0,1.0
ardshir_,1.0,3.382479e-15,0,1.0
leily2058738317,1.0,1.8473871e-17,0,1.0
ir2582_khorasan,0.9999999,1.0086663e-07,0,0.9999999
gognoos43,1.0,3.362358e-08,0,1.0
khaldarali,1.0,3.869671e-13,0,1.0
alirahm97872622,0.99999976,1.7922287e-07,0,0.99999976
mani_venus0,1.0,8.6838875e-21,0,1.0
firoziran,1.0,3.0654152e-13,0,1.0
mahsaamini_2023,1.0,8.945075e-11,0,1.0
abbasagha_allaf,0.9999999,8.579303e-08,0,0.9999999
akfa57akbar,1.0,4.9179313e-11,0,1.0
arash_2554,1.0,4.3576436e-15,0,1.0
whatisess,1.0,1.3995177e-16,0,1.0
aminy1076729,1.0,1.9053147e-12,0,1.0
naziii86,0.9999999,1.5913089e-07,0,0.9999999
tazianekhoda,0.99999917,8.3595364e-07,0,0.99999917
amzd_hr,1.0,5.012832e-12,0,1.0
abanpion,1.0,6.616734e-09,0,1.0
jalalgajet1371,1.0,1.0325887e-10,0,1.0
roozh79,1.0,9.93376e-10,0,1.0
evil_queen1997,1.0,1.0721352e-12,0,1.0
sara_shiukhi,1.0,3.9761848e-20,0,1.0
mamdfahim1,0.99999976,2.1349452e-07,0,0.99999976
aliparvaz699174,1.0,2.6710875e-17,0,1.0
shah_s_soldier,1.0,4.0740294e-15,0,1.0
ariyoobarzans,1.0,1.1760511e-16,0,1.0
danialjordialba,1.0,9.351597e-13,0,1.0
mahmud6814,1.0,1.0761914e-09,0,1.0
elham19821402,1.0,1.0248627e-12,0,1.0
shiiirokhorshid,1.0,3.6834134e-09,0,1.0
mohammadka33650,1.0,4.4435247e-14,0,1.0
pahlavishaah,1.0,5.9564154e-09,0,1.0
poshtigbann,1.0,5.800702e-14,0,1.0
msodiba1,1.0,1.15422095e-10,0,1.0
rahimiarsh6996,1.0,2.8147729e-15,0,1.0
farhan_m_iran,1.0,3.0630175e-14,0,1.0
sparrow2202,1.0,1.0365807e-10,0,1.0
i_manvii,1.0,1.7300292e-10,0,1.0
nwyn215364,1.0,9.4969185e-18,0,1.0
hwshng60544,1.0,1.0059484e-17,0,1.0
balazar_86,1.0,9.444729e-11,0,1.0
iamfayaaaa,1.0,3.2134625e-11,0,1.0
hamid0253,1.0,1.5863965e-09,0,1.0
sungift6,1.0,5.9968024e-13,0,1.0
znzndgy09795889,1.0,8.300158e-10,0,1.0
quintiyano,1.0,8.0731824e-13,0,1.0
mohamad_reza88,1.0,5.598077e-12,0,1.0
mojgansa2002,1.0,1.8909689e-14,0,1.0
sinamehr5,1.0,9.196285e-15,0,1.0
baradarkochloo,1.0,2.6680975e-14,0,1.0
ariya_sayeh,1.0,4.221435e-13,0,1.0
khoddadi94881,1.0,4.043051e-22,0,1.0
nastii1466981,1.0,3.3797352e-13,0,1.0
reza33681483,1.0,2.7427218e-12,0,1.0
amir_khosravi01,1.0,5.80228e-08,0,1.0
dianathemanager,1.0,3.6023565e-10,0,1.0
mostafa55875305,1.0,7.5571835e-16,0,1.0
isarachk,1.0,9.1880725e-09,0,1.0
paschal95953957,0.9999999,1.1751336e-07,0,0.9999999
bapir55,1.0,4.4475926e-15,0,1.0
afsaneh55,1.0,2.9113492e-08,0,1.0
mn998700,1.0,5.736789e-13,0,1.0
akhonddaro45694,1.0,2.7975868e-11,0,1.0
xehjsv3lv8himzh,1.0,5.7052247e-08,0,1.0
2beyticonductor,1.0,2.8793096e-11,0,1.0
ahora1401,1.0,1.3061767e-09,0,1.0
taksavar88433,1.0,3.4531603e-12,0,1.0
agoraaparatus,1.0,1.3464083e-13,0,1.0
azpahlavibegoo,1.0,1.00494564e-13,0,1.0
snfry6,1.0,6.321552e-09,0,1.0
jesuisnahanjar,1.0,2.1328505e-08,0,1.0
fbolghadr,1.0,6.860186e-13,0,1.0
montacortes100,1.0,4.9990495e-10,0,1.0
babackbidin,1.0,2.581634e-13,0,1.0
ven_de_ta,0.9999999,1.03461474e-07,0,0.9999999
sajadkamali5,1.0,1.070723e-12,0,1.0
samaa_re,1.0,5.0550592e-12,0,1.0
garciaparrad,1.0,5.281272e-12,0,1.0
rognar9,0.9999999,8.655204e-08,0,0.9999999
ramtin_sadigh,1.0,5.62597e-09,0,1.0
atish6131311697,1.0,1.1596615e-12,0,1.0
twsrzqr,1.0,1.3256515e-19,0,1.0
huss05445467,1.0,4.5339146e-14,0,1.0
kourosh_sajjadi,1.0,7.581789e-15,0,1.0
justinbarn24782,1.0,4.920325e-18,0,1.0
moeinjamali99,1.0,2.3676444e-17,0,1.0
mohammadi9596,0.9999995,4.484377e-07,0,0.9999995
mgddmiii,1.0,1.8080296e-11,0,1.0
emad_shirani89,1.0,1.0315484e-08,0,1.0
benjaminmalibu,1.0,2.604553e-13,0,1.0
ali4bit,0.9999999,7.989517e-08,0,0.9999999
pesarfokoli,1.0,9.604702e-15,0,1.0
zoghalakhtehh,1.0,1.7743123e-13,0,1.0
alexandroz95021,1.0,5.7615466e-14,0,1.0
pachidamm,1.0,5.5529217e-09,0,1.0
rashidpouramini,1.0,2.1719786e-15,0,1.0
matin2mohammadi,1.0,7.978193e-18,0,1.0
bay_2025,1.0,2.7617064e-10,0,1.0
mystiiciism,0.99999976,1.814597e-07,0,0.99999976
sisilyph,1.0,1.6366985e-12,0,1.0
alizandi123350,1.0,6.8716255e-11,0,1.0
rezvazir,1.0,1.622275e-15,0,1.0
kmazdak,1.0,1.892055e-10,0,1.0
hmwnjast,1.0,8.746845e-16,0,1.0
birdboy430576,1.0,2.478359e-15,0,1.0
majid_______7,1.0,8.4746865e-10,0,1.0
amirali_askari,1.0,5.26334e-09,0,1.0
helen135579,1.0,3.720163e-13,0,1.0
hichkas1978,1.0,4.4447386e-17,0,1.0
ansarikamal65,1.0,2.81742e-12,0,1.0
hodrabin68409,1.0,1.6648831e-21,0,1.0
asoleimani1989,1.0,1.3506428e-12,0,1.0
kfortron,1.0,1.04270624e-17,0,1.0
farzadvatan6396,1.0,4.4820606e-17,0,1.0
_matyom,1.0,1.3435634e-13,0,1.0
tan54551,1.0,1.1343854e-15,0,1.0
zand_karim9553,1.0,7.1848284e-11,0,1.0
paradais41,0.99999964,3.338853e-07,0,0.99999964
maryaavatar,1.0,2.7345598e-14,0,1.0
alimh56,1.0,4.3678693e-08,0,1.0
zamburakk,1.0,2.4595086e-11,0,1.0
azita45115314,1.0,1.7444596e-10,0,1.0
javadkhanpor,1.0,1.060075e-12,0,1.0
retotorabi,1.0,2.4060216e-13,0,1.0
payamsni,1.3703975e-07,0.9999999,1,0.9999999
itsme8277893124,1.0,3.680883e-10,0,1.0
korosh742924111,1.0,4.793225e-15,0,1.0
gylmrd193122,1.0,5.2438522e-12,0,1.0
iranefree1401,1.0,2.6376852e-12,0,1.0
gholipourh3,1.0,5.7568154e-13,0,1.0
sorenaye1401,1.0,1.6640259e-10,0,1.0
sattars654333,1.0,1.0736991e-15,0,1.0
yavar2565,1.0,6.912262e-21,0,1.0
im_behzad,1.0,2.342354e-11,0,1.0
leilaghorb8438,1.0,9.234929e-13,0,1.0
jhafi472,1.0,1.2164986e-14,0,1.0
ahmadah59365058,1.0,1.092911e-14,0,1.0
feniloey,1.0,2.9931915e-15,0,1.0
arrahimi,1.0,1.4397554e-19,0,1.0
shadibabasafari,0.99999976,2.7611517e-07,0,0.99999976
sarvenazeshiraz,1.0,9.175569e-09,0,1.0
asenaz20289,1.0,8.1407384e-17,0,1.0
dogelove72,0.99999976,2.9211677e-07,0,0.99999976
ariamehr061,1.0,1.2194577e-15,0,1.0
jorezaee92938,1.0,2.0671032e-12,0,1.0
zibaii66,1.0,6.721442e-10,0,1.0
shepeshak6pa,0.99999917,8.299736e-07,0,0.99999917
reza_aghaali,1.0,1.6247593e-14,0,1.0
atorbaan,1.0,7.7762055e-09,0,1.0
astronaut_ufo,1.0,4.8999725e-15,0,1.0
mmwwd275544,1.0,6.3431695e-21,0,1.0
berlin_hf,1.0,1.6757676e-08,0,1.0
m_longgone,1.0,1.2257195e-10,0,1.0
msh10214,1.0,1.3358381e-14,0,1.0
saras09820756,1.0,2.2934326e-11,0,1.0
sghyr14813,1.0,9.091949e-16,0,1.0
elhamsataki,1.0,1.9589195e-09,0,1.0
tayebeh1152363,1.0,1.2793785e-18,0,1.0
farah_yous56120,1.0,9.455971e-16,0,1.0
lswlty38859,1.0,1.9227465e-16,0,1.0
marzbandaygan,1.0,1.7014078e-15,0,1.0
ahamadtaheri,1.0,4.6177554e-12,0,1.0
anzalichiiii,1.0,8.795821e-18,0,1.0
alivaki17393677,1.0,1.2445736e-13,0,1.0
dxt5vsm69z,1.0,2.4014896e-11,0,1.0
daryushyou68851,1.0,6.511284e-12,0,1.0
5yudvswbfu2b5d5,1.0,8.622865e-18,0,1.0
adibi_office,1.0,8.8186896e-13,0,1.0
iranpahlavi7877,1.0,6.8909737e-18,0,1.0
apahlbod,1.0,7.30737e-16,0,1.0
cyrussoniran93,1.0,5.0951144e-12,0,1.0
maleki_eghbal,1.0,5.3112217e-09,0,1.0
kfardian,1.0,3.7262097e-15,0,1.0
villadep92,1.0,5.8324306e-18,0,1.0
mansourhh1360,1.0,5.591328e-10,0,1.0
gholamr08773513,1.0,2.0221883e-14,0,1.0
thoseini5439,1.0,2.221969e-14,0,1.0
royalist_iran,1.0,6.41432e-13,0,1.0
gh0qn00s,1.0,2.0095332e-08,0,1.0
rezabagheri,1.0,6.155323e-09,0,1.0
ghasemg66147300,1.0,2.3790818e-11,0,1.0
tanhay_vahshi73,1.0,5.0458617e-15,0,1.0
a_3_7_13,1.0,4.677708e-08,0,1.0
amirrezzasaeedi,1.0,3.864934e-10,0,1.0
rz_safa,0.9999999,1.6878569e-07,0,0.9999999
xaniargoldasteh,1.0,6.2681786e-18,0,1.0
aliali994372,1.0,4.859241e-09,0,1.0
arianamz8,1.0,1.4593487e-16,0,1.0
homayesaathat,1.0,5.0498615e-17,0,1.0
myd1791714,1.0,3.068937e-13,0,1.0
rezaghorba75114,1.0,9.564192e-15,0,1.0
ariamehr_1975,1.0,9.2307144e-18,0,1.0
bfergy90,1.0,4.0494897e-21,0,1.0
kivan134449971,1.0,6.26531e-18,0,1.0
rsrs74531148539,1.0,1.1942234e-11,0,1.0
iranmahsaamini,1.0,1.6480559e-10,0,1.0
artemisbar80016,1.0,1.8936122e-20,0,1.0
samaned1990,1.0,3.2359054e-15,0,1.0
qnry159733,1.0,6.163614e-10,0,1.0
masumijavad,0.99999964,4.16704e-07,0,0.99999964
igg1129852,1.0,7.539931e-17,0,1.0
lpw63007910,1.0,2.5200828e-11,0,1.0
stressedforever,1.0,4.6763677e-09,0,1.0
tanhaakhn,1.0,5.3872566e-15,0,1.0
moha11453673,1.0,6.9067456e-12,0,1.0
persian_guard2,1.0,9.040527e-15,0,1.0
freeiran1982,1.0,7.576766e-13,0,1.0
zar___1,1.0,1.325535e-12,0,1.0
atoosaofficial,1.0,6.7043187e-15,0,1.0
theo_iran,1.0,6.644692e-14,0,1.0
xsupratrd,1.0,1.0468294e-13,0,1.0
nmjshb40353,1.0,1.0246949e-15,0,1.0
juamgr,1.0,5.190567e-15,0,1.0
alialiez,1.0,2.3435366e-16,0,1.0
ne111y,0.99999905,9.998873e-07,0,0.99999905
sh_1360_1401_k,1.0,5.7133335e-13,0,1.0
habibeh_safari,1.0,5.916109e-16,0,1.0
agoodarzie,1.0,1.2287374e-09,0,1.0
dsilv52,1.0,3.891489e-14,0,1.0
m_khoshhal,1.0,1.4305297e-09,0,1.0
morribigdeli,1.0,2.484813e-09,0,1.0
ar10na,1.0,4.8934473e-10,0,1.0
shaghagh,1.0,1.7240972e-13,0,1.0
warrior_2581,1.0,1.3732167e-11,0,1.0
nakhoda_karen,1.0,4.902424e-14,0,1.0
deivid_skandari,1.0,1.1150888e-12,0,1.0
mymy919985,1.0,2.4116958e-13,0,1.0
gilanroodsary,1.0,1.5642234e-19,0,1.0
jalilzade_m,1.0,5.197552e-11,0,1.0
rezarezamobarez,1.0,4.612469e-14,0,1.0
hamedah24284947,1.0,3.2334943e-18,0,1.0
ly3112237579445,1.0,2.7984493e-20,0,1.0
heisenberg4030,1.0,6.208268e-15,0,1.0
4parsi1,1.0,7.4057465e-19,0,1.0
tibitina3497,1.0,2.8304978e-12,0,1.0
m09354904942d,1.0,1.616012e-15,0,1.0
mojgan63112p,1.0,6.1840975e-12,0,1.0
babak1516,1.0,1.5647057e-13,0,1.0
andish_aza82291,1.0,1.4316064e-11,0,1.0
imsimplewoman,1.0,3.7172634e-16,0,1.0
fj52256904,1.0,1.3013511e-11,0,1.0
navid268,1.0,7.167442e-12,0,1.0
mosenofficial,1.0,4.8093673e-20,0,1.0
majidsh68626597,1.0,4.98851e-12,0,1.0
roshanrangii,0.9999999,9.8875326e-08,0,0.9999999
saranejati5,1.0,6.526058e-11,0,1.0
somi271161,1.0,5.3497267e-12,0,1.0
kameran1368bhmn,1.0,1.9040587e-11,0,1.0
objector_01,0.9999999,1.5954787e-07,0,0.9999999
alibaharlo30702,1.0,2.706622e-14,0,1.0
hmydk38866,1.0,1.6697742e-21,0,1.0
mrmohsen18,1.0,1.7864278e-10,0,1.0
mohammadal33787,1.0,1.4809046e-10,0,1.0
brdyn127040,1.0,4.756328e-13,0,1.0
arashtarantist,1.0,2.3266661e-08,0,1.0
shahin15159751,1.0,1.5356486e-12,0,1.0
amirparsaf76744,0.99999917,8.8403243e-07,0,0.99999917
val74944,1.0,7.5327937e-19,0,1.0
rayzasharp021,1.0,9.847028e-09,0,1.0
pesaretamirkar,0.9999999,6.791449e-08,0,0.9999999
persianpat,1.0,4.614108e-13,0,1.0
2500iranphoenix,1.0,6.5197544e-21,0,1.0
dk61339,1.0,1.0970661e-16,0,1.0
amohmdi27389,1.0,4.0622798e-16,0,1.0
pcthe_great,1.0,8.90008e-18,0,1.0
80_reza,1.0,1.7848167e-14,0,1.0
mbasmsni,1.0,4.571632e-16,0,1.0
apak1970,1.0,7.019954e-16,0,1.0
koorshbzrgh,1.0,1.1861612e-09,0,1.0
kkkkk222222228,1.0,2.1687666e-11,0,1.0
jasmine834207,1.0,6.3123166e-11,0,1.0
hami_mirza6367,1.0,1.7396638e-15,0,1.0
ariyasmusic,1.0,3.2946877e-13,0,1.0
saeeddashti54,1.0,8.5260705e-09,0,1.0
iranbastan2584,1.0,7.2315955e-20,0,1.0
mahsad45517,1.0,1.0958815e-10,0,1.0
sorena86,0.9999999,7.056577e-08,0,0.9999999
leah07655436,1.0,6.318875e-13,0,1.0
valiyaghob,1.0,1.2740059e-12,0,1.0
thisissunny007,1.0,6.79458e-17,0,1.0
khan_pasargad,1.0,3.9963688e-10,0,1.0
sheksepiir,1.0,1.34629165e-11,0,1.0
ariou_barzan,1.0,1.6450478e-13,0,1.0
ecbatanaaa,0.9999999,1.5854845e-07,0,0.9999999
mytyslgy,0.9999999,1.2702893e-07,0,0.9999999
8c6374e12f054b6,1.0,1.39720406e-14,0,1.0
alijaydari76430,1.0,3.625295e-18,0,1.0
bkhtmjyd2840,1.0,2.6525464e-17,0,1.0
margemooosh,1.0,4.170317e-11,0,1.0
yaghmaeima10318,1.0,1.4571888e-18,0,1.0
cosmic_mysticis,1.0,1.576752e-17,0,1.0
monapi1,0.9999993,6.857834e-07,0,0.9999993
siavash__p,1.0,2.6807564e-08,0,1.0
llagertaa,1.0,3.7565972e-14,0,1.0
vandad2025,1.0,2.6337761e-14,0,1.0
iranazad1616566,1.0,6.16833e-10,0,1.0
njfwnd69115,1.0,8.237146e-15,0,1.0
mohamadghafuori,1.0,2.7790446e-13,0,1.0
saramojtahedi,0.9999999,8.459691e-08,0,0.9999999
qwbsfary50608,1.0,2.8696857e-16,0,1.0
mohamma45651067,1.0,1.8140017e-15,0,1.0
mdarbidi80006,1.0,1.0677893e-14,0,1.0
aysuvahed,1.0,1.7216687e-13,0,1.0
aryaaryanpour0,1.0,2.2154763e-15,0,1.0
imsawme,0.99999964,3.8142426e-07,0,0.99999964
madam_franklin,1.0,7.7754303e-10,0,1.0
ehsan_9192,1.0,2.590771e-08,0,1.0
daashpari,0.9999993,6.7090104e-07,0,0.9999993
mohamadsha89720,1.0,1.4106995e-15,0,1.0
negansmth1985,1.0,2.783184e-19,0,1.0
ariyo_barza,1.0,1.3511376e-08,0,1.0
diako51,1.0,1.8223352e-11,0,1.0
ly66984847,1.0,1.2667729e-12,0,1.0
mysalutes,1.0,2.0818818e-12,0,1.0
rezayousef42230,1.0,3.925353e-19,0,1.0
amirhos27994948,1.0,1.39062125e-14,0,1.0
sashas86136,1.0,4.6114393e-18,0,1.0
hsyn_arya73621,1.0,2.689685e-18,0,1.0
dwirdwir,1.0,4.9254996e-14,0,1.0
zkhojasteh28,1.0,2.3784736e-15,0,1.0
kboroujeni,0.9999999,1.2467085e-07,0,0.9999999
amir_perzad,1.0,1.4353807e-17,0,1.0
dmwnd419310,1.0,5.2349906e-15,0,1.0
hamid_hpf,0.9999999,6.134626e-08,0,0.9999999
maryamhoss5198,1.0,4.5234308e-13,0,1.0
saiidq40305,1.0,1.937511e-14,0,1.0
ehsan_5g,1.0,9.932695e-11,0,1.0
andishmandddddd,1.0,1.0737236e-15,0,1.0
javidpahla91820,1.0,2.9466739e-15,0,1.0
warriormad20,1.0,4.738736e-16,0,1.0
parviz_khanlari,0.9999999,8.617203e-08,0,0.9999999
blue_sky1402,1.0,9.832161e-17,0,1.0
m_zarqi,0.9999999,1.0320565e-07,0,0.9999999
reza84952812,1.0,1.7357876e-13,0,1.0
karimz45656,1.0,2.7443817e-15,0,1.0
_nishfa_,1.0,2.0812288e-10,0,1.0
alfdal350768,1.0,2.1819567e-11,0,1.0
aryanduxt,0.9999999,9.204424e-08,0,0.9999999
allenrosn,1.0,2.6838793e-14,0,1.0
amiralivaziri4,1.0,4.639124e-10,0,1.0
tida93695,1.0,2.24027e-12,0,1.0
karamazooof,1.0,3.5661835e-11,0,1.0
womanfredomlife,1.0,9.074555e-16,0,1.0
homasarin,1.0,6.234648e-11,0,1.0
cherrfar,1.0,2.93957e-13,0,1.0
ji_neda48528,1.0,5.734986e-16,0,1.0
saberi_yasaman,1.0,4.2265988e-17,0,1.0
babanipani55737,1.0,4.61309e-12,0,1.0
behzadreval,1.0,1.2327567e-12,0,1.0
khodetabahkar,1.0,2.1842042e-12,0,1.0
antsgh,1.0,1.5498492e-12,0,1.0
p27210209,1.0,4.268885e-12,0,1.0
aliranjbar2000,1.0,3.925287e-11,0,1.0
zara14968134,1.0,2.5604324e-11,0,1.0
1m1peacefighter,1.0,4.879776e-13,0,1.0
marzejonon,1.0,1.1226022e-09,0,1.0
majida79257,1.0,9.173504e-09,0,1.0
sarbedar423309,1.0,7.006528e-11,0,1.0
_tinaab_,1.0,1.06918216e-16,0,1.0
selinhsz,1.0,1.6372565e-13,0,1.0
subversive_00,1.0,1.4365635e-10,0,1.0
akundkosh,1.0,1.2142862e-08,0,1.0
qsmzry2,1.0,2.1266958e-16,0,1.0
mr_pakan,1.0,1.5107747e-11,0,1.0
ma_jaja1,0.9999999,1.2924868e-07,0,0.9999999
persianposeidon,0.9999999,1.3939615e-07,0,0.9999999
pmflame0,1.0,6.8453286e-12,0,1.0
tanhatarazman,1.0,8.7435555e-13,0,1.0
demtheiran,1.0,3.7517376e-09,0,1.0
peacefulpiano,1.0,3.7680323e-12,0,1.0
parisazamani10,1.0,1.9743622e-13,0,1.0
loghmanss,0.9999999,1.12558986e-07,0,0.9999999
kourosh_iv,1.0,2.3938889e-11,0,1.0
ariest4r,1.0,2.4889461e-19,0,1.0
amirjah51821197,1.0,3.017548e-11,0,1.0
hamfat95821362,1.0,4.6520866e-14,0,1.0
javoon66666,1.0,6.1096977e-19,0,1.0
sima52681643,1.0,4.9696177e-17,0,1.0
r23588584,1.0,1.5897038e-13,0,1.0
slt21611,1.0,1.8570364e-12,0,1.0
d4rk9999,1.0,2.097463e-11,0,1.0
nima11336699,1.0,2.2568233e-13,0,1.0
thirdashk,1.0,2.2025547e-18,0,1.0
omid90878094,1.0,1.4767328e-14,0,1.0
mahdieh41231901,1.0,9.011294e-15,0,1.0
maryamtaghavi19,1.0,7.4829476e-11,0,1.0
zibaayebidar,1.0,3.033594e-09,0,1.0
azadehtoraj,0.9999999,7.8359875e-08,0,0.9999999
hellboyir,1.0,9.140898e-12,0,1.0
shopluxurystyle,1.0,4.5646575e-14,0,1.0
hametmoradi71,1.0,5.8037822e-24,0,1.0
colonel_adrin,1.0,5.3346386e-11,0,1.0
mhdhmd_,1.0,3.7246506e-09,0,1.0
sherlockpoirot8,1.0,4.3556625e-09,0,1.0
mrmohi89,1.0,7.2375383e-10,0,1.0
hami_mihan,1.0,2.2349769e-09,0,1.0
babakkatouzi,1.0,2.2998237e-11,0,1.0
king_ahoura,1.0,6.684975e-11,0,1.0
immortal_guardd,1.0,3.9938734e-23,0,1.0
reza263380,1.0,7.428208e-20,0,1.0
paeezbabli40632,1.0,1.1812667e-16,0,1.0
moka8618199,1.0,3.0959315e-15,0,1.0
tibakh,0.9999995,4.64647e-07,0,0.9999995
ferimilani,1.0,5.4783417e-10,0,1.0
sepahbod_2583,1.0,2.543825e-10,0,1.0
hamidariaee85,1.0,3.3639772e-10,0,1.0
khnayran55852,0.99999905,9.1072036e-07,0,0.99999905
rot803,1.0,1.4817225e-12,0,1.0
mfotuhi71443,1.0,5.0720494e-15,0,1.0
h_somiii,1.0,1.8928679e-13,0,1.0
rezakeshavarzi7,1.0,1.403394e-08,0,1.0
mohsenraza54680,1.0,6.280539e-15,0,1.0
mehdifarid17519,1.0,9.4865e-16,0,1.0
hamidrezar63525,1.0,1.4172823e-12,0,1.0
gay_patriot_ir,1.0,1.3445723e-11,0,1.0
elham_5779,1.0,6.534732e-17,0,1.0
shalpetter,1.0,5.0850644e-09,0,1.0
aghapesar90,1.0,3.6585968e-10,0,1.0
mostafa_h9723,1.0,4.7816542e-12,0,1.0
baharehrk1,1.0,1.11779886e-17,0,1.0
hmrd75563047,1.0,1.2150848e-13,0,1.0
knoxeknoxe,1.0,1.2870102e-10,0,1.0
banzdyk39389,1.0,8.627399e-12,0,1.0
mehran_m1098,1.0,5.359047e-17,0,1.0
heminj187373,1.0,7.682565e-12,0,1.0
doolmoradof85,1.0,4.6434528e-10,0,1.0
kasrashayan,1.0,5.3364116e-14,0,1.0
elhamna62303900,1.0,2.994287e-08,0,1.0
bardia_re,1.0,6.6854716e-11,0,1.0
demon_omi54471,1.0,1.03369806e-10,0,1.0
dark_chocol69,1.0,1.7747603e-23,0,1.0
reza_azizi60,1.0,1.6309025e-08,0,1.0
pasargad_news,1.0,1.3045023e-11,0,1.0
iran2024free,0.99999964,3.711091e-07,0,0.99999964
mahjabbari,1.0,8.350463e-10,0,1.0
hamedo4u,1.0,1.5092433e-10,0,1.0
sonofphoneix,1.0,1.2097868e-09,0,1.0
ghorbani00231mm,1.0,2.4697905e-14,0,1.0
fp_7777,1.0,1.4940716e-14,0,1.0
sauron11110000,1.0,1.2140391e-18,0,1.0
afra01067936,1.0,5.653105e-14,0,1.0
samira29819421,1.0,3.3106526e-19,0,1.0
sedaye_omiid,1.0,8.727407e-10,0,1.0
fereidoonz61731,1.0,3.1915256e-16,0,1.0
manhatan449900,1.0,7.1237196e-12,0,1.0
mohamads24prl,1.0,1.7614041e-10,0,1.0
judyabbott2024,1.0,6.035806e-17,0,1.0
sadiyo_mane991,1.0,5.487299e-08,0,1.0
mohamad07969559,1.0,7.509466e-12,0,1.0
hamidallah69525,1.0,3.5347458e-16,0,1.0
ba179e8000a54a0,1.0,3.934265e-08,0,1.0
guril_angoori,1.0,3.5183892e-15,0,1.0
s_sa50741,1.0,8.706385e-19,0,1.0
mene129957,1.0,1.2173448e-12,0,1.0
farbod616003,1.0,5.675808e-09,0,1.0
younesyazdani2,1.0,3.8164723e-12,0,1.0
nemesisgod94,1.0,1.0167208e-15,0,1.0
afsargosikhte28,1.0,1.0571693e-16,0,1.0
michealebr32019,1.0,2.538719e-15,0,1.0
ebram_haj,1.0,5.9674456e-09,0,1.0
farzinsolo,1.0,2.343989e-19,0,1.0
lisa20252025,1.0,4.907535e-13,0,1.0
kiasha_king,1.0,1.454943e-09,0,1.0
yektashahram,1.0,1.8366379e-08,0,1.0
hrjomid,1.0,4.0200173e-20,0,1.0
alir_mv,1.0,1.8185505e-11,0,1.0
mtmly15262,1.0,6.011232e-13,0,1.0
minoo_abbassi82,1.0,1.9393869e-09,0,1.0
fdahty40378,1.0,3.171117e-10,0,1.0
mah83143,1.0,5.0810156e-15,0,1.0
ellie_irp,1.0,1.09417e-08,0,1.0
kmozaffarian,1.0,1.731877e-15,0,1.0
fatemest98,1.0,5.5016476e-15,0,1.0
kamangiran1,1.0,5.3567255e-14,0,1.0
_kambakhsh,1.0,2.816942e-08,0,1.0
islamfuckerman,1.0,2.5683757e-11,0,1.0
mohammadreza7_5,1.0,1.0187014e-10,0,1.0
amirhosstav,1.0,2.8109814e-10,0,1.0
khashayara90759,1.0,1.1451454e-09,0,1.0
arashh89968,1.0,2.6468059e-09,0,1.0
habib77355710,1.0,6.362646e-16,0,1.0
meysamfaraji13,1.0,2.3080236e-11,0,1.0
azimorvari32400,1.0,1.0490496e-10,0,1.0
ghotbileila,1.0,5.6892723e-08,0,1.0
saff69h,1.0,3.6697403e-12,0,1.0
pour_nazan79329,1.0,5.3186167e-11,0,1.0
ragnarkingid,1.0,1.5474322e-13,0,1.0
farzadamani56,1.0,4.843694e-17,0,1.0
salehi_saj45234,1.0,8.7720016e-17,0,1.0
fasl_e,1.0,3.5112163e-11,0,1.0
donya615119,1.0,5.651127e-12,0,1.0
majidmoham898,1.0,2.5860807e-12,0,1.0
maximus8decimus,1.0,2.1846636e-11,0,1.0
anf96919311,1.0,3.2261208e-14,0,1.0
faribagarmani,1.0,3.8931816e-14,0,1.0
saamaanndri,1.0,1.1441792e-11,0,1.0
peyman1985m,1.0,4.549577e-14,0,1.0
mmt_hater,0.99999917,8.7452923e-07,0,0.99999917
im_a_blackcat,1.0,3.247928e-14,0,1.0
sedighr74,1.0,1.7387874e-12,0,1.0
iranazad202412,1.0,1.7237381e-10,0,1.0
ylynzhad,1.0,2.2773282e-13,0,1.0
mahdikh49414590,1.0,4.5299108e-11,0,1.0
trokingpers,1.0,1.2458591e-12,0,1.0
steventheonne,1.0,3.2252948e-15,0,1.0
moeinharjoon,1.0,2.6774614e-11,0,1.0
nadershah1402,1.0,2.1831058e-11,0,1.0
uzprqexvzqkg89n,1.0,1.7631408e-11,0,1.0
mosalzd,1.0,2.0575095e-08,0,1.0
akbarmo70962795,1.0,1.2572517e-14,0,1.0
adena5166467056,1.0,7.777658e-13,0,1.0
roksanab39685,1.0,4.4799867e-12,0,1.0
babakzf2500,1.0,2.8702594e-13,0,1.0
luvo_li,1.0,1.5698124e-08,0,1.0
aelisa67,1.0,5.6482046e-09,0,1.0
iamahmadq,1.0,8.463506e-18,0,1.0
sammaxwell92230,1.0,1.0489109e-15,0,1.0
erfsha,1.0,2.6000788e-11,0,1.0
radmazon_,1.0,1.2473428e-12,0,1.0
arsharick,1.0,7.0142668e-12,0,1.0
drmanuchehri,1.0,1.7131602e-11,0,1.0
maghsoudiali,1.0,4.3702355e-12,0,1.0
simpelwish,1.0,1.2666526e-15,0,1.0
shapour_i,1.0,8.236728e-10,0,1.0
mchmirshekari,1.0,2.8921357e-10,0,1.0
bahman_dodi,1.0,3.4202746e-08,0,1.0
mttk121,1.0,4.450922e-10,0,1.0
hy87732429,1.0,3.8079542e-10,0,1.0
hamidhamoon33,1.0,5.2395425e-16,0,1.0
crp_of_iran,1.0,4.109429e-08,0,1.0
zariihad,1.0,1.813361e-12,0,1.0
zr7981,1.0,3.4898224e-12,0,1.0
reza259435,1.0,4.520826e-13,0,1.0
zahra_sadat_97,1.0,4.9605075e-17,0,1.0
shahanshah79,1.0,1.1700382e-10,0,1.0
nobodyy_no,1.0,1.0437797e-19,0,1.0
ladyshiba,1.0,3.8415426e-09,0,1.0
farro47766,1.0,4.8949792e-17,0,1.0
hiwasnow,1.0,4.6861e-09,0,1.0
nakshbandi81391,1.0,3.1521798e-15,0,1.0
mo68503639,1.0,1.0968279e-08,0,1.0
aasaeedi,1.0,5.9813363e-09,0,1.0
givmaster,1.0,4.4735018e-10,0,1.0
rezamirzayi16,1.0,5.3167018e-14,0,1.0
egoods1,1.0,1.2567898e-09,0,1.0
sazarbyjan74047,1.0,8.313219e-16,0,1.0
88heisenberg88,1.0,3.1890938e-11,0,1.0
beniwhoknows,1.0,2.2221187e-09,0,1.0
hasansheyd24642,1.0,5.309747e-15,0,1.0
lilwave77,1.0,3.0256496e-12,0,1.0
maryam69307303,0.9999999,8.751369e-08,0,0.9999999
gofker,0.99999976,1.8221353e-07,0,0.99999976
masoudcastel,1.0,1.5435227e-14,0,1.0
yasi_1401,1.0,4.1593803e-10,0,1.0
fardiny20442,1.0,3.1224093e-19,0,1.0
amirkheilaei,1.0,4.541812e-20,0,1.0
koofteberenjii,1.0,4.0221637e-13,0,1.0
mkrmhs,1.0,1.2535804e-11,0,1.0
sabor1515,1.0,1.10503376e-16,0,1.0
mehran_f73,1.0,3.0685359e-15,0,1.0
azar84902765354,1.0,1.9340845e-14,0,1.0
dsh_1969,1.0,3.75912e-14,0,1.0
jangjoo_edalat,1.0,7.0793044e-16,0,1.0
massimodutti18,1.0,1.7017136e-14,0,1.0
samane99360300,1.0,6.0523405e-16,0,1.0
bamazebamzi,1.0,2.1186562e-15,0,1.0
simin38546056,1.0,1.0077462e-09,0,1.0
hghazi8,1.0,2.7132656e-09,0,1.0
tuqom1,1.0,3.123399e-11,0,1.0
rehi73,1.0,1.7180556e-11,0,1.0
sogandsobhani19,1.0,1.4400655e-08,0,1.0
itsn1nja,1.0,6.707757e-27,0,1.0
ajiiimajiii,1.0,2.233499e-12,0,1.0
moh71768,1.0,5.9942475e-11,0,1.0
keyvanzizi65734,1.0,4.671702e-14,0,1.0
irandoost64,0.9999999,9.294006e-08,0,0.9999999
rana65396,1.0,6.6609126e-13,0,1.0
arminx1998,1.0,5.074262e-20,0,1.0
jalalirani4,1.0,1.35697495e-11,0,1.0
amirm_zandy,1.0,1.744846e-17,0,1.0
fariba33238967,1.0,8.476646e-13,0,1.0
mamadfreedom9,1.0,7.1534803e-13,0,1.0
sociance2,1.0,1.6041711e-14,0,1.0
amirreza_200511,1.0,1.9091669e-16,0,1.0
yourhearse1,1.0,6.7122468e-09,0,1.0
roya3838,1.0,4.008868e-13,0,1.0
mamdeath,1.0,6.3995467e-09,0,1.0
jamejam253656j,1.0,3.3271046e-08,0,1.0
dariushj54,1.0,1.5035814e-12,0,1.0
majoon66846131,1.0,5.1980874e-11,0,1.0
saharrezaee10,1.0,1.2916279e-11,0,1.0
mogadam1m,1.0,1.0568121e-13,0,1.0
watermelondua02,1.0,9.299618e-14,0,1.0
milartvp,0.9999993,7.621571e-07,0,0.9999993
sabzv57,1.0,2.3450962e-13,0,1.0
roohull_noruzi,1.0,3.3541264e-12,0,1.0
mo7676p,1.0,5.6179074e-16,0,1.0
faribara,1.0,1.8292392e-09,0,1.0
iranspacekeeper,1.0,7.038259e-11,0,1.0
sadra222,1.0,1.7353978e-12,0,1.0
kheradjooo,1.0,3.4270424e-14,0,1.0
im_mr_frodo,1.0,1.8912251e-10,0,1.0
_oktapos,1.0,1.3368992e-13,0,1.0
shabahang1344,1.0,4.516095e-09,0,1.0
sbegange,1.0,2.0142549e-10,0,1.0
rooo_as6,1.0,3.519415e-08,0,1.0
selin965187,1.0,2.7299062e-14,0,1.0
rjahanama,1.0,4.8821242e-12,0,1.0
sbosari62506,1.0,4.4574546e-14,0,1.0
aazar_goshasb,1.0,2.62591e-11,0,1.0
dashali54831635,1.0,2.0115032e-09,0,1.0
shahmusic2585,1.0,5.2938505e-15,0,1.0
mahdyar3113,1.0,3.834087e-11,0,1.0
mei276331,1.0,7.753438e-10,0,1.0
farnazjafar,1.0,2.9792187e-12,0,1.0
babaeisaye60257,1.0,4.087709e-17,0,1.0
melissaforbes88,1.0,2.2367525e-19,0,1.0
sherlock4121,1.0,2.1321523e-18,0,1.0
younesmoha85722,1.0,1.408828e-15,0,1.0
bitcoin_crypto6,1.0,4.235988e-08,0,1.0
2sibalbalu,0.99999964,3.8126532e-07,0,0.99999964
mspahlavi48,1.0,2.9994001e-21,0,1.0
mohammadsss1995,1.0,5.2168267e-16,0,1.0
mahshid1773573,1.0,1.7692736e-13,0,1.0
sorena_ef,1.0,1.5219378e-12,0,1.0
camelkesh,1.0,4.112116e-09,0,1.0
ali21606918,1.0,6.420951e-14,0,1.0
nniiimaa,1.0,1.7715404e-12,0,1.0
3trprxlbxusvo5f,1.0,3.1388503e-14,0,1.0
h2hidden,1.0,1.2506791e-14,0,1.0
realatssa,1.0,4.5732087e-13,0,1.0
nadershaaah,1.0,2.1039326e-16,0,1.0
amirbakhtiiarii,1.0,8.019429e-15,0,1.0
golipouram6044,1.0,5.49526e-19,0,1.0
iranianhexalot,1.0,1.4644033e-13,0,1.0
nasfaas68,1.0,1.6537116e-13,0,1.0
szarei75671,1.0,9.0798484e-17,0,1.0
mahboob77020314,1.0,6.762353e-12,0,1.0
rhymym512,1.0,5.409998e-13,0,1.0
rezaabay2,1.0,1.5363368e-16,0,1.0
oroadashk13,1.0,1.1674891e-12,0,1.0
berjys1,0.9999999,1.5478236e-07,0,0.9999999
baztaryansabah,1.0,4.7544526e-16,0,1.0
rabin441359,1.0,1.4158683e-17,0,1.0
nyazdanjoo65143,1.0,8.193367e-15,0,1.0
haghjou1401,1.0,2.3524391e-09,0,1.0
michelmakarian,1.0,1.8440766e-11,0,1.0
tehshe40,1.0,2.8533086e-11,0,1.0
iranmaneshe,1.0,4.8043833e-11,0,1.0
feri13373478,1.0,1.60591e-14,0,1.0
arxxxxxxxxxx,0.9999999,8.78294e-08,0,0.9999999
soldier267884,1.0,1.883021e-15,0,1.0
zahraeftekhar13,1.0,3.6457e-08,0,1.0
ham3dmirza,1.0,3.643292e-17,0,1.0
senquatriux,0.99999976,1.7888289e-07,0,0.99999976
maryam27860,1.0,3.5059497e-11,0,1.0
dqs44686672,1.0,4.0634524e-11,0,1.0
usakeivan,1.0,3.52457e-14,0,1.0
alivaki96819850,1.0,1.5123205e-18,0,1.0
lea_iran1lion_v,1.0,5.2236254e-13,0,1.0
ahm2ah,1.0,1.4981687e-15,0,1.0
mobarez_vatan17,0.99999976,2.557133e-07,0,0.99999976
nicoleaz142214,1.0,5.217029e-11,0,1.0
spartacus_m37,1.0,3.642976e-15,0,1.0
amirhos49736168,1.0,1.7063561e-09,0,1.0
amirsenpai1,1.0,1.4721689e-17,0,1.0
akrambadpa23059,1.0,5.8779894e-20,0,1.0
ladysarak,0.99999905,9.311463e-07,0,0.99999905
frbdgrbni,1.0,4.404805e-16,0,1.0
rezaaaammmmm,1.0,2.0462554e-14,0,1.0
asgarimani44689,1.0,5.214874e-17,0,1.0
vanoosheh_1981,1.0,3.1014327e-12,0,1.0
capitanali0609,1.0,1.9095082e-17,0,1.0
the_nhlw__,1.0,1.5130736e-14,0,1.0
mohammadifard4,1.0,6.039872e-13,0,1.0
johnberry274248,1.0,7.2093655e-13,0,1.0
mehdimoradimehr,1.0,6.9604513e-12,0,1.0
nazfaal,1.0,2.8780328e-13,0,1.0
kokousakichi,0.9999999,7.896979e-08,0,0.9999999
aryanaz89,1.0,3.950439e-08,0,1.0
mahsonhagaani,1.0,6.201751e-10,0,1.0
aurora_a24,1.0,5.9908794e-21,0,1.0
mandanaariaei,0.9999999,6.577202e-08,0,0.9999999
aaa115689,1.0,3.1142026e-11,0,1.0
amir24682500,1.0,3.012941e-15,0,1.0
sandbad52436,1.0,1.7681594e-14,0,1.0
sami32386963,1.0,4.8302318e-14,0,1.0
zarii98627539,1.0,1.3321393e-13,0,1.0
ruzegare_khub,1.0,8.677689e-11,0,1.0
mali_0359,1.0,1.709837e-11,0,1.0
saeed07928078,1.0,7.175164e-10,0,1.0
sa06815055,1.0,1.386686e-13,0,1.0
amirabas327084,1.0,1.3297808e-17,0,1.0
mmtbbehi,1.0,4.659346e-16,0,1.0
majids87480464,1.0,5.4568433e-12,0,1.0
sahel83218574,0.9999999,6.473824e-08,0,0.9999999
gfxx60962752,1.0,2.7911726e-09,0,1.0
javadasadi67352,1.0,1.3125648e-17,0,1.0
omidm733,1.0,8.324911e-09,0,1.0
iranjanma,1.0,1.9046273e-09,0,1.0
av19712ave,1.0,7.2115e-16,0,1.0
maryamm65352634,1.0,2.5343701e-11,0,1.0
fardin_for_free,1.0,1.4469465e-11,0,1.0
magham_ozmaaa,1.0,1.4925651e-10,0,1.0
mhmdrsmd,1.0,1.2767803e-10,0,1.0
rezaghassemi5,0.99999964,3.5224983e-07,0,0.99999964
elaheh04_,1.0,2.5992332e-13,0,1.0
shzarei,1.0,4.757962e-09,0,1.0
amir1397909,1.0,1.9756375e-11,0,1.0
sonopersiana,0.9999994,5.625178e-07,0,0.9999994
mohparvar,1.0,1.2468085e-18,0,1.0
heisenbergkhaan,1.0,2.1623794e-16,0,1.0
gilvarihamid,1.0,8.0261855e-13,0,1.0
fn41785787,1.0,1.1834728e-15,0,1.0
sempredrittoo,0.99999964,3.5300312e-07,0,0.99999964
iranwriter,1.0,1.5773817e-12,0,1.0
mahmwd115,1.0,3.8261728e-16,0,1.0
vigilante1991,1.0,1.880859e-16,0,1.0
safarpourh10986,1.0,1.199769e-11,0,1.0
parniya_hmd,0.9999999,7.976864e-08,0,0.9999999
ragnar_2024,1.0,1.6591963e-13,0,1.0
mehdibehnam766,1.0,1.8070035e-17,0,1.0
masoudmusavi5,1.0,9.524984e-14,0,1.0
faz7011,1.0,2.812554e-13,0,1.0
vatanam0ir,1.0,2.1275174e-14,0,1.0
marmar76195550,1.0,3.0274072e-14,0,1.0
bahrainish88310,1.0,8.641833e-18,0,1.0
ellaofcastle,1.0,1.6920477e-16,0,1.0
arash190796,0.99999964,4.0011633e-07,0,0.99999964
mstfyzadh94122,1.0,5.9759974e-21,0,1.0
hosseinfag42537,1.0,2.2648215e-10,0,1.0
samirakazemi16,1.0,1.1093356e-12,0,1.0
goafaei,1.0,2.9598081e-16,0,1.0
malek48758,1.0,2.361298e-14,0,1.0
ferferi666999,1.0,3.2273592e-13,0,1.0
pouyataheri11,1.0,5.1846977e-12,0,1.0
k_saturnn,1.0,3.0761023e-18,0,1.0
favzkid01,1.0,3.332053e-11,0,1.0
fereydounfaro,1.0,1.8580587e-10,0,1.0
30_miin,0.9999993,7.587022e-07,0,0.9999993
erfuntweet,1.0,2.4784615e-16,0,1.0
maryam0036,1.0,2.0824857e-08,0,1.0
lili06777377,0.9999999,8.120444e-08,0,0.9999999
bijanbayat,1.0,7.037984e-09,0,1.0
mohamma78385681,1.0,5.7238077e-12,0,1.0
khalilimj36568,1.0,8.399691e-11,0,1.0
hamidchemical,0.9999999,7.429953e-08,0,0.9999999
agh4198,1.0,2.888921e-14,0,1.0
soroushrsp,1.0,4.156443e-15,0,1.0
thisissofuking,1.0,5.2836823e-15,0,1.0
mazi_bazi47121,1.0,4.5429694e-14,0,1.0
mohammadra43826,1.0,8.3762135e-09,0,1.0
fatteme77,1.0,1.1678308e-14,0,1.0
mrmoradi5,1.0,3.305219e-16,0,1.0
faride30003054,1.0,3.2378702e-14,0,1.0
bharazady2,1.0,6.037329e-16,0,1.0
majid18071741,0.9999994,6.2266764e-07,0,0.9999994
sorour06666981,1.0,1.2070244e-11,0,1.0
amydllhi,1.0,1.20357144e-11,0,1.0
asi_az__hame,1.0,2.4071762e-11,0,1.0
t_janatan,1.0,3.069969e-12,0,1.0
kimiajafari6,0.99999964,3.4716592e-07,0,0.99999964
beygihome,1.0,2.3249431e-17,0,1.0
amir_amb0,1.0,1.2545879e-14,0,1.0
sarkandihamid,1.0,1.7303695e-17,0,1.0
armman_2017,1.0,7.4136305e-12,0,1.0
iran_banoariaee,1.0,2.4615079e-11,0,1.0
rp7859916831304,1.0,8.7171655e-16,0,1.0
ahmadbazrafsha6,1.0,2.444937e-09,0,1.0
emamzademohsen,1.0,1.4832777e-12,0,1.0
sh_kh_53,1.0,1.0651709e-11,0,1.0
yektamarya48114,1.0,1.8173531e-16,0,1.0
cooo0o0l,1.0,2.978352e-14,0,1.0
erfawn_sh,1.0,2.3294605e-18,0,1.0
king1855240,1.0,3.8629555e-08,0,1.0
ali53021928,1.0,1.12287575e-10,0,1.0
shahdokhto,1.0,6.125436e-16,0,1.0
reza4186,1.0,3.7984125e-15,0,1.0
motezaaad,1.0,1.2705883e-13,0,1.0
koorushpahlavi,1.0,6.3703913e-09,0,1.0
khachonok24203,1.0,3.8968935e-08,0,1.0
fereshtehm47014,1.0,1.9121318e-10,0,1.0
llparvinll,1.0,3.5849193e-10,0,1.0
mraryani,1.0,3.7656907e-08,0,1.0
xxxxtaat,0.99999976,2.2483763e-07,0,0.99999976
dawod85379996,1.0,2.8463672e-11,0,1.0
96malek2017,1.0,2.160921e-15,0,1.0
etehad49373986,1.0,3.076295e-11,0,1.0
bahram_ez,1.0,1.8498267e-10,0,1.0
asdanesh,1.0,1.4523915e-10,0,1.0
chomar1988,1.0,3.474803e-13,0,1.0
elahehmehr,1.0,6.7674337e-09,0,1.0
naserking144422,1.0,5.8481908e-15,0,1.0
abbasahmadabadi,0.9999994,6.1171124e-07,0,0.9999994
enigmafarbot,1.0,1.2760152e-11,0,1.0
mohammadre44294,0.9999999,1.3507466e-07,0,0.9999999
mohammad1985059,1.0,1.8321748e-10,0,1.0
daniel99969548,1.0,5.1892483e-12,0,1.0
karen_vafai,1.0,1.4547402e-17,0,1.0
fahimi_mahdi66,1.0,1.499184e-18,0,1.0
sssssaaaajjjaad,1.0,2.8711982e-15,0,1.0
yekiranii,1.0,1.3416473e-10,0,1.0
azadimery,1.0,1.7037986e-14,0,1.0
shahlashahpanah,1.0,4.312327e-18,0,1.0
hamid616177891,1.0,7.5438766e-16,0,1.0
ebdsheri,1.0,7.720363e-15,0,1.0
nadfreespirt,1.0,5.990218e-13,0,1.0
smrd24861754,1.0,1.636818e-11,0,1.0
petereparkerpur,1.0,2.9946052e-09,0,1.0
patriot_mehdi,1.0,2.4502216e-09,0,1.0
hafezhaghighi,1.0,4.6406165e-15,0,1.0
soh36100,1.0,9.1808156e-10,0,1.0
garshsb,1.0,5.4032564e-12,0,1.0
iranian069,1.0,1.1176732e-13,0,1.0
belyad42833,1.0,6.276368e-16,0,1.0
nanak_91,1.0,8.353641e-12,0,1.0
rocky56284397,1.0,3.0803712e-14,0,1.0
gisoo0o,1.0,2.5031136e-12,0,1.0
faztak39664,1.0,6.457945e-14,0,1.0
ramses1th,1.0,5.031588e-12,0,1.0
arshanmokhtari,1.0,1.9449368e-08,0,1.0
mconfused93,1.0,5.2526294e-09,0,1.0
freedom1989949,1.0,1.6912604e-16,0,1.0
javid08334775,1.0,1.886259e-12,0,1.0
bakorosh,1.0,1.4194839e-09,0,1.0
bittergrapfruit,1.0,1.2048572e-08,0,1.0
emel1365,1.0,4.3174197e-15,0,1.0
ashilmicloudco1,1.0,2.867157e-13,0,1.0
fifi00456014,1.0,2.4117522e-12,0,1.0
sarita_capa,1.0,2.9863347e-09,0,1.0
iranira35656042,1.0,2.1856325e-13,0,1.0
fkamranshahy,1.0,4.4359485e-09,0,1.0
asiaiebehzad,1.0,1.6405733e-13,0,1.0
irandokht1349,1.0,2.803405e-14,0,1.0
doctor_manhatan,1.0,4.751839e-17,0,1.0
kourosh74119588,1.0,4.046431e-14,0,1.0
marko6759361313,1.0,1.9848166e-10,0,1.0
faranak446994,1.0,5.0666858e-14,0,1.0
javid998877,1.0,2.4303585e-11,0,1.0
formyhomeland,1.0,9.142881e-13,0,1.0
outofberlin,1.0,3.0893438e-18,0,1.0
haghighat_saeed,1.0,3.368741e-14,0,1.0
snav00062055,0.9999999,9.9060316e-08,0,0.9999999
mahinord,1.0,2.0134307e-16,0,1.0
reza8sht,1.0,5.422848e-10,0,1.0
mokhtariraya,1.0,9.395887e-16,0,1.0
rezagnr1,0.99999976,2.4118268e-07,0,0.99999976
lyzadh_nasr,1.0,5.648058e-15,0,1.0
alfa19795,1.0,2.4767723e-14,0,1.0
ghanari55,1.0,4.908909e-10,0,1.0
iranwins20891,1.0,2.9802916e-09,0,1.0
ms56660392,1.0,1.5790224e-08,0,1.0
hz7_matin,1.0,6.4131584e-09,0,1.0
pmoji1998,1.0,3.2222747e-08,0,1.0
maryamirani22,1.0,1.2982185e-17,0,1.0
hassanjahanbak5,1.0,8.1694247e-16,0,1.0
s_ab12345,1.0,6.5567478e-12,0,1.0
alimoazzen00,1.0,2.6952449e-12,0,1.0
ali340258377570,1.0,9.7641506e-14,0,1.0
arezumfard,1.0,1.2629758e-08,0,1.0
sahraazarabadga,1.0,1.3481877e-19,0,1.0
moradizade1985,1.0,1.2817136e-18,0,1.0
sranaei43154,1.0,8.921407e-15,0,1.0
omidyazdani898,1.0,2.7885198e-11,0,1.0
zazar61,0.99999917,8.472866e-07,0,0.99999917
3ssi7f,1.0,5.251665e-10,0,1.0
dalir1990,1.0,1.2363394e-14,0,1.0
zanziyanazadi,1.0,8.003836e-09,0,1.0
hesamheydari11,1.0,6.2976954e-14,0,1.0
namatikaty,1.0,6.6201005e-14,0,1.0
nabieereza,1.0,1.4581648e-14,0,1.0
mad_salhy,1.0,3.813481e-16,0,1.0
royaronika,1.0,8.2773794e-13,0,1.0
sepehr845862,1.0,5.973192e-14,0,1.0
payndeiranshah,1.0,1.4132533e-14,0,1.0
qqnws16744519,1.0,6.28601e-13,0,1.0
faribairani20,1.0,6.985382e-10,0,1.0
mydreamofazadi,1.0,4.7821147e-10,0,1.0
i_franak,1.0,7.35014e-17,0,1.0
bavan2020,1.0,1.01918604e-16,0,1.0
ly5609609248335,1.0,1.7170124e-20,0,1.0
panospetrou1234,1.0,4.1756198e-10,0,1.0
shahpur_2ooo,1.0,5.955099e-16,0,1.0
nerhervlliic3sh,1.0,4.25754e-09,0,1.0
tmpiroozi,1.0,4.6248177e-15,0,1.0
empireparsa,1.0,3.911596e-14,0,1.0
cinquestelle5m,1.0,3.278089e-13,0,1.0
rshsam3,0.99999964,3.0469187e-07,0,0.99999964
iran16166472,1.0,2.0141519e-13,0,1.0
saeedsalma50120,1.0,3.6828926e-17,0,1.0
amin_aminpoor,1.0,3.9291143e-11,0,1.0
djduxu5190,1.0,7.67033e-18,0,1.0
hosein_kordi7,1.0,6.2483494e-15,0,1.0
xakestar_,1.0,4.763199e-10,0,1.0
zaak44324744,1.0,7.089291e-12,0,1.0
davoodrameza13,0.9999999,6.3974255e-08,0,0.9999999
arsaghasempour,1.0,1.7340479e-12,0,1.0
aryamehr2566,1.0,2.0913647e-13,0,1.0
reza80269368,1.0,1.1512394e-14,0,1.0
persiaisalive,1.0,3.8584566e-19,0,1.0
foxriver222,1.0,5.3136726e-17,0,1.0
swabumme,0.99999976,2.631671e-07,0,0.99999976
capitanloren,1.0,2.1119018e-08,0,1.0
sh_brainy,1.0,2.8472171e-09,0,1.0
haditatar20333,1.0,7.130649e-13,0,1.0
rostam_books,1.0,5.0710512e-12,0,1.0
maryyy62,1.0,5.951122e-17,0,1.0
lordmgi,1.0,2.1862037e-13,0,1.0
saraa_artist,1.0,1.8137379e-16,0,1.0
ramin_1400,1.0,2.6297678e-16,0,1.0
mohsen_hak68493,1.0,1.3423897e-10,0,1.0
for_omid,1.0,2.0573846e-15,0,1.0
i_denirani,1.0,9.631385e-13,0,1.0
heart_sheylo,1.0,8.492484e-18,0,1.0
hedishjf,1.0,2.3444063e-14,0,1.0
arsalan16346408,1.0,1.4284301e-13,0,1.0
tanha72161013,1.0,2.6683855e-12,0,1.0
cedar315894,1.0,2.412426e-14,0,1.0
khoorammohsen,1.0,8.209268e-13,0,1.0
azitashad46482,1.0,6.2918644e-09,0,1.0
alikarami725202,1.0,2.750017e-17,0,1.0
elahe_sh18,1.0,9.415421e-09,0,1.0
javidshah0,1.0,2.7852604e-08,0,1.0
frhng382804,1.0,8.605692e-15,0,1.0
jahan_fh,1.0,1.1729827e-11,0,1.0
esmaeilnamdari,1.0,2.6238712e-12,0,1.0
_persian_golf,1.0,4.1379145e-09,0,1.0
slvroffcl,1.0,3.0094252e-08,0,1.0
borobaba6,1.0,1.4300807e-15,0,1.0
agadook,1.0,6.180634e-11,0,1.0
amirzakd2,1.0,1.1323836e-15,0,1.0
pouya_fa77,1.0,4.7317115e-15,0,1.0
a_azitaa,1.0,1.0026047e-12,0,1.0
mehrdadpopo,1.0,3.0110844e-12,0,1.0
abrishamf22791,1.0,1.2967054e-15,0,1.0
ahmadsooki75,1.0,3.5997105e-11,0,1.0
iranshahr_mtl,1.0,4.1024326e-13,0,1.0
pippin_silent,1.0,4.6211296e-16,0,1.0
behruztrading,1.0,2.8197222e-11,0,1.0
heli61618621611,1.0,1.1575599e-12,0,1.0
rd4157475516066,1.0,3.5991964e-18,0,1.0
azii42383043,0.9999999,8.353195e-08,0,0.9999999
baharrafinia833,1.0,1.4560028e-10,0,1.0
janideep55,1.0,7.363128e-11,0,1.0
memento9149,1.0,1.5405489e-18,0,1.0
yalda923,1.0,3.5348879e-12,0,1.0
iran_wolf53769,1.0,4.1385775e-09,0,1.0
farzane33444599,1.0,6.787615e-16,0,1.0
iamsmh95,0.9999999,1.01703506e-07,0,0.9999999
fucktosiano,1.0,5.284595e-13,0,1.0
king_kyrus,1.0,1.1116621e-18,0,1.0
rdwdy7,1.0,2.306038e-12,0,1.0
bigdudelebowski,0.9999995,4.4726872e-07,0,0.9999995
shyr77497221,1.0,5.1103392e-11,0,1.0
pedram1775196,1.0,1.745158e-18,0,1.0
hesammt7,1.0,1.39613e-11,0,1.0
fench_kouchoul,1.0,1.5198577e-16,0,1.0
mortezaadabi,1.0,8.6101495e-17,0,1.0
sedaye_bi_jan,1.0,1.05102385e-11,0,1.0
farnazhbb,1.0,4.3426842e-11,0,1.0
omid79951334,1.0,7.160976e-09,0,1.0
zizi_mccartney,1.0,4.4515577e-18,0,1.0
vedaf86,1.0,3.7967632e-14,0,1.0
besoyenoor52250,1.0,1.1436838e-15,0,1.0
wildtommy14,1.0,1.710053e-14,0,1.0
lula_lluullaa,1.0,3.6799566e-10,0,1.0
bhzadnby,1.0,2.549994e-10,0,1.0
phoenix__138,1.0,6.8109274e-10,0,1.0
mehdishahbazi11,1.0,2.4404089e-16,0,1.0
piremard70,1.0,1.161177e-13,0,1.0
asalbanoooo0,1.0,3.6069181e-12,0,1.0
ikhalili2,1.0,6.1238737e-15,0,1.0
moonasrd,1.0,2.6062534e-20,0,1.0
erami1,1.0,6.1873033e-13,0,1.0
amirhosseinab1,1.0,1.5933369e-10,0,1.0
iranianpa,1.0,3.1925989e-15,0,1.0
kalbom7,1.0,3.3681543e-19,0,1.0
amin59777713,1.0,1.15711954e-10,0,1.0
farhadikhosrow,1.0,3.3105473e-14,0,1.0
godanddone13,1.0,1.8001024e-10,0,1.0
mandireyar,1.0,4.0048917e-14,0,1.0
imanhassani1980,1.0,1.4369574e-11,0,1.0
hadiaslani1985,0.99999976,2.0806937e-07,0,0.99999976
amir2288,1.0,1.8448036e-16,0,1.0
0xwrongbet,1.0,4.3477452e-16,0,1.0
savaki1357_1404,0.9999999,7.586039e-08,0,0.9999999
doctorhoma,1.0,7.904039e-10,0,1.0
amnasab20795,1.0,1.7723725e-15,0,1.0
vatanprast59,1.0,1.5429289e-13,0,1.0
khaterehmo48045,1.0,1.9011575e-09,0,1.0
mbsophmb,1.0,4.474521e-12,0,1.0
kaneki52583,1.0,1.7358684e-19,0,1.0
yarmohammadshah,0.9999999,1.6613468e-07,0,0.9999999
mjavadgol,1.0,1.4963516e-16,0,1.0
dfinanceera,1.0,3.2760107e-15,0,1.0
mohamad21976558,1.0,1.4881881e-09,0,1.0
reeeeelaax,1.0,4.702295e-21,0,1.0
hamid35242658,1.0,1.488316e-20,0,1.0
nik2sid,1.0,8.2752745e-18,0,1.0
npirdoost64894,1.0,2.723656e-13,0,1.0
m_f_my_country,1.0,1.34315945e-08,0,1.0
soroosh1973,1.0,5.1288235e-15,0,1.0
delavar69,0.9999999,6.291135e-08,0,0.9999999
tabatabaei41583,1.0,1.7666955e-15,0,1.0
mmdnfr98,0.9999999,8.036882e-08,0,0.9999999
msmchange,1.0,1.3095823e-12,0,1.0
matroodin,1.0,3.6388045e-10,0,1.0
mr96689383,1.0,2.9974306e-15,0,1.0
ahura_bh,1.0,6.560457e-10,0,1.0
hos1362,1.0,5.751569e-13,0,1.0
plipli3543,0.9999999,1.08449235e-07,0,0.9999999
sepideh77060753,1.0,7.344066e-15,0,1.0
programmerir80,1.0,2.2982384e-13,0,1.0
ndrlu69024,1.0,2.8588685e-16,0,1.0
behrooz21860506,0.99999976,2.3558131e-07,0,0.99999976
hamidre33735428,1.0,3.8112347e-12,0,1.0
farda_jj,1.0,4.0095977e-15,0,1.0
mrym22260,1.0,3.486765e-14,0,1.0
vahidbashir85,0.9999999,7.605656e-08,0,0.9999999
hasan70995545,1.0,5.8451854e-13,0,1.0
mustafa_roosta,1.0,2.889464e-12,0,1.0
jzirj87336,1.0,5.403916e-12,0,1.0
iranfreeco,1.0,1.6276726e-13,0,1.0
mahdishbagheri,1.0,6.130148e-19,0,1.0
sagharstudio,1.0,5.2342236e-18,0,1.0
cyja78,0.9999999,7.924546e-08,0,0.9999999
iraj63140440,1.0,4.11218e-12,0,1.0
kaveh75,1.0,8.508164e-10,0,1.0
mylllluuuuuu,1.0,1.2339088e-13,0,1.0
sellol909,1.0,4.3619133e-17,0,1.0
enghelabi_1401,1.0,4.6070227e-12,0,1.0
tabrizimohsen,1.0,1.9518824e-12,0,1.0
6tgkntclfob5v0s,1.0,5.4673694e-18,0,1.0
golzari10,1.0,9.753826e-09,0,1.0
hamidgouda82061,1.0,2.9138428e-16,0,1.0
samipani1051,1.0,6.55449e-14,0,1.0
vaezsorour,1.0,7.283514e-14,0,1.0
dele_kheshti7,1.0,1.9957328e-19,0,1.0
callmereyhannn,1.0,5.3087007e-20,0,1.0
sr19214389,1.0,1.03239764e-10,0,1.0
interchapmalll,1.0,7.720858e-09,0,1.0
a_r_samary,1.0,5.4832263e-09,0,1.0
hamidrazavi1981,1.0,5.805421e-09,0,1.0
arstwjawyd,1.0,2.4620789e-20,0,1.0
shahla1979r,1.0,3.9718764e-14,0,1.0
parhm_,1.0,1.2462189e-18,0,1.0
mah1055324,1.0,6.4502014e-18,0,1.0
mohammadre69739,1.0,2.208266e-19,0,1.0
sam99281703,1.0,3.4055983e-10,0,1.0
o3037516615,1.0,1.7541997e-13,0,1.0
taghizadehrieka,1.0,6.2283756e-10,0,1.0
bennyramzi90266,1.0,4.394611e-19,0,1.0
ahoorabrg,1.0,2.952259e-12,0,1.0
ayo_tomidee,1.0,1.1327736e-13,0,1.0
momeniyaser,1.0,1.0952009e-09,0,1.0
kamrezi,1.0,1.9340536e-08,0,1.0
spnt250789,1.0,1.7635366e-16,0,1.0
nim80964576,1.0,3.7751555e-15,0,1.0
aboutbahart,1.0,8.728355e-14,0,1.0
saree72_binaa,1.0,1.1242993e-09,0,1.0
baran_dard22,1.0,3.3172938e-09,0,1.0
holmes66222,1.0,4.5436718e-10,0,1.0
yasi1996___75,1.0,2.1983431e-16,0,1.0
azadhbhram12265,1.0,2.9203035e-19,0,1.0
mahdihassa50734,1.0,3.700397e-17,0,1.0
mollapashmoddin,0.9999999,7.9003236e-08,0,0.9999999
alisattari6,1.0,7.146079e-12,0,1.0
artemis550101,1.0,1.5437799e-09,0,1.0
osyan__gar,0.99999964,3.9313323e-07,0,0.99999964
hmydghlamy85126,0.9999993,6.805686e-07,0,0.9999993
sss66h,1.0,1.0168716e-12,0,1.0
ghasemiiii888m,1.0,3.5193223e-11,0,1.0
siratiyounes,1.0,3.6049806e-11,0,1.0
farzadkiani877,1.0,1.0566341e-14,0,1.0
mohsenpatriot2,1.0,2.8790176e-08,0,1.0
birdoofpassage,1.0,3.1211047e-12,0,1.0
stonefiroo4703,1.0,6.845057e-15,0,1.0
sharon_iran,1.0,4.5510974e-17,0,1.0
z_life_freedom,1.0,3.1140688e-13,0,1.0
anahid2581,1.0,5.318986e-17,0,1.0
arastattoo91,1.0,3.9540173e-13,0,1.0
maryam31876485,1.0,8.1445295e-09,0,1.0
mino_abbasi1374,0.9999993,7.55629e-07,0,0.9999993
arvin_kiani12,1.0,5.5323645e-11,0,1.0
houri61229751,1.0,4.778547e-15,0,1.0
rwblkhan,1.0,4.822086e-10,0,1.0
parsi03211551,1.0,1.6653837e-15,0,1.0
mohammadal47297,1.0,4.704856e-08,0,1.0
leidavash,1.0,8.916725e-12,0,1.0
valifarahani,1.0,6.262677e-12,0,1.0
mandanajamali,1.0,2.808463e-10,0,1.0
zarindokht_ah,1.0,1.1521107e-19,0,1.0
dayivahid12345,1.0,3.0890618e-10,0,1.0
fahim3352761491,1.0,2.1660059e-14,0,1.0
tajebozorg1979,1.0,6.289227e-12,0,1.0
naranji_666,1.0,2.2815354e-14,0,1.0
saatsazk,1.0,5.673431e-15,0,1.0
ferey_nadoun5,1.0,1.3069622e-12,0,1.0
iranian_boy7,1.0,8.4984855e-09,0,1.0
pkmajiid,1.0,4.6889874e-13,0,1.0
mhraby420841,1.0,3.4418022e-17,0,1.0
azshomabehtaran,1.0,2.2953997e-13,0,1.0
lf71354556,1.0,2.842657e-14,0,1.0
sonya04333895,1.0,1.3882256e-10,0,1.0
paria55031,1.0,2.1596217e-20,0,1.0
chap_gaiidam,1.0,1.8589663e-10,0,1.0
r2cdsi8ivgxxxea,1.0,3.381107e-10,0,1.0
agirl9777,1.0,1.1060071e-10,0,1.0
torj_mosvi,1.0,2.1536522e-17,0,1.0
siavash_irann,1.0,6.802108e-15,0,1.0
cosinus400,1.0,2.020549e-11,0,1.0
pandaye_skini,1.0,6.447954e-13,0,1.0
sinamohamm96405,1.0,6.331171e-16,0,1.0
nikacha32679823,1.0,2.8421223e-09,0,1.0
artemis5325851,1.0,4.5415702e-12,0,1.0
kianmehr89,1.0,6.591895e-16,0,1.0
greatpersiaa,1.0,1.01875796e-17,0,1.0
arash86345926,1.0,8.267096e-12,0,1.0
aryalap28408,1.0,3.4755095e-11,0,1.0
mehnor7,1.0,5.165974e-15,0,1.0
nadabiri,1.0,2.003336e-13,0,1.0
nedaab10,1.0,1.576693e-08,0,1.0
kosarseyfi78,1.0,1.0532155e-18,0,1.0
mastiorastiii,1.0,2.6382776e-09,0,1.0
sha37067,1.0,1.3227056e-13,0,1.0
termehirani,1.0,3.9777634e-12,0,1.0
darabdavoudi,1.0,2.8742368e-13,0,1.0
zanzendegizan,1.0,6.812904e-13,0,1.0
friseurmansour,1.0,1.3473229e-13,0,1.0
alinajibiii,1.0,1.3457347e-22,0,1.0
cis_per,1.0,3.1018041e-09,0,1.0
edi79527165,1.0,6.2331347e-12,0,1.0
ariya_alizad,1.0,1.3602699e-13,0,1.0
najvayosefzade,1.0,7.511945e-23,0,1.0
aliiirezaaa3,1.0,5.185527e-20,0,1.0
bsdr166,1.0,7.923652e-20,0,1.0
negrhnejad,1.0,7.025271e-20,0,1.0
pedramashkan,1.0,6.075954e-10,0,1.0
hossein7912,1.0,2.7147751e-18,0,1.0
zarabinich,1.0,5.8524013e-10,0,1.0
drbndyshkwh,1.0,6.27113e-15,0,1.0
jananavaz,1.0,2.4302525e-18,0,1.0
hadi_ariamehr,1.0,4.9073688e-12,0,1.0
soheila64358595,1.0,8.730124e-13,0,1.0
ajami_david,1.0,1.4872735e-14,0,1.0
emmsource,1.0,4.5002393e-09,0,1.0
vukashinfa,1.0,6.283182e-09,0,1.0
merdad74,1.0,1.4234902e-14,0,1.0
souzanpourmokh1,1.0,1.0299924e-17,0,1.0
anibah20,1.0,8.673404e-11,0,1.0
pantea_nickname,1.0,5.593763e-09,0,1.0
tinnaa_2003,1.0,8.907317e-10,0,1.0
farahfarnaz,1.0,3.1289198e-19,0,1.0
aminlp98,1.0,4.6050322e-14,0,1.0
rezashah2436,0.9999999,8.4530946e-08,0,0.9999999
namira_98,1.0,5.807104e-09,0,1.0
farsam_arkifar,1.0,4.5359698e-23,0,1.0
nima_kavousi,1.0,8.117316e-12,0,1.0
maedesalami,1.0,3.1614764e-15,0,1.0
alokardguy,1.0,4.9856636e-13,0,1.0
bardyaaaaaaa,1.0,1.4362414e-16,0,1.0
bzrgnadr,1.0,3.1976082e-15,0,1.0
shahrzad1973,1.0,2.515303e-16,0,1.0
aaminnnimaa,1.0,2.3271454e-08,0,1.0
dsahra,1.0,2.1722481e-11,0,1.0
imanariamehr,1.0,4.1010285e-11,0,1.0
majid82437997,1.0,1.3255342e-13,0,1.0
milad136991,1.0,2.2397379e-14,0,1.0
leylaleybabae,1.0,3.162477e-08,0,1.0
peymoon66,1.0,5.872539e-14,0,1.0
w_w1365,1.0,3.0721747e-10,0,1.0
persiangulf1403,1.0,1.0377994e-21,0,1.0
abdoliafsaneh,1.0,3.2343627e-15,0,1.0
facelesspar,1.0,4.760285e-13,0,1.0
amka22412648,1.0,8.0011397e-19,0,1.0
mahdimahsa71433,1.0,7.566641e-17,0,1.0
siavash84770032,1.0,7.500454e-18,0,1.0
parviz26710753,1.0,5.290182e-13,0,1.0
hamidaghdam1,1.0,5.4323836e-17,0,1.0
mehrdadpaj3929,1.0,3.6477514e-12,0,1.0
saeediali25700,1.0,6.307426e-16,0,1.0
heidarisolmaz,1.0,3.4932946e-18,0,1.0
samkhallash,1.0,1.1151446e-11,0,1.0
dr_afsaneh,1.0,8.114158e-12,0,1.0
hido_rasid,1.0,3.386116e-17,0,1.0
amirrezazii,1.0,7.457175e-18,0,1.0
saeed0153,1.0,6.1814903e-16,0,1.0
leo10amir,1.0,1.993617e-12,0,1.0
abas27811261,1.0,1.3827831e-12,0,1.0
mojgansaha25978,1.0,6.300439e-09,0,1.0
kasrarnj92581,1.0,7.267641e-17,0,1.0
naderafsharjam,1.0,9.873967e-15,0,1.0
persianking2006,1.0,1.978822e-17,0,1.0
garshasbb72178,1.0,2.2337276e-17,0,1.0
esmailei,1.0,2.3719682e-11,0,1.0
aashk2024,1.0,9.433522e-13,0,1.0
masoudkingsman,1.0,3.1730393e-11,0,1.0
rnjbrfatmh57291,1.0,2.2353049e-13,0,1.0
aboutalebii1721,1.0,8.296529e-11,0,1.0
vahidnoroz59986,1.0,4.6580178e-14,0,1.0
boxe_glory,1.0,7.8137784e-16,0,1.0
nirvaanaa95rf,1.0,6.039373e-18,0,1.0
sohrab521027853,1.0,1.2337664e-15,0,1.0
zahedjahan16615,1.0,1.3616639e-09,0,1.0
hamedyounesi2,1.0,1.5179577e-08,0,1.0
noradinshno,1.0,1.0720181e-13,0,1.0
baki_amir,1.0,1.7756226e-13,0,1.0
ardvanbahm97732,1.0,2.0752856e-15,0,1.0
pavellnedved111,1.0,6.399593e-17,0,1.0
sasan_khod,1.0,2.221175e-08,0,1.0
sina_aminvari,1.0,9.611837e-10,0,1.0
sara_tiss_,1.0,1.3733247e-14,0,1.0
miroo_mehdi,1.0,6.0603804e-16,0,1.0
taranom_ziz,1.0,1.6546432e-12,0,1.0
azari80292103,1.0,1.7979956e-10,0,1.0
saeedtaree,1.0,6.223592e-13,0,1.0
haniye62870812,1.0,1.1691861e-10,0,1.0
parsi22774,1.0,4.027512e-18,0,1.0
meysam1388,1.0,3.3775425e-14,0,1.0
titii166,1.0,1.7498185e-17,0,1.0
yeganeh2562,1.0,1.6056555e-18,0,1.0
sizarta22,1.0,5.912528e-14,0,1.0
__freedom_btfly,1.0,3.993191e-14,0,1.0
baleeeeee__,1.0,1.2601957e-13,0,1.0
divine_soul777,1.0,2.7882022e-10,0,1.0
annatar_ainur,1.0,9.125399e-11,0,1.0
mycrosswalk_,1.0,3.6275655e-17,0,1.0
s9999095293436,1.0,8.5451e-17,0,1.0
8044aa8d7246426,1.0,9.247952e-10,0,1.0
aliihonarmand,1.0,2.4315964e-11,0,1.0
mobin_bax,1.0,7.854859e-19,0,1.0
alibakhtar81779,1.0,9.166139e-13,0,1.0
mohammadkeimasi,1.0,4.1964746e-10,0,1.0
_meysam_sarmadi,1.0,1.1542625e-18,0,1.0
shineolia,1.0,4.9556494e-16,0,1.0
reza728945271,1.0,1.4324627e-13,0,1.0
mrt_840,1.0,6.55817e-13,0,1.0
sahel90518113,1.0,3.7364196e-09,0,1.0
suliiiiiiid,1.0,1.1743738e-17,0,1.0
akbareghdami,1.0,1.0245251e-11,0,1.0
malekesmailis,1.0,2.9683154e-13,0,1.0
sue_assili,1.0,3.7673402e-17,0,1.0
mobin__2005,1.0,2.1362089e-16,0,1.0
rez1324567,1.0,1.7402709e-19,0,1.0
amir206sef,1.0,1.681809e-09,0,1.0
ar_77_ma,1.0,1.0858694e-10,0,1.0
payamamani3,1.0,3.416399e-17,0,1.0
roshanmasoul,1.0,2.311589e-10,0,1.0
mohammedma63094,1.0,1.867323e-19,0,1.0
apothtoth,1.0,1.7351966e-15,0,1.0
saeidki3112176,1.0,5.2931665e-14,0,1.0
ali1359a,1.0,8.97716e-14,0,1.0
miriamhamedani,0.99999964,4.1572198e-07,0,0.99999964
dawood99819470,1.0,2.4623305e-14,0,1.0
fandakirani,0.99999917,8.877447e-07,0,0.99999917
ak20000m,1.0,2.731294e-16,0,1.0
azarlyly,1.0,1.7577892e-14,0,1.0
mostaf_63,0.99999976,1.9019551e-07,0,0.99999976
darbedar00,1.0,3.7594585e-17,0,1.0
yeirani_inx,1.0,9.387245e-14,0,1.0
ammmammm123755,1.0,8.8783425e-11,0,1.0
kkarandish,1.0,2.0596324e-13,0,1.0
barandaz_sarbaz,1.0,2.328182e-10,0,1.0
rangrazian92291,1.0,8.9354465e-21,0,1.0
javidanirann,1.0,2.5563104e-10,0,1.0
mehrdadghanba12,1.0,2.1693839e-14,0,1.0
azarhosseini4,1.0,1.973916e-15,0,1.0
dr_mpki,1.0,2.6787868e-13,0,1.0
rezajami0,1.0,3.7256797e-17,0,1.0
surena_mobarez,1.0,3.417692e-08,0,1.0
azfarahan,1.0,3.7838398e-20,0,1.0
salehi_abb1920,1.0,2.4961516e-13,0,1.0
awmir1997_,0.9999993,6.913038e-07,0,0.9999993
minoo284840,1.0,9.1520745e-17,0,1.0
bahramm27,1.0,1.4365332e-14,0,1.0
zamani_javid,1.0,8.3809515e-11,0,1.0
mulaksandr,1.0,3.4361893e-16,0,1.0
behnoor000,1.0,7.823265e-23,0,1.0
al84003alireza,1.0,5.507474e-19,0,1.0
panifey,1.0,1.5583066e-15,0,1.0
aghil_asn,1.0,2.21352e-08,0,1.0
parsicamellia,1.0,4.5139375e-11,0,1.0
yaaaasaman,1.0,8.674081e-15,0,1.0
mojitatbali1367,1.0,2.5863192e-18,0,1.0
hhaaajjjj,1.0,1.0653928e-14,0,1.0
hrirani4,1.0,2.6491554e-12,0,1.0
_hiv__,1.0,4.186719e-11,0,1.0
amahpr44544,1.0,6.87604e-16,0,1.0
sina_kianmer,1.0,1.1125117e-16,0,1.0
twitamirii,1.0,4.18107e-18,0,1.0
bahareh_bo28764,1.0,5.8062565e-11,0,1.0
iranvatanp43557,1.0,9.307329e-12,0,1.0
so4343,1.0,6.555072e-12,0,1.0
khwbay91176,1.0,6.2422924e-13,0,1.0
mehrdad_python,1.0,5.6409493e-16,0,1.0
behdad41932542,1.0,7.99401e-13,0,1.0
aghakocholoo,1.0,6.025004e-10,0,1.0
saharmg1369,1.0,9.801524e-18,0,1.0
hesamk6,1.0,1.6579706e-11,0,1.0
drsaesh2022,1.0,5.703834e-11,0,1.0
afkatanchi,1.0,2.204461e-12,0,1.0
lalehfattahy,1.0,2.8688745e-17,0,1.0
shahriarib41076,1.0,2.1066663e-13,0,1.0
aashkwh,1.0,1.4374172e-12,0,1.0
elahegh47,1.0,3.0400752e-13,0,1.0
mohammad01mahdi,1.0,2.7169603e-11,0,1.0
afi_teh,1.0,1.8611322e-08,0,1.0
babayedokhtaram,1.0,6.58498e-17,0,1.0
msa_gh77,1.0,8.9468016e-29,0,1.0
rkouhsarian,1.0,4.6526796e-11,0,1.0
maryamr25139748,1.0,1.4527122e-11,0,1.0
partizanstrong,1.0,1.6759647e-13,0,1.0
mahmudbabae,1.0,3.0679508e-15,0,1.0
tatasonami,1.0,2.4577207e-12,0,1.0
amirbrh8,1.0,6.855765e-13,0,1.0
khorzokhan13,1.0,9.405171e-13,0,1.0
shahab_ss81,1.0,2.8869358e-08,0,1.0
javid90068,1.0,7.282898e-19,0,1.0
drbob03530531,1.0,8.8676034e-13,0,1.0
mansour626767,1.0,1.0833298e-16,0,1.0
ashkan30766605,1.0,7.018863e-14,0,1.0
parisaes12,1.0,2.5940751e-11,0,1.0
ariyomhtirani1,1.0,1.2075718e-12,0,1.0
somy78327974,1.0,4.320316e-09,0,1.0
mafkh1363,1.0,1.6355493e-13,0,1.0
mahzist_roshan,1.0,2.339719e-19,0,1.0
hpooraras,1.0,1.9752483e-16,0,1.0
twis8siwt,1.0,1.9408482e-13,0,1.0
emeirnouri,1.0,3.8426643e-20,0,1.0
coral_nik,1.0,9.576846e-18,0,1.0
hoseainamir,1.0,6.479164e-11,0,1.0
sarbazshah1,1.0,1.497302e-09,0,1.0
david04183404,0.9999999,8.694153e-08,0,0.9999999
sholehmehr,1.0,6.4172265e-11,0,1.0
amper8807214017,1.0,6.466608e-11,0,1.0
baflavi,0.9999995,4.3431177e-07,0,0.9999995
lilby2022,1.0,2.4194787e-16,0,1.0
nastaran1341,1.0,4.6141937e-14,0,1.0
alirezamoqadac,1.0,4.388788e-12,0,1.0
hamedshb1986,1.0,4.7726493e-13,0,1.0
hamedderakhsha5,1.0,7.081914e-19,0,1.0
asba924478,1.0,1.9672436e-12,0,1.0
sia82505759,1.0,7.2124265e-11,0,1.0
farshad_70,1.0,6.5347683e-10,0,1.0
shahin_1919,1.0,1.4261944e-10,0,1.0
apa33306,1.0,5.851973e-19,0,1.0
vertigoversky,1.0,3.1748478e-12,0,1.0
sa2790663592629,1.0,5.0705133e-18,0,1.0
azsoheil,1.0,1.757911e-09,0,1.0
nimosharif_pour,1.0,1.8185852e-11,0,1.0
my_illusions_00,1.0,1.9568755e-14,0,1.0
mralirezza_r,1.0,8.748912e-09,0,1.0
goldeneyes7129,1.0,7.0236575e-14,0,1.0
persiakiiing,1.0,4.9193068e-20,0,1.0
mzeaezm,1.0,2.4135488e-18,0,1.0
feriiiiiiiii7,1.0,7.591372e-14,0,1.0
monarch_iran_,0.99999905,9.1075685e-07,0,0.99999905
sgohar1,1.0,1.8155159e-17,0,1.0
ya3ermf,1.0,8.340124e-12,0,1.0
kiyantf,1.0,2.3073972e-16,0,1.0
sarasha68792767,1.0,1.9843445e-09,0,1.0
xena2626,1.0,8.8903646e-13,0,1.0
dondiego2500,1.0,7.922074e-14,0,1.0
saeedka03440163,1.0,4.0441914e-15,0,1.0
mehdi_21,1.0,1.5339764e-09,0,1.0
mhshd64581762,1.0,4.987211e-14,0,1.0
setarehshi91690,1.0,3.476777e-14,0,1.0
irshahri,1.0,5.4266863e-10,0,1.0
hosseinisargol,1.0,6.7152415e-17,0,1.0
shams_sama23943,1.0,2.8255867e-10,0,1.0
bellfafa17,1.0,9.144333e-16,0,1.0
shahabbyt1364,1.0,7.698344e-13,0,1.0
hasti1435690,1.0,3.5404243e-10,0,1.0
kiloo2zar,1.0,3.1766996e-13,0,1.0
masterraven8,1.0,6.009464e-10,0,1.0
sherwin30546,1.0,2.0470763e-13,0,1.0
heyroonebozorg,1.0,2.4709552e-17,0,1.0
sajjadsade48567,1.0,7.490612e-12,0,1.0
davood47494179,1.0,1.3365175e-12,0,1.0
homayoun0075,1.0,2.1691137e-15,0,1.0
shahinnaza20560,1.0,1.1022539e-18,0,1.0
znb_glr,1.0,2.1484603e-15,0,1.0
adventure1828,1.0,9.308624e-16,0,1.0
rasaw13,1.0,6.409116e-11,0,1.0
saviwx,1.0,2.2816712e-17,0,1.0
a1surefire,1.0,4.4147266e-10,0,1.0
kaveh6123,1.0,7.883162e-20,0,1.0
nafas_n93,1.0,2.8614872e-16,0,1.0
arshan048,1.0,1.7658257e-12,0,1.0
nimamar23,1.0,1.6085561e-17,0,1.0
mihanzone,1.0,2.116375e-18,0,1.0
theprincejan,1.0,1.305016e-17,0,1.0
sjavadmohamadi,1.0,2.4763257e-16,0,1.0
mahdiranaie,1.0,2.386296e-17,0,1.0
e_amirhoss16667,1.0,1.5855641e-17,0,1.0
all_eyes_on_irn,1.0,3.15052e-08,0,1.0
lalehnajafi,1.0,1.5842538e-15,0,1.0
khosro1370,1.0,1.823292e-14,0,1.0
shangolmirza,1.0,6.3688395e-23,0,1.0
hesam51631,1.0,4.1332844e-09,0,1.0
efterisko,1.0,2.592855e-21,0,1.0
_wildwest_7,1.0,1.3770881e-11,0,1.0
lili75593436,1.0,1.9871738e-09,0,1.0
azita_toloee,1.0,6.5954953e-15,0,1.0
glm222635782020,1.0,3.2609242e-15,0,1.0
hamzeh950,1.0,3.0840262e-15,0,1.0
bahramrasti8,1.0,9.059898e-14,0,1.0
iranazad96348,1.0,2.1719891e-13,0,1.0
aghagoli2022,1.0,2.824844e-13,0,1.0
par877,1.0,5.351109e-14,0,1.0
alialip66266253,1.0,3.360201e-17,0,1.0
mohamadiabtin,1.0,7.0288986e-10,0,1.0
eje7nvc5k0wn8fx,1.0,5.0718154e-12,0,1.0
zadeh_hastam,1.0,5.1499855e-12,0,1.0
j61sina,1.0,1.811489e-14,0,1.0
shahbazanjoman,1.0,1.6570745e-09,0,1.0
reza_shah3,1.0,2.1793925e-13,0,1.0
rahbarehezbebad,1.0,2.622006e-15,0,1.0
baghdadisa58670,1.0,2.3973007e-16,0,1.0
freeiranman,1.0,7.5095767e-13,0,1.0
rezakhanpedar,0.9999999,6.635695e-08,0,0.9999999
kavekorosh4572,1.0,1.1848482e-19,0,1.0
bbaa1352ss,1.0,2.4486774e-11,0,1.0
dxci_xiii,1.0,3.5909716e-16,0,1.0
saleh99026823,1.0,1.4258231e-12,0,1.0
mahyarmetal,1.0,1.2715206e-11,0,1.0
artemis_iranian,1.0,2.9790208e-15,0,1.0
95_paar,1.0,5.8351354e-14,0,1.0
elhamtj2,1.0,1.0395198e-12,0,1.0
karimy_hos10228,1.0,6.746961e-22,0,1.0
ashk80863811,1.0,6.0963994e-13,0,1.0
bbernousphd,1.0,9.066834e-17,0,1.0
kourosh_f401,1.0,8.642345e-14,0,1.0
blingamerf,1.0,3.2274543e-19,0,1.0
mobinghafari95,1.0,5.0757155e-12,0,1.0
ha1med23,1.0,2.0198767e-09,0,1.0
maryamradfar28,1.0,1.0371783e-13,0,1.0
nabi_rahmati,1.0,6.8917836e-12,0,1.0
trump1087635,1.0,2.2599873e-11,0,1.0
hamidtrade67,1.0,1.4155864e-11,0,1.0
rosa63802965,1.0,9.512103e-12,0,1.0
parsakoorosh,1.0,7.1227e-16,0,1.0
rahmanimaj65242,1.0,8.384088e-14,0,1.0
amirali62435075,1.0,7.1939705e-16,0,1.0
noosebreakers,1.0,3.810624e-12,0,1.0
ali3p2p,1.0,2.368331e-17,0,1.0
arezaaeiyazdi,1.0,7.323966e-11,0,1.0
hrmr007,1.0,4.3557755e-18,0,1.0
fara718164,1.0,2.2968762e-16,0,1.0
mr54602194,1.0,2.6499082e-16,0,1.0
aflaksar5582,1.0,1.7325964e-16,0,1.0
khoonearyaee,1.0,3.7713903e-12,0,1.0
holyamitiel,1.0,2.6461846e-13,0,1.0
aras74484660,1.0,9.004053e-13,0,1.0
ho3ein210227711,1.0,1.249229e-15,0,1.0
taherimohsen69,0.9999999,7.3852775e-08,0,0.9999999
iraj_gholami,1.0,4.1761583e-19,0,1.0
ikkyu_s4n,1.0,3.857182e-16,0,1.0
abbasma08309585,1.0,5.737987e-15,0,1.0
artimus576965,1.0,1.573966e-14,0,1.0
jimlening,1.0,3.5833513e-15,0,1.0
nooshin06626785,1.0,6.618621e-11,0,1.0
meysam_hoosh,1.0,4.74135e-19,0,1.0
mtiwdi51811,1.0,1.1771349e-20,0,1.0
fari1365812,1.0,4.190739e-14,0,1.0
yazdanmehr7,1.0,1.4223814e-16,0,1.0
razavisami4340,1.0,9.32355e-16,0,1.0
hamedjalili17,1.0,4.536666e-10,0,1.0
akbarbaradaran,1.0,1.0593377e-15,0,1.0
sepidl77011,1.0,5.698024e-16,0,1.0
hamid_aghaei24,1.0,5.732994e-09,0,1.0
tanhaye_ghavi,1.0,3.8196436e-14,0,1.0
btwlsalary3674,1.0,5.466046e-14,0,1.0
nooshinfm,1.0,1.9590405e-15,0,1.0
abolfazlsv2018,1.0,3.7469003e-18,0,1.0
sassver,1.0,3.7910972e-14,0,1.0
navadehgimehran,1.0,6.882003e-14,0,1.0
real_lionandsun,1.0,6.7630096e-16,0,1.0
simin63041414,1.0,3.5421986e-15,0,1.0
elnaz_khavand,1.0,1.8554315e-17,0,1.0
derafshmedia,1.0,1.8452147e-13,0,1.0
yavartoghrol70,1.0,2.8381252e-16,0,1.0
jmal_davoodi,1.0,1.4042619e-15,0,1.0
iranban2024,1.0,6.846418e-14,0,1.0
majida7689,1.0,1.3762535e-18,0,1.0
dehghani_m88725,1.0,9.26266e-13,0,1.0
aramkiasari,1.0,7.519542e-12,0,1.0
breitng1,1.0,2.7071783e-15,0,1.0
margbarakhonda,1.0,2.3967057e-09,0,1.0
chekhabaremage,1.0,5.550654e-17,0,1.0
arsham_khaan,1.0,2.3076518e-09,0,1.0
mehdita37815544,1.0,1.0000421e-11,0,1.0
catecholaminea,1.0,8.190894e-16,0,1.0
saeid41418977,1.0,6.039964e-13,0,1.0
mohammadtaraho5,1.0,1.159579e-13,0,1.0
maryamm93904495,1.0,5.1466728e-17,0,1.0
winstonchercil,1.0,6.4880073e-18,0,1.0
soutele_,1.0,8.4393995e-16,0,1.0
p1j22,1.0,2.2628537e-09,0,1.0
ariab2002,1.0,8.680151e-12,0,1.0
fnjfy14927,1.0,8.0153226e-17,0,1.0
ashk_the_first,1.0,7.0883376e-14,0,1.0
aahbzs8059,1.0,2.8615288e-10,0,1.0
bordbartab38864,1.0,1.1835294e-11,0,1.0
khashayars53658,1.0,3.9495325e-13,0,1.0
atenakazemii,1.0,1.8806141e-17,0,1.0
amirtotoloo,1.0,4.9785297e-12,0,1.0
shaparak447,1.0,2.4414754e-12,0,1.0
meow_meow_m0,1.0,7.655952e-13,0,1.0
hasannambar,1.0,2.7358723e-12,0,1.0
naniarm50,1.0,9.4424654e-21,0,1.0
thisissunn,1.0,1.7716756e-12,0,1.0
ahw1366,1.0,3.3190607e-12,0,1.0
noone1367,0.9999994,6.091149e-07,0,0.9999994
freeswan2023,1.0,4.8055123e-14,0,1.0
iozarsif,1.0,6.0531365e-20,0,1.0
gharachourlou_m,1.0,8.699442e-20,0,1.0
rayeheahooraee,1.0,1.0823738e-08,0,1.0
vadapersian,0.99999976,2.711819e-07,0,0.99999976
mssxe,1.0,9.414194e-14,0,1.0
maryaa8900,1.0,7.335551e-16,0,1.0
ferii_vld,1.0,2.3107397e-20,0,1.0
raghukondori,0.9999999,1.2717875e-07,0,0.9999999
ghamor67,1.0,1.6983445e-18,0,1.0
hmomeni_anbaran,1.0,4.6219557e-17,0,1.0
__4dt__,1.0,3.0828946e-09,0,1.0
shahin_gachpaxh,1.0,2.9367904e-13,0,1.0
sepehr863408,1.0,1.1112738e-15,0,1.0
behi7mehr,1.0,1.8517377e-20,0,1.0
abroujerdi1,1.0,2.9233383e-17,0,1.0
negar6834367997,1.0,6.575595e-16,0,1.0
mithra_x99,1.0,3.779396e-13,0,1.0
mina38778541,1.0,8.53001e-12,0,1.0
tabarfera,1.0,1.8521222e-13,0,1.0
arya582052,1.0,1.7515224e-16,0,1.0
p4226128463695,1.0,1.0586348e-15,0,1.0
kimjo71058,1.0,1.452449e-11,0,1.0
247112229m,1.0,4.7916326e-16,0,1.0
bachemahalha,1.0,5.1362294e-13,0,1.0
mardin82753283,1.0,2.4396078e-09,0,1.0
zynb17763413,1.0,8.108812e-14,0,1.0
shoja9494,1.0,6.423958e-16,0,1.0
gazanfar63,1.0,3.6570703e-13,0,1.0
agreatdoom,1.0,5.6160306e-13,0,1.0
sirousdds,1.0,1.267026e-13,0,1.0
yariaee,1.0,2.991041e-18,0,1.0
1oneness11,1.0,5.685754e-13,0,1.0
r_nikashakarami,1.0,3.5692723e-15,0,1.0
magas_fesorde,1.0,2.082295e-08,0,1.0
mmahdokht22004,1.0,1.5548267e-08,0,1.0
payande_irann,1.0,7.8631154e-16,0,1.0
homauonp,1.0,4.230062e-08,0,1.0
k_esm5,1.0,4.973876e-13,0,1.0
ocyrtweets,3.599936e-07,0.99999964,1,0.99999964
mahmoudima52164,1.0,1.5501063e-16,0,1.0
fazool176778,1.0,2.7299905e-17,0,1.0
amiri1170841,1.0,8.126606e-13,0,1.0
farah6747843058,1.0,5.692479e-14,0,1.0
gamusclema770,1.0,2.7148696e-17,0,1.0
nooribaran60419,1.0,4.2577243e-14,0,1.0
uniqueyekta,1.0,1.7192652e-11,0,1.0
mmmansori1,1.0,5.667007e-15,0,1.0
arvid_save,1.0,4.702276e-14,0,1.0
3_villages,0.99999976,2.544699e-07,0,0.99999976
fifijan9496,1.0,2.0714164e-09,0,1.0
paseboon1,1.0,1.5404943e-09,0,1.0
__bhmn__,1.0,1.0144165e-21,0,1.0
a87154a,1.0,5.856381e-16,0,1.0
surena_shayan,1.0,1.2645194e-14,0,1.0
mehrad11001,1.0,4.6331593e-12,0,1.0
dayaan43071235,1.0,3.0423344e-15,0,1.0
inastarannn,1.0,1.0041968e-16,0,1.0
kamalhosseiny,1.0,2.8042385e-22,0,1.0
ehsan_golpa,1.0,7.871185e-17,0,1.0
farzane_fr,1.0,8.5632515e-15,0,1.0
sabasabory,1.0,2.3332372e-13,0,1.0
kaktusirani,1.0,7.645791e-18,0,1.0
rrazavi59376,1.0,3.4720268e-17,0,1.0
l3rad1ey,1.0,1.874609e-20,0,1.0
newconspiracist,1.0,5.6187707e-14,0,1.0
mahinmotahari,1.0,1.0757085e-14,0,1.0
kamalihamid3,1.0,4.3008665e-15,0,1.0
abolfazlorg9,1.0,2.4223229e-16,0,1.0
sambarfo,1.0,7.4891683e-16,0,1.0
bc2blk,1.0,1.4952027e-11,0,1.0
mehradakbari,1.0,2.2138745e-12,0,1.0
alikhazael,1.0,9.026097e-13,0,1.0
ilipoor,1.0,6.07878e-11,0,1.0
mahsapazhavand,0.99999964,3.7712616e-07,0,0.99999964
erfxov,1.0,3.3973328e-25,0,1.0
alijamix,1.0,7.014742e-10,0,1.0
lilairani1,1.0,1.0395555e-12,0,1.0
mohamadham70142,1.0,1.1854984e-13,0,1.0
titi261186,1.0,3.1603654e-16,0,1.0
shadij444,1.0,7.2247883e-19,0,1.0
arash_77777,1.0,2.4745233e-15,0,1.0
realiranfacts,1.0,1.9880126e-08,0,1.0
mehdimo19512762,1.0,5.751023e-16,0,1.0
shahsrbaz52240,1.0,4.2523984e-11,0,1.0
nnikafaz43,1.0,9.794976e-12,0,1.0
1stquadrillion,1.0,3.335172e-09,0,1.0
ali27788060,1.0,3.3808741e-18,0,1.0
agha_joun,1.0,3.4726432e-13,0,1.0
b2210807985159,1.0,5.6176347e-14,0,1.0
iranidivan57162,1.0,2.328867e-24,0,1.0
mojgan92193543,1.0,1.7295432e-11,0,1.0
0xox19x,1.0,2.0620599e-11,0,1.0
persiangolf369,1.0,7.8105084e-14,0,1.0
hadi_nasseri,0.9999999,1.7384765e-07,0,0.9999999
tanhaayase17348,1.0,2.5047596e-17,0,1.0
pirat43370768,1.0,1.7097261e-11,0,1.0
keyvoon1401,1.0,2.8754e-20,0,1.0
yegane5456,1.0,3.266422e-18,0,1.0
zahragh18954809,1.0,4.194602e-10,0,1.0
omidalvares,1.0,1.683318e-12,0,1.0
araagornn,1.0,1.1907678e-12,0,1.0
sirus1264330,1.0,1.8438057e-11,0,1.0
haloogen12w,1.0,3.3353513e-12,0,1.0
amirrez03202728,1.0,4.2818834e-12,0,1.0
tatazad81,1.0,7.024029e-15,0,1.0
yazdantbar,1.0,6.548508e-13,0,1.0
zakadamoon,1.0,1.115827e-16,0,1.0
sam__khani,1.0,2.5745825e-13,0,1.0
tsjw7rfgsehthnr,1.0,3.335905e-12,0,1.0
the_h_farhadi,1.0,8.762174e-12,0,1.0
forouz13,1.0,1.670052e-09,0,1.0
mly082295672755,1.0,7.6255005e-15,0,1.0
punisherxi1i,1.0,3.1838835e-12,0,1.0
dr_ali95,1.0,1.6961328e-15,0,1.0
soonghsoon,1.0,5.092573e-18,0,1.0
soheilakho21792,1.0,1.7321601e-16,0,1.0
yekta22794682,1.0,6.7428914e-12,0,1.0
negaringol63,1.0,2.5292366e-15,0,1.0
fery36136902,1.0,5.3312597e-08,0,1.0
ghbad6,1.0,6.4246687e-16,0,1.0
jinx_jk,1.0,9.599583e-13,0,1.0
salar32564762,1.0,5.3001846e-19,0,1.0
masoud_omid,1.0,9.7724e-11,0,1.0
parsashirin,1.0,1.814751e-13,0,1.0
lilithsbf,1.0,1.8075569e-15,0,1.0
officialomid66,1.0,2.5067204e-16,0,1.0
kasrawwww,1.0,2.247524e-16,0,1.0
lion98766,1.0,2.1414376e-17,0,1.0
kaweh121_mnr,1.0,2.0111201e-16,0,1.0
anoroozi13341,1.0,1.5232974e-19,0,1.0
javid_pahlavism,1.0,1.4524227e-09,0,1.0
soltanmehr,1.0,1.3024636e-11,0,1.0
saati86278253,1.0,4.7705817e-10,0,1.0
trufyane,1.0,2.4965054e-08,0,1.0
iranianhero6,1.0,1.7841804e-10,0,1.0
bz_melisa,1.0,9.855618e-12,0,1.0
hoshmandmaghool,1.0,2.3039768e-15,0,1.0
mehrtash_d,1.0,3.8731415e-13,0,1.0
mahmoud51997877,0.99999964,3.2559086e-07,0,0.99999964
mrsina6370,1.0,1.3845988e-12,0,1.0
mhajimorad42171,1.0,1.663701e-15,0,1.0
theworld2028,1.0,1.615328e-11,0,1.0
sad950171551629,1.0,3.9488374e-14,0,1.0
javadtabatabaii,1.0,9.150226e-13,0,1.0
tanazam1,1.0,4.327606e-13,0,1.0
silicone_14,1.0,1.4519481e-14,0,1.0
amoghanizadeh,1.0,1.0083243e-14,0,1.0
r_airdrop,0.99999976,1.9298314e-07,0,0.99999976
elecompag,1.0,2.1650609e-17,0,1.0
maddahiarm,1.0,1.8605536e-12,0,1.0
mstfahsini65,1.0,5.943842e-16,0,1.0
amin_aol,1.0,1.5967883e-12,0,1.0
kavehe_digar,1.0,5.770383e-16,0,1.0
amirhosein_tj,1.0,1.3078643e-13,0,1.0
maniiikhaan,1.0,1.1800818e-09,0,1.0
athena2981989,1.0,2.3158961e-10,0,1.0
naghi0041,1.0,3.101933e-10,0,1.0
kaavianii,1.0,9.431956e-13,0,1.0
as197373,1.0,1.9536449e-15,0,1.0
teimurpurreza,1.0,8.278323e-14,0,1.0
danial103532614,1.0,7.0037053e-12,0,1.0
ashanbedi27957,1.0,5.917553e-16,0,1.0
middlemotavaset,1.0,4.0614533e-11,0,1.0
nniloophr,1.0,1.0400926e-09,0,1.0
kianak228612,1.0,3.7888212e-21,0,1.0
sharonshar17676,1.0,5.486489e-17,0,1.0
oldleopard_9,1.0,2.6727724e-11,0,1.0
amoosoh,1.0,1.7226533e-14,0,1.0
iran7596,1.0,1.2661528e-11,0,1.0
frzamjhany18794,1.0,1.484927e-17,0,1.0
hawk_irani,1.0,2.1172506e-11,0,1.0
freedom99676996,1.0,8.871481e-16,0,1.0
ghafourina33155,1.0,3.5904337e-18,0,1.0
amir__m_,1.0,1.4336999e-18,0,1.0
jamshid48947650,1.0,1.636579e-13,0,1.0
ataghavi1990,1.0,1.0745314e-14,0,1.0
mr92232713,1.0,9.34283e-12,0,1.0
suzannaaria,1.0,1.9583337e-27,0,1.0
omid185645,1.0,6.7515646e-16,0,1.0
ali_saghi68,1.0,2.161e-18,0,1.0
nasran69492373,1.0,1.3659918e-10,0,1.0
atefeh93445197,1.0,7.8778506e-10,0,1.0
mohsen_varaste,1.0,1.098455e-11,0,1.0
alirezamou91223,1.0,1.0402144e-11,0,1.0
sadeqreza777,1.0,5.2932285e-21,0,1.0
thekingguard79,1.0,5.979681e-17,0,1.0
hoseinnorouzi82,1.0,2.941857e-14,0,1.0
mimhseen4,1.0,5.3151688e-11,0,1.0
alireza14393272,1.0,4.958149e-22,0,1.0
limooooooonn,1.0,9.648434e-16,0,1.0
_lasalmjl,1.0,4.542688e-12,0,1.0
sarbazevatan63,0.99999976,2.2743784e-07,0,0.99999976
nazaninraj69223,1.0,9.6144385e-18,0,1.0
titaniomman,1.0,4.7367934e-12,0,1.0
rncuyjut13vwvw7,1.0,1.4121848e-16,0,1.0
yasaman122,0.9999999,5.989844e-08,0,0.9999999
meraj021sh,1.0,1.0103634e-17,0,1.0
marryyy_76,1.0,2.120525e-14,0,1.0
mohamad1596370,1.0,1.6954445e-18,0,1.0
hosseinkarimib,1.0,6.683528e-24,0,1.0
last_md_samurai,1.0,7.433641e-15,0,1.0
kagha1358,1.0,1.2591453e-10,0,1.0
passzmarg,1.0,4.3513315e-15,0,1.0
hd_archi,1.0,7.9326124e-18,0,1.0
farid130973,1.0,4.52005e-13,0,1.0
amirgooran,1.0,6.27422e-14,0,1.0
heidri_marals,1.0,2.9013694e-09,0,1.0
artin_a_k_zand,1.0,1.2096592e-14,0,1.0
bahar37487346,1.0,1.857677e-09,0,1.0
ariiiya_solat78,1.0,4.7842582e-14,0,1.0
farzane33401062,1.0,2.3210512e-11,0,1.0
kamyabfarzaneh,1.0,3.4221386e-13,0,1.0
karimdehghan,1.0,1.0317079e-15,0,1.0
0xm17ff,1.0,4.1412403e-12,0,1.0
mahmoudbenam,1.0,1.2002302e-09,0,1.0
amir_so2007,1.0,2.038927e-18,0,1.0
ali74546361141,1.0,4.0398443e-22,0,1.0
ivanman17,1.0,2.614942e-09,0,1.0
brianzarkar,1.0,3.6145672e-17,0,1.0
frazkah27312,0.9999999,7.257561e-08,0,0.9999999
zohre1341,1.0,1.3435514e-12,0,1.0
sonofson2013,0.99999976,2.6909464e-07,0,0.99999976
abbas2500,1.0,1.3869311e-18,0,1.0
ekbert33,1.0,1.767781e-15,0,1.0
mjk1405,1.0,2.0879681e-10,0,1.0
emotion_amkh,1.0,1.1342276e-11,0,1.0
amirng4,1.0,4.9703953e-17,0,1.0
mohsenshufer,1.0,1.6526396e-13,0,1.0
reza80473453,1.0,5.237533e-09,0,1.0
lakcherii,0.9999999,9.800114e-08,0,0.9999999
0xox20x,1.0,2.2484903e-11,0,1.0
barzegarhojjat,1.0,5.0636462e-20,0,1.0
homme2sombre,1.0,8.863522e-18,0,1.0
vayarku1324,1.0,1.3723306e-20,0,1.0
kratos_karatos,1.0,9.9298104e-12,0,1.0
hashem1361950,1.0,1.7556145e-18,0,1.0
fariborz_pk,0.9999999,6.0623236e-08,0,0.9999999
mitra55492091,1.0,8.2196173e-11,0,1.0
donyagaeed,1.0,2.447772e-18,0,1.0
kittana2022,1.0,1.3768102e-14,0,1.0
ghalandar_4,0.9999999,8.5822e-08,0,0.9999999
habibi9922,1.0,1.4640619e-14,0,1.0
santakhamn21556,1.0,3.4132e-14,0,1.0
aligh29767084,1.0,1.6961195e-08,0,1.0
sara04917712,1.0,3.0769552e-13,0,1.0
azishi58,1.0,4.2251962e-17,0,1.0
noore_shomal,1.0,2.3531506e-22,0,1.0
fgh56672817449,1.0,6.069874e-21,0,1.0
korosh0083,1.0,4.2465202e-12,0,1.0
sorena43299,1.0,4.1334656e-09,0,1.0
goliiiig,1.0,2.7560326e-11,0,1.0
eediiie,1.0,9.410675e-14,0,1.0
bahrsm2,1.0,1.4221259e-13,0,1.0
mansourikhandan,1.0,3.7460058e-15,0,1.0
schahabwatan,1.0,9.93323e-10,0,1.0
moneyronr,1.0,5.709401e-13,0,1.0
kourosh1372,1.0,1.8681148e-18,0,1.0
pedrama27103,1.0,3.2594177e-16,0,1.0
farbluesky,1.0,6.638068e-10,0,1.0
amiramqu,1.0,1.7902369e-11,0,1.0
heimdalfreedoom,1.0,1.05988e-10,0,1.0
ghazal315314,1.0,1.6225898e-16,0,1.0
sheepkeepergirl,1.0,1.616414e-21,0,1.0
nathan77black,1.0,1.1015478e-18,0,1.0
xixyzix,1.0,7.348071e-12,0,1.0
mehhhdi8,1.0,1.8188136e-19,0,1.0
wishtasb262396,1.0,1.3053349e-24,0,1.0
universiran2540,1.0,4.1426653e-18,0,1.0
mostafatehran16,1.0,7.220966e-17,0,1.0
smollaei30692,1.0,6.291978e-11,0,1.0
nader202317,1.0,1.992204e-11,0,1.0
mrymn82502,1.0,7.247628e-16,0,1.0
sepand80,1.0,7.82788e-11,0,1.0
javadenayati3,1.0,2.908948e-14,0,1.0
asst3121,1.0,5.079889e-16,0,1.0
msdroshani,1.0,8.255424e-15,0,1.0
samdnamas,1.0,1.2536939e-13,0,1.0
mahpar_,1.0,2.5816562e-11,0,1.0
jshi85665193,1.0,1.7328832e-13,0,1.0
_marcus_997,1.0,1.8831339e-17,0,1.0
majiednik,1.0,4.3715417e-17,0,1.0
rajzar67137,1.0,1.2342546e-17,0,1.0
panahi_sam84207,1.0,9.79431e-18,0,1.0
kingdariush2020,1.0,3.2223308e-15,0,1.0
zahrasd37,1.0,7.577236e-11,0,1.0
mfh58501745,1.0,7.276631e-09,0,1.0
rezamalekp50693,1.0,1.1777868e-19,0,1.0
fcakepaz,1.0,6.638735e-15,0,1.0
sallyanne_o_de_,1.0,1.4526012e-15,0,1.0
bbdnlfr333,1.0,2.8100415e-15,0,1.0
mehrdokht2020,1.0,1.4210428e-11,0,1.0
mehpuo58939,1.0,1.4757435e-19,0,1.0
mjtbyb94367,1.0,4.529789e-19,0,1.0
milad707070,1.0,9.553285e-12,0,1.0
komodsaazkiooni,1.0,1.7558107e-12,0,1.0
jama10691,1.0,8.033962e-14,0,1.0
aj06675141a,1.0,1.7662306e-15,0,1.0
shahinirani1357,1.0,8.024807e-17,0,1.0
mofid01547903,1.0,3.8113653e-12,0,1.0
honarpasar60927,1.0,8.464429e-21,0,1.0
forough_mastan,1.0,1.2616361e-17,0,1.0
cris15958284,1.0,1.0529091e-20,0,1.0
mattmeddie,1.0,2.0744249e-13,0,1.0
adorafshan,1.0,9.578597e-11,0,1.0
mehdi_tiger68,1.0,4.08215e-15,0,1.0
abassiamansori,0.99999905,9.004278e-07,0,0.99999905
hossinzare4,1.0,8.765646e-17,0,1.0
mahsaazhdari,1.0,6.9563863e-28,0,1.0
mehrdadparsa14,1.0,4.4069105e-14,0,1.0
faramar63522750,1.0,8.516406e-15,0,1.0
alikiani1375,1.0,3.876206e-18,0,1.0
faram13shah,1.0,7.843527e-15,0,1.0
parsiknight,1.0,2.9274844e-13,0,1.0
fr85396187,0.9999999,6.921173e-08,0,0.9999999
patriotnegan,1.0,2.2105855e-10,0,1.0
azady258,1.0,5.517929e-14,0,1.0
khademimit55187,1.0,2.711232e-13,0,1.0
manazadimikham,1.0,4.856482e-08,0,1.0
heavenkzm,1.0,1.07844296e-10,0,1.0
yasi55875129,1.0,1.3137734e-15,0,1.0
amirmas67835301,1.0,1.502724e-16,0,1.0
samanabdinejad,1.0,2.1450127e-15,0,1.0
motafa40545786,1.0,1.5976042e-09,0,1.0
sm_vahedi,1.0,1.0919329e-12,0,1.0
mohsen_shr,1.0,2.9592387e-08,0,1.0
mohi_nejati,1.0,1.09456964e-10,0,1.0
fatemeghia4505,1.0,4.0510357e-28,0,1.0
leila_farhadi,1.0,4.852214e-08,0,1.0
pnpjbl3ry9yqt4u,1.0,5.9693095e-10,0,1.0
iamramhei,1.0,1.2808426e-12,0,1.0
reza_rz666,1.0,1.9004522e-11,0,1.0
sarbazn14096,1.0,1.7742269e-14,0,1.0
lotfalia72811,1.0,3.5589763e-17,0,1.0
amir17q9873,1.0,7.7885804e-14,0,1.0
mijowkari,0.9999993,7.701343e-07,0,0.9999993
mr_arash_i,1.0,1.7018121e-09,0,1.0
mamad_dehghani,1.0,6.7910083e-12,0,1.0
sanazsalman,1.0,9.985238e-18,0,1.0
shiva76832025,1.0,1.8573624e-12,0,1.0
afasi12,1.0,3.1588364e-15,0,1.0
mamad30bil1,1.0,2.9606482e-13,0,1.0
barahoott,1.0,4.6074503e-17,0,1.0
tahajahani1986,1.0,4.9336382e-08,0,1.0
libertesam1,1.0,4.3194293e-15,0,1.0
javid_shah2024,1.0,3.1144434e-24,0,1.0
alikish84,1.0,1.2580602e-10,0,1.0
ta918dm,1.0,9.473585e-17,0,1.0
alimm59467,1.0,2.8796163e-19,0,1.0
sohrabzads44115,1.0,3.2120318e-24,0,1.0
mehrab7039,1.0,1.9195166e-14,0,1.0
clothingvesta,1.0,3.575512e-16,0,1.0
thelord97979491,1.0,1.407828e-16,0,1.0
alirezakh2145,1.0,5.2445248e-15,0,1.0
mabisami162115,1.0,2.221378e-27,0,1.0
amadis35,1.0,1.83372e-14,0,1.0
amiralimoh24471,1.0,7.4077203e-20,0,1.0
wanted2181,1.0,2.374605e-13,0,1.0
aryan28042,1.0,1.1714372e-12,0,1.0
pegaheomid1403,1.0,8.247793e-18,0,1.0
baharieli89640,1.0,3.5977533e-19,0,1.0
mahour_hd,1.0,7.7887683e-19,0,1.0
profesor0032,1.0,1.0524007e-17,0,1.0
kavhp,1.0,5.5684674e-10,0,1.0
maliheh31949702,1.0,1.9473289e-14,0,1.0
somaye636363,1.0,1.522708e-15,0,1.0
karook2005,0.99999976,2.1956959e-07,0,0.99999976
sara91514553971,1.0,2.9370563e-15,0,1.0
malihehkho69475,1.0,3.257558e-13,0,1.0
bidarshow,1.0,3.3095558e-18,0,1.0
rey197707,1.0,1.1114325e-08,0,1.0
re_z_4,1.0,2.0718272e-09,0,1.0
mzk09782345,1.0,1.5840516e-11,0,1.0
bhnamdary14174,1.0,8.697232e-17,0,1.0
pesareirannn,1.0,1.3584327e-15,0,1.0
pooranrazzaghi,1.0,7.765106e-16,0,1.0
42lisetare42962,1.0,4.4317282e-13,0,1.0
behio_nti,1.0,8.74287e-17,0,1.0
nasrinniki,1.0,3.3336354e-15,0,1.0
rajabzadehtagh,1.0,1.4169799e-19,0,1.0
hamid11p11,1.0,1.6853957e-13,0,1.0
sanam_369,1.0,5.828439e-14,0,1.0
jahan822601,1.0,1.6404985e-20,0,1.0
8zscz0mxzcq6v52,1.0,1.539167e-20,0,1.0
7masiiih7,1.0,1.8258766e-19,0,1.0
sherloc06949979,1.0,1.4898917e-17,0,1.0
shaghlamm,1.0,7.8122044e-22,0,1.0
mashadymehdy,1.0,8.441224e-11,0,1.0
jamhourejam,1.0,8.436374e-16,0,1.0
mohamma67540249,1.0,7.102349e-09,0,1.0
arashkamangir91,1.0,2.9725188e-21,0,1.0
adel_abili,1.0,2.741772e-18,0,1.0
9jgneultjcoydks,1.0,1.0362621e-18,0,1.0
bmohammadee,1.0,5.2117716e-17,0,1.0
distdp_t,1.0,6.170141e-14,0,1.0
sa34062539,1.0,1.0024051e-17,0,1.0
saeed137059,1.0,2.992559e-18,0,1.0
miladlangroudi,0.9999994,5.5112764e-07,0,0.9999994
majid30794523,1.0,2.6734616e-14,0,1.0
m_r_a1977,1.0,7.715841e-12,0,1.0
davood_mostofi,1.0,8.886148e-12,0,1.0
jbi_immigration,1.0,2.003845e-16,0,1.0
hamimahsa57613,1.0,7.6867996e-16,0,1.0
slwky89362,1.0,1.1743063e-10,0,1.0
sara48656725,1.0,2.546316e-13,0,1.0
chatara2001,1.0,2.5186315e-11,0,1.0
sa_sa_94_,1.0,1.5114876e-21,0,1.0
rosebcvan,1.0,4.7655555e-20,0,1.0
arsinsz,1.0,1.2925263e-09,0,1.0
mawatcher180,1.0,2.5234956e-09,0,1.0
pahlavimediaorg,1.0,4.576405e-12,0,1.0
hrtn54,1.0,2.7970737e-08,0,1.0
iran1985koroush,1.0,1.338439e-11,0,1.0
deanshayan,0.9999995,5.0305573e-07,0,0.9999995
lilidf963,1.0,4.2967834e-15,0,1.0
amyrmhbb,1.0,3.67718e-09,0,1.0
shah200382,1.0,4.5617694e-17,0,1.0
losicutecat,1.0,2.8289562e-18,0,1.0
malekimort21297,1.0,4.4131098e-14,0,1.0
ahoota1,1.0,1.7078927e-13,0,1.0
si1ent_whisper,1.0,3.852646e-12,0,1.0
zarrindoraki,1.0,8.488768e-16,0,1.0
mehrdadasghrie,1.0,2.027526e-10,0,1.0
thegrtg19,1.0,9.473113e-10,0,1.0
vargha80,1.0,1.6232007e-11,0,1.0
dbpdqpq,1.0,3.4180564e-16,0,1.0
nedaaaaa86,1.0,1.5084501e-16,0,1.0
moha21435,1.0,1.6992241e-20,0,1.0
abedi_maso63131,1.0,3.265491e-16,0,1.0
siawoshg,1.0,1.9109214e-10,0,1.0
m_alihoshyar,1.0,3.2069654e-15,0,1.0
khaksarfinance,1.0,2.2853499e-11,0,1.0
jamal75791480,1.0,1.9307286e-16,0,1.0
matinm19891,1.0,4.175007e-21,0,1.0
omidmalekpr2306,1.0,2.1079486e-13,0,1.0
kohandyarairan,1.0,3.6208694e-12,0,1.0
persiangulf71,1.0,1.0075722e-11,0,1.0
babakzarandi,1.0,8.998633e-12,0,1.0
bachereza,1.0,1.8177417e-23,0,1.0
ghapalinazar,1.0,6.8530445e-17,0,1.0
nstbhi64,1.0,8.194471e-20,0,1.0
shivvaaaa,1.0,3.4733355e-11,0,1.0
batshaba19254,1.0,1.9350247e-11,0,1.0
hahaha686677,0.99999905,9.911378e-07,0,0.99999905
mehrfar12,1.0,5.9532324e-10,0,1.0
iranianuc,0.9999994,5.4876756e-07,0,0.9999994
onikashvil42778,1.0,5.204692e-12,0,1.0
avash03475638,1.0,1.5496368e-19,0,1.0
juliusscaesaar,1.0,9.833154e-21,0,1.0
shin_miim,1.0,2.5083658e-16,0,1.0
amordadplus,1.0,2.2210773e-12,0,1.0
arashasadi2023,1.0,2.4057747e-16,0,1.0
vnatrika,1.0,1.6005082e-16,0,1.0
eliefelie,1.0,1.0654752e-12,0,1.0
adionysusk,1.0,6.19424e-15,0,1.0
malekiroha13921,1.0,2.5023533e-13,0,1.0
ava73510351,1.0,9.841763e-18,0,1.0
kingariyamehr,1.0,7.738552e-16,0,1.0
pvelvpuge,1.0,1.9473958e-14,0,1.0
mehdirahim22237,1.0,3.8911395e-18,0,1.0
zehn_bimar,1.0,3.1604114e-10,0,1.0
royadeilami,1.0,5.2641446e-16,0,1.0
narges57895440,1.0,2.2498167e-14,0,1.0
elahe199699,1.0,6.832342e-18,0,1.0
mazyar299527202,1.0,6.4326734e-13,0,1.0
soogooli3,1.0,4.7817515e-17,0,1.0
mandegar342723,1.0,1.0241635e-15,0,1.0
parham_eshrati,1.0,4.9203187e-13,0,1.0
mehraboon62,1.0,2.0109267e-10,0,1.0
koroshzgn,1.0,5.798294e-24,0,1.0
mammoth_11,1.0,5.145127e-15,0,1.0
emadasadi36,1.0,1.2290576e-18,0,1.0
r_azizi87,1.0,1.2679502e-12,0,1.0
r_khosrodad,1.0,1.8160737e-13,0,1.0
mr103535,1.0,2.328176e-15,0,1.0
py30457,1.0,2.1085091e-19,0,1.0
irooni78,1.0,5.3148104e-16,0,1.0
padeshahikhahi,1.0,8.217834e-14,0,1.0
faghih2023,0.99999905,9.2716056e-07,0,0.99999905
varesh90,1.0,1.7883179e-16,0,1.0
akhezri28591,1.0,2.0625038e-19,0,1.0
shahyad2000,1.0,1.021925e-12,0,1.0
enangin57,1.0,5.470716e-15,0,1.0
prophetwhe93679,1.0,2.6288612e-19,0,1.0
dudism666,1.0,2.8265183e-18,0,1.0
taymaz82064215,1.0,1.2199021e-11,0,1.0
chayka72469534,1.0,2.3547475e-12,0,1.0
mhmdadb,1.0,2.0924443e-11,0,1.0
h2583shahanshah,1.0,1.2517257e-12,0,1.0
bahmanfar47583,1.0,1.5559104e-18,0,1.0
passrgad,1.0,3.0068702e-13,0,1.0
ida08400162,1.0,1.04231666e-13,0,1.0
monadehnad,1.0,6.846453e-19,0,1.0
t67209baqr,1.0,4.3951686e-17,0,1.0
saba8765,1.0,8.9049844e-15,0,1.0
iranfarhad1986,1.0,6.039924e-11,0,1.0
ferry47970345,1.0,1.14279704e-10,0,1.0
hasanyami10,1.0,1.9647713e-17,0,1.0
hamhamgg44,1.0,2.7020018e-13,0,1.0
zendgikon,1.0,6.9984567e-16,0,1.0
kingbojack43,1.0,1.7615926e-17,0,1.0
dadar2f,1.0,5.192062e-19,0,1.0
amir_sap1,1.0,3.7535643e-12,0,1.0
karmaramayana,1.0,4.921551e-12,0,1.0
mirmojarabiya,1.0,1.870712e-09,0,1.0
amirrezajamalp1,1.0,5.9368972e-12,0,1.0
memis1364,1.0,1.8018731e-12,0,1.0
m90mamad,1.0,2.0600694e-16,0,1.0
shahirehbahri,1.0,3.3055593e-16,0,1.0
artnamvar,1.0,9.770203e-18,0,1.0
aliakbar_1361,1.0,5.1349715e-22,0,1.0
amirj513246,1.0,2.6910242e-22,0,1.0
mrerfanir,1.0,3.1720127e-21,0,1.0
__ssoli,1.0,2.6190771e-15,0,1.0
leilariahipanah,1.0,1.6681224e-17,0,1.0
khers_savak,1.0,2.8631702e-15,0,1.0
tranhrwyt,1.0,2.8263905e-17,0,1.0
sinajjamalii,1.0,2.0604533e-17,0,1.0
salijafarzadeh,1.0,1.14672e-15,0,1.0
np6110,1.0,9.882353e-11,0,1.0
butterfly_1389,1.0,1.3543678e-12,0,1.0
ahora45578505,1.0,3.1147e-12,0,1.0
behzad_bch,1.0,1.8510234e-21,0,1.0
sghalandi,1.0,7.1892037e-14,0,1.0
samadkhani_70,1.0,1.6741151e-09,0,1.0
solmaz6762,1.0,1.3728414e-16,0,1.0
majidsharifi97,1.0,2.9938226e-13,0,1.0
koroshhakh,1.0,1.7323849e-16,0,1.0
navabinaza61051,1.0,3.450469e-15,0,1.0
manatmey,1.0,2.7586449e-12,0,1.0
abwalqasm83312,1.0,2.2667012e-14,0,1.0
moriameri7,1.0,8.4544925e-13,0,1.0
mehrjou99590,1.0,2.9513378e-18,0,1.0
officiallpalang,1.0,2.2430143e-20,0,1.0
masoud22708,1.0,1.5159716e-17,0,1.0
iammoozyman,1.0,3.700472e-11,0,1.0
ariyanaz_2000,1.0,3.3044196e-19,0,1.0
mahsun095052352,1.0,1.878456e-17,0,1.0
jopiterz,1.0,1.6028029e-19,0,1.0
moeedhy,0.99999976,2.7450835e-07,0,0.99999976
63ghasem69471,1.0,3.3626314e-13,0,1.0
mostafatabatab6,1.0,1.1691613e-18,0,1.0
amir1375_0,1.0,4.2044276e-15,0,1.0
persianhap,1.0,3.95812e-14,0,1.0
irangrit,1.0,2.607792e-11,0,1.0
98pqzc25mg,1.0,6.690123e-20,0,1.0
dani_zoldikel,1.0,5.888535e-21,0,1.0
mor_074,1.0,2.0245268e-18,0,1.0
mmahmoodi9499,1.0,7.887872e-23,0,1.0
rezanuoryan,1.0,5.393598e-12,0,1.0
rrrs1550246,1.0,6.7599507e-13,0,1.0
mehr1037583,1.0,2.150839e-22,0,1.0
ariamehr_3,1.0,5.0486123e-16,0,1.0
uglydogly,0.9999999,6.59128e-08,0,0.9999999
skhormani,1.0,5.56457e-14,0,1.0
hamid_brum,1.0,2.613347e-16,0,1.0
java59748036,1.0,6.0736078e-12,0,1.0
mehrak97134786,1.0,4.9790776e-13,0,1.0
elham_ghoreishi,1.0,6.3527274e-12,0,1.0
farzane2708,1.0,1.2403446e-15,0,1.0
yas657090718468,1.0,2.3753078e-16,0,1.0
lshahin53081,1.0,1.2380075e-18,0,1.0
kamrani_ke15550,1.0,6.665747e-19,0,1.0
dvdzang,1.0,1.3192095e-19,0,1.0
naderz196588256,1.0,1.4432068e-14,0,1.0
majidjafari2500,1.0,9.3167864e-14,0,1.0
sorkhsar,1.0,3.9318054e-15,0,1.0
coco81619891,1.0,4.315425e-16,0,1.0
mozhganafra,1.0,1.1521254e-09,0,1.0
saharamini18,1.0,2.704524e-16,0,1.0
kimol74,1.0,1.2561519e-17,0,1.0
alireza30112002,1.0,2.1347316e-11,0,1.0
shovalieh_binam,1.0,3.1990406e-12,0,1.0
pickle_rick23,1.0,1.0112436e-15,0,1.0
atschubdaran,1.0,2.3602276e-13,0,1.0
_0__0__00_,1.0,5.248152e-13,0,1.0
iranshir1,1.0,2.0632005e-15,0,1.0
javadroouhi,1.0,8.4352604e-13,0,1.0
mehdichopani2,1.0,1.6948248e-13,0,1.0
shirin_azadeh,1.0,1.101065e-10,0,1.0
ramynramyn71878,1.0,1.2462107e-16,0,1.0
hamidsarikhani1,1.0,1.7044833e-08,0,1.0
tooti333333,1.0,2.5040546e-08,0,1.0
saleh_hey00,1.0,8.571087e-17,0,1.0
golabyiq,1.0,7.749416e-14,0,1.0
hasan_na61,1.0,3.571893e-12,0,1.0
seilia76,1.0,5.13379e-17,0,1.0
habibollah94,1.0,4.199135e-09,0,1.0
babak115681,1.0,1.0803455e-17,0,1.0
berterand666,1.0,4.515656e-09,0,1.0
black___owl,0.9999999,1.6578696e-07,0,0.9999999
freedommeysam,1.0,5.636248e-13,0,1.0
apraanic,1.0,7.7904263e-13,0,1.0
mohengameh34377,1.0,3.839945e-13,0,1.0
nassiremad,1.0,2.398591e-08,0,1.0
kourosh_fallah,1.0,4.028434e-18,0,1.0
sina1260743,1.0,1.6779461e-15,0,1.0
xparsa2004,1.0,5.0197503e-08,0,1.0
soulofaprotest,1.0,7.832064e-18,0,1.0
behdad4891,1.0,2.0823099e-09,0,1.0
454pontiac,1.0,5.473459e-12,0,1.0
arianradx,1.0,2.0740061e-20,0,1.0
mamad65423186,1.0,3.11106e-16,0,1.0
tehran_king,1.0,1.4695986e-14,0,1.0
maxpinifromar,1.0,4.7363844e-13,0,1.0
fati375472,1.0,4.1708088e-19,0,1.0
matinmat32814,1.0,1.895667e-14,0,1.0
sally47641840,1.0,9.856126e-12,0,1.0
walterr26539856,1.0,7.385904e-14,0,1.0
sadegh_riazi,1.0,7.980367e-15,0,1.0
amirahora256590,1.0,1.7489568e-18,0,1.0
fmhbhrmy4,1.0,3.3659262e-15,0,1.0
mohsen_v54,1.0,5.539253e-17,0,1.0
omidkaviani369,1.0,1.5693264e-13,0,1.0
fardad__1,1.0,3.273091e-13,0,1.0
chirahnejad,1.0,2.293253e-15,0,1.0
keyhani_so73516,1.0,1.2128415e-16,0,1.0
52_nelia,1.0,5.3871594e-13,0,1.0
mehrad15718,1.0,6.283757e-09,0,1.0
safari4mahla,1.0,3.5423999e-12,0,1.0
sorin347173,1.0,2.6514017e-18,0,1.0
maanitaghizadeh,1.0,1.6377258e-16,0,1.0
amir__fa,1.0,1.2149249e-09,0,1.0
kourosh81396110,1.0,7.8950754e-21,0,1.0
banavayan1,1.0,1.7214126e-13,0,1.0
danesh_hes67877,1.0,1.033974e-14,0,1.0
mahla_hdrn,1.0,3.5676452e-19,0,1.0
kamkarkamr28276,1.0,2.6493771e-20,0,1.0
ahanchimehdi,1.0,1.01117754e-16,0,1.0
wolf47576629,1.0,5.5224092e-27,0,1.0
pishgharavol,1.0,8.2016934e-13,0,1.0
alirezamolaei15,1.0,1.7629698e-18,0,1.0
goldenpilotssss,1.0,5.675483e-09,0,1.0
pahlavism1403,1.0,5.0245215e-15,0,1.0
mhdysyn72980058,1.0,7.3828313e-22,0,1.0
rectomlogist,1.0,4.333157e-09,0,1.0
antihumanright1,1.0,8.558569e-18,0,1.0
hamidhajizade1,1.0,2.189071e-16,0,1.0
fredqazi,1.0,2.3650946e-13,0,1.0
afshin89439797,1.0,3.2985432e-16,0,1.0
shima_1990_,1.0,3.773475e-13,0,1.0
kaveafagh1,1.0,3.914737e-11,0,1.0
azam7983024,1.0,1.7521429e-17,0,1.0
mj93266151,0.9999999,1.0143848e-07,0,0.9999999
mo04397502,1.0,8.302037e-15,0,1.0
yeganen5,1.0,2.1102898e-13,0,1.0
fer37646001,1.0,1.016144e-13,0,1.0
mrnobod66798099,1.0,3.3233016e-14,0,1.0
mehdishafie6,0.9999999,6.9819784e-08,0,0.9999999
sheyda19572871,1.0,1.9113698e-10,0,1.0
adrian26549,1.0,1.7399868e-10,0,1.0
moji77,1.0,6.961563e-13,0,1.0
sofiverse89,1.0,5.733665e-19,0,1.0
marif24145,1.0,1.7123104e-19,0,1.0
hiraadangorani1,1.0,4.313065e-19,0,1.0
reza69739413,1.0,1.1722379e-11,0,1.0
pasar_parsi,1.0,1.02961426e-19,0,1.0
saedi_mohsen,1.0,1.11266794e-10,0,1.0
mmj922830,1.0,9.483022e-17,0,1.0
sayadsadeg45164,0.99999976,2.356903e-07,0,0.99999976
saro_kurd2,1.0,1.1788523e-11,0,1.0
farzane36806530,1.0,6.2234433e-15,0,1.0
alirezakha92,1.0,4.065234e-08,0,1.0
samira48908850,1.0,1.8239895e-12,0,1.0
147d32c3571e4a6,1.0,6.429551e-11,0,1.0
tkmahnaz6967,1.0,3.3062101e-19,0,1.0
sadafdandelion,1.0,3.007746e-18,0,1.0
bahramafshari5,1.0,4.4969375e-12,0,1.0
guns_roses_gods,1.0,6.8204774e-15,0,1.0
hadigmhadi,1.0,4.629058e-13,0,1.0
hafiz82480,1.0,1.8991058e-17,0,1.0
1908m1908,1.0,2.6255271e-09,0,1.0
141amirninja,1.0,3.1045e-11,0,1.0
persianblood_,1.0,1.0507721e-17,0,1.0
shei69548,1.0,1.0174879e-17,0,1.0
pulseelect50068,1.0,5.724029e-11,0,1.0
wookiee77,1.0,2.0450346e-10,0,1.0
esmaeil__njt,1.0,6.136097e-17,0,1.0
mana_ateh,1.0,2.1628645e-10,0,1.0
fazaiely28379,1.0,1.6177233e-19,0,1.0
persian_lands,1.0,3.5567868e-12,0,1.0
trm____trm,1.0,1.8166641e-19,0,1.0
salarz242967,1.0,1.0247244e-11,0,1.0
babak66,0.99999976,2.6606767e-07,0,0.99999976
hv65_irani,1.0,6.76618e-17,0,1.0
mohamaddlv,1.0,2.3403317e-14,0,1.0
siavafadar,1.0,5.3609067e-10,0,1.0
behrouz1831089,1.0,1.8178984e-11,0,1.0
aloneghostmt,1.0,5.5471007e-16,0,1.0
setareasem66308,1.0,2.8872626e-18,0,1.0
mohsenhbbh,1.0,7.586372e-12,0,1.0
bluesky199319,0.9999995,4.3956166e-07,0,0.9999995
aligodfather86,1.0,1.1367156e-08,0,1.0
gojekhoreherfei,1.0,2.9424213e-12,0,1.0
jjkjavidshah,1.0,7.4116874e-10,0,1.0
behnam7777,0.99999964,3.112836e-07,0,0.99999964
littleturrtle,1.0,9.161042e-19,0,1.0
arasha74535365,1.0,8.773492e-13,0,1.0
reyhanehza7655,1.0,2.7025439e-16,0,1.0
ho1062976,1.0,4.1855583e-16,0,1.0
hani_shafiee_1,1.0,1.2469268e-19,0,1.0
ebadi6264,1.0,1.82902e-12,0,1.0
iranimrp,1.0,2.54348e-14,0,1.0
srp9193,1.0,5.4621065e-14,0,1.0
masoudfakhr,1.0,1.4264198e-22,0,1.0
amiry72782,1.0,3.153914e-21,0,1.0
e_khobro,1.0,1.1438749e-09,0,1.0
otaheryan,1.0,2.1148363e-08,0,1.0
mary88041834145,1.0,9.005919e-18,0,1.0
abderezaim38174,1.0,2.0117251e-17,0,1.0
faten_yes,1.0,7.803718e-14,0,1.0
bijan74158318,1.0,1.6096418e-18,0,1.0
houmanhagh,1.0,2.3294038e-21,0,1.0
pakonvibre,1.0,5.4131097e-15,0,1.0
masjoon0220,1.0,1.6803374e-20,0,1.0
sh63061423,1.0,8.242382e-11,0,1.0
qavidellid48128,1.0,1.0982165e-18,0,1.0
kordhamze92162,1.0,7.570308e-17,0,1.0
sam17979165,1.0,4.1578526e-16,0,1.0
saman_maghool,1.0,1.5969026e-10,0,1.0
rmdiuse,1.0,2.2873452e-09,0,1.0
arezur2013,1.0,4.729185e-15,0,1.0
mehrdadfar85726,1.0,1.1082954e-19,0,1.0
eysamema35627,1.0,2.9221593e-15,0,1.0
sarbaze135,1.0,7.42179e-17,0,1.0
3rmjo6y27jfokpq,1.0,8.4016183e-10,0,1.0
imelodi14,1.0,2.6271626e-11,0,1.0
ahoora13522,1.0,3.375569e-08,0,1.0
zhjke12,1.0,7.188367e-18,0,1.0
saghar11015252,1.0,1.3321298e-12,0,1.0
kamyarteen,1.0,2.2178203e-21,0,1.0
javid_iran2500,1.0,2.1275407e-15,0,1.0
golorkid,1.0,2.1670522e-17,0,1.0
miladsa97,1.0,4.370281e-14,0,1.0
dardastres,1.0,1.6416323e-08,0,1.0
misagh511903522,1.0,2.0386201e-14,0,1.0
n60762mhsa,1.0,3.105359e-22,0,1.0
milad1388226,1.0,4.573489e-20,0,1.0
mastanexo,1.0,4.2467014e-18,0,1.0
marrygoli,1.0,2.3045253e-12,0,1.0
sh_sbg59929,1.0,4.3477223e-19,0,1.0
setarehnoghre,1.0,1.3988459e-15,0,1.0
7b39e01c42ee495,1.0,2.255927e-14,0,1.0
ro2327128435349,1.0,6.8144044e-19,0,1.0
haamedrostami,1.0,1.4900733e-10,0,1.0
alirezakaarimi,1.0,1.2493482e-15,0,1.0
rezaseimens,1.0,1.6599257e-19,0,1.0
behzad2534,1.0,1.0093914e-12,0,1.0
vahidaskari1400,1.0,9.921536e-16,0,1.0
somayehbayati,1.0,1.0331633e-11,0,1.0
arjmand_negin,1.0,4.895923e-13,0,1.0
sajjadjamalpor,1.0,2.2970926e-11,0,1.0
daniii1979,1.0,1.1354464e-22,0,1.0
hojat447,1.0,1.6807478e-20,0,1.0
hossein126nl,1.0,2.3420464e-14,0,1.0
tiranshahi,0.99999976,2.1935611e-07,0,0.99999976
vahid_shabani,1.0,9.44707e-15,0,1.0
meltem20ozturk,1.0,9.9464816e-14,0,1.0
qsediqeh,1.0,9.477535e-15,0,1.0
redsarhang,1.0,1.2714095e-14,0,1.0
hamedsa50360715,1.0,9.3083324e-10,0,1.0
hexamreal,1.0,1.1370906e-12,0,1.0
mhdyz1560,1.0,6.203303e-13,0,1.0
amir_shabani,1.0,4.2445636e-18,0,1.0
aliiman02136729,1.0,7.5978097e-20,0,1.0
faranfereidouni,1.0,3.7881574e-13,0,1.0
iranaza41131191,1.0,2.0075941e-16,0,1.0
guldan______,1.0,1.4380553e-17,0,1.0
serzhikt,1.0,4.3525954e-14,0,1.0
ahuraaamazdaaa,1.0,3.140865e-20,0,1.0
frzdir,1.0,7.182468e-12,0,1.0
pussypoemm,1.0,3.3997002e-13,0,1.0
sadeghiiii2,1.0,1.4209559e-15,0,1.0
klagan2,1.0,1.630977e-12,0,1.0
newopportuniti,1.0,2.8779215e-14,0,1.0
saeed_abasian,1.0,4.5678293e-17,0,1.0
kkelleykiran,1.0,5.9275134e-17,0,1.0
farazkordjazi,1.0,7.667884e-15,0,1.0
aliferdowss,1.0,1.5201317e-14,0,1.0
bad____robot,1.0,3.504199e-18,0,1.0
sepehr271,1.0,1.8769996e-12,0,1.0
shahrza81996549,1.0,3.0775506e-15,0,1.0
garshasb2024,1.0,3.3284847e-10,0,1.0
ghjklfnmmgxhjvj,1.0,2.0004192e-09,0,1.0
5dy8840,1.0,2.445519e-21,0,1.0
hajebali51447,1.0,1.4991482e-20,0,1.0
clonjer,1.0,5.1518505e-20,0,1.0
shirindjf,1.0,4.5781788e-15,0,1.0
jahanbinnajafi,1.0,1.6732561e-13,0,1.0
haghpanahsajjad,1.0,2.0299143e-13,0,1.0
mirsane23947,1.0,2.1754568e-19,0,1.0
ahmadnaghavi4,1.0,2.173339e-14,0,1.0
ayubazadi90,1.0,1.4636676e-26,0,1.0
amir1380_s,1.0,1.3972407e-15,0,1.0
tavalalh,1.0,3.2852105e-14,0,1.0
kingreza777777,1.0,6.855745e-15,0,1.0
airdropn29158,1.0,9.254417e-16,0,1.0
salamisood41010,1.0,1.4985219e-09,0,1.0
reeran2,1.0,7.8404616e-11,0,1.0
fs777fs,1.0,1.2815966e-10,0,1.0
rastin_rad,1.0,4.0260548e-17,0,1.0
mohammadaliyaz8,1.0,4.3256865e-19,0,1.0
mteymourtash,1.0,9.985258e-14,0,1.0
bitadeliri91458,1.0,2.7706795e-15,0,1.0
titap1977,1.0,9.584268e-10,0,1.0
mimi86927744,1.0,6.464301e-15,0,1.0
amir83293090,1.0,4.528527e-08,0,1.0
marjanrahb69568,1.0,1.0039397e-17,0,1.0
m55771599214,1.0,8.199393e-17,0,1.0
ali366666,1.0,6.3657955e-18,0,1.0
nhamidi56640,1.0,9.2363856e-18,0,1.0
neda1537,1.0,7.9095015e-13,0,1.0
mobhamhiphop,1.0,2.4972843e-21,0,1.0
jbl64348,1.0,2.2413864e-15,0,1.0
vahid_owl,1.0,3.424595e-16,0,1.0
iran2377,1.0,4.263341e-17,0,1.0
mmdbyt322497,1.0,2.0082947e-20,0,1.0
sepehrmp315,1.0,1.8508253e-14,0,1.0
alirostami22011,1.0,3.2114672e-17,0,1.0
amirhossei25524,1.0,4.4886722e-14,0,1.0
shakry1378,1.0,1.949357e-15,0,1.0
naserkhan358366,1.0,3.3882205e-18,0,1.0
akbarinavid057,1.0,7.450042e-17,0,1.0
araaashmo,1.0,8.766899e-21,0,1.0
luculent_zeus,1.0,2.8541453e-12,0,1.0
dnyl2758,1.0,1.0273926e-21,0,1.0
aliazim71087877,1.0,1.2891092e-16,0,1.0
vhaatef,1.0,5.106256e-15,0,1.0
princeafra,1.0,3.6997976e-13,0,1.0
anuriera,1.0,7.1972735e-21,0,1.0
mohsen49065097,1.0,4.7767876e-19,0,1.0
mreza_sarhani,1.0,8.966546e-15,0,1.0
aminza91,1.0,6.8584634e-23,0,1.0
mega_tesla1998,1.0,1.7266212e-13,0,1.0
tikidna,1.0,3.3391676e-10,0,1.0
ariamehrban,1.0,1.1992612e-22,0,1.0
anas18181118,1.0,8.677853e-15,0,1.0
saeedazimzadeh,1.0,1.0529249e-13,0,1.0
drmamuoti,1.0,9.62125e-13,0,1.0
moazennarges,1.0,2.255047e-16,0,1.0
atashvash,1.0,4.6768146e-16,0,1.0
payam_sb1991,1.0,3.6923467e-09,0,1.0
hmr_absn,1.0,2.360188e-16,0,1.0
speed_snail86,1.0,3.2060954e-16,0,1.0
masiha34367801,1.0,1.7936658e-14,0,1.0
avinavina,1.0,8.6977143e-13,0,1.0
masoud51668078,1.0,2.616974e-12,0,1.0
va_ni_lla20,0.9999993,7.5629805e-07,0,0.9999993
a_shahabadin,1.0,7.430628e-17,0,1.0
zahra_ghan36270,1.0,2.0525682e-18,0,1.0
amir1357392,1.0,8.600192e-12,0,1.0
namvarsadi38942,1.0,1.9409237e-19,0,1.0
moji0058,1.0,1.7024478e-21,0,1.0
azadsharif2256,1.0,5.158441e-19,0,1.0
mehrdadfatehi11,1.0,4.15405e-15,0,1.0
abdollahpo31602,1.0,2.3773057e-13,0,1.0
mfarboodmanesh,1.0,1.3856746e-15,0,1.0
deadmanmeh41922,1.0,2.932497e-17,0,1.0
akaviann75609,1.0,1.2610703e-14,0,1.0
alirezapershian,1.0,1.6409701e-10,0,1.0
ahorsun777,1.0,1.1932282e-15,0,1.0
pouyanshn,1.0,3.5797164e-23,0,1.0
iraniyek2500,1.0,8.381852e-21,0,1.0
faral25246975,1.0,1.3933074e-15,0,1.0
h0seiu,1.0,2.3072264e-19,0,1.0
blakbee,1.0,3.68209e-18,0,1.0
shayestehhp,1.0,3.0576505e-27,0,1.0
omidfardaha,1.0,4.578117e-19,0,1.0
afshin350853363,1.0,6.953984e-17,0,1.0
trade_ata2860,1.0,1.1476407e-12,0,1.0
farhad364339,1.0,1.6431119e-18,0,1.0
alirezamzh75,1.0,3.649611e-15,0,1.0
feri92491419,1.0,7.941972e-17,0,1.0
desikannar25141,1.0,8.8052344e-15,0,1.0
esi87606419,1.0,2.1081006e-25,0,1.0
aboualihamed,1.0,2.6081292e-08,0,1.0
atash6848,1.0,7.7015705e-14,0,1.0
vesaliparisa,1.0,3.8921085e-16,0,1.0
reza651651,1.0,2.0696907e-20,0,1.0
niiiuniiu,1.0,1.4949002e-19,0,1.0
mbaharmanesh,1.0,5.4028856e-12,0,1.0
ssubzer00,1.0,3.2677515e-13,0,1.0
mohamma92318099,0.9999999,1.4011667e-07,0,0.9999999
mojtabasamadi_d,1.0,2.1286905e-14,0,1.0
artmisspg,1.0,4.5118672e-13,0,1.0
mmasood331448,1.0,2.8220982e-20,0,1.0
affrootan,1.0,6.192015e-09,0,1.0
mohammadsphvnd,1.0,2.6581174e-17,0,1.0
zafaritehrani63,1.0,1.8482959e-14,0,1.0
behdinpn,1.0,2.544244e-16,0,1.0
yashrafu52739,1.0,2.2127452e-25,0,1.0
striderbigbang,0.99999976,1.8605117e-07,0,0.99999976
soroushsor90214,1.0,2.0186063e-16,0,1.0
mah5448226,1.0,1.3199712e-09,0,1.0
pardis166472034,1.0,8.039831e-22,0,1.0
tajpashaie,1.0,5.0410875e-16,0,1.0
nasirishahin,0.9999994,6.2523765e-07,0,0.9999994
milad_razii,1.0,5.9193004e-13,0,1.0
abdullamoradi62,1.0,6.9945716e-09,0,1.0
mrafatfar,1.0,6.468618e-15,0,1.0
kambiz134,1.0,2.7479525e-16,0,1.0
hywanatk,1.0,6.2827817e-18,0,1.0
emad2424242,1.0,1.3690543e-17,0,1.0
aqa_emad,1.0,3.200948e-10,0,1.0
zahrarahim25279,1.0,1.5618845e-21,0,1.0
faridzamani26,1.0,6.749379e-15,0,1.0
angela_kasra,1.0,1.386905e-10,0,1.0
dafodivane,1.0,8.620004e-18,0,1.0
rezahojati11,1.0,5.8425597e-19,0,1.0
ash08399992,1.0,1.7506269e-09,0,1.0
drsaeid238,1.0,3.2183818e-11,0,1.0
mn11741810,1.0,2.7080549e-16,0,1.0
hamiidasad72567,1.0,1.6081005e-19,0,1.0
pedramhojj6732,1.0,1.2556207e-16,0,1.0
mehransherafat,1.0,7.76434e-15,0,1.0
iran___kingdom,1.0,6.52531e-19,0,1.0
homaioiir,1.0,2.69889e-21,0,1.0
pali2019,1.0,3.6521345e-21,0,1.0
morikaz6,1.0,4.08331e-19,0,1.0
peaceandlovvv,1.0,2.4479663e-12,0,1.0
mahmooddelbari,1.0,1.00966274e-16,0,1.0
alisoheyli,0.99999976,2.2635074e-07,0,0.99999976
nimasrp1362,1.0,1.4388688e-15,0,1.0
absccu35418,1.0,1.605008e-16,0,1.0
fereidoonfarsi,1.0,3.5809265e-11,0,1.0
encryptedfellow,1.0,2.6605894e-12,0,1.0
mahgoli25,1.0,8.2157717e-16,0,1.0
akourosh,1.0,2.727391e-15,0,1.0
amirezakhan,1.0,8.490521e-15,0,1.0
rpadeshahi50088,1.0,6.455113e-14,0,1.0
javid_dan3,0.99999976,1.7988108e-07,0,0.99999976
jb0072040452,1.0,3.7365493e-12,0,1.0
fcnchjz26za2ydr,1.0,2.7673478e-18,0,1.0
mhmdmyr27720699,1.0,1.3247248e-14,0,1.0
nastaran_sdf,1.0,3.921722e-16,0,1.0
abeikzade,1.0,4.729468e-10,0,1.0
psalarvand77987,1.0,3.9262384e-18,0,1.0
farzaneharyayi,1.0,4.660237e-15,0,1.0
aliheshmati5252,1.0,4.810682e-15,0,1.0
melor28n,1.0,9.3726704e-20,0,1.0
dravitabrizi,1.0,7.501393e-12,0,1.0
oje_isam,1.0,1.1368182e-18,0,1.0
farid8925,1.0,2.6151795e-18,0,1.0
shryr594830,1.0,1.4163527e-12,0,1.0
ahmadmoradpour_,1.0,7.337284e-09,0,1.0
adringerami,1.0,7.456475e-15,0,1.0
arsenaltid11,1.0,9.660229e-14,0,1.0
poriyaporiya70,1.0,2.2311568e-16,0,1.0
arash_shakoori,1.0,2.7890932e-08,0,1.0
rezarostami6969,1.0,2.0468728e-21,0,1.0
motti1234s,1.0,6.4327975e-20,0,1.0
orkid_sh_89,1.0,1.9755886e-11,0,1.0
mmasoodi3,1.0,5.184314e-15,0,1.0
shahin140,1.0,5.4013025e-18,0,1.0
jadidi_mr,1.0,2.5321967e-14,0,1.0
sina_filino,1.0,8.7392203e-13,0,1.0
parsa_eng,1.0,3.159218e-10,0,1.0
mohammad1353s,1.0,1.8624003e-19,0,1.0
eioubh,1.0,1.9925343e-15,0,1.0
soroushchn,1.0,1.6914647e-11,0,1.0
noone380,1.0,1.3758101e-14,0,1.0
moinmoinrela,1.0,8.754084e-17,0,1.0
aria28669584,1.0,1.8412535e-12,0,1.0
fxsnipertrades,1.0,2.5488273e-10,0,1.0
ahmadreza_3330,1.0,1.661022e-11,0,1.0
76eng76,1.0,6.2880007e-13,0,1.0
parsa0921,1.0,4.2502984e-11,0,1.0
visa_best,1.0,1.7080942e-21,0,1.0
nutrika_,1.0,3.623272e-13,0,1.0
maxm1782195,1.0,1.1610761e-19,0,1.0
gablin30405060,1.0,5.538655e-08,0,1.0
eric792056,1.0,9.563292e-20,0,1.0
heemchanchan,1.0,2.6217026e-10,0,1.0
kinglottery2000,1.0,2.668713e-18,0,1.0
moonlight_nmi,1.0,7.941455e-25,0,1.0
fk57generation,1.0,1.2928429e-15,0,1.0
rightsrioter,1.0,3.38904e-15,0,1.0
roseemim0,1.0,2.194946e-19,0,1.0
ir369yarshah,1.0,2.5632645e-20,0,1.0
hadimoh18064373,1.0,2.1621886e-17,0,1.0
sashynh60624,1.0,2.970245e-18,0,1.0
shdrshdr1350,1.0,4.2974225e-15,0,1.0
erfani_soheila,1.0,1.1713225e-17,0,1.0
hrjahast,1.0,1.2406739e-18,0,1.0
abd13947873,1.0,2.093396e-17,0,1.0
rose_sepid,1.0,9.390354e-19,0,1.0
rchaichiyan,1.0,2.237669e-16,0,1.0
pahlevanin52786,1.0,1.740618e-17,0,1.0
mehdimakki2,1.0,2.6328635e-13,0,1.0
mohamadhaditrp,1.0,7.0069013e-15,0,1.0
behzadmoghada,1.0,1.2454896e-14,0,1.0
gol_sah,1.0,8.777393e-09,0,1.0
photographerr65,1.0,1.0297446e-10,0,1.0
neekarmiteh,1.0,1.8756349e-17,0,1.0
hbahadorany,1.0,3.0582338e-12,0,1.0
salazar7805,1.0,1.6442004e-21,0,1.0
mhrpwr29259,1.0,1.3250425e-15,0,1.0
amin13061399,1.0,3.075774e-18,0,1.0
areyamehr112787,1.0,1.2217072e-14,0,1.0
fajorlou,1.0,3.219623e-18,0,1.0
saramackran,1.0,1.2226011e-16,0,1.0
saeedfayaze71,1.0,7.137146e-15,0,1.0
farala_q17,1.0,1.9588765e-11,0,1.0
alinejadsiyamak,1.0,1.0080697e-08,0,1.0
jeediking51,1.0,5.352735e-13,0,1.0
davar43639076,1.0,7.359274e-13,0,1.0
rasoul1579085,1.0,7.169455e-15,0,1.0
marziehkzm,1.0,5.0359097e-19,0,1.0
kamyarakba12880,1.0,1.298511e-24,0,1.0
pegah6426,1.0,2.0864827e-18,0,1.0
benyaminrobati,0.9999999,1.1560248e-07,0,0.9999999
bitakhoshkhoo,1.0,1.2590291e-19,0,1.0
viva52965045955,1.0,1.406603e-10,0,1.0
azadi_irani_04,1.0,1.30673555e-23,0,1.0
izak_fouad,1.0,3.253685e-12,0,1.0
moreza997,1.0,2.57294e-15,0,1.0
yashaliza,1.0,1.4610985e-15,0,1.0
ali25852585,1.0,1.0203564e-17,0,1.0
javaneomid,1.0,8.602167e-18,0,1.0
sasi47597561,1.0,6.622717e-17,0,1.0
naseri_elahe,1.0,1.513741e-17,0,1.0
moghadamnasiri,1.0,8.401391e-18,0,1.0
manewsagency_ar,1.0,4.004694e-21,0,1.0
alighaffarloo,1.0,1.5970463e-13,0,1.0
sayeh_khia24169,1.0,1.082467e-15,0,1.0
keanushiran,1.0,1.2992816e-09,0,1.0
mamanamina83,1.0,4.2809714e-11,0,1.0
peymanhj,1.0,9.8341816e-18,0,1.0
maryjan82813071,1.0,9.892484e-14,0,1.0
iranian_spring,1.0,3.500167e-09,0,1.0
mohammadki_g,1.0,1.6003791e-17,0,1.0
hosein_1357s,1.0,9.0009245e-10,0,1.0
zimadisa,1.0,5.3569482e-11,0,1.0
erfan_mvakili,1.0,1.4657233e-19,0,1.0
setarehfzr,1.0,1.9405456e-12,0,1.0
mina13dft,1.0,3.1521822e-21,0,1.0
nayabiyoun,1.0,7.6120654e-17,0,1.0
5gsafai,1.0,1.3403133e-16,0,1.0
maroofroya,1.0,1.690995e-17,0,1.0
shenva3,1.0,4.9739042e-17,0,1.0
y4hagcrc6wwdzhf,1.0,1.0618682e-19,0,1.0
stephenson02_18,1.0,3.121352e-25,0,1.0
hojat68356385,1.0,4.1173506e-24,0,1.0
pp174944,1.0,4.8485535e-18,0,1.0
nickbanoo78,1.0,3.058103e-21,0,1.0
pari_2583,1.0,7.9927646e-23,0,1.0
mr65706240,1.0,1.3455013e-18,0,1.0
sajedi1,1.0,2.4699665e-09,0,1.0
mina79553639,1.0,3.5806368e-20,0,1.0
zbidmeroad,1.0,3.7073843e-13,0,1.0
aghaei198688364,1.0,7.8382466e-19,0,1.0
sa1dto74532,1.0,2.0469258e-15,0,1.0
mobin67sh,1.0,1.2884357e-16,0,1.0
shar1382,1.0,1.6218905e-16,0,1.0
_drishtigarg5,1.0,7.291009e-13,0,1.0
_xiang_qiu888,1.0,2.6317876e-14,0,1.0
qt2ag95278,1.0,5.260847e-18,0,1.0
davidmirza89732,1.0,1.9503571e-19,0,1.0
armex_motarez,1.0,2.5838325e-12,0,1.0
amir_do6,1.0,8.707968e-14,0,1.0
iranianspinoza,1.0,6.877253e-14,0,1.0
az28660931,1.0,8.517182e-16,0,1.0
korosh5550,1.0,1.0420735e-18,0,1.0
maryam8223262,1.0,3.143291e-17,0,1.0
farinaz2573,1.0,5.5871504e-17,0,1.0
faridehm1,1.0,6.810295e-20,0,1.0
hasankachal1402,1.0,5.7630206e-21,0,1.0
pafteleh,1.0,2.560723e-13,0,1.0
kaja_50,1.0,1.8161453e-18,0,1.0
katebm36166,1.0,9.383315e-16,0,1.0
r1350negin,1.0,5.519646e-21,0,1.0
ali_bigham6870,1.0,1.8627871e-23,0,1.0
armila68848524,1.0,1.6396802e-11,0,1.0
mahdiazd,1.0,2.4468158e-10,0,1.0
mohabat32028,1.0,1.2005997e-19,0,1.0
mohamad59017533,1.0,4.0910765e-18,0,1.0
afrasiabit25360,1.0,1.9387437e-16,0,1.0
crossverarts,1.0,4.165598e-17,0,1.0
jeyrandadashi,1.0,2.9277396e-14,0,1.0
ramses72406110,1.0,5.8884405e-15,0,1.0
katyag90443775,1.0,1.5455632e-19,0,1.0
hamide_jafari1,1.0,5.8793335e-13,0,1.0
batlerret,1.0,4.7757403e-15,0,1.0
dreammerdrum,1.0,2.6750087e-13,0,1.0
sarai_samira,1.0,2.247743e-12,0,1.0
45be620c3a64405,1.0,6.554912e-15,0,1.0
ali81630444,1.0,1.2301986e-16,0,1.0
frhd47,1.0,2.8717934e-20,0,1.0
sedighihenry,1.0,2.417195e-20,0,1.0
meshkix,1.0,4.0579873e-17,0,1.0
raheleh745592,1.0,4.2615667e-18,0,1.0
shirinsaedi,1.0,3.2975528e-14,0,1.0
hosein_cfz,1.0,3.5754246e-19,0,1.0
mrmohseni18183,1.0,6.597373e-14,0,1.0
rezaeikazem1372,1.0,1.3163857e-17,0,1.0
foroughsngtrash,1.0,7.44434e-15,0,1.0
guyfawwks,1.0,8.812943e-12,0,1.0
drmonarchist,1.0,2.7784454e-17,0,1.0
alipacino99,1.0,7.699554e-19,0,1.0
fatemeh3412,1.0,2.313395e-12,0,1.0
aliabtehi,1.0,7.791986e-17,0,1.0
elahe23s,1.0,9.826824e-12,0,1.0
jhan61860530,0.99999917,8.335972e-07,0,0.99999917
arefabh,1.0,5.3197924e-19,0,1.0
mosafere_zaman5,1.0,3.4479303e-22,0,1.0
jbehrooz,1.0,1.714153e-12,0,1.0
khodealireza85,1.0,1.3738616e-18,0,1.0
aliii_zx,1.0,4.1752247e-16,0,1.0
yasamanparsa001,1.0,2.42416e-18,0,1.0
ehsansa58033385,1.0,1.8427977e-10,0,1.0
khodamyelashgar,0.9999999,7.721744e-08,0,0.9999999
jiko_1989,1.0,2.0187783e-21,0,1.0
fardayeroshan49,1.0,3.966671e-20,0,1.0
aleerezay99676,1.0,3.2097404e-17,0,1.0
gsyv86fvhz,1.0,2.3886809e-18,0,1.0
tes_rad,1.0,7.336006e-14,0,1.0
mohammadab16162,1.0,1.2751494e-18,0,1.0
shaygan61,1.0,2.4817703e-18,0,1.0
mehrabmola,1.0,5.4232207e-21,0,1.0
outlawpersian,1.0,6.129068e-13,0,1.0
shahrooz78,1.0,1.2824198e-15,0,1.0
mariaafshar11,1.0,8.182978e-12,0,1.0
alirezak2_b12,1.0,4.3926565e-16,0,1.0
zsarbazhos43339,1.0,8.4345546e-20,0,1.0
yasharatighi,1.0,2.030239e-21,0,1.0
alireza60595087,1.0,4.1895359e-16,0,1.0
kbhajavi,1.0,1.0712865e-09,0,1.0
vahidvili28,1.0,1.5418836e-18,0,1.0
ezojisaam,1.0,6.486394e-12,0,1.0
lham_rad,1.0,6.300318e-13,0,1.0
pinkcup_cake,1.0,3.0232107e-15,0,1.0
scarletouhara,1.0,8.212323e-24,0,1.0
officialmahyar,1.0,1.1630093e-18,0,1.0
shaadi_mo,1.0,2.6829874e-15,0,1.0
soroush324889,1.0,6.2656925e-18,0,1.0
parsashiva,1.0,2.8039533e-12,0,1.0
beerab7781,1.0,1.6632082e-20,0,1.0
karimiangolnaz,1.0,4.445843e-16,0,1.0
rabbani_hossein,1.0,1.612256e-15,0,1.0
mahtab_2022,1.0,2.335097e-14,0,1.0
san19901214,1.0,2.4525555e-12,0,1.0
afshinmashhadlo,1.0,1.7330176e-18,0,1.0
unknown13761997,1.0,2.2789723e-19,0,1.0
silent14753783,1.0,1.7465909e-17,0,1.0
mmoossiii,1.0,2.5342277e-09,0,1.0
hamta1761037,1.0,1.3867333e-21,0,1.0
dariush2kabir1,1.0,2.624078e-22,0,1.0
kafshdozakkkk,1.0,4.681552e-13,0,1.0
mahdavikim,1.0,2.502626e-20,0,1.0
meetusdude,1.0,3.7715907e-20,0,1.0
9machiavelli9,1.0,7.7300666e-13,0,1.0
jlylh7956,1.0,7.671635e-21,0,1.0
rina_ghz,1.0,2.1102525e-14,0,1.0
ahora09049311,1.0,9.182284e-18,0,1.0
bahramians990,1.0,2.0753763e-19,0,1.0
alextarahomi,1.0,2.103772e-16,0,1.0
amirkolbadi,1.0,5.4351086e-21,0,1.0
psrsj5,1.0,2.0390904e-18,0,1.0
paraadoxi,1.0,1.2903268e-20,0,1.0
mahmood40017036,1.0,5.357126e-17,0,1.0
ahaur02,1.0,4.1954427e-21,0,1.0
mahdavihel25537,1.0,2.491177e-20,0,1.0
bigdeli31,1.0,6.4547955e-13,0,1.0
mrjames6868,1.0,3.363235e-20,0,1.0
asal_adelian,1.0,5.5865354e-16,0,1.0
davodhadadian,1.0,2.534338e-21,0,1.0
udiebarony,1.0,9.6752313e-23,0,1.0
fsina359735,1.0,1.1161751e-25,0,1.0
alirezaghasmiii,1.0,2.790898e-15,0,1.0
gazicheh,1.0,9.18239e-18,0,1.0
realllllllm,1.0,2.1505267e-15,0,1.0
farshid26544915,1.0,4.2747265e-16,0,1.0
mamairan9ma,1.0,1.679466e-20,0,1.0
alichavoshi1360,1.0,1.24152015e-20,0,1.0
kaleshaghe,1.0,1.9709203e-16,0,1.0
elahehmemarpou1,1.0,2.8080728e-13,0,1.0
cjwgharib,0.99999976,2.8114812e-07,0,0.99999976
altrpa83,1.0,1.0430338e-22,0,1.0
hamidply9,1.0,2.5018103e-16,0,1.0
aa45688,1.0,1.2881255e-17,0,1.0
jejehdhshs67790,1.0,9.751931e-16,0,1.0
meli652fa,1.0,1.0769339e-18,0,1.0
jsn2791,1.0,5.233992e-15,0,1.0
melika_ahm,1.0,9.686623e-12,0,1.0
hiroyadegar,1.0,2.1117148e-17,0,1.0
abbasbinaeian,1.0,5.1356312e-17,0,1.0
saeedtp2001,1.0,1.6896555e-15,0,1.0
mohamad06047446,1.0,3.6040398e-14,0,1.0
josephzii,1.0,1.5897549e-10,0,1.0
doctorsisi98,1.0,4.9816896e-17,0,1.0
moonlik12614318,1.0,2.7099562e-16,0,1.0
abachi_k,1.0,5.258593e-13,0,1.0
mori200056,1.0,5.071329e-13,0,1.0
jafarishef,1.0,3.3717485e-22,0,1.0
g_alikin7650,1.0,1.0525326e-18,0,1.0
iranazadabad20,1.0,4.7449786e-15,0,1.0
getnet_bereket,1.0,2.4359542e-12,0,1.0
samazizian,0.9999999,1.3105875e-07,0,0.9999999
voiceofiran2025,1.0,8.662331e-10,0,1.0
masiii00110211,1.0,7.5591037e-19,0,1.0
mehdishahbazi0,0.99999964,3.2039816e-07,0,0.99999964
sh__shayan__sh,1.0,5.5984036e-21,0,1.0
navid1370914,1.0,3.295295e-18,0,1.0
ghadimimoj92935,1.0,9.4104045e-18,0,1.0
alphawarrior_,1.0,2.5129418e-10,0,1.0
m_a_r_y1979,1.0,1.9935765e-22,0,1.0
majidmf72,1.0,7.780529e-15,0,1.0
nouri_sepi14264,1.0,6.855945e-10,0,1.0
oveysifarsepide,1.0,8.5492995e-11,0,1.0
generalduguol,1.0,1.1065101e-16,0,1.0
m4m4liw1,1.0,1.6417373e-21,0,1.0
mhosein77314,1.0,6.890921e-18,0,1.0
mojtabafalah628,1.0,8.7520136e-17,0,1.0
shahriaribsr,1.0,7.368675e-23,0,1.0
behiariyayi_ffi,1.0,9.419132e-18,0,1.0
royaa2,1.0,8.776203e-13,0,1.0
me_the_shima,1.0,8.2708916e-17,0,1.0
arashgh0205,1.0,4.778746e-23,0,1.0
arenayatzadeh,1.0,6.861199e-19,0,1.0
azad_esi,1.0,2.6088085e-21,0,1.0
aaparsi,1.0,7.5419143e-10,0,1.0
reza76880879,1.0,2.7058115e-14,0,1.0
samhelll3o0y,1.0,1.0119982e-11,0,1.0
mozhgan19534311,1.0,2.3214323e-18,0,1.0
b3ny4mean,1.0,7.0968405e-12,0,1.0
arbabhajafar,1.0,5.183701e-15,0,1.0
aquarius1964,1.0,1.632524e-23,0,1.0
a6ee54f25e44483,1.0,4.1832672e-20,0,1.0
east_side_boy96,1.0,5.20971e-15,0,1.0
mahdiyar28,1.0,2.5110793e-09,0,1.0
meysamazar,1.0,1.5999085e-14,0,1.0
cleophee98,1.0,5.9893744e-20,0,1.0
madjidhb,1.0,4.2063955e-10,0,1.0
salargholamiii,1.0,9.814464e-19,0,1.0
koreshshah,1.0,1.939555e-11,0,1.0
jikjikmirza,1.0,1.5586506e-16,0,1.0
sh3ri57,1.0,2.7821263e-09,0,1.0
m_aminbarati,1.0,1.8140542e-18,0,1.0
ali2030sch,1.0,1.015154e-17,0,1.0
shaadshaad31320,1.0,7.623734e-13,0,1.0
real4k2024,1.0,3.718593e-18,0,1.0
bestkhosro,1.0,3.90465e-21,0,1.0
bardia185819331,1.0,1.5085215e-13,0,1.0
combattemple,0.9999999,1.1208959e-07,0,0.9999999
atefehm18919075,1.0,4.148772e-17,0,1.0
kevinkigan,1.0,3.3901132e-15,0,1.0
dehdarsareh,1.0,2.9786353e-22,0,1.0
alii_pier,1.0,3.2343596e-17,0,1.0
reza_vaio,1.0,1.5816557e-17,0,1.0
javid_shah2500,1.0,3.7204423e-08,0,1.0
mgh10893438,1.0,4.8506735e-21,0,1.0
saarab67,1.0,3.8233074e-19,0,1.0
kdhdld25959,1.0,5.2143517e-19,0,1.0
bagherisadegh,1.0,3.293246e-11,0,1.0
babrehdary,1.0,2.3789769e-19,0,1.0
saman050580,1.0,2.4987733e-19,0,1.0
anonymous010625,1.0,4.8146e-12,0,1.0
peyman458026040,1.0,2.0232807e-21,0,1.0
langrudi55430,1.0,3.2992286e-20,0,1.0
mehrdad9319,1.0,6.241271e-16,0,1.0
yakibod,1.0,6.474628e-19,0,1.0
ehsan199372,1.0,2.8867272e-15,0,1.0
roza482880,1.0,2.5714997e-21,0,1.0
fateme_nrn,1.0,4.642522e-18,0,1.0
makmilii,1.0,3.3142816e-10,0,1.0
massy987654,1.0,1.6073563e-14,0,1.0
rahimsoltani15,1.0,6.92601e-22,0,1.0
saeidah27633971,1.0,1.9097166e-20,0,1.0
mirpouya94,1.0,1.4795039e-18,0,1.0
xbwe5p0sb48vfgp,1.0,3.9416457e-13,0,1.0
bayatimarjan,1.0,8.473355e-19,0,1.0
beykzadesoheyl,1.0,5.419662e-14,0,1.0
kourosh_now,1.0,8.43188e-21,0,1.0
amirnayer3,1.0,6.7768416e-19,0,1.0
mina73148532,1.0,1.9810915e-21,0,1.0
arash_d_archer,1.0,1.3817338e-12,0,1.0
kamran_freeman,1.0,1.2240957e-14,0,1.0
azareii60512,1.0,3.521779e-19,0,1.0
atheist_citizen,1.0,3.8556125e-10,0,1.0
alirezahaji313,1.0,1.3842989e-18,0,1.0
saghiramiir,1.0,6.070649e-10,0,1.0
mahdi24965914,1.0,1.6423787e-18,0,1.0
irajjamshidi1,1.0,3.5723872e-25,0,1.0
akicheshme,1.0,4.5965333e-16,0,1.0
samimi92605888,1.0,8.347654e-19,0,1.0
adavivahid7646,1.0,1.3413809e-18,0,1.0
sh_sharifi74,1.0,9.680435e-16,0,1.0
zara963963,1.0,1.3034892e-16,0,1.0
hkhandwzy,1.0,4.8051313e-20,0,1.0
godrat53gg69,1.0,5.521338e-11,0,1.0
b12580,1.0,2.0252493e-14,0,1.0
smianabi,1.0,5.0449627e-09,0,1.0
nasrinranj37142,1.0,4.319256e-19,0,1.0
vahid6589,1.0,6.241003e-18,0,1.0
darmel05,1.0,8.0805667e-23,0,1.0
pakdelmoien,1.0,1.3986133e-12,0,1.0
vmohammadkhani,1.0,7.2975015e-18,0,1.0
ariyamehr4810,1.0,2.782038e-19,0,1.0
ainazmme,1.0,3.3037894e-19,0,1.0
mahdip90728750,1.0,1.2310652e-19,0,1.0
lalibertad777,1.0,1.526906e-17,0,1.0
fwti_kvn81,1.0,2.0716407e-21,0,1.0
kiyanurad,1.0,2.705503e-17,0,1.0
ldnif1,1.0,1.4540035e-23,0,1.0
farazamini_am,1.0,5.7134587e-15,0,1.0
mehdirahimi_shz,1.0,6.6474206e-17,0,1.0
arampopmusic,1.0,1.6221781e-20,0,1.0
elahearzhang,1.0,1.9157747e-18,0,1.0
